Customer_ID,Gender,Senior_Citizen,Partner,Dependents,Tenure_Months,Phone_Service,Multiple_Lines,Internet_Service,Online_Security,Online_Backup,Device_Protection,Tech_Support,Streaming_TV,Streaming_Movies,Contract,Paperless_Billing,Payment_Method,Monthly_Charges,Total_Charges,Churn
CUST-00001,Male,0,Yes,No,43,Yes,No,DSL,No,No,No,No,Yes,No,Month-to-month,No,Credit card (automatic),53.11,2280.74,No
CUST-00002,Female,1,Yes,Yes,69,Yes,Yes,DSL,No,No,No,No,No,No,Month-to-month,Yes,Mailed check,42.67,2944.56,No
CUST-00003,Male,0,No,Yes,63,Yes,No,DSL,No,No,No,Yes,Yes,No,Two year,Yes,Mailed check,49.57,3114.97,No
CUST-00004,Male,0,Yes,No,70,Yes,No,Fiber optic,Yes,No,Yes,No,No,No,Month-to-month,Yes,Bank transfer (automatic),78.88,5513.77,Yes
CUST-00005,Male,0,Yes,No,65,Yes,Yes,DSL,Yes,No,Yes,Yes,Yes,No,Month-to-month,Yes,Bank transfer (automatic),47.1,3052.29,Yes
CUST-00006,Female,1,Yes,No,67,Yes,Yes,No,No internet service,No internet service,No internet service,No internet service,No internet service,No internet service,Month-to-month,Yes,Electronic check,35.33,2374.57,Yes
CUST-00007,Male,0,Yes,No,54,Yes,No,No,No internet service,No internet service,No internet service,No internet service,No internet service,No internet service,Month-to-month,Yes,Credit card (automatic),39.21,2123.25,No
CUST-00008,Male,0,No,No,36,No,No phone service,Fiber optic,No,No,No,No,No,No,Month-to-month,No,Mailed check,88.24,3171.82,No
CUST-00009,Male,0,No,No,71,No,No phone service,No,No internet service,No internet service,No internet service,No internet service,No internet service,No internet service,One year,Yes,Bank transfer (automatic),32.03,2277.91,No
CUST-00010,Female,0,No,No,15,No,No phone service,DSL,No,No,No,Yes,No,No,Two year,No,Bank transfer (automatic),53.68,813.01,No
CUST-00011,Male,0,No,No,18,Yes,No,No,No internet service,No internet service,No internet service,No internet service,No internet service,No internet service,Two year,Yes,Credit card (automatic),42.8,776.68,No
CUST-00012,Male,0,No,No,4,Yes,No,No,No internet service,No internet service,No internet service,No internet service,No internet service,No internet service,Month-to-month,Yes,Electronic check,18.44,67.61,No
CUST-00013,Male,0,No,No,11,Yes,Yes,DSL,No,Yes,No,Yes,No,No,One year,Yes,Credit card (automatic),55.33,604.57,No
CUST-00014,Male,0,No,No,6,Yes,No,No,No internet service,No internet service,No internet service,No internet service,No internet service,No internet service,One year,No,Bank transfer (automatic),24.63,143.47,Yes
CUST-00015,Female,0,Yes,No,51,Yes,Yes,DSL,No,Yes,No,No,No,No,One year,Yes,Electronic check,53.36,2720.28,Yes
CUST-00016,Male,0,No,No,58,Yes,Yes,DSL,No,No,No,No,Yes,No,Month-to-month,Yes,Credit card (automatic),,3433.25,No
CUST-00017,Female,0,No,Yes,60,Yes,Yes,Fiber optic,No,No,Yes,Yes,Yes,Yes,One year,No,Mailed check,82.34,4936.16,No
CUST-00018,Female,0,No,No,18,Yes,Yes,No,No internet service,No internet service,No internet service,No internet service,No internet service,No internet service,Month-to-month,No,Bank transfer (automatic),36.41,662.4,Yes
CUST-00019,Female,1,No,No,67,Yes,Yes,Fiber optic,No,Yes,No,Yes,No,No,Two year,No,Credit card (automatic),65.55,4383.1,No
CUST-00020,Male,0,Yes,Yes,17,Yes,No,Fiber optic,No,Yes,No,No,Yes,No,Two year,No,Electronic check,79.41,1350.28,No
CUST-00021,Female,1,No,No,34,Yes,Yes,DSL,No,No,No,No,No,No,One year,Yes,Credit card (automatic),60.75,2062.62,No
CUST-00022,Male,0,No,Yes,30,Yes,No,DSL,No,Yes,No,No,Yes,No,Month-to-month,Yes,Bank transfer (automatic),63.83,1921.03,Yes
CUST-00023,Female,0,Yes,No,19,No,No phone service,No,No internet service,No internet service,No internet service,No internet service,No internet service,No internet service,One year,No,Mailed check,18.42,358.91,No
CUST-00024,Female,1,No,Yes,9,Yes,Yes,Fiber optic,No,No,Yes,Yes,No,Yes,Two year,Yes,Bank transfer (automatic),74.51,662.82,No
CUST-00025,Female,0,No,No,40,Yes,No,DSL,Yes,Yes,Yes,No,No,Yes,Two year,Yes,Electronic check,57.55,2300.97,No
CUST-00026,Female,0,No,No,44,Yes,No,DSL,No,No,No,No,No,Yes,Two year,No,Mailed check,51.56,2266.84,No
CUST-00027,Female,0,No,Yes,59,Yes,No,DSL,No,No,No,No,No,Yes,One year,No,Credit card (automatic),51.71,3041.31,No
CUST-00028,Female,0,No,No,25,Yes,No,Fiber optic,No,Yes,No,No,Yes,Yes,Two year,Yes,Electronic check,69.85,1753.48,No
CUST-00029,Female,0,No,Yes,71,Yes,Yes,Fiber optic,No,No,No,No,No,No,Month-to-month,No,Mailed check,71.57,5075.67,Yes
CUST-00030,Female,0,No,No,53,Yes,Yes,Fiber optic,No,No,Yes,Yes,No,No,Month-to-month,Yes,Electronic check,73.43,3883.52,No
CUST-00031,Male,0,Yes,No,48,Yes,No,DSL,No,No,No,Yes,No,Yes,Month-to-month,Yes,Credit card (automatic),61.52,2961.1,No
CUST-00032,Male,0,Yes,Yes,71,Yes,No,DSL,No,Yes,Yes,No,No,No,Month-to-month,Yes,Mailed check,52.46,3720.39,Yes
CUST-00033,Female,0,No,No,53,Yes,No,DSL,No,Yes,No,No,No,No,Month-to-month,Yes,Electronic check,46.31,2455.57,Yes
CUST-00034,Female,0,Yes,Yes,49,Yes,No,No,No internet service,No internet service,No internet service,No internet service,No internet service,No internet service,One year,No,Electronic check,18.25,895.56,Yes
CUST-00035,Female,0,No,No,43,No,No phone service,Fiber optic,No,Yes,No,No,No,No,One year,No,Bank transfer (automatic),81.84,3529.11,No
CUST-00036,Male,0,Yes,No,19,Yes,No,DSL,No,Yes,Yes,No,Yes,No,Month-to-month,Yes,Electronic check,46.17,883.74,No
CUST-00037,Female,1,No,No,66,Yes,No,DSL,Yes,No,No,No,No,Yes,Month-to-month,No,Electronic check,57.7,3802.83,Yes
CUST-00038,Male,0,Yes,No,34,Yes,No,Fiber optic,No,No,No,No,Yes,Yes,Two year,Yes,Electronic check,81.36,2768.46,No
CUST-00039,Male,1,No,No,54,Yes,Yes,Fiber optic,No,No,No,No,No,Yes,Month-to-month,Yes,Bank transfer (automatic),75.1,4045.89,No
CUST-00040,Male,0,Yes,No,1,Yes,Yes,DSL,No,No,No,Yes,Yes,No,Two year,Yes,Electronic check,47.03,48.58,Yes
CUST-00041,Male,0,Yes,No,55,Yes,No,Fiber optic,No,Yes,No,No,No,No,One year,No,Mailed check,78.1,4304.01,No
CUST-00042,Male,0,No,Yes,15,No,No phone service,Fiber optic,Yes,No,Yes,No,No,No,One year,No,Credit card (automatic),75.07,1117.65,No
CUST-00043,Female,0,No,No,15,Yes,No,Fiber optic,No,No,Yes,Yes,No,No,Month-to-month,Yes,Mailed check,75.01,1117.17,No
CUST-00044,Female,0,Yes,Yes,23,Yes,Yes,No,No internet service,No internet service,No internet service,No internet service,No internet service,No internet service,Month-to-month,Yes,Mailed check,43.26,985.83,Yes
CUST-00045,Female,0,Yes,Yes,66,Yes,No,DSL,No,Yes,Yes,No,No,No,Month-to-month,No,Mailed check,57.72,3810.93,Yes
CUST-00046,Female,0,No,No,46,No,No phone service,No,No internet service,No internet service,No internet service,No internet service,No internet service,No internet service,Month-to-month,No,Electronic check,34.81,1598.25,Yes
CUST-00047,Female,1,Yes,No,9,Yes,No,Fiber optic,No,No,No,Yes,No,No,Month-to-month,No,Credit card (automatic),70.81,628.98,Yes
CUST-00048,Male,0,No,No,66,Yes,Yes,DSL,No,No,No,Yes,No,No,Two year,Yes,Electronic check,52.01,3427.38,No
CUST-00049,Female,0,Yes,No,66,Yes,Yes,No,No internet service,No internet service,No internet service,No internet service,No internet service,No internet service,Month-to-month,No,Bank transfer (automatic),22.75,1509.61,No
CUST-00050,Female,0,Yes,No,18,Yes,No,Fiber optic,Yes,No,No,No,No,No,Month-to-month,No,Electronic check,92.78,1666.72,No
CUST-00051,Male,0,No,No,17,Yes,Yes,No,No internet service,No internet service,No internet service,No internet service,No internet service,No internet service,One year,Yes,Credit card (automatic),28.76,482.09,No
CUST-00052,Female,0,No,Yes,72,Yes,Yes,DSL,No,No,No,No,Yes,No,Month-to-month,No,Credit card (automatic),67.45,4854.06,No
CUST-00053,Male,0,No,No,34,Yes,Yes,Fiber optic,No,Yes,No,Yes,Yes,Yes,Month-to-month,No,Mailed check,80.07,2718.85,Yes
CUST-00054,Female,1,Yes,No,69,Yes,Yes,No,No internet service,No internet service,No internet service,No internet service,No internet service,No internet service,Month-to-month,Yes,Electronic check,44.25,3056.44,No
CUST-00055,Male,0,Yes,No,64,Yes,No,DSL,No,Yes,No,No,No,Yes,One year,Yes,Electronic check,60.69,3879.06,No
CUST-00056,Female,0,Yes,No,44,Yes,No,Fiber optic,No,No,Yes,No,No,No,One year,Yes,Mailed check,82.44,3617.48,No
CUST-00057,Female,0,No,No,29,Yes,No,Fiber optic,Yes,No,No,No,Yes,Yes,Month-to-month,No,Electronic check,84.5,2455.45,No
CUST-00058,Male,0,Yes,No,62,Yes,Yes,Fiber optic,Yes,No,No,No,No,Yes,One year,Yes,Credit card (automatic),68.01,4216.67,No
CUST-00059,Male,0,Yes,No,16,Yes,No,No,No internet service,No internet service,No internet service,No internet service,No internet service,No internet service,Month-to-month,Yes,Electronic check,33.77,534.55,Yes
CUST-00060,Male,0,No,No,52,Yes,Yes,Fiber optic,No,No,No,No,No,Yes,One year,Yes,Electronic check,74.08,3850.58,No
CUST-00061,Male,0,Yes,No,2,Yes,Yes,DSL,No,Yes,No,No,No,No,Two year,Yes,Bank transfer (automatic),63.25,125.62,No
CUST-00062,Male,0,Yes,Yes,61,Yes,Yes,Fiber optic,No,No,No,No,No,No,Month-to-month,No,Mailed check,77.06,4708.79,No
CUST-00063,Male,0,No,Yes,4,Yes,No,Fiber optic,No,Yes,Yes,No,No,No,One year,No,Mailed check,91.16,354.99,Yes
CUST-00064,Male,0,No,Yes,52,Yes,No,DSL,Yes,Yes,No,No,No,No,Month-to-month,Yes,Mailed check,50.92,2656.44,No
CUST-00065,Male,0,No,No,41,Yes,Yes,Fiber optic,No,Yes,No,No,Yes,Yes,Month-to-month,Yes,Mailed check,73.51,3004.63,Yes
CUST-00066,Female,0,No,No,52,Yes,Yes,DSL,No,No,Yes,No,Yes,No,Month-to-month,No,Mailed check,55.15,2877.54,No
CUST-00067,Female,0,No,No,31,Yes,No,DSL,No,No,No,Yes,Yes,No,Two year,Yes,Electronic check,53.75,1666.37,No
CUST-00068,Male,1,No,Yes,26,Yes,Yes,DSL,Yes,No,Yes,No,No,Yes,Month-to-month,Yes,Bank transfer (automatic),41.7,1083.06,Yes
CUST-00069,Female,1,No,No,27,Yes,Yes,Fiber optic,No,No,Yes,Yes,No,No,Month-to-month,Yes,Electronic check,88.05,2381.94,Yes
CUST-00070,Female,0,No,No,51,Yes,No,Fiber optic,No,No,No,No,Yes,Yes,Two year,No,Electronic check,76.73,3903.78,No
CUST-00071,Female,0,No,No,48,Yes,No,Fiber optic,No,No,No,Yes,Yes,No,Month-to-month,No,Credit card (automatic),78.77,3787.62,Yes
CUST-00072,Female,0,Yes,No,11,Yes,Yes,Fiber optic,Yes,Yes,Yes,Yes,Yes,No,Two year,No,Electronic check,86.32,957.59,No
CUST-00073,Male,0,No,No,8,Yes,No,DSL,No,No,No,No,No,No,One year,Yes,Credit card (automatic),41.45,322.89,Yes
CUST-00074,Female,1,No,Yes,12,Yes,Yes,Fiber optic,No,No,No,No,No,Yes,Month-to-month,Yes,Mailed check,72.55,869.98,Yes
CUST-00075,Male,0,Yes,Yes,45,Yes,Yes,DSL,No,Yes,No,Yes,No,No,Month-to-month,No,Credit card (automatic),46.61,2094.61,No
CUST-00076,Female,1,No,Yes,34,Yes,No,Fiber optic,No,No,No,No,No,Yes,Month-to-month,No,Credit card (automatic),80.81,2752.31,Yes
CUST-00077,Female,1,Yes,No,72,Yes,Yes,DSL,Yes,Yes,No,Yes,No,No,Month-to-month,No,Mailed check,65.66,4732.73,Yes
CUST-00078,Female,0,Yes,Yes,47,Yes,No,Fiber optic,No,No,No,No,No,Yes,Two year,No,Electronic check,79.32,3729.91,No
CUST-00079,Male,0,No,No,21,Yes,No,Fiber optic,No,No,No,No,Yes,No,One year,No,Credit card (automatic),74.21,1564.73,Yes
CUST-00080,Female,0,Yes,No,41,Yes,No,DSL,No,No,No,Yes,No,Yes,One year,Yes,Credit card (automatic),43.07,1769.21,No
CUST-00081,Male,1,No,No,22,Yes,Yes,DSL,No,Yes,Yes,Yes,Yes,Yes,Two year,Yes,Electronic check,40.08,881.71,Yes
CUST-00082,Female,0,No,No,21,Yes,No,Fiber optic,Yes,No,Yes,No,No,No,Month-to-month,Yes,Electronic check,73.48,1544.38,No
CUST-00083,Male,1,Yes,Yes,28,Yes,Yes,Fiber optic,No,Yes,Yes,No,Yes,Yes,Two year,Yes,Credit card (automatic),78.93,2206.2,No
CUST-00084,Female,0,Yes,No,67,Yes,Yes,No,No internet service,No internet service,No internet service,No internet service,No internet service,No internet service,One year,No,Bank transfer (automatic),25.7,1720.87,No
CUST-00085,Male,0,Yes,No,71,Yes,No,DSL,No,No,Yes,No,No,No,Month-to-month,Yes,Mailed check,53.78,3827.09,No
CUST-00086,Male,1,No,Yes,14,No,No phone service,No,No internet service,No internet service,No internet service,No internet service,No internet service,No internet service,Month-to-month,Yes,Bank transfer (automatic),28.19,399.63,No
CUST-00087,Female,0,No,No,52,Yes,No,DSL,No,Yes,No,No,No,No,Month-to-month,Yes,Credit card (automatic),53.51,2776.98,Yes
CUST-00088,Male,0,Yes,No,43,Yes,No,DSL,No,Yes,No,No,No,No,One year,Yes,Electronic check,60.13,2577.42,No
CUST-00089,Female,0,No,No,71,Yes,No,DSL,No,No,No,No,Yes,No,One year,No,Electronic check,51.16,3623.74,No
CUST-00090,Female,0,No,No,19,Yes,Yes,DSL,Yes,No,No,No,Yes,Yes,Month-to-month,Yes,Bank transfer (automatic),64.6,1234.44,No
CUST-00091,Female,0,Yes,No,27,Yes,No,Fiber optic,Yes,No,Yes,No,Yes,No,Month-to-month,Yes,Bank transfer (automatic),89.03,2410.52,No
CUST-00092,Female,0,Yes,No,18,Yes,No,DSL,Yes,Yes,No,No,No,No,Month-to-month,Yes,Credit card (automatic),46.94,841.31,Yes
CUST-00093,Female,1,Yes,Yes,13,No,No phone service,Fiber optic,Yes,Yes,No,Yes,Yes,No,Month-to-month,No,Electronic check,68.38,879.18,Yes
CUST-00094,Female,1,Yes,Yes,1,Yes,Yes,DSL,No,No,Yes,No,Yes,Yes,One year,Yes,Electronic check,67.15,65.68,No
CUST-00095,Female,0,Yes,Yes,34,Yes,Yes,Fiber optic,No,No,No,Yes,No,No,Month-to-month,No,Mailed check,70.14,2381.46,Yes
CUST-00096,Female,0,Yes,No,13,Yes,No,No,No internet service,No internet service,No internet service,No internet service,No internet service,No internet service,Month-to-month,Yes,Bank transfer (automatic),34.45,440.4,No
CUST-00097,Female,0,Yes,No,51,Yes,No,Fiber optic,No,No,Yes,No,Yes,Yes,Two year,No,Electronic check,90.98,4633.94,No
CUST-00098,Female,0,Yes,No,1,No,No phone service,Fiber optic,Yes,No,No,No,No,No,Month-to-month,Yes,Electronic check,65.15,67.18,No
CUST-00099,Female,1,Yes,No,28,Yes,Yes,DSL,No,Yes,No,No,No,No,Two year,Yes,Electronic check,47.99,1348.09,No
CUST-00100,Male,0,Yes,No,32,No,No phone service,DSL,No,Yes,No,No,No,Yes,One year,No,Electronic check,48.65,1558.23,Yes
CUST-00101,Male,0,No,No,72,Yes,Yes,Fiber optic,Yes,No,Yes,Yes,No,No,One year,No,Electronic check,85.7,6163.74,No
CUST-00102,Female,0,No,No,55,Yes,No,No,No internet service,No internet service,No internet service,No internet service,No internet service,No internet service,Month-to-month,Yes,Electronic check,34.36,1886.04,No
CUST-00103,Female,0,Yes,Yes,26,Yes,Yes,DSL,No,Yes,Yes,Yes,No,Yes,Two year,Yes,Credit card (automatic),56.59,1475.44,No
CUST-00104,Female,0,No,No,14,Yes,No,Fiber optic,No,Yes,No,No,Yes,No,Two year,Yes,Mailed check,92.39,1285.11,No
CUST-00105,Female,0,No,No,68,Yes,Yes,No,No internet service,No internet service,No internet service,No internet service,No internet service,No internet service,Month-to-month,Yes,Bank transfer (automatic),44.61,3037.15,No
CUST-00106,Female,0,No,Yes,63,Yes,No,No,No internet service,No internet service,No internet service,No internet service,No internet service,No internet service,Two year,No,Electronic check,18.25,1156.84,No
CUST-00107,Female,0,No,No,14,Yes,Yes,No,No internet service,No internet service,No internet service,No internet service,No internet service,No internet service,Month-to-month,Yes,Electronic check,41.15,581.94,Yes
CUST-00108,Female,0,No,No,27,No,No phone service,Fiber optic,No,No,No,No,No,No,One year,Yes,Credit card (automatic),71.4,1929.31,No
CUST-00109,Female,0,No,Yes,41,Yes,Yes,DSL,No,Yes,No,No,No,Yes,One year,Yes,Credit card (automatic),44.62,1837.31,No
CUST-00110,Male,0,Yes,Yes,3,Yes,Yes,No,No internet service,No internet service,No internet service,No internet service,No internet service,No internet service,Two year,Yes,Credit card (automatic),38.43,106.45,Yes
CUST-00111,Female,0,Yes,Yes,59,Yes,No,No,No internet service,No internet service,No internet service,No internet service,No internet service,No internet service,Month-to-month,No,Bank transfer (automatic),33.99,2006.03,No
CUST-00112,Male,0,No,No,23,Yes,No,Fiber optic,Yes,No,No,Yes,No,No,One year,No,Electronic check,66.79,1541.62,Yes
CUST-00113,Female,0,No,No,18,Yes,No,DSL,No,No,No,No,No,No,Month-to-month,Yes,Electronic check,46.46,835.45,No
CUST-00114,Female,0,Yes,No,41,No,No phone service,Fiber optic,No,No,Yes,No,No,Yes,Month-to-month,Yes,Bank transfer (automatic),86.36,3550.51,Yes
CUST-00115,Male,0,No,No,8,Yes,No,DSL,Yes,No,Yes,No,No,Yes,Month-to-month,No,Credit card (automatic),40.32,312.93,No
CUST-00116,Female,1,No,No,32,Yes,Yes,Fiber optic,No,No,No,Yes,No,Yes,Two year,No,Mailed check,73.55,2350.24,Yes
CUST-00117,Male,1,No,No,41,Yes,Yes,Fiber optic,Yes,No,Yes,No,No,No,Two year,No,Bank transfer (automatic),78.54,3227.99,Yes
CUST-00118,Female,0,No,No,45,Yes,Yes,Fiber optic,Yes,Yes,Yes,Yes,Yes,Yes,Month-to-month,No,Credit card (automatic),92.38,4150.5,Yes
CUST-00119,Female,1,No,No,9,Yes,No,Fiber optic,No,No,No,No,Yes,No,Month-to-month,Yes,Electronic check,90.51,813.77,Yes
CUST-00120,Male,0,Yes,No,48,Yes,Yes,Fiber optic,Yes,No,Yes,Yes,Yes,No,Month-to-month,Yes,Credit card (automatic),71.51,3437.29,Yes
CUST-00121,Female,0,Yes,No,24,Yes,Yes,Fiber optic,Yes,No,No,Yes,Yes,No,Month-to-month,No,Credit card (automatic),74.18,1780.3,No
CUST-00122,Male,0,No,No,44,Yes,Yes,No,No internet service,No internet service,No internet service,No internet service,No internet service,No internet service,Two year,Yes,Electronic check,30.55,1341.84,No
CUST-00123,Female,0,Yes,No,58,Yes,Yes,Fiber optic,No,Yes,No,No,Yes,No,Month-to-month,Yes,Mailed check,78.09,4519.62,Yes
CUST-00124,Male,0,No,Yes,66,Yes,No,Fiber optic,Yes,No,Yes,No,Yes,No,Two year,Yes,Bank transfer (automatic),88.08,5819.12,No
CUST-00125,Male,0,No,Yes,18,Yes,No,Fiber optic,No,No,No,No,No,No,Month-to-month,Yes,Electronic check,93.54,1687.96,Yes
CUST-00126,Female,0,No,No,29,Yes,No,Fiber optic,No,Yes,No,Yes,No,No,Month-to-month,No,Mailed check,83.65,2434.06,Yes
CUST-00127,Female,0,No,Yes,2,Yes,No,No,No internet service,No internet service,No internet service,No internet service,No internet service,No internet service,Month-to-month,No,Mailed check,18.36,44.82,Yes
CUST-00128,Male,0,No,No,68,Yes,No,Fiber optic,No,No,Yes,Yes,No,No,Month-to-month,No,Electronic check,78.25,5328.04,No
CUST-00129,Female,1,No,No,39,Yes,Yes,Fiber optic,No,No,No,No,Yes,Yes,Month-to-month,Yes,Electronic check,81.41,3172.23,Yes
CUST-00130,Female,0,No,Yes,41,Yes,No,Fiber optic,Yes,No,No,No,No,Yes,Two year,No,Mailed check,93.66,3838.64,No
CUST-00131,Female,0,No,Yes,71,Yes,No,Fiber optic,No,Yes,No,Yes,No,Yes,Two year,Yes,Bank transfer (automatic),75.35,5358.32,No
CUST-00132,Male,0,No,Yes,22,Yes,No,No,No internet service,No internet service,No internet service,No internet service,No internet service,No internet service,Two year,Yes,Mailed check,35.09,764.97,No
CUST-00133,Male,0,Yes,Yes,49,Yes,No,Fiber optic,No,No,No,Yes,No,No,Month-to-month,No,Electronic check,65.34,3192.17,Yes
CUST-00134,Male,0,No,No,28,Yes,No,DSL,Yes,No,No,No,Yes,No,Month-to-month,No,Electronic check,53.1,1489.7,Yes
CUST-00135,Male,0,Yes,No,16,Yes,Yes,Fiber optic,No,No,Yes,No,Yes,No,Two year,Yes,Mailed check,66.21,1055.97,Yes
CUST-00136,Male,0,Yes,No,68,Yes,No,No,No internet service,No internet service,No internet service,No internet service,No internet service,No internet service,One year,Yes,Credit card (automatic),22.11,1497.38,No
CUST-00137,Male,0,No,No,62,Yes,Yes,DSL,No,Yes,Yes,No,No,No,Month-to-month,Yes,Bank transfer (automatic),54.08,3351.4,No
CUST-00138,Male,0,Yes,No,36,Yes,No,Fiber optic,No,No,No,Yes,Yes,No,Month-to-month,Yes,Electronic check,82.44,2962.72,No
CUST-00139,Male,0,No,No,22,Yes,Yes,DSL,No,No,Yes,No,No,No,Month-to-month,Yes,Electronic check,66.3,1454.05,No
CUST-00140,Male,0,No,No,11,Yes,Yes,No,No internet service,No internet service,No internet service,No internet service,No internet service,No internet service,Month-to-month,No,Bank transfer (automatic),20.54,220.1,No
CUST-00141,Female,0,No,No,42,Yes,No,Fiber optic,No,Yes,No,No,No,No,Two year,No,Electronic check,74.26,3124.17,No
CUST-00142,Male,0,No,Yes,55,No,No phone service,Fiber optic,No,No,No,No,No,No,Two year,No,Credit card (automatic),81.72,4503.85,No
CUST-00143,Female,0,Yes,Yes,35,Yes,No,DSL,No,No,No,No,No,Yes,Month-to-month,No,Electronic check,46.38,1626.07,Yes
CUST-00144,Female,1,Yes,Yes,57,Yes,Yes,Fiber optic,Yes,No,No,No,Yes,Yes,Month-to-month,No,Electronic check,92.23,5258.24,Yes
CUST-00145,Female,1,No,Yes,34,Yes,Yes,DSL,Yes,Yes,No,No,No,No,Two year,No,Bank transfer (automatic),66.22,2259.24,No
CUST-00146,Male,1,Yes,No,70,Yes,No,Fiber optic,No,No,No,Yes,Yes,No,Month-to-month,Yes,Bank transfer (automatic),91.61,6403.15,Yes
CUST-00147,Male,0,Yes,Yes,4,Yes,Yes,Fiber optic,No,Yes,No,No,No,Yes,Month-to-month,Yes,Bank transfer (automatic),86.61,340.72,Yes
CUST-00148,Male,0,Yes,No,46,Yes,No,Fiber optic,No,Yes,Yes,No,No,Yes,Two year,Yes,Credit card (automatic),94.89,4364.22,No
CUST-00149,Male,0,No,No,11,Yes,Yes,No,No internet service,No internet service,No internet service,No internet service,No internet service,No internet service,One year,Yes,Credit card (automatic),39.79,429.8,Yes
CUST-00150,Female,0,Yes,No,61,Yes,No,DSL,No,No,Yes,No,No,Yes,Month-to-month,Yes,Electronic check,54.88,3345.58,No
CUST-00151,Male,0,Yes,No,35,Yes,Yes,DSL,No,Yes,No,Yes,No,No,One year,Yes,Electronic check,62.16,2173.24,No
CUST-00152,Male,0,Yes,Yes,69,Yes,No,No,No internet service,No internet service,No internet service,No internet service,No internet service,No internet service,Month-to-month,Yes,Mailed check,18.25,1268.18,Yes
CUST-00153,Male,1,No,No,57,Yes,Yes,Fiber optic,No,No,Yes,No,Yes,No,Month-to-month,Yes,Mailed check,92.54,5268.06,Yes
CUST-00154,Male,0,Yes,Yes,11,Yes,Yes,DSL,No,Yes,Yes,No,No,No,One year,Yes,Mailed check,69.53,764.35,No
CUST-00155,Male,1,Yes,No,12,Yes,No,DSL,No,No,No,Yes,No,Yes,Month-to-month,Yes,Electronic check,65.71,780.68,No
CUST-00156,Female,0,No,No,43,Yes,Yes,Fiber optic,Yes,Yes,No,No,Yes,No,One year,No,Credit card (automatic),66.07,2846.72,No
CUST-00157,Male,0,Yes,No,19,Yes,Yes,DSL,No,Yes,Yes,Yes,No,Yes,Month-to-month,No,Bank transfer (automatic),44.96,859.23,No
CUST-00158,Female,0,No,No,68,Yes,No,No,No internet service,No internet service,No internet service,No internet service,No internet service,No internet service,One year,Yes,Bank transfer (automatic),18.25,1250.37,No
CUST-00159,Male,0,No,No,59,Yes,No,Fiber optic,No,No,No,Yes,No,Yes,Month-to-month,No,Credit card (automatic),77.77,4585.59,No
CUST-00160,Female,0,No,Yes,2,Yes,No,No,No internet service,No internet service,No internet service,No internet service,No internet service,No internet service,Two year,No,Mailed check,18.25,46.29,No
CUST-00161,Male,0,No,Yes,8,Yes,Yes,No,No internet service,No internet service,No internet service,No internet service,No internet service,No internet service,One year,Yes,Electronic check,43.3,350.27,Yes
CUST-00162,Male,0,No,No,22,Yes,Yes,Fiber optic,No,No,No,No,Yes,No,Month-to-month,Yes,Credit card (automatic),82.55,1807.77,No
CUST-00163,Female,0,No,No,21,Yes,No,Fiber optic,No,No,Yes,No,No,No,Month-to-month,No,Bank transfer (automatic),82.03,1713.45,Yes
CUST-00164,Female,1,Yes,No,29,Yes,Yes,Fiber optic,Yes,No,No,Yes,Yes,Yes,Month-to-month,No,Bank transfer (automatic),78.38,2265.45,No
CUST-00165,Female,0,No,Yes,37,Yes,Yes,No,No internet service,No internet service,No internet service,No internet service,No internet service,No internet service,Month-to-month,Yes,Electronic check,25.14,920.18,No
CUST-00166,Male,1,Yes,No,29,Yes,Yes,Fiber optic,No,No,No,Yes,Yes,Yes,Month-to-month,No,Bank transfer (automatic),79.53,2310.23,Yes
CUST-00167,Female,0,Yes,No,37,Yes,No,DSL,No,Yes,No,Yes,No,No,Month-to-month,Yes,Bank transfer (automatic),55.53,2063.76,Yes
CUST-00168,Male,0,No,No,21,No,No phone service,Fiber optic,No,No,No,Yes,No,No,Month-to-month,Yes,Electronic check,85.87,1794.14,Yes
CUST-00169,Male,0,Yes,No,12,Yes,No,Fiber optic,No,No,Yes,No,No,No,Month-to-month,Yes,Electronic check,69.96,833.49,No
CUST-00170,Female,0,Yes,No,48,Yes,No,DSL,No,No,No,No,No,No,Month-to-month,Yes,Electronic check,57.26,2757.68,No
CUST-00171,Female,0,Yes,Yes,47,Yes,Yes,Fiber optic,Yes,Yes,Yes,Yes,No,No,Two year,No,Electronic check,82.37,3866.37,No
CUST-00172,Male,0,No,No,15,Yes,No,DSL,No,No,No,Yes,Yes,No,Two year,Yes,Electronic check,51.01,772.28,No
CUST-00173,Male,0,Yes,Yes,67,Yes,No,No,No internet service,No internet service,No internet service,No internet service,No internet service,No internet service,Two year,No,Mailed check,43.93,2937.23,No
CUST-00174,Female,0,Yes,Yes,13,Yes,Yes,DSL,No,No,No,No,No,Yes,Month-to-month,Yes,Electronic check,62.35,819.93,Yes
CUST-00175,Female,0,No,No,59,Yes,No,Fiber optic,No,Yes,No,Yes,Yes,No,One year,Yes,Mailed check,86.32,5090.67,No
CUST-00176,Female,0,Yes,No,13,Yes,Yes,Fiber optic,No,No,Yes,Yes,Yes,No,Two year,Yes,Electronic check,91.19,1189.59,Yes
CUST-00177,Male,0,Yes,No,72,Yes,Yes,No,No internet service,No internet service,No internet service,No internet service,No internet service,No internet service,Month-to-month,No,Bank transfer (automatic),25.17,1821.14,No
CUST-00178,Male,0,Yes,No,19,Yes,Yes,DSL,No,No,Yes,No,Yes,Yes,Two year,No,Mailed check,46.38,876.77,No
CUST-00179,Male,0,No,No,57,Yes,Yes,Fiber optic,No,Yes,No,Yes,Yes,Yes,Two year,Yes,Electronic check,78.15,4453.18,No
CUST-00180,Male,0,Yes,Yes,32,Yes,Yes,Fiber optic,No,No,Yes,Yes,No,No,Two year,Yes,Credit card (automatic),82.93,2649.23,Yes
CUST-00181,Male,0,Yes,No,21,Yes,No,DSL,No,Yes,Yes,No,No,No,Two year,Yes,Bank transfer (automatic),56.73,1191.1,No
CUST-00182,Male,0,No,Yes,14,Yes,Yes,DSL,Yes,No,Yes,No,Yes,Yes,Two year,No,Credit card (automatic),46.61,660.65,No
CUST-00183,Female,0,No,No,24,Yes,No,Fiber optic,No,No,No,No,No,No,One year,No,Credit card (automatic),73.06,1747.36,No
CUST-00184,Male,0,No,No,49,No,No phone service,Fiber optic,No,Yes,Yes,Yes,No,No,One year,No,Bank transfer (automatic),92.77,4546.18,No
CUST-00185,Male,0,Yes,No,32,Yes,Yes,Fiber optic,No,No,No,Yes,Yes,No,Month-to-month,Yes,Electronic check,67.43,2150.83,Yes
CUST-00186,Male,0,No,No,11,Yes,Yes,DSL,No,No,No,No,Yes,No,Month-to-month,No,Electronic check,55.12,604.44,Yes
CUST-00187,Female,1,No,Yes,60,Yes,No,DSL,No,No,Yes,No,Yes,No,Month-to-month,Yes,Electronic check,54.24,3248.45,Yes
CUST-00188,Male,0,No,No,68,Yes,Yes,No,No internet service,No internet service,No internet service,No internet service,No internet service,No internet service,Two year,Yes,Electronic check,26.5,1796.57,No
CUST-00189,Male,0,Yes,Yes,61,Yes,No,Fiber optic,No,Yes,Yes,No,No,No,Month-to-month,No,Credit card (automatic),88.51,5398.51,Yes
CUST-00190,Female,0,No,Yes,5,Yes,Yes,Fiber optic,No,Yes,No,No,Yes,Yes,Month-to-month,Yes,Electronic check,92.68,468.23,Yes
CUST-00191,Male,0,No,Yes,36,Yes,Yes,Fiber optic,Yes,No,No,Yes,Yes,Yes,One year,No,Electronic check,94.92,3409.68,Yes
CUST-00192,Male,0,No,No,64,Yes,Yes,Fiber optic,Yes,No,No,No,Yes,No,Month-to-month,No,Electronic check,68.68,4401.33,No
CUST-00193,Male,0,No,No,32,No,No phone service,DSL,No,No,No,No,No,Yes,Month-to-month,Yes,Bank transfer (automatic),41.29,1331.03,No
CUST-00194,Male,0,No,No,71,Yes,Yes,DSL,No,Yes,No,No,No,Yes,Two year,Yes,Electronic check,48.26,3422.56,No
CUST-00195,Male,0,Yes,No,66,Yes,Yes,DSL,No,No,No,Yes,Yes,No,Month-to-month,Yes,Credit card (automatic),60.48,3985.66,Yes
CUST-00196,Female,0,Yes,No,10,Yes,No,No,No internet service,No internet service,No internet service,No internet service,No internet service,No internet service,Month-to-month,Yes,Electronic check,27.14,261.95,No
CUST-00197,Female,0,No,No,21,Yes,No,No,No internet service,No internet service,No internet service,No internet service,No internet service,No internet service,Month-to-month,Yes,Credit card (automatic),28.98,602.45,No
CUST-00198,Female,1,No,No,40,Yes,No,Fiber optic,Yes,No,Yes,No,Yes,No,One year,Yes,Bank transfer (automatic),94.98,3801.17,Yes
CUST-00199,Male,0,No,No,42,Yes,Yes,DSL,Yes,Yes,No,No,No,No,One year,Yes,Bank transfer (automatic),54.74,2306.0,No
CUST-00200,Male,1,Yes,No,72,Yes,No,DSL,No,No,Yes,Yes,No,No,One year,Yes,Mailed check,67.46,4847.22,No
CUST-00201,Male,0,Yes,Yes,46,Yes,No,Fiber optic,No,No,No,No,No,No,Month-to-month,Yes,Electronic check,77.35,3560.71,Yes
CUST-00202,Female,1,Yes,No,41,Yes,No,Fiber optic,No,No,Yes,No,No,Yes,Two year,Yes,Mailed check,78.2,3199.12,No
CUST-00203,Male,1,Yes,No,4,Yes,Yes,Fiber optic,Yes,Yes,No,Yes,No,Yes,Month-to-month,No,Bank transfer (automatic),88.14,358.54,Yes
CUST-00204,Male,0,No,Yes,14,Yes,Yes,No,No internet service,No internet service,No internet service,No internet service,No internet service,No internet service,Two year,Yes,Bank transfer (automatic),42.04,582.92,No
CUST-00205,Female,0,No,No,14,Yes,Yes,Fiber optic,No,No,No,No,No,No,Month-to-month,Yes,Mailed check,89.39,1242.8,Yes
CUST-00206,Male,0,No,Yes,53,No,No phone service,DSL,No,Yes,Yes,No,No,Yes,Two year,Yes,Credit card (automatic),54.14,2879.03,No
CUST-00207,Female,0,No,Yes,29,Yes,Yes,Fiber optic,No,No,No,Yes,No,No,One year,No,Bank transfer (automatic),85.94,2491.56,No
CUST-00208,Female,0,Yes,Yes,23,Yes,Yes,DSL,No,No,Yes,No,Yes,No,Month-to-month,Yes,Electronic check,47.91,1099.47,Yes
CUST-00209,Female,0,No,No,31,Yes,No,DSL,No,Yes,Yes,No,Yes,Yes,Two year,Yes,Credit card (automatic),42.32,1313.43,No
CUST-00210,Male,0,Yes,No,71,Yes,Yes,No,No internet service,No internet service,No internet service,No internet service,No internet service,No internet service,Month-to-month,No,Bank transfer (automatic),19.74,1402.66,No
CUST-00211,Male,0,Yes,No,61,No,No phone service,Fiber optic,No,No,No,No,Yes,Yes,Two year,No,Mailed check,65.72,3999.84,No
CUST-00212,Male,1,No,Yes,23,Yes,No,DSL,Yes,No,No,No,No,Yes,One year,No,Bank transfer (automatic),53.34,1223.74,No
CUST-00213,Male,0,Yes,No,8,Yes,No,DSL,Yes,Yes,No,Yes,No,No,Month-to-month,Yes,Bank transfer (automatic),59.67,479.58,No
CUST-00214,Male,0,Yes,No,16,Yes,No,Fiber optic,No,Yes,No,Yes,Yes,Yes,Month-to-month,Yes,Credit card (automatic),66.0,1064.89,Yes
CUST-00215,Male,0,No,Yes,26,Yes,No,Fiber optic,No,No,No,Yes,No,No,Month-to-month,Yes,Mailed check,66.55,1733.34,Yes
CUST-00216,Male,1,Yes,No,29,Yes,No,Fiber optic,Yes,No,No,No,Yes,No,Month-to-month,Yes,Bank transfer (automatic),80.62,2331.36,No
CUST-00217,Female,0,Yes,Yes,6,Yes,No,DSL,Yes,No,No,Yes,Yes,No,Month-to-month,No,Mailed check,68.19,399.33,No
CUST-00218,Male,0,No,Yes,37,Yes,No,Fiber optic,Yes,Yes,Yes,No,No,Yes,Month-to-month,No,Electronic check,69.24,2567.61,Yes
CUST-00219,Female,0,Yes,No,33,Yes,No,DSL,Yes,Yes,No,No,No,Yes,Month-to-month,Yes,Electronic check,60.36,1998.53,Yes
CUST-00220,Male,0,Yes,No,46,Yes,Yes,Fiber optic,No,No,No,Yes,No,No,Month-to-month,No,Bank transfer (automatic),84.63,3886.65,Yes
CUST-00221,Male,0,No,Yes,61,Yes,Yes,DSL,No,No,No,No,No,No,Month-to-month,Yes,Electronic check,49.18,2996.4,No
CUST-00222,Male,1,Yes,Yes,41,Yes,Yes,DSL,No,No,No,No,No,No,Month-to-month,Yes,Mailed check,42.28,1739.2,Yes
CUST-00223,Female,0,No,Yes,18,Yes,Yes,DSL,Yes,Yes,Yes,Yes,Yes,No,Month-to-month,Yes,Bank transfer (automatic),58.28,1052.72,Yes
CUST-00224,Female,0,Yes,Yes,16,Yes,Yes,DSL,No,Yes,No,Yes,No,No,Month-to-month,Yes,Mailed check,53.3,845.44,No
CUST-00225,Female,1,Yes,Yes,51,Yes,No,DSL,No,No,Yes,No,Yes,No,Month-to-month,Yes,Mailed check,49.36,2520.63,No
CUST-00226,Female,0,No,No,37,Yes,No,No,No internet service,No internet service,No internet service,No internet service,No internet service,No internet service,Month-to-month,Yes,Electronic check,38.4,1424.98,Yes
CUST-00227,Male,0,No,No,14,Yes,No,DSL,Yes,No,Yes,No,Yes,Yes,One year,Yes,Bank transfer (automatic),52.15,739.88,No
CUST-00228,Female,1,Yes,No,68,Yes,Yes,Fiber optic,No,No,Yes,No,Yes,No,Two year,Yes,Bank transfer (automatic),83.51,5686.53,No
CUST-00229,Male,0,No,No,30,Yes,Yes,Fiber optic,No,No,Yes,No,No,Yes,One year,No,Mailed check,72.69,2171.43,Yes
CUST-00230,Male,0,Yes,No,60,Yes,No,DSL,No,No,No,No,No,Yes,Two year,No,Bank transfer (automatic),42.35,2533.13,No
CUST-00231,Female,0,No,Yes,53,Yes,No,Fiber optic,No,Yes,Yes,No,No,Yes,Month-to-month,Yes,Bank transfer (automatic),69.65,3689.51,Yes
CUST-00232,Female,0,Yes,Yes,36,Yes,Yes,No,No internet service,No internet service,No internet service,No internet service,No internet service,No internet service,Month-to-month,No,Bank transfer (automatic),26.03,933.49,No
CUST-00233,Female,0,Yes,No,30,Yes,Yes,DSL,Yes,No,Yes,No,No,No,Two year,No,Electronic check,62.01,1852.39,No
CUST-00234,Female,0,Yes,Yes,64,Yes,No,No,No internet service,No internet service,No internet service,No internet service,No internet service,No internet service,Month-to-month,Yes,Bank transfer (automatic),32.57,2089.67,Yes
CUST-00235,Female,0,Yes,Yes,14,Yes,Yes,No,No internet service,No internet service,No internet service,No internet service,No internet service,No internet service,Two year,No,Bank transfer (automatic),26.29,363.91,No
CUST-00236,Female,1,Yes,Yes,23,Yes,Yes,No,No internet service,No internet service,No internet service,No internet service,No internet service,No internet service,Month-to-month,Yes,Bank transfer (automatic),29.23,679.24,No
CUST-00237,Female,0,No,No,48,Yes,No,DSL,Yes,No,No,No,Yes,No,Month-to-month,Yes,Electronic check,57.45,2754.67,Yes
CUST-00238,Female,1,No,No,28,Yes,No,Fiber optic,No,No,No,Yes,No,Yes,Month-to-month,No,Electronic check,70.08,1967.13,Yes
CUST-00239,Male,0,Yes,No,7,Yes,Yes,Fiber optic,No,No,No,Yes,No,No,One year,Yes,Bank transfer (automatic),73.15,506.26,No
CUST-00240,Female,0,Yes,No,42,Yes,No,DSL,No,Yes,No,No,Yes,Yes,Month-to-month,No,Electronic check,48.3,2028.02,No
CUST-00241,Female,0,No,No,10,Yes,No,Fiber optic,Yes,No,Yes,No,No,Yes,Month-to-month,No,Credit card (automatic),68.09,681.98,No
CUST-00242,Male,0,No,No,68,Yes,Yes,No,No internet service,No internet service,No internet service,No internet service,No internet service,No internet service,Two year,Yes,Credit card (automatic),20.99,1426.26,No
CUST-00243,Female,0,No,Yes,44,Yes,Yes,No,No internet service,No internet service,No internet service,No internet service,No internet service,No internet service,One year,No,Credit card (automatic),31.78,1403.88,No
CUST-00244,Male,1,No,Yes,13,Yes,No,DSL,No,Yes,Yes,No,No,Yes,Month-to-month,No,Electronic check,46.79,611.51,No
CUST-00245,Male,0,No,Yes,33,Yes,Yes,DSL,No,No,No,No,No,Yes,Month-to-month,No,Credit card (automatic),57.46,1897.82,No
CUST-00246,Female,0,Yes,Yes,32,Yes,No,DSL,Yes,Yes,Yes,No,No,Yes,One year,Yes,Electronic check,40.72,1297.67,Yes
CUST-00247,Male,0,Yes,Yes,48,Yes,No,DSL,Yes,No,Yes,No,Yes,No,Month-to-month,Yes,Electronic check,45.21,2170.58,No
CUST-00248,Male,0,No,Yes,5,Yes,Yes,Fiber optic,No,No,Yes,No,Yes,No,Month-to-month,Yes,Credit card (automatic),83.35,420.82,Yes
CUST-00249,Male,0,No,No,61,Yes,No,No,No internet service,No internet service,No internet service,No internet service,No internet service,No internet service,Month-to-month,No,Electronic check,32.53,1993.17,No
CUST-00250,Male,0,No,No,3,No,No phone service,Fiber optic,Yes,Yes,Yes,No,No,Yes,Month-to-month,No,Electronic check,73.27,212.58,Yes
CUST-00251,Female,0,No,No,24,Yes,Yes,No,No internet service,No internet service,No internet service,No internet service,No internet service,No internet service,Two year,Yes,Credit card (automatic),33.7,816.13,No
CUST-00252,Male,0,No,No,34,Yes,Yes,Fiber optic,No,Yes,No,No,Yes,Yes,Two year,Yes,Credit card (automatic),69.98,2371.73,No
CUST-00253,Female,0,No,No,42,Yes,Yes,Fiber optic,Yes,No,No,No,No,Yes,One year,No,Bank transfer (automatic),89.53,3763.91,Yes
CUST-00254,Male,0,No,No,20,Yes,No,Fiber optic,No,Yes,No,No,Yes,No,Month-to-month,Yes,Bank transfer (automatic),72.51,1453.02,Yes
CUST-00255,Male,0,No,No,41,Yes,No,No,No internet service,No internet service,No internet service,No internet service,No internet service,No internet service,Month-to-month,Yes,Mailed check,29.02,1197.31,Yes
CUST-00256,Male,1,No,Yes,20,Yes,No,No,No internet service,No internet service,No internet service,No internet service,No internet service,No internet service,Two year,No,Electronic check,43.42,859.59,No
CUST-00257,Male,0,Yes,Yes,6,Yes,Yes,Fiber optic,No,No,No,No,Yes,No,Two year,No,Electronic check,82.33,501.69,No
CUST-00258,Female,0,No,No,57,Yes,No,No,No internet service,No internet service,No internet service,No internet service,No internet service,No internet service,Two year,Yes,Mailed check,37.57,2138.02,No
CUST-00259,Female,0,No,No,42,Yes,No,Fiber optic,Yes,Yes,No,No,No,No,One year,No,Credit card (automatic),87.37,3669.14,No
CUST-00260,Male,0,Yes,Yes,25,Yes,Yes,No,No internet service,No internet service,No internet service,No internet service,No internet service,No internet service,Month-to-month,No,Credit card (automatic),26.44,668.14,No
CUST-00261,Male,1,Yes,Yes,41,Yes,Yes,Fiber optic,No,Yes,No,Yes,No,No,Month-to-month,Yes,Mailed check,68.0,2788.95,Yes
CUST-00262,Female,0,Yes,No,41,Yes,No,DSL,No,No,No,No,Yes,No,Month-to-month,Yes,Credit card (automatic),50.22,2055.81,Yes
CUST-00263,Male,0,No,Yes,3,No,No phone service,No,No internet service,No internet service,No internet service,No internet service,No internet service,No internet service,One year,Yes,Mailed check,18.25,60.34,No
CUST-00264,Male,0,No,No,43,Yes,Yes,DSL,No,No,Yes,No,No,No,Month-to-month,Yes,Bank transfer (automatic),47.93,2052.33,Yes
CUST-00265,Male,0,No,Yes,46,Yes,Yes,No,No internet service,No internet service,No internet service,No internet service,No internet service,No internet service,Month-to-month,Yes,Mailed check,18.25,842.89,No
CUST-00266,Female,0,No,No,57,Yes,Yes,Fiber optic,No,No,Yes,No,Yes,No,Two year,No,Electronic check,77.59,4412.66,No
CUST-00267,Female,0,Yes,Yes,51,Yes,No,Fiber optic,Yes,No,Yes,No,No,No,Month-to-month,Yes,Credit card (automatic),65.27,3319.55,No
CUST-00268,Female,0,No,No,5,Yes,No,DSL,Yes,Yes,No,Yes,No,Yes,Month-to-month,No,Credit card (automatic),62.82,323.35,No
CUST-00269,Male,0,No,Yes,15,Yes,Yes,DSL,No,No,No,No,No,No,One year,Yes,Bank transfer (automatic),68.89,1032.83,No
CUST-00270,Male,0,Yes,No,39,Yes,Yes,No,No internet service,No internet service,No internet service,No internet service,No internet service,No internet service,Month-to-month,No,Mailed check,18.25,702.94,No
CUST-00271,Female,1,No,No,70,Yes,No,DSL,No,No,No,Yes,No,No,One year,No,Credit card (automatic),57.34,4021.59,No
CUST-00272,Female,0,No,No,38,Yes,Yes,No,No internet service,No internet service,No internet service,No internet service,No internet service,No internet service,Month-to-month,Yes,Bank transfer (automatic),23.11,870.58,Yes
CUST-00273,Female,0,No,No,39,Yes,Yes,Fiber optic,No,No,No,Yes,Yes,Yes,Month-to-month,No,Electronic check,80.71,3138.39,No
CUST-00274,Female,0,No,No,52,Yes,Yes,Fiber optic,No,No,No,Yes,Yes,No,Month-to-month,No,Credit card (automatic),93.29,4848.93,No
CUST-00275,Male,1,Yes,No,3,Yes,No,Fiber optic,No,No,No,Yes,No,No,Two year,No,Mailed check,87.96,257.14,No
CUST-00276,Female,0,Yes,No,29,Yes,No,DSL,No,No,No,Yes,No,No,Month-to-month,Yes,Electronic check,62.39,1800.84,No
CUST-00277,Male,1,Yes,No,31,Yes,Yes,Fiber optic,Yes,No,No,No,Yes,Yes,Two year,No,Electronic check,73.8,2282.31,No
CUST-00278,Female,0,Yes,No,66,Yes,No,Fiber optic,No,Yes,Yes,No,Yes,No,Month-to-month,No,Mailed check,88.89,5857.98,Yes
CUST-00279,Male,0,No,Yes,45,Yes,Yes,No,No internet service,No internet service,No internet service,No internet service,No internet service,No internet service,Two year,No,Electronic check,18.25,818.96,No
CUST-00280,Female,0,No,No,22,Yes,No,Fiber optic,No,No,Yes,No,No,No,Month-to-month,Yes,Electronic check,86.22,1904.98,No
CUST-00281,Female,0,No,No,10,Yes,No,DSL,No,No,No,Yes,No,Yes,Month-to-month,No,Electronic check,52.12,516.53,No
CUST-00282,Female,0,Yes,No,21,Yes,Yes,No,No internet service,No internet service,No internet service,No internet service,No internet service,No internet service,Two year,No,Electronic check,28.12,595.22,No
CUST-00283,Female,0,Yes,No,17,Yes,Yes,Fiber optic,No,No,No,No,Yes,No,Month-to-month,Yes,Electronic check,79.7,1346.45,Yes
CUST-00284,Male,0,Yes,No,67,Yes,No,Fiber optic,No,No,No,No,No,No,One year,Yes,Bank transfer (automatic),88.05,5890.03,No
CUST-00285,Female,0,No,No,7,Yes,No,No,No internet service,No internet service,No internet service,No internet service,No internet service,No internet service,One year,No,Bank transfer (automatic),24.35,164.95,Yes
CUST-00286,Male,0,No,No,36,Yes,Yes,Fiber optic,No,No,Yes,No,Yes,No,One year,Yes,Electronic check,74.7,2693.52,Yes
CUST-00287,Male,0,Yes,No,67,Yes,Yes,Fiber optic,Yes,No,Yes,No,Yes,No,Two year,No,Bank transfer (automatic),80.61,5395.34,No
CUST-00288,Male,0,Yes,No,30,Yes,Yes,Fiber optic,Yes,No,Yes,No,Yes,No,Month-to-month,No,Bank transfer (automatic),73.03,2182.96,Yes
CUST-00289,Male,0,No,No,71,Yes,Yes,DSL,No,No,Yes,Yes,Yes,No,Two year,No,Electronic check,53.38,3787.8,No
CUST-00290,Female,0,No,No,29,Yes,Yes,Fiber optic,Yes,Yes,Yes,Yes,No,No,Two year,Yes,Electronic check,84.81,2462.39,No
CUST-00291,Male,0,No,No,72,Yes,No,DSL,Yes,No,Yes,Yes,No,No,One year,No,Electronic check,69.7,5022.78,No
CUST-00292,Male,1,Yes,No,33,Yes,Yes,Fiber optic,No,No,No,Yes,No,No,One year,No,Electronic check,72.86,2396.44,No
CUST-00293,Male,0,Yes,No,59,No,No phone service,DSL,No,Yes,No,No,No,Yes,Two year,Yes,Bank transfer (automatic),47.86,2816.72,No
CUST-00294,Female,0,Yes,Yes,20,Yes,Yes,DSL,No,No,No,Yes,No,No,Month-to-month,Yes,Electronic check,51.82,1026.55,No
CUST-00295,Female,0,Yes,No,29,Yes,No,No,No internet service,No internet service,No internet service,No internet service,No internet service,No internet service,Month-to-month,Yes,Electronic check,34.77,1017.03,Yes
CUST-00296,Female,1,No,No,53,Yes,No,Fiber optic,No,No,No,No,Yes,Yes,Month-to-month,Yes,Mailed check,92.79,4916.47,No
CUST-00297,Female,0,No,Yes,1,Yes,No,Fiber optic,No,No,Yes,No,No,No,Month-to-month,No,Electronic check,93.47,83.49,No
CUST-00298,Male,0,No,Yes,34,Yes,Yes,Fiber optic,No,No,No,Yes,No,Yes,Two year,Yes,Mailed check,75.14,2557.55,No
CUST-00299,Male,1,Yes,No,44,Yes,Yes,Fiber optic,No,No,Yes,No,No,No,Month-to-month,Yes,Mailed check,77.52,3414.98,Yes
CUST-00300,Female,0,No,No,14,Yes,No,Fiber optic,No,No,No,No,No,Yes,Month-to-month,No,Electronic check,78.09,1089.74,No
CUST-00301,Male,0,No,No,37,Yes,No,No,No internet service,No internet service,No internet service,No internet service,No internet service,No internet service,Month-to-month,Yes,Credit card (automatic),25.47,932.86,Yes
CUST-00302,Male,0,No,No,35,Yes,Yes,DSL,No,No,Yes,No,No,No,Month-to-month,Yes,Electronic check,49.46,1740.99,No
CUST-00303,Male,0,No,No,59,Yes,No,Fiber optic,Yes,Yes,Yes,No,No,No,Month-to-month,Yes,Bank transfer (automatic),67.14,3957.14,Yes
CUST-00304,Female,0,No,No,24,Yes,No,DSL,Yes,No,No,No,Yes,No,Month-to-month,No,Mailed check,56.35,1344.04,Yes
CUST-00305,Female,0,Yes,Yes,65,Yes,Yes,Fiber optic,Yes,Yes,Yes,No,Yes,No,Month-to-month,Yes,Mailed check,84.87,5525.77,No
CUST-00306,Male,0,No,No,6,Yes,No,No,No internet service,No internet service,No internet service,No internet service,No internet service,No internet service,Month-to-month,Yes,Credit card (automatic),44.75,262.79,Yes
CUST-00307,Female,1,No,Yes,68,Yes,Yes,No,No internet service,No internet service,No internet service,No internet service,No internet service,No internet service,One year,No,Credit card (automatic),33.58,2286.33,No
CUST-00308,Female,0,Yes,No,38,Yes,No,Fiber optic,Yes,Yes,No,Yes,Yes,Yes,Month-to-month,No,Electronic check,83.31,3165.71,Yes
CUST-00309,Female,0,Yes,No,1,Yes,No,DSL,No,Yes,No,No,Yes,No,One year,Yes,Credit card (automatic),51.11,56.77,No
CUST-00310,Female,0,No,No,41,Yes,Yes,Fiber optic,Yes,No,No,No,No,No,Month-to-month,Yes,Electronic check,66.73,2728.1,Yes
CUST-00311,Female,0,No,No,31,Yes,No,Fiber optic,No,Yes,Yes,No,No,No,Month-to-month,Yes,Electronic check,83.42,2591.3,No
CUST-00312,Male,0,No,Yes,36,Yes,Yes,DSL,Yes,No,No,No,Yes,No,Month-to-month,No,Electronic check,43.77,1574.51,No
CUST-00313,Female,0,No,No,54,Yes,No,Fiber optic,No,Yes,No,Yes,Yes,Yes,Month-to-month,Yes,Mailed check,87.32,4708.11,Yes
CUST-00314,Male,0,Yes,Yes,31,Yes,No,Fiber optic,No,No,No,Yes,No,No,One year,Yes,Mailed check,87.62,2719.29,No
CUST-00315,Male,0,No,Yes,29,Yes,Yes,DSL,Yes,Yes,No,Yes,Yes,Yes,Two year,No,Electronic check,43.15,1259.46,No
CUST-00316,Female,0,Yes,No,3,Yes,Yes,Fiber optic,No,Yes,No,No,No,Yes,One year,Yes,Bank transfer (automatic),73.33,216.51,Yes
CUST-00317,Male,0,No,Yes,58,Yes,No,DSL,No,No,No,No,No,Yes,Two year,No,Electronic check,64.6,3752.15,No
CUST-00318,Male,0,No,No,61,Yes,Yes,DSL,Yes,Yes,Yes,Yes,No,Yes,Month-to-month,Yes,Credit card (automatic),68.87,4194.06,No
CUST-00319,Male,0,No,No,6,Yes,Yes,Fiber optic,Yes,No,No,No,No,No,One year,No,Credit card (automatic),86.92,531.34,No
CUST-00320,Female,0,Yes,Yes,20,Yes,Yes,DSL,No,No,No,No,Yes,No,Month-to-month,Yes,Bank transfer (automatic),52.04,1044.89,No
CUST-00321,Female,1,No,Yes,61,Yes,Yes,No,No internet service,No internet service,No internet service,No internet service,No internet service,No internet service,Two year,No,Electronic check,39.82,2430.09,No
CUST-00322,Male,0,No,No,46,Yes,No,Fiber optic,No,No,No,No,Yes,Yes,Month-to-month,Yes,Mailed check,73.79,3393.78,Yes
CUST-00323,Female,0,Yes,No,13,Yes,No,No,No internet service,No internet service,No internet service,No internet service,No internet service,No internet service,Two year,No,Bank transfer (automatic),40.99,535.94,No
CUST-00324,Female,0,No,No,23,Yes,Yes,Fiber optic,Yes,No,No,No,No,Yes,One year,Yes,Credit card (automatic),66.29,1530.41,No
CUST-00325,Female,0,Yes,No,31,Yes,No,DSL,Yes,No,No,No,No,Yes,Month-to-month,Yes,Mailed check,69.79,2155.94,No
CUST-00326,Female,0,No,No,4,Yes,No,Fiber optic,No,No,No,No,No,No,Month-to-month,Yes,Electronic check,68.32,276.51,Yes
CUST-00327,Male,1,Yes,No,66,Yes,No,No,No internet service,No internet service,No internet service,No internet service,No internet service,No internet service,Two year,Yes,Mailed check,42.45,2810.08,Yes
CUST-00328,Male,1,Yes,Yes,16,Yes,No,Fiber optic,No,No,No,No,Yes,Yes,Month-to-month,Yes,Bank transfer (automatic),90.58,1444.76,No
CUST-00329,Female,0,Yes,No,31,Yes,No,Fiber optic,No,No,No,No,Yes,No,Month-to-month,Yes,Electronic check,73.8,2293.26,No
CUST-00330,Female,0,No,No,48,Yes,No,Fiber optic,No,No,Yes,No,No,Yes,Month-to-month,Yes,Bank transfer (automatic),78.87,3777.89,No
CUST-00331,Male,0,Yes,No,43,Yes,Yes,DSL,No,No,Yes,Yes,No,No,One year,Yes,Mailed check,46.43,2004.48,No
CUST-00332,Male,0,Yes,No,4,Yes,No,DSL,No,Yes,Yes,No,No,No,Month-to-month,No,Mailed check,54.43,208.48,No
CUST-00333,Female,0,No,No,62,Yes,No,DSL,No,No,No,No,Yes,Yes,Month-to-month,No,Mailed check,45.42,2806.22,No
CUST-00334,Male,0,Yes,Yes,48,Yes,Yes,Fiber optic,No,No,No,No,Yes,No,One year,Yes,Electronic check,73.78,3538.98,No
CUST-00335,Female,0,No,No,28,Yes,Yes,DSL,No,Yes,Yes,Yes,Yes,Yes,Month-to-month,No,Bank transfer (automatic),41.17,1153.36,Yes
CUST-00336,Female,0,No,No,16,Yes,No,Fiber optic,No,Yes,No,Yes,No,No,One year,No,Bank transfer (automatic),81.56,1304.05,Yes
CUST-00337,Male,0,Yes,No,69,Yes,No,Fiber optic,No,No,No,Yes,Yes,No,One year,Yes,Electronic check,86.71,5976.64,No
CUST-00338,Male,1,Yes,Yes,30,Yes,No,Fiber optic,No,No,No,No,Yes,No,Month-to-month,No,Electronic check,71.07,2138.14,Yes
CUST-00339,Female,0,No,No,65,Yes,No,DSL,No,Yes,No,No,No,No,Two year,Yes,Mailed check,58.36,3797.47,No
CUST-00340,Female,0,Yes,No,69,Yes,Yes,Fiber optic,No,No,No,No,No,No,One year,Yes,Bank transfer (automatic),66.44,4591.9,Yes
CUST-00341,Male,0,Yes,No,14,Yes,Yes,Fiber optic,Yes,Yes,Yes,Yes,No,No,Month-to-month,Yes,Mailed check,67.5,935.41,No
CUST-00342,Female,1,Yes,Yes,34,Yes,Yes,No,No internet service,No internet service,No internet service,No internet service,No internet service,No internet service,One year,No,Bank transfer (automatic),31.33,1062.11,No
CUST-00343,Male,1,Yes,No,56,No,No phone service,Fiber optic,No,No,No,No,No,No,Month-to-month,Yes,Bank transfer (automatic),66.78,3733.64,Yes
CUST-00344,Female,0,No,Yes,29,Yes,Yes,DSL,No,No,No,No,Yes,Yes,Two year,Yes,Electronic check,53.72,1560.63,No
CUST-00345,Male,0,No,No,25,Yes,Yes,DSL,No,Yes,No,No,Yes,Yes,Month-to-month,No,Mailed check,41.92,1057.5,No
CUST-00346,Male,0,Yes,No,66,Yes,No,Fiber optic,No,No,No,No,Yes,Yes,Month-to-month,Yes,Credit card (automatic),75.48,4977.61,No
CUST-00347,Male,0,No,Yes,40,Yes,No,Fiber optic,No,No,No,No,No,Yes,One year,Yes,Electronic check,91.42,3663.9,No
CUST-00348,Female,0,Yes,No,15,Yes,No,DSL,Yes,No,No,No,Yes,No,Month-to-month,No,Credit card (automatic),62.39,943.19,No
CUST-00349,Female,0,Yes,No,32,Yes,Yes,Fiber optic,No,Yes,Yes,No,No,Yes,Two year,Yes,Electronic check,77.41,2472.85,No
CUST-00350,Male,0,Yes,No,20,Yes,No,DSL,No,No,Yes,No,No,No,Two year,No,Bank transfer (automatic),50.51,1001.76,Yes
CUST-00351,Female,0,Yes,No,53,No,No phone service,Fiber optic,No,No,Yes,Yes,Yes,Yes,Month-to-month,Yes,Credit card (automatic),75.94,4032.14,No
CUST-00352,Male,0,No,No,67,Yes,Yes,DSL,No,No,No,No,No,No,Month-to-month,Yes,Bank transfer (automatic),43.95,2950.67,No
CUST-00353,Male,1,Yes,No,49,Yes,No,No,No internet service,No internet service,No internet service,No internet service,No internet service,No internet service,Month-to-month,No,Electronic check,26.72,1311.72,Yes
CUST-00354,Female,0,No,No,67,Yes,No,DSL,No,No,No,No,No,No,One year,No,Electronic check,57.62,3858.21,No
CUST-00355,Female,0,Yes,No,1,Yes,No,Fiber optic,No,Yes,Yes,No,No,No,One year,Yes,Electronic check,90.44,84.77,Yes
CUST-00356,Male,0,No,No,39,Yes,No,Fiber optic,No,No,No,No,No,No,Month-to-month,Yes,Mailed check,85.48,3330.29,Yes
CUST-00357,Female,0,No,Yes,61,Yes,Yes,DSL,Yes,No,No,No,No,No,Month-to-month,No,Bank transfer (automatic),59.14,3599.66,Yes
CUST-00358,Female,0,No,No,55,Yes,No,No,No internet service,No internet service,No internet service,No internet service,No internet service,No internet service,One year,Yes,Credit card (automatic),18.25,1010.27,No
CUST-00359,Male,0,No,No,69,Yes,Yes,Fiber optic,Yes,No,No,No,Yes,Yes,Month-to-month,Yes,Bank transfer (automatic),69.28,4773.08,No
CUST-00360,Male,1,Yes,No,2,Yes,Yes,DSL,No,No,Yes,No,Yes,No,Two year,No,Credit card (automatic),42.83,78.37,Yes
CUST-00361,Female,0,No,No,17,Yes,No,Fiber optic,No,Yes,Yes,No,No,No,One year,No,Bank transfer (automatic),70.73,1210.16,No
CUST-00362,Male,0,Yes,No,29,Yes,Yes,No,No internet service,No internet service,No internet service,No internet service,No internet service,No internet service,Month-to-month,No,Mailed check,38.22,1112.16,No
CUST-00363,Male,0,No,No,4,Yes,No,No,No internet service,No internet service,No internet service,No internet service,No internet service,No internet service,Month-to-month,Yes,Electronic check,33.61,129.57,No
CUST-00364,Female,0,No,No,64,No,No phone service,Fiber optic,No,Yes,Yes,Yes,No,No,Month-to-month,No,Bank transfer (automatic),78.27,5004.73,Yes
CUST-00365,Male,0,No,No,43,Yes,Yes,Fiber optic,Yes,Yes,No,No,Yes,No,Two year,Yes,Electronic check,65.35,2817.38,No
CUST-00366,Male,0,Yes,Yes,12,Yes,Yes,DSL,No,No,Yes,Yes,Yes,No,Month-to-month,No,Electronic check,60.04,722.23,No
CUST-00367,Female,0,No,No,50,Yes,No,No,No internet service,No internet service,No internet service,No internet service,No internet service,No internet service,Two year,No,Electronic check,31.18,1557.35,No
CUST-00368,Female,0,Yes,No,68,Yes,No,DSL,Yes,No,Yes,No,Yes,Yes,Month-to-month,No,Electronic check,42.48,2896.6,No
CUST-00369,Male,0,Yes,No,61,Yes,No,DSL,Yes,No,No,No,Yes,No,Month-to-month,No,Mailed check,61.02,3716.34,No
CUST-00370,Male,0,Yes,No,51,Yes,No,No,No internet service,No internet service,No internet service,No internet service,No internet service,No internet service,Month-to-month,No,Electronic check,23.09,1178.47,No
CUST-00371,Female,0,No,Yes,5,Yes,Yes,DSL,Yes,No,No,No,No,Yes,Month-to-month,Yes,Electronic check,54.52,281.2,Yes
CUST-00372,Female,0,No,Yes,28,Yes,No,Fiber optic,No,No,No,No,No,No,One year,Yes,Credit card (automatic),74.56,2087.26,No
CUST-00373,Female,0,No,No,10,Yes,Yes,Fiber optic,No,No,Yes,No,No,No,Two year,Yes,Electronic check,74.68,742.67,No
CUST-00374,Female,0,No,No,52,Yes,No,No,No internet service,No internet service,No internet service,No internet service,No internet service,No internet service,Month-to-month,Yes,Bank transfer (automatic),18.25,958.89,No
CUST-00375,Male,1,No,No,17,Yes,Yes,Fiber optic,No,No,Yes,Yes,No,Yes,Two year,Yes,Credit card (automatic),66.43,1129.82,No
CUST-00376,Female,0,No,No,65,Yes,Yes,Fiber optic,No,No,No,No,No,Yes,One year,No,Electronic check,88.33,5739.67,No
CUST-00377,Female,0,No,Yes,21,Yes,Yes,DSL,No,Yes,Yes,Yes,Yes,No,Two year,Yes,Credit card (automatic),40.1,838.72,No
CUST-00378,Male,1,Yes,Yes,54,Yes,Yes,DSL,Yes,No,Yes,No,Yes,Yes,One year,Yes,Mailed check,48.63,2622.43,No
CUST-00379,Female,0,No,No,49,No,No phone service,No,No internet service,No internet service,No internet service,No internet service,No internet service,No internet service,Two year,No,Bank transfer (automatic),43.54,2126.66,No
CUST-00380,Male,0,Yes,No,22,Yes,Yes,Fiber optic,No,No,Yes,Yes,No,Yes,Two year,No,Credit card (automatic),88.96,1962.72,No
CUST-00381,Female,0,Yes,No,69,Yes,No,DSL,No,No,Yes,Yes,Yes,No,Two year,Yes,Bank transfer (automatic),55.55,3830.9,No
CUST-00382,Female,0,No,No,64,Yes,Yes,Fiber optic,Yes,No,No,No,Yes,No,Month-to-month,No,Electronic check,87.27,5586.64,No
CUST-00383,Female,0,No,No,36,No,No phone service,DSL,No,No,Yes,Yes,No,Yes,One year,Yes,Electronic check,68.31,2462.66,No
CUST-00384,Male,0,Yes,Yes,21,Yes,No,Fiber optic,No,No,Yes,Yes,No,No,One year,No,Electronic check,93.2,1957.67,Yes
CUST-00385,Male,0,Yes,No,56,Yes,No,DSL,No,No,No,No,Yes,No,Month-to-month,Yes,Electronic check,53.37,2984.85,No
CUST-00386,Female,0,No,No,48,No,No phone service,DSL,No,Yes,Yes,No,No,No,Two year,No,Credit card (automatic),49.67,2389.71,No
CUST-00387,Male,1,Yes,Yes,18,Yes,Yes,Fiber optic,Yes,No,No,No,No,Yes,Month-to-month,No,Mailed check,87.44,1574.57,Yes
CUST-00388,Male,0,Yes,No,15,Yes,Yes,No,No internet service,No internet service,No internet service,No internet service,No internet service,No internet service,Month-to-month,Yes,Electronic check,27.31,402.51,Yes
CUST-00389,Male,1,Yes,No,44,Yes,Yes,Fiber optic,No,No,No,No,No,Yes,Month-to-month,Yes,Electronic check,69.64,3059.02,Yes
CUST-00390,Male,0,Yes,No,45,Yes,Yes,Fiber optic,Yes,No,No,No,No,No,Month-to-month,Yes,Electronic check,70.81,3180.64,Yes
CUST-00391,Male,0,No,No,36,Yes,No,DSL,Yes,No,Yes,No,No,Yes,Month-to-month,No,Credit card (automatic),56.29,2025.95,Yes
CUST-00392,Male,0,No,No,40,No,No phone service,Fiber optic,Yes,No,No,No,No,No,Month-to-month,Yes,Bank transfer (automatic),80.28,3202.96,Yes
CUST-00393,Female,0,Yes,Yes,51,Yes,No,No,No internet service,No internet service,No internet service,No internet service,No internet service,No internet service,Month-to-month,Yes,Electronic check,28.9,1476.48,No
CUST-00394,Female,0,Yes,Yes,30,Yes,Yes,Fiber optic,Yes,Yes,No,No,Yes,No,One year,Yes,Credit card (automatic),76.1,2290.33,Yes
CUST-00395,Male,0,Yes,Yes,26,Yes,Yes,DSL,Yes,Yes,No,No,Yes,No,Two year,No,Credit card (automatic),49.75,1297.03,No
CUST-00396,Female,0,No,No,31,Yes,No,No,No internet service,No internet service,No internet service,No internet service,No internet service,No internet service,Month-to-month,Yes,Bank transfer (automatic),20.65,635.44,No
CUST-00397,Female,1,No,Yes,56,Yes,No,Fiber optic,Yes,Yes,No,No,Yes,Yes,Two year,No,Mailed check,85.46,4785.21,No
CUST-00398,Female,0,Yes,No,61,Yes,Yes,DSL,No,No,No,No,Yes,No,One year,Yes,Bank transfer (automatic),55.09,3355.87,No
CUST-00399,Female,0,Yes,Yes,17,Yes,Yes,Fiber optic,No,Yes,No,Yes,No,No,Month-to-month,Yes,Mailed check,76.08,1290.13,Yes
CUST-00400,Male,0,Yes,No,24,Yes,No,DSL,Yes,No,Yes,No,No,No,Month-to-month,No,Mailed check,63.32,1524.4,No
CUST-00401,Female,0,No,Yes,4,Yes,Yes,DSL,No,No,No,No,No,No,One year,Yes,Mailed check,58.97,237.44,No
CUST-00402,Female,0,Yes,No,9,Yes,Yes,No,No internet service,No internet service,No internet service,No internet service,No internet service,No internet service,Two year,Yes,Credit card (automatic),37.67,332.87,No
CUST-00403,Male,0,Yes,Yes,2,Yes,Yes,Fiber optic,Yes,No,Yes,No,No,Yes,One year,No,Electronic check,84.33,173.43,Yes
CUST-00404,Male,0,Yes,No,35,Yes,Yes,Fiber optic,No,Yes,No,Yes,Yes,No,Month-to-month,Yes,Mailed check,83.75,2940.98,Yes
CUST-00405,Female,1,Yes,No,38,Yes,Yes,No,No internet service,No internet service,No internet service,No internet service,No internet service,No internet service,One year,No,Credit card (automatic),27.35,1044.87,No
CUST-00406,Female,0,Yes,No,45,Yes,Yes,Fiber optic,No,Yes,No,No,No,No,One year,Yes,Electronic check,73.43,3303.39,No
CUST-00407,Female,0,No,Yes,15,Yes,No,Fiber optic,No,No,Yes,No,Yes,No,Two year,No,Electronic check,71.93,1073.41,No
CUST-00408,Female,0,No,Yes,42,Yes,Yes,No,No internet service,No internet service,No internet service,No internet service,No internet service,No internet service,Month-to-month,Yes,Bank transfer (automatic),41.96,1757.95,No
CUST-00409,Female,0,No,No,3,Yes,No,Fiber optic,Yes,No,No,No,No,No,Two year,Yes,Bank transfer (automatic),71.03,204.35,No
CUST-00410,Female,0,Yes,No,31,Yes,Yes,DSL,No,No,No,Yes,No,Yes,Two year,No,Mailed check,60.18,1861.66,No
CUST-00411,Male,0,No,No,52,Yes,No,No,No internet service,No internet service,No internet service,No internet service,No internet service,No internet service,Two year,Yes,Bank transfer (automatic),20.68,1078.4,No
CUST-00412,Female,1,Yes,No,41,Yes,Yes,DSL,Yes,Yes,No,Yes,Yes,No,Month-to-month,Yes,Electronic check,68.17,2799.65,Yes
CUST-00413,Female,0,No,No,57,Yes,No,DSL,No,Yes,No,Yes,No,Yes,One year,Yes,Bank transfer (automatic),45.88,2616.13,No
CUST-00414,Male,0,No,No,42,Yes,No,Fiber optic,No,No,No,No,Yes,No,Two year,Yes,Electronic check,90.65,3815.04,No
CUST-00415,Male,1,Yes,No,53,Yes,Yes,No,No internet service,No internet service,No internet service,No internet service,No internet service,No internet service,Two year,Yes,Credit card (automatic),43.05,2275.02,No
CUST-00416,Male,0,Yes,No,56,Yes,No,No,No internet service,No internet service,No internet service,No internet service,No internet service,No internet service,Month-to-month,No,Bank transfer (automatic),21.21,1188.35,No
CUST-00417,Male,0,Yes,Yes,72,Yes,No,Fiber optic,Yes,No,No,Yes,No,Yes,Month-to-month,Yes,Electronic check,91.61,6588.34,Yes
CUST-00418,Female,0,No,No,53,Yes,Yes,DSL,No,No,No,No,No,No,One year,No,Bank transfer (automatic),43.28,2288.98,No
CUST-00419,Female,0,Yes,Yes,32,No,No phone service,Fiber optic,No,Yes,No,Yes,No,No,Month-to-month,No,Bank transfer (automatic),86.0,2760.45,No
CUST-00420,Female,0,No,No,54,Yes,No,Fiber optic,No,No,Yes,No,Yes,No,One year,Yes,Credit card (automatic),80.21,4340.42,No
CUST-00421,Female,0,No,No,37,Yes,Yes,DSL,Yes,No,Yes,No,Yes,No,Two year,Yes,Electronic check,68.83,2539.6,No
CUST-00422,Female,0,No,No,8,Yes,No,Fiber optic,No,Yes,No,No,No,No,Month-to-month,Yes,Electronic check,79.43,634.02,Yes
CUST-00423,Female,0,Yes,No,11,Yes,Yes,Fiber optic,No,Yes,No,No,No,No,Month-to-month,Yes,Electronic check,67.05,742.63,Yes
CUST-00424,Male,0,Yes,No,54,Yes,No,Fiber optic,No,No,Yes,No,No,Yes,Two year,Yes,Mailed check,68.79,3718.15,No
CUST-00425,Female,0,Yes,No,60,Yes,No,Fiber optic,Yes,No,No,Yes,No,Yes,Month-to-month,No,Electronic check,74.64,4482.26,Yes
CUST-00426,Male,0,No,No,10,Yes,No,DSL,No,Yes,No,No,No,No,Month-to-month,No,Bank transfer (automatic),54.07,542.89,No
CUST-00427,Male,0,No,Yes,70,Yes,No,Fiber optic,No,No,No,No,No,No,Month-to-month,Yes,Electronic check,93.74,6555.53,No
CUST-00428,Female,0,Yes,Yes,42,Yes,Yes,DSL,Yes,No,No,No,No,No,One year,Yes,Electronic check,54.53,2296.08,No
CUST-00429,Male,0,No,No,37,Yes,No,Fiber optic,No,No,Yes,Yes,No,No,Month-to-month,Yes,Electronic check,92.9,3440.1,Yes
CUST-00430,Female,0,No,Yes,58,Yes,Yes,Fiber optic,No,Yes,No,No,No,Yes,Month-to-month,Yes,Mailed check,92.4,5359.86,No
CUST-00431,Male,1,No,No,59,Yes,Yes,DSL,Yes,Yes,Yes,No,No,No,One year,No,Electronic check,45.06,2650.1,No
CUST-00432,Female,0,Yes,No,24,Yes,No,DSL,No,Yes,No,No,No,No,Month-to-month,No,Mailed check,67.58,1615.34,No
CUST-00433,Male,0,No,No,28,Yes,No,DSL,Yes,Yes,No,Yes,No,No,Two year,Yes,Electronic check,47.66,1339.82,No
CUST-00434,Female,0,No,No,37,No,No phone service,Fiber optic,No,Yes,Yes,No,Yes,Yes,Two year,Yes,Bank transfer (automatic),90.1,3331.25,No
CUST-00435,Female,0,Yes,No,21,Yes,No,DSL,Yes,No,No,No,No,No,Month-to-month,Yes,Bank transfer (automatic),69.26,1455.63,No
CUST-00436,Female,0,Yes,No,33,Yes,Yes,DSL,No,Yes,Yes,Yes,Yes,Yes,Month-to-month,No,Credit card (automatic),42.16,1398.72,No
CUST-00437,Female,1,Yes,No,2,Yes,No,DSL,Yes,No,No,No,Yes,No,Month-to-month,No,Credit card (automatic),60.44,114.04,Yes
CUST-00438,Female,0,Yes,Yes,28,No,No phone service,Fiber optic,No,No,No,No,No,Yes,One year,No,Credit card (automatic),77.79,2171.68,No
CUST-00439,Male,0,Yes,No,15,Yes,Yes,Fiber optic,Yes,No,No,No,Yes,Yes,Month-to-month,Yes,Credit card (automatic),78.65,1177.86,No
CUST-00440,Male,0,Yes,No,1,Yes,Yes,Fiber optic,No,No,No,No,No,Yes,Two year,Yes,Mailed check,81.76,85.27,Yes
CUST-00441,Male,1,No,No,28,Yes,No,Fiber optic,Yes,No,No,No,Yes,No,Two year,No,Electronic check,93.36,2607.41,No
CUST-00442,Female,0,No,No,50,Yes,No,Fiber optic,Yes,No,No,No,Yes,No,Month-to-month,Yes,Electronic check,83.96,4198.62,No
CUST-00443,Male,1,No,No,35,Yes,No,No,No internet service,No internet service,No internet service,No internet service,No internet service,No internet service,Two year,Yes,Mailed check,44.75,1570.11,No
CUST-00444,Female,0,No,No,28,Yes,No,DSL,No,No,Yes,No,No,No,Month-to-month,Yes,Mailed check,68.96,1926.99,No
CUST-00445,Female,0,Yes,No,9,Yes,No,Fiber optic,No,No,Yes,Yes,No,No,Two year,Yes,Electronic check,90.69,813.26,No
CUST-00446,Male,0,No,No,24,No,No phone service,Fiber optic,Yes,Yes,Yes,No,No,Yes,Month-to-month,Yes,Electronic check,85.97,2070.81,Yes
CUST-00447,Male,0,Yes,Yes,63,Yes,No,Fiber optic,No,Yes,Yes,Yes,Yes,Yes,Two year,No,Mailed check,71.95,4526.47,No
CUST-00448,Female,0,Yes,No,4,Yes,No,Fiber optic,No,No,Yes,Yes,No,Yes,Month-to-month,Yes,Credit card (automatic),82.19,334.15,Yes
CUST-00449,Male,0,No,No,56,Yes,No,No,No internet service,No internet service,No internet service,No internet service,No internet service,No internet service,One year,Yes,Bank transfer (automatic),22.01,1226.18,No
CUST-00450,Female,0,No,Yes,41,Yes,No,No,No internet service,No internet service,No internet service,No internet service,No internet service,No internet service,Two year,Yes,Credit card (automatic),43.63,1787.48,No
CUST-00451,Female,0,Yes,No,67,Yes,Yes,Fiber optic,No,Yes,No,Yes,No,No,Two year,Yes,Mailed check,93.76,6286.5,No
CUST-00452,Female,0,Yes,Yes,48,Yes,Yes,Fiber optic,No,Yes,No,Yes,Yes,Yes,One year,Yes,Credit card (automatic),74.98,3596.55,No
CUST-00453,Female,0,Yes,No,58,Yes,No,Fiber optic,Yes,No,No,No,No,Yes,Month-to-month,Yes,Electronic check,66.44,3845.09,Yes
CUST-00454,Female,0,Yes,No,39,Yes,No,Fiber optic,Yes,Yes,No,No,Yes,Yes,Month-to-month,Yes,Mailed check,89.83,3500.45,No
CUST-00455,Male,0,No,No,25,No,No phone service,No,No internet service,No internet service,No internet service,No internet service,No internet service,No internet service,Month-to-month,Yes,Electronic check,25.56,633.57,Yes
CUST-00456,Male,0,Yes,No,60,Yes,No,Fiber optic,No,No,Yes,Yes,No,No,One year,Yes,Electronic check,74.59,4468.42,No
CUST-00457,Female,0,No,Yes,47,Yes,No,DSL,Yes,Yes,No,No,No,Yes,Month-to-month,Yes,Credit card (automatic),57.4,2699.92,No
CUST-00458,Female,0,Yes,Yes,61,Yes,Yes,Fiber optic,No,No,No,No,No,Yes,One year,Yes,Bank transfer (automatic),65.01,3956.36,No
CUST-00459,Male,0,Yes,No,27,Yes,No,Fiber optic,Yes,No,Yes,No,Yes,Yes,Month-to-month,Yes,Electronic check,76.25,2065.7,Yes
CUST-00460,Male,0,Yes,No,42,Yes,Yes,No,No internet service,No internet service,No internet service,No internet service,No internet service,No internet service,One year,Yes,Mailed check,27.49,1159.65,Yes
CUST-00461,Female,0,No,No,52,Yes,No,No,No internet service,No internet service,No internet service,No internet service,No internet service,No internet service,Month-to-month,Yes,Credit card (automatic),44.12,2299.33,No
CUST-00462,Male,0,Yes,No,48,Yes,No,No,No internet service,No internet service,No internet service,No internet service,No internet service,No internet service,One year,Yes,Electronic check,19.75,952.81,No
CUST-00463,Female,0,No,No,32,Yes,No,Fiber optic,No,Yes,No,Yes,Yes,No,Two year,No,Electronic check,69.52,2220.06,No
CUST-00464,Male,0,No,No,24,Yes,No,DSL,No,Yes,No,No,Yes,No,Month-to-month,Yes,Credit card (automatic),58.58,1398.45,No
CUST-00465,Female,0,No,No,3,Yes,No,Fiber optic,No,No,No,Yes,Yes,Yes,Month-to-month,No,Bank transfer (automatic),67.35,211.9,Yes
CUST-00466,Male,0,Yes,Yes,27,Yes,No,DSL,Yes,No,No,No,Yes,No,Month-to-month,No,Electronic check,58.63,1592.92,No
CUST-00467,Female,0,No,No,40,Yes,No,No,No internet service,No internet service,No internet service,No internet service,No internet service,No internet service,Month-to-month,Yes,Electronic check,27.22,1097.79,Yes
CUST-00468,Male,0,No,No,23,Yes,No,Fiber optic,No,Yes,No,No,No,No,One year,No,Electronic check,65.08,1500.4,No
CUST-00469,Male,0,Yes,Yes,7,Yes,Yes,No,No internet service,No internet service,No internet service,No internet service,No internet service,No internet service,Two year,No,Electronic check,28.22,196.82,No
CUST-00470,Female,0,Yes,No,37,Yes,No,Fiber optic,No,Yes,No,No,No,Yes,Month-to-month,No,Credit card (automatic),87.16,3218.87,No
CUST-00471,Male,0,No,No,7,Yes,No,DSL,No,No,No,No,Yes,Yes,Month-to-month,Yes,Bank transfer (automatic),43.98,308.83,Yes
CUST-00472,Female,0,No,No,22,Yes,No,Fiber optic,Yes,Yes,Yes,Yes,Yes,No,One year,Yes,Mailed check,70.51,1547.2,No
CUST-00473,Male,1,Yes,No,17,Yes,No,DSL,No,Yes,Yes,Yes,Yes,No,Month-to-month,Yes,Electronic check,47.03,793.41,No
CUST-00474,Female,0,No,Yes,19,Yes,No,Fiber optic,No,No,No,No,Yes,No,Month-to-month,No,Bank transfer (automatic),76.7,1462.69,No
CUST-00475,Male,0,No,No,39,Yes,Yes,Fiber optic,No,Yes,Yes,Yes,No,No,Month-to-month,Yes,Electronic check,93.47,3637.53,Yes
CUST-00476,Female,0,No,Yes,36,Yes,No,Fiber optic,No,Yes,No,No,No,Yes,One year,Yes,Electronic check,67.12,2421.89,Yes
CUST-00477,Male,0,Yes,No,15,Yes,Yes,DSL,No,Yes,Yes,No,No,No,Two year,Yes,Mailed check,64.65,964.34,No
CUST-00478,Female,0,No,No,63,Yes,Yes,No,No internet service,No internet service,No internet service,No internet service,No internet service,No internet service,Month-to-month,Yes,Credit card (automatic),39.02,2448.28,Yes
CUST-00479,Male,0,Yes,No,29,No,No phone service,Fiber optic,No,No,No,No,No,Yes,Two year,No,Bank transfer (automatic),78.97,2283.41,No
CUST-00480,Female,0,Yes,Yes,60,Yes,Yes,No,No internet service,No internet service,No internet service,No internet service,No internet service,No internet service,Two year,Yes,Bank transfer (automatic),19.08,1151.79,No
CUST-00481,Female,0,Yes,No,56,Yes,No,DSL,Yes,No,No,No,No,Yes,Month-to-month,Yes,Electronic check,58.36,3268.56,Yes
CUST-00482,Female,1,No,No,40,Yes,Yes,DSL,No,Yes,No,Yes,Yes,Yes,Month-to-month,Yes,Credit card (automatic),61.7,2473.35,Yes
CUST-00483,Male,0,Yes,No,16,No,No phone service,No,No internet service,No internet service,No internet service,No internet service,No internet service,No internet service,Two year,Yes,Electronic check,19.66,310.58,No
CUST-00484,Female,0,No,No,33,Yes,Yes,DSL,No,No,No,Yes,No,Yes,Month-to-month,Yes,Mailed check,60.97,2020.44,No
CUST-00485,Male,0,Yes,Yes,16,Yes,No,Fiber optic,No,No,No,No,No,No,Month-to-month,Yes,Mailed check,92.62,1489.9,Yes
CUST-00486,Female,0,No,No,30,No,No phone service,No,No internet service,No internet service,No internet service,No internet service,No internet service,No internet service,Month-to-month,No,Bank transfer (automatic),20.68,616.83,Yes
CUST-00487,Male,0,No,No,66,Yes,Yes,Fiber optic,No,Yes,Yes,Yes,Yes,No,Month-to-month,No,Credit card (automatic),68.77,4545.84,Yes
CUST-00488,Female,0,No,No,44,Yes,No,DSL,No,Yes,Yes,No,Yes,Yes,Two year,Yes,Electronic check,60.01,2635.35,No
CUST-00489,Male,0,Yes,No,38,No,No phone service,DSL,No,Yes,No,No,No,No,Two year,No,Electronic check,54.43,2077.89,No
CUST-00490,Male,0,No,No,51,Yes,Yes,Fiber optic,Yes,Yes,No,No,No,Yes,One year,Yes,Electronic check,90.62,4621.95,No
CUST-00491,Female,0,No,No,60,Yes,Yes,Fiber optic,No,No,Yes,No,No,No,Month-to-month,No,Bank transfer (automatic),80.48,4829.85,Yes
CUST-00492,Male,0,Yes,No,18,Yes,Yes,DSL,Yes,No,No,No,Yes,Yes,Month-to-month,Yes,Electronic check,64.63,1153.71,No
CUST-00493,Male,0,Yes,Yes,5,Yes,No,Fiber optic,No,No,No,No,No,No,Month-to-month,Yes,Electronic check,76.85,389.24,No
CUST-00494,Female,1,No,Yes,40,Yes,Yes,Fiber optic,No,Yes,No,No,Yes,No,Month-to-month,No,Credit card (automatic),70.88,2830.1,Yes
CUST-00495,Male,0,Yes,No,6,Yes,No,No,No internet service,No internet service,No internet service,No internet service,No internet service,No internet service,Two year,Yes,Credit card (automatic),26.26,150.99,No
CUST-00496,Male,0,Yes,Yes,12,Yes,No,DSL,Yes,Yes,No,No,No,Yes,Month-to-month,No,Bank transfer (automatic),50.79,606.99,Yes
CUST-00497,Male,0,Yes,No,12,Yes,Yes,Fiber optic,No,Yes,No,Yes,No,No,Two year,No,Mailed check,73.98,884.33,No
CUST-00498,Female,0,No,No,22,Yes,Yes,No,No internet service,No internet service,No internet service,No internet service,No internet service,No internet service,Month-to-month,Yes,Bank transfer (automatic),22.03,477.47,No
CUST-00499,Male,0,Yes,No,49,Yes,No,Fiber optic,No,Yes,No,Yes,No,No,One year,Yes,Bank transfer (automatic),76.6,3759.25,Yes
CUST-00500,Female,0,No,No,50,Yes,No,Fiber optic,Yes,No,No,Yes,Yes,Yes,Two year,Yes,Bank transfer (automatic),94.15,4711.93,No
CUST-00501,Male,1,Yes,No,4,Yes,No,DSL,No,No,No,No,Yes,No,One year,No,Electronic check,54.75,214.76,Yes
CUST-00502,Male,0,Yes,Yes,50,Yes,Yes,DSL,Yes,Yes,Yes,Yes,No,No,Month-to-month,No,Mailed check,44.16,2207.95,Yes
CUST-00503,Male,0,No,No,3,Yes,Yes,Fiber optic,No,No,No,Yes,No,No,Month-to-month,No,Credit card (automatic),72.06,211.97,Yes
CUST-00504,Female,0,Yes,Yes,16,Yes,Yes,DSL,Yes,Yes,No,No,No,No,Month-to-month,Yes,Electronic check,50.59,801.3,No
CUST-00505,Male,0,Yes,No,14,Yes,No,No,No internet service,No internet service,No internet service,No internet service,No internet service,No internet service,Two year,Yes,Electronic check,20.65,287.09,No
CUST-00506,Male,0,Yes,No,64,Yes,Yes,No,No internet service,No internet service,No internet service,No internet service,No internet service,No internet service,Month-to-month,No,Electronic check,37.25,2381.39,No
CUST-00507,Female,0,Yes,No,41,Yes,No,DSL,No,No,No,No,Yes,No,Month-to-month,Yes,Bank transfer (automatic),63.72,2620.31,Yes
CUST-00508,Male,0,No,No,68,Yes,No,Fiber optic,Yes,No,No,Yes,No,No,One year,No,Credit card (automatic),89.08,6060.56,No
CUST-00509,Female,0,No,No,59,Yes,No,No,No internet service,No internet service,No internet service,No internet service,No internet service,No internet service,Two year,No,Electronic check,42.47,2511.26,No
CUST-00510,Female,0,No,No,2,Yes,No,Fiber optic,No,Yes,No,Yes,Yes,No,Month-to-month,Yes,Electronic check,90.76,185.0,Yes
CUST-00511,Male,1,No,No,10,Yes,No,Fiber optic,No,Yes,Yes,No,No,No,Month-to-month,No,Bank transfer (automatic),82.42,819.72,No
CUST-00512,Female,0,No,No,26,Yes,Yes,Fiber optic,No,No,Yes,Yes,Yes,No,Month-to-month,No,Bank transfer (automatic),79.98,2085.78,Yes
CUST-00513,Male,0,No,No,4,Yes,No,DSL,No,No,Yes,No,Yes,No,Two year,Yes,Electronic check,64.02,259.73,No
CUST-00514,Female,0,No,No,28,Yes,Yes,No,No internet service,No internet service,No internet service,No internet service,No internet service,No internet service,Month-to-month,No,Electronic check,43.97,1223.19,Yes
CUST-00515,Female,0,Yes,Yes,2,Yes,No,No,No internet service,No internet service,No internet service,No internet service,No internet service,No internet service,Month-to-month,No,Credit card (automatic),18.25,35.54,Yes
CUST-00516,Male,0,No,Yes,66,Yes,Yes,DSL,No,No,No,No,Yes,No,Month-to-month,No,Mailed check,50.81,3344.12,No
CUST-00517,Female,0,No,Yes,16,No,No phone service,DSL,No,Yes,No,No,No,Yes,Month-to-month,Yes,Mailed check,60.04,957.77,No
CUST-00518,Female,0,No,Yes,57,Yes,No,No,No internet service,No internet service,No internet service,No internet service,No internet service,No internet service,Month-to-month,No,Credit card (automatic),25.72,1468.5,Yes
CUST-00519,Female,0,Yes,No,23,Yes,Yes,Fiber optic,No,No,No,Yes,No,No,Month-to-month,No,Electronic check,87.89,2021.86,Yes
CUST-00520,Female,0,No,No,23,Yes,Yes,DSL,Yes,No,No,No,No,No,One year,Yes,Electronic check,63.75,,No
CUST-00521,Female,1,No,No,21,Yes,No,DSL,Yes,No,Yes,No,No,Yes,One year,Yes,Bank transfer (automatic),60.49,1264.34,Yes
CUST-00522,Male,0,No,No,25,Yes,No,DSL,No,No,No,Yes,No,No,Month-to-month,No,Bank transfer (automatic),44.75,1110.93,No
CUST-00523,Female,0,Yes,No,58,No,No phone service,No,No internet service,No internet service,No internet service,No internet service,No internet service,No internet service,One year,Yes,Mailed check,42.97,2490.39,No
CUST-00524,Male,0,No,No,37,Yes,Yes,Fiber optic,Yes,No,No,No,No,Yes,Month-to-month,No,Electronic check,74.84,2767.62,No
CUST-00525,Female,0,Yes,No,49,Yes,Yes,Fiber optic,Yes,No,No,No,Yes,No,Month-to-month,No,Electronic check,94.33,4626.75,No
CUST-00526,Male,0,Yes,No,15,Yes,Yes,No,No internet service,No internet service,No internet service,No internet service,No internet service,No internet service,Two year,Yes,Electronic check,25.56,375.83,No
CUST-00527,Male,0,Yes,No,28,Yes,No,Fiber optic,No,No,Yes,Yes,No,No,One year,No,Electronic check,69.82,1951.78,No
CUST-00528,Female,0,Yes,No,67,No,No phone service,Fiber optic,No,No,No,No,No,No,One year,Yes,Electronic check,73.65,4931.55,No
CUST-00529,Female,0,No,No,4,Yes,No,No,No internet service,No internet service,No internet service,No internet service,No internet service,No internet service,Month-to-month,Yes,Mailed check,39.44,156.18,Yes
CUST-00530,Female,0,Yes,No,47,Yes,No,DSL,No,No,No,No,No,No,One year,Yes,Electronic check,49.24,2306.81,No
CUST-00531,Male,0,Yes,Yes,50,Yes,Yes,No,No internet service,No internet service,No internet service,No internet service,No internet service,No internet service,Month-to-month,Yes,Electronic check,32.94,1650.29,No
CUST-00532,Female,0,No,No,60,Yes,Yes,DSL,Yes,Yes,No,No,Yes,Yes,One year,No,Credit card (automatic),60.88,3650.43,No
CUST-00533,Male,0,Yes,No,62,Yes,No,Fiber optic,No,No,Yes,No,Yes,No,Month-to-month,Yes,Electronic check,74.13,4596.9,No
CUST-00534,Male,0,Yes,No,67,No,No phone service,DSL,No,No,No,Yes,No,No,One year,Yes,Electronic check,59.91,4005.76,No
CUST-00535,Male,0,Yes,No,72,Yes,Yes,No,No internet service,No internet service,No internet service,No internet service,No internet service,No internet service,Month-to-month,Yes,Mailed check,19.63,1417.24,No
CUST-00536,Female,0,Yes,No,43,Yes,No,Fiber optic,No,No,No,Yes,Yes,No,Month-to-month,Yes,Electronic check,83.91,3611.14,No
CUST-00537,Female,0,Yes,No,58,Yes,No,DSL,No,No,No,No,No,No,One year,No,Bank transfer (automatic),59.65,3458.33,No
CUST-00538,Male,0,Yes,No,52,Yes,Yes,DSL,No,No,Yes,Yes,No,Yes,Month-to-month,Yes,Electronic check,40.98,2130.25,Yes
CUST-00539,Male,0,No,No,69,No,No phone service,Fiber optic,No,No,Yes,No,Yes,Yes,One year,No,Mailed check,73.82,5089.13,No
CUST-00540,Female,0,No,No,46,No,No phone service,Fiber optic,No,No,Yes,No,No,Yes,Two year,No,Mailed check,65.18,2994.23,No
CUST-00541,Male,0,No,No,25,Yes,Yes,Fiber optic,No,No,No,No,No,No,Two year,No,Electronic check,88.77,2228.09,No
CUST-00542,Female,0,No,Yes,25,Yes,Yes,No,No internet service,No internet service,No internet service,No internet service,No internet service,No internet service,Two year,Yes,Bank transfer (automatic),28.4,700.23,No
CUST-00543,Male,0,Yes,No,35,Yes,No,No,No internet service,No internet service,No internet service,No internet service,No internet service,No internet service,Month-to-month,Yes,Electronic check,27.8,974.04,Yes
CUST-00544,Female,0,Yes,Yes,61,Yes,Yes,Fiber optic,No,No,No,Yes,No,No,Two year,Yes,Mailed check,78.71,4797.51,No
CUST-00545,Male,0,Yes,No,15,Yes,Yes,Fiber optic,No,No,No,Yes,No,No,Month-to-month,No,Credit card (automatic),77.13,1154.02,Yes
CUST-00546,Female,0,No,No,35,Yes,Yes,DSL,Yes,No,Yes,No,Yes,No,Month-to-month,Yes,Electronic check,44.94,1573.45,Yes
CUST-00547,Male,0,No,Yes,29,Yes,Yes,No,No internet service,No internet service,No internet service,No internet service,No internet service,No internet service,Month-to-month,Yes,Bank transfer (automatic),34.86,1008.84,No
CUST-00548,Female,1,Yes,No,38,Yes,Yes,DSL,No,No,Yes,Yes,Yes,Yes,Month-to-month,No,Credit card (automatic),67.52,2558.74,Yes
CUST-00549,Female,0,Yes,No,69,No,No phone service,Fiber optic,No,No,No,No,No,No,Month-to-month,No,Electronic check,94.6,6521.88,No
CUST-00550,Male,0,No,Yes,24,Yes,No,Fiber optic,No,Yes,Yes,No,No,Yes,Month-to-month,No,Electronic check,88.91,2124.49,No
CUST-00551,Male,1,No,Yes,19,Yes,No,No,No internet service,No internet service,No internet service,No internet service,No internet service,No internet service,Month-to-month,Yes,Electronic check,26.66,504.1,Yes
CUST-00552,Female,1,No,No,46,Yes,No,Fiber optic,No,No,Yes,No,Yes,No,Month-to-month,No,Electronic check,81.88,3774.38,No
CUST-00553,Male,0,No,No,49,Yes,No,No,No internet service,No internet service,No internet service,No internet service,No internet service,No internet service,Two year,No,Bank transfer (automatic),18.25,894.07,No
CUST-00554,Female,0,Yes,No,44,Yes,Yes,DSL,No,Yes,Yes,No,Yes,No,Month-to-month,No,Electronic check,50.68,2230.87,No
CUST-00555,Male,0,No,No,26,Yes,No,Fiber optic,No,No,Yes,No,Yes,No,One year,No,Mailed check,85.14,2212.53,Yes
CUST-00556,Female,0,No,No,25,Yes,No,DSL,Yes,Yes,No,No,No,Yes,Month-to-month,Yes,Electronic check,66.83,1678.5,No
CUST-00557,Female,0,Yes,No,35,Yes,No,No,No internet service,No internet service,No internet service,No internet service,No internet service,No internet service,Month-to-month,No,Credit card (automatic),18.32,639.79,No
CUST-00558,Female,0,Yes,No,36,Yes,Yes,Fiber optic,No,No,Yes,No,Yes,No,One year,Yes,Mailed check,67.75,2444.08,No
CUST-00559,Female,0,Yes,No,14,Yes,Yes,Fiber optic,No,No,No,No,No,No,Month-to-month,No,Bank transfer (automatic),69.63,979.85,Yes
CUST-00560,Female,1,No,No,56,Yes,Yes,DSL,No,Yes,No,No,No,No,Two year,No,Electronic check,44.34,2483.0,No
CUST-00561,Female,0,No,No,6,Yes,No,Fiber optic,No,No,Yes,Yes,No,No,Month-to-month,No,Bank transfer (automatic),88.54,534.33,Yes
CUST-00562,Male,0,No,No,32,Yes,Yes,DSL,No,No,No,Yes,Yes,Yes,Month-to-month,Yes,Mailed check,61.35,1961.93,Yes
CUST-00563,Male,0,No,No,26,Yes,Yes,DSL,Yes,No,No,No,No,No,Month-to-month,Yes,Electronic check,67.13,1750.37,No
CUST-00564,Male,0,Yes,No,15,Yes,Yes,DSL,No,No,Yes,No,No,Yes,One year,No,Bank transfer (automatic),48.82,739.54,No
CUST-00565,Female,0,Yes,Yes,49,Yes,No,DSL,Yes,No,No,No,No,No,Month-to-month,No,Mailed check,60.39,2966.91,No
CUST-00566,Female,0,No,No,56,Yes,Yes,DSL,Yes,No,No,Yes,No,No,Month-to-month,No,Bank transfer (automatic),50.94,2844.62,No
CUST-00567,Female,0,No,No,37,Yes,No,DSL,No,Yes,Yes,No,No,No,Month-to-month,Yes,Bank transfer (automatic),44.13,1629.48,No
CUST-00568,Female,0,No,No,53,Yes,No,DSL,No,No,No,Yes,Yes,No,Two year,No,Electronic check,63.58,3365.64,No
CUST-00569,Male,0,Yes,No,58,Yes,Yes,Fiber optic,Yes,No,No,Yes,Yes,Yes,One year,Yes,Bank transfer (automatic),83.75,4864.42,No
CUST-00570,Male,1,No,No,36,Yes,Yes,Fiber optic,Yes,No,No,No,No,No,One year,Yes,Mailed check,86.1,3102.42,No
CUST-00571,Female,0,Yes,No,11,Yes,Yes,No,No internet service,No internet service,No internet service,No internet service,No internet service,No internet service,One year,Yes,Credit card (automatic),19.89,216.78,No
CUST-00572,Male,0,No,No,27,Yes,Yes,Fiber optic,No,No,No,Yes,No,Yes,One year,No,Credit card (automatic),84.35,2274.56,No
CUST-00573,Male,0,Yes,Yes,2,Yes,No,DSL,No,No,No,Yes,No,No,Two year,Yes,Bank transfer (automatic),49.28,88.82,No
CUST-00574,Female,0,Yes,No,22,Yes,No,Fiber optic,No,No,No,No,No,Yes,One year,No,Bank transfer (automatic),72.55,1603.83,No
CUST-00575,Male,0,No,No,66,Yes,No,DSL,No,Yes,No,Yes,No,No,One year,No,Credit card (automatic),59.49,3932.27,No
CUST-00576,Female,0,Yes,No,17,Yes,No,Fiber optic,No,No,Yes,Yes,No,No,Two year,No,Credit card (automatic),65.73,1116.48,Yes
CUST-00577,Male,0,Yes,No,4,Yes,Yes,Fiber optic,Yes,Yes,No,No,No,Yes,Month-to-month,Yes,Credit card (automatic),92.13,359.34,Yes
CUST-00578,Female,1,No,No,14,Yes,No,Fiber optic,No,Yes,No,No,Yes,No,Month-to-month,Yes,Credit card (automatic),69.88,986.17,Yes
CUST-00579,Female,0,Yes,Yes,7,Yes,No,Fiber optic,No,No,No,No,Yes,No,Month-to-month,No,Electronic check,77.58,538.89,Yes
CUST-00580,Female,0,No,No,16,Yes,Yes,No,No internet service,No internet service,No internet service,No internet service,No internet service,No internet service,Month-to-month,Yes,Bank transfer (automatic),31.32,498.29,No
CUST-00581,Female,0,Yes,Yes,66,Yes,No,DSL,No,No,No,No,No,Yes,Month-to-month,Yes,Credit card (automatic),65.05,4301.14,Yes
CUST-00582,Male,0,Yes,No,19,No,No phone service,No,No internet service,No internet service,No internet service,No internet service,No internet service,No internet service,One year,Yes,Credit card (automatic),21.7,413.63,No
CUST-00583,Female,0,Yes,No,1,Yes,Yes,Fiber optic,No,Yes,No,Yes,No,Yes,Month-to-month,No,Bank transfer (automatic),92.69,92.14,Yes
CUST-00584,Female,0,Yes,No,31,Yes,Yes,No,No internet service,No internet service,No internet service,No internet service,No internet service,No internet service,Two year,Yes,Mailed check,23.9,739.87,No
CUST-00585,Female,0,No,No,4,Yes,No,Fiber optic,No,No,Yes,No,Yes,No,Month-to-month,Yes,Electronic check,81.14,325.26,Yes
CUST-00586,Male,0,No,No,58,Yes,Yes,Fiber optic,No,No,Yes,No,Yes,No,Month-to-month,Yes,Electronic check,70.07,4056.69,No
CUST-00587,Female,0,No,Yes,56,Yes,Yes,Fiber optic,No,No,No,No,No,Yes,One year,Yes,Bank transfer (automatic),83.67,4680.85,No
CUST-00588,Male,0,Yes,No,53,Yes,Yes,No,No internet service,No internet service,No internet service,No internet service,No internet service,No internet service,Month-to-month,No,Bank transfer (automatic),19.7,1034.49,Yes
CUST-00589,Female,0,Yes,Yes,43,No,No phone service,Fiber optic,Yes,No,Yes,No,No,No,One year,No,Bank transfer (automatic),67.52,2911.74,Yes
CUST-00590,Male,0,No,Yes,49,Yes,No,Fiber optic,No,Yes,No,No,No,No,Two year,Yes,Credit card (automatic),79.75,3915.64,No
CUST-00591,Male,0,No,Yes,60,Yes,Yes,Fiber optic,Yes,Yes,Yes,No,Yes,No,Month-to-month,No,Mailed check,85.93,5158.21,No
CUST-00592,Female,0,No,No,16,Yes,No,Fiber optic,No,No,Yes,No,Yes,Yes,Month-to-month,No,Bank transfer (automatic),70.6,1127.66,No
CUST-00593,Male,0,No,No,60,Yes,No,No,No internet service,No internet service,No internet service,No internet service,No internet service,No internet service,One year,Yes,Mailed check,18.25,1096.74,No
CUST-00594,Female,0,Yes,No,47,Yes,No,DSL,Yes,No,Yes,No,Yes,Yes,Two year,Yes,Electronic check,41.27,1938.45,No
CUST-00595,Female,0,No,No,15,Yes,No,DSL,No,No,Yes,No,No,No,Month-to-month,No,Electronic check,40.04,607.88,Yes
CUST-00596,Female,1,Yes,Yes,63,Yes,No,Fiber optic,No,No,No,Yes,No,Yes,Two year,Yes,Mailed check,72.01,4538.13,No
CUST-00597,Male,0,No,No,28,Yes,Yes,Fiber optic,No,No,No,No,No,No,Two year,No,Mailed check,91.0,2553.59,No
CUST-00598,Male,1,Yes,Yes,20,Yes,No,DSL,No,No,No,Yes,No,Yes,Month-to-month,No,Mailed check,53.56,1064.03,No
CUST-00599,Female,1,No,No,63,Yes,No,Fiber optic,No,No,Yes,No,Yes,Yes,Month-to-month,Yes,Bank transfer (automatic),92.7,5848.63,Yes
CUST-00600,Female,0,No,Yes,33,Yes,No,Fiber optic,No,No,No,Yes,Yes,Yes,Month-to-month,No,Electronic check,72.48,2384.12,Yes
CUST-00601,Male,0,Yes,No,36,Yes,No,DSL,Yes,Yes,Yes,No,Yes,Yes,Month-to-month,Yes,Electronic check,69.5,2507.04,Yes
CUST-00602,Female,1,Yes,No,13,Yes,Yes,Fiber optic,No,Yes,No,No,No,No,One year,Yes,Electronic check,89.75,1165.39,Yes
CUST-00603,Female,0,No,No,62,Yes,Yes,No,No internet service,No internet service,No internet service,No internet service,No internet service,No internet service,One year,Yes,Mailed check,38.52,2391.68,No
CUST-00604,Female,0,Yes,No,68,Yes,No,Fiber optic,Yes,Yes,Yes,No,No,No,Month-to-month,Yes,Mailed check,82.87,5642.9,Yes
CUST-00605,Male,0,No,No,23,Yes,Yes,Fiber optic,No,No,No,Yes,No,No,Month-to-month,No,Bank transfer (automatic),70.88,1630.18,No
CUST-00606,Male,0,Yes,Yes,72,Yes,No,DSL,No,Yes,No,No,Yes,Yes,Month-to-month,Yes,Bank transfer (automatic),68.55,4944.3,No
CUST-00607,Male,0,No,No,13,Yes,No,No,No internet service,No internet service,No internet service,No internet service,No internet service,No internet service,Two year,Yes,Electronic check,39.31,505.82,No
CUST-00608,Female,0,No,No,40,Yes,Yes,No,No internet service,No internet service,No internet service,No internet service,No internet service,No internet service,One year,No,Bank transfer (automatic),39.97,1606.51,No
CUST-00609,Female,0,No,Yes,30,Yes,Yes,Fiber optic,No,Yes,No,Yes,Yes,Yes,Month-to-month,Yes,Credit card (automatic),91.58,2745.71,No
CUST-00610,Female,0,No,No,25,Yes,No,DSL,Yes,No,No,Yes,No,No,One year,No,Credit card (automatic),47.74,1193.22,No
CUST-00611,Male,1,No,Yes,26,Yes,No,Fiber optic,No,No,No,No,Yes,No,Month-to-month,Yes,Mailed check,91.09,2366.95,Yes
CUST-00612,Female,0,No,No,24,Yes,Yes,Fiber optic,No,No,No,No,No,No,Month-to-month,No,Electronic check,79.71,1906.62,Yes
CUST-00613,Female,0,No,Yes,39,Yes,No,No,No internet service,No internet service,No internet service,No internet service,No internet service,No internet service,Month-to-month,Yes,Credit card (automatic),34.6,1353.13,No
CUST-00614,Female,0,No,No,61,Yes,No,DSL,No,No,No,No,No,No,Month-to-month,No,Bank transfer (automatic),68.82,4198.77,No
CUST-00615,Female,0,Yes,No,49,Yes,Yes,DSL,Yes,No,No,No,Yes,Yes,Two year,No,Electronic check,66.96,3287.2,No
CUST-00616,Male,0,Yes,Yes,41,Yes,Yes,DSL,No,No,Yes,No,Yes,Yes,Month-to-month,No,Electronic check,47.49,1955.42,No
CUST-00617,Male,1,Yes,No,70,Yes,Yes,Fiber optic,No,No,No,No,No,No,Two year,No,Mailed check,87.01,6085.75,No
CUST-00618,Female,0,No,No,20,Yes,No,DSL,No,Yes,No,No,No,No,One year,Yes,Mailed check,64.88,1302.03,No
CUST-00619,Male,0,No,No,44,Yes,No,No,No internet service,No internet service,No internet service,No internet service,No internet service,No internet service,Two year,Yes,Bank transfer (automatic),28.24,1237.97,No
CUST-00620,Male,0,No,No,16,Yes,Yes,DSL,No,Yes,Yes,No,Yes,Yes,Month-to-month,Yes,Bank transfer (automatic),43.21,695.36,Yes
CUST-00621,Female,0,Yes,No,21,Yes,Yes,Fiber optic,No,Yes,Yes,No,Yes,Yes,Two year,Yes,Credit card (automatic),74.42,1559.39,No
CUST-00622,Female,1,Yes,No,15,Yes,No,Fiber optic,Yes,No,Yes,No,Yes,No,Month-to-month,Yes,Electronic check,87.03,1311.93,Yes
CUST-00623,Male,0,Yes,Yes,39,No,No phone service,Fiber optic,No,No,No,No,Yes,No,Month-to-month,No,Mailed check,82.62,3228.21,Yes
CUST-00624,Female,0,Yes,Yes,42,Yes,No,No,No internet service,No internet service,No internet service,No internet service,No internet service,No internet service,One year,No,Bank transfer (automatic),38.15,1596.31,No
CUST-00625,Male,0,Yes,No,61,Yes,Yes,Fiber optic,No,No,No,Yes,Yes,No,Two year,Yes,Bank transfer (automatic),91.9,5614.39,No
CUST-00626,Female,1,No,Yes,4,Yes,Yes,DSL,No,No,No,No,No,Yes,One year,Yes,Credit card (automatic),49.78,197.81,No
CUST-00627,Male,0,Yes,No,24,No,No phone service,DSL,No,No,No,No,No,No,Month-to-month,Yes,Bank transfer (automatic),60.64,1454.76,No
CUST-00628,Female,0,No,No,3,Yes,No,No,No internet service,No internet service,No internet service,No internet service,No internet service,No internet service,Two year,No,Electronic check,18.25,49.98,No
CUST-00629,Male,0,No,No,1,Yes,No,No,No internet service,No internet service,No internet service,No internet service,No internet service,No internet service,One year,No,Bank transfer (automatic),34.94,31.93,No
CUST-00630,Male,1,No,Yes,13,Yes,No,DSL,No,No,No,No,No,Yes,One year,No,Electronic check,41.07,533.47,No
CUST-00631,Male,0,Yes,No,54,Yes,Yes,Fiber optic,No,No,Yes,No,Yes,No,Month-to-month,No,Mailed check,72.56,3911.46,No
CUST-00632,Female,0,Yes,No,40,Yes,Yes,Fiber optic,No,No,No,No,No,No,Two year,No,Bank transfer (automatic),78.44,3139.16,No
CUST-00633,Male,0,No,Yes,11,Yes,Yes,Fiber optic,Yes,No,Yes,No,No,Yes,One year,No,Credit card (automatic),90.36,995.26,Yes
CUST-00634,Male,0,Yes,No,42,Yes,Yes,No,No internet service,No internet service,No internet service,No internet service,No internet service,No internet service,Two year,Yes,Bank transfer (automatic),19.46,817.55,No
CUST-00635,Female,0,Yes,No,4,Yes,Yes,DSL,Yes,No,Yes,No,No,No,One year,Yes,Bank transfer (automatic),63.4,249.66,No
CUST-00636,Female,0,No,Yes,25,Yes,No,Fiber optic,No,Yes,No,No,Yes,No,Two year,No,Electronic check,81.94,2039.53,No
CUST-00637,Male,1,No,No,36,Yes,Yes,Fiber optic,No,Yes,No,No,No,Yes,Two year,No,Electronic check,78.71,2840.48,Yes
CUST-00638,Male,0,No,Yes,64,Yes,Yes,Fiber optic,Yes,No,No,No,No,Yes,Month-to-month,Yes,Electronic check,84.27,5392.35,Yes
CUST-00639,Female,1,No,No,44,Yes,Yes,Fiber optic,No,No,No,No,Yes,No,One year,No,Electronic check,75.34,3319.14,No
CUST-00640,Female,0,No,No,40,Yes,No,Fiber optic,No,Yes,No,Yes,Yes,No,One year,Yes,Mailed check,94.84,3785.13,Yes
CUST-00641,Female,0,Yes,No,45,Yes,No,DSL,No,No,No,No,No,Yes,One year,Yes,Mailed check,43.32,1942.37,No
CUST-00642,Female,0,No,No,8,Yes,Yes,Fiber optic,No,No,No,Yes,No,No,Month-to-month,Yes,Electronic check,69.16,558.71,Yes
CUST-00643,Female,0,Yes,No,35,No,No phone service,Fiber optic,No,Yes,No,No,No,No,Two year,Yes,Credit card (automatic),91.52,3206.64,No
CUST-00644,Male,1,Yes,No,44,Yes,Yes,DSL,No,Yes,No,No,No,Yes,Two year,Yes,Electronic check,46.57,2053.13,No
CUST-00645,Female,0,No,No,18,Yes,Yes,DSL,No,No,Yes,No,Yes,Yes,Month-to-month,No,Electronic check,41.83,743.43,Yes
CUST-00646,Male,0,No,Yes,47,Yes,No,Fiber optic,No,Yes,No,No,No,Yes,Month-to-month,Yes,Mailed check,91.73,4308.95,Yes
CUST-00647,Male,0,Yes,Yes,25,Yes,Yes,DSL,Yes,No,Yes,No,No,No,Month-to-month,Yes,Electronic check,41.87,1043.02,Yes
CUST-00648,Male,0,No,No,41,Yes,Yes,Fiber optic,No,Yes,No,No,No,No,Month-to-month,Yes,Electronic check,90.79,3728.39,No
CUST-00649,Female,0,Yes,No,5,Yes,Yes,No,No internet service,No internet service,No internet service,No internet service,No internet service,No internet service,Month-to-month,Yes,Credit card (automatic),30.92,152.42,Yes
CUST-00650,Male,0,No,Yes,64,Yes,Yes,DSL,Yes,Yes,No,No,No,No,One year,No,Mailed check,56.03,3576.06,No
CUST-00651,Male,1,No,Yes,62,Yes,No,Fiber optic,No,No,No,No,Yes,Yes,Month-to-month,Yes,Electronic check,68.93,4271.79,Yes
CUST-00652,Female,0,Yes,No,72,Yes,Yes,Fiber optic,No,No,No,No,No,No,One year,Yes,Electronic check,83.91,6037.2,No
CUST-00653,Male,0,Yes,No,3,Yes,Yes,Fiber optic,Yes,No,Yes,No,No,No,Two year,Yes,Bank transfer (automatic),76.11,233.62,Yes
CUST-00654,Male,0,No,No,37,Yes,Yes,DSL,No,No,No,No,Yes,No,Month-to-month,No,Mailed check,50.88,1886.12,No
CUST-00655,Female,1,No,No,41,Yes,Yes,No,No internet service,No internet service,No internet service,No internet service,No internet service,No internet service,One year,No,Electronic check,35.91,1476.28,No
CUST-00656,Male,0,No,No,20,No,No phone service,Fiber optic,Yes,No,No,Yes,Yes,No,Two year,Yes,Bank transfer (automatic),91.03,1827.72,No
CUST-00657,Male,0,Yes,No,67,Yes,No,DSL,No,Yes,No,No,Yes,No,One year,No,Bank transfer (automatic),61.94,4159.1,No
CUST-00658,Male,0,No,No,40,Yes,No,Fiber optic,No,Yes,No,No,Yes,No,Month-to-month,No,Mailed check,85.46,3428.03,Yes
CUST-00659,Female,0,No,Yes,8,No,No phone service,Fiber optic,Yes,No,No,Yes,No,Yes,Month-to-month,Yes,Credit card (automatic),91.58,742.27,No
CUST-00660,Female,0,No,No,5,Yes,No,No,No internet service,No internet service,No internet service,No internet service,No internet service,No internet service,Month-to-month,Yes,Mailed check,42.01,217.54,No
CUST-00661,Female,1,No,No,25,Yes,Yes,No,No internet service,No internet service,No internet service,No internet service,No internet service,No internet service,Month-to-month,No,Mailed check,37.09,929.07,Yes
CUST-00662,Male,0,Yes,No,39,Yes,Yes,DSL,No,No,Yes,Yes,No,No,Month-to-month,Yes,Bank transfer (automatic),64.61,2514.76,No
CUST-00663,Male,0,Yes,Yes,37,Yes,Yes,Fiber optic,No,No,Yes,Yes,No,No,One year,Yes,Credit card (automatic),72.24,2663.1,Yes
CUST-00664,Female,0,Yes,No,5,Yes,Yes,No,No internet service,No internet service,No internet service,No internet service,No internet service,No internet service,Month-to-month,Yes,Electronic check,35.44,174.25,Yes
CUST-00665,Male,0,No,Yes,8,Yes,Yes,Fiber optic,Yes,No,Yes,Yes,No,No,Month-to-month,Yes,Bank transfer (automatic),79.68,643.92,Yes
CUST-00666,Male,0,No,Yes,4,Yes,Yes,Fiber optic,No,No,No,Yes,No,No,Month-to-month,Yes,Bank transfer (automatic),90.47,365.99,No
CUST-00667,Female,0,No,No,41,Yes,No,Fiber optic,Yes,No,No,Yes,No,No,One year,Yes,Electronic check,93.83,3839.84,Yes
CUST-00668,Female,0,Yes,No,60,Yes,Yes,Fiber optic,Yes,No,No,No,No,No,Month-to-month,Yes,Electronic check,73.02,4371.21,Yes
CUST-00669,Male,0,Yes,No,54,Yes,No,Fiber optic,No,No,Yes,No,No,No,Two year,No,Electronic check,85.14,4592.82,No
CUST-00670,Male,0,Yes,No,22,Yes,No,No,No internet service,No internet service,No internet service,No internet service,No internet service,No internet service,Month-to-month,No,Credit card (automatic),40.65,899.69,No
CUST-00671,Male,0,Yes,No,19,Yes,No,DSL,No,Yes,Yes,Yes,Yes,Yes,One year,No,Credit card (automatic),60.45,1151.86,Yes
CUST-00672,Female,1,No,No,68,Yes,Yes,Fiber optic,No,No,No,No,Yes,No,Month-to-month,Yes,Credit card (automatic),85.64,5826.69,Yes
CUST-00673,Female,0,Yes,No,33,Yes,Yes,No,No internet service,No internet service,No internet service,No internet service,No internet service,No internet service,Month-to-month,Yes,Electronic check,39.53,1308.43,Yes
CUST-00674,Female,0,Yes,Yes,22,Yes,Yes,DSL,No,Yes,No,Yes,No,No,One year,Yes,Credit card (automatic),61.08,1339.19,Yes
CUST-00675,Female,0,No,No,65,Yes,Yes,Fiber optic,No,No,No,Yes,Yes,No,Two year,No,Electronic check,89.81,5839.47,No
CUST-00676,Male,0,Yes,No,11,Yes,Yes,Fiber optic,No,Yes,No,Yes,No,No,One year,No,Bank transfer (automatic),94.74,1051.73,Yes
CUST-00677,Female,0,No,Yes,16,No,No phone service,Fiber optic,No,No,No,No,No,Yes,One year,Yes,Electronic check,81.32,1296.72,No
CUST-00678,Female,0,No,No,68,Yes,No,DSL,No,Yes,Yes,Yes,No,No,Month-to-month,Yes,Electronic check,59.98,4085.96,No
CUST-00679,Female,0,No,No,44,Yes,Yes,DSL,No,No,No,No,Yes,No,Month-to-month,No,Electronic check,58.46,2580.36,Yes
CUST-00680,Female,0,No,No,9,Yes,No,Fiber optic,No,No,Yes,No,No,Yes,Two year,Yes,Credit card (automatic),73.46,659.09,No
CUST-00681,Female,0,No,No,72,Yes,No,Fiber optic,Yes,No,No,No,No,Yes,Month-to-month,No,Bank transfer (automatic),90.0,6471.49,No
CUST-00682,Male,0,Yes,No,62,No,No phone service,Fiber optic,Yes,No,No,No,Yes,No,Month-to-month,Yes,Mailed check,76.59,4758.44,No
CUST-00683,Male,0,Yes,Yes,15,No,No phone service,DSL,No,No,No,Yes,Yes,Yes,Month-to-month,No,Credit card (automatic),68.64,1021.48,Yes
CUST-00684,Female,0,No,Yes,6,Yes,Yes,Fiber optic,No,Yes,Yes,No,No,No,Two year,No,Mailed check,89.81,545.41,No
CUST-00685,Male,0,Yes,No,1,Yes,No,No,No internet service,No internet service,No internet service,No internet service,No internet service,No internet service,Month-to-month,No,Electronic check,19.65,18.8,Yes
CUST-00686,Female,0,No,No,20,Yes,No,Fiber optic,No,No,No,Yes,Yes,No,One year,No,Bank transfer (automatic),66.79,1337.99,No
CUST-00687,Female,0,Yes,No,36,Yes,No,Fiber optic,No,No,No,No,Yes,No,Month-to-month,Yes,Credit card (automatic),69.2,2487.21,Yes
CUST-00688,Male,0,Yes,No,2,Yes,No,DSL,Yes,Yes,Yes,No,No,Yes,Two year,Yes,Electronic check,63.36,124.22,No
CUST-00689,Male,0,Yes,No,70,Yes,No,Fiber optic,No,No,No,No,No,No,Month-to-month,Yes,Electronic check,86.87,6076.57,No
CUST-00690,Female,1,Yes,No,2,Yes,No,Fiber optic,Yes,No,No,No,Yes,Yes,Two year,Yes,Bank transfer (automatic),83.07,160.25,No
CUST-00691,Female,0,Yes,Yes,3,Yes,No,Fiber optic,No,Yes,No,No,Yes,No,Month-to-month,No,Credit card (automatic),70.44,208.56,No
CUST-00692,Female,0,Yes,Yes,7,No,No phone service,Fiber optic,No,Yes,Yes,Yes,Yes,No,One year,No,Mailed check,78.49,556.74,Yes
CUST-00693,Male,0,Yes,No,64,Yes,No,Fiber optic,No,Yes,No,No,No,No,One year,Yes,Electronic check,81.06,5179.47,Yes
CUST-00694,Female,0,No,No,41,Yes,Yes,DSL,No,No,No,No,Yes,No,Two year,No,Bank transfer (automatic),69.12,2824.14,No
CUST-00695,Female,1,No,No,54,Yes,Yes,DSL,Yes,No,No,No,No,No,Month-to-month,Yes,Mailed check,46.56,2508.96,Yes
CUST-00696,Female,0,No,No,41,Yes,No,Fiber optic,Yes,No,No,Yes,No,Yes,Month-to-month,No,Credit card (automatic),75.54,3104.08,Yes
CUST-00697,Male,0,Yes,No,5,Yes,No,Fiber optic,No,No,Yes,No,No,No,Month-to-month,No,Electronic check,84.28,430.01,Yes
CUST-00698,Female,0,Yes,No,63,Yes,Yes,Fiber optic,No,No,No,No,No,No,One year,Yes,Mailed check,71.32,4499.42,No
CUST-00699,Female,0,No,No,1,Yes,No,Fiber optic,No,No,Yes,No,No,No,Month-to-month,No,Bank transfer (automatic),70.37,61.13,Yes
CUST-00700,Male,0,No,No,25,Yes,Yes,DSL,No,No,No,Yes,No,No,One year,Yes,Electronic check,53.27,1325.66,Yes
CUST-00701,Female,0,Yes,No,46,Yes,No,No,No internet service,No internet service,No internet service,No internet service,No internet service,No internet service,One year,No,Electronic check,30.63,1405.57,Yes
CUST-00702,Female,1,No,No,15,No,No phone service,Fiber optic,No,No,No,No,No,No,Month-to-month,No,Bank transfer (automatic),85.65,1288.42,Yes
CUST-00703,Male,0,No,Yes,69,Yes,Yes,Fiber optic,No,Yes,No,Yes,No,Yes,Month-to-month,Yes,Electronic check,87.81,6055.44,No
CUST-00704,Female,0,No,No,17,Yes,Yes,Fiber optic,No,No,No,No,No,No,Month-to-month,Yes,Electronic check,91.07,1548.08,No
CUST-00705,Male,1,No,No,21,Yes,Yes,No,No internet service,No internet service,No internet service,No internet service,No internet service,No internet service,Month-to-month,Yes,Electronic check,25.17,519.39,Yes
CUST-00706,Male,0,Yes,No,53,Yes,Yes,No,No internet service,No internet service,No internet service,No internet service,No internet service,No internet service,Month-to-month,Yes,Credit card (automatic),30.12,1587.1,No
CUST-00707,Female,1,No,No,55,Yes,No,Fiber optic,No,Yes,No,Yes,Yes,No,One year,No,Credit card (automatic),90.9,5004.14,No
CUST-00708,Female,1,No,No,10,Yes,Yes,Fiber optic,Yes,No,No,Yes,No,No,Two year,Yes,Electronic check,78.9,781.1,No
CUST-00709,Female,0,No,Yes,57,Yes,Yes,No,No internet service,No internet service,No internet service,No internet service,No internet service,No internet service,One year,Yes,Electronic check,19.15,1087.06,No
CUST-00710,Female,0,No,No,65,Yes,Yes,Fiber optic,No,No,No,No,Yes,No,Month-to-month,Yes,Credit card (automatic),78.06,5064.0,No
CUST-00711,Male,0,Yes,Yes,37,Yes,No,No,No internet service,No internet service,No internet service,No internet service,No internet service,No internet service,Two year,Yes,Credit card (automatic),38.1,1410.68,No
CUST-00712,Female,1,No,Yes,7,Yes,No,Fiber optic,Yes,No,Yes,No,Yes,Yes,Month-to-month,No,Mailed check,79.08,554.43,Yes
CUST-00713,Male,0,No,No,40,Yes,Yes,DSL,No,Yes,No,No,Yes,Yes,Month-to-month,No,Credit card (automatic),47.35,1892.93,No
CUST-00714,Female,0,No,No,50,Yes,No,No,No internet service,No internet service,No internet service,No internet service,No internet service,No internet service,Two year,Yes,Credit card (automatic),43.24,2167.74,No
CUST-00715,Female,1,No,No,1,Yes,Yes,Fiber optic,No,No,Yes,Yes,Yes,No,Month-to-month,Yes,Mailed check,74.14,71.82,No
CUST-00716,Female,1,No,No,20,Yes,No,Fiber optic,Yes,No,No,No,Yes,No,Two year,No,Mailed check,80.58,,No
CUST-00717,Male,0,Yes,No,31,Yes,Yes,No,No internet service,No internet service,No internet service,No internet service,No internet service,No internet service,Month-to-month,Yes,Bank transfer (automatic),25.59,789.98,No
CUST-00718,Female,0,No,Yes,68,Yes,Yes,No,No internet service,No internet service,No internet service,No internet service,No internet service,No internet service,One year,Yes,Bank transfer (automatic),27.51,1874.49,No
CUST-00719,Female,1,No,Yes,12,No,No phone service,DSL,No,Yes,No,No,No,No,Two year,No,Mailed check,59.3,720.55,No
CUST-00720,Female,0,Yes,No,22,Yes,Yes,Fiber optic,No,Yes,Yes,No,No,No,One year,No,Mailed check,79.44,1751.78,No
CUST-00721,Female,1,No,Yes,1,Yes,Yes,Fiber optic,No,Yes,No,No,Yes,No,Two year,No,Electronic check,68.06,77.89,No
CUST-00722,Male,0,Yes,No,1,Yes,Yes,Fiber optic,Yes,No,No,Yes,No,Yes,Month-to-month,No,Electronic check,80.26,82.39,Yes
CUST-00723,Female,0,No,No,3,Yes,No,DSL,No,No,No,No,No,No,Month-to-month,No,Bank transfer (automatic),48.94,155.76,No
CUST-00724,Male,0,Yes,No,21,Yes,No,DSL,Yes,No,Yes,No,No,No,One year,Yes,Mailed check,58.93,1230.36,No
CUST-00725,Male,0,Yes,Yes,13,Yes,Yes,DSL,No,Yes,Yes,No,No,Yes,Month-to-month,No,Electronic check,45.45,585.61,No
CUST-00726,Male,0,No,No,61,Yes,Yes,DSL,No,Yes,No,Yes,Yes,No,Month-to-month,Yes,Electronic check,57.46,3508.27,No
CUST-00727,Male,0,Yes,No,13,Yes,Yes,DSL,Yes,Yes,Yes,No,Yes,Yes,Two year,Yes,Bank transfer (automatic),53.5,695.28,No
CUST-00728,Male,0,No,Yes,33,Yes,No,Fiber optic,No,Yes,No,No,No,Yes,Two year,Yes,Mailed check,89.25,2942.52,No
CUST-00729,Male,0,Yes,No,6,Yes,Yes,Fiber optic,No,No,Yes,No,No,Yes,One year,No,Credit card (automatic),75.17,448.12,Yes
CUST-00730,Female,0,Yes,No,25,Yes,Yes,DSL,No,No,Yes,Yes,Yes,Yes,Month-to-month,No,Mailed check,43.0,1071.03,No
CUST-00731,Male,0,No,No,23,Yes,Yes,Fiber optic,Yes,Yes,Yes,No,No,No,Month-to-month,No,Electronic check,67.56,1560.1,No
CUST-00732,Male,0,Yes,No,26,Yes,No,Fiber optic,No,No,Yes,Yes,No,No,One year,No,Electronic check,78.51,2038.36,No
CUST-00733,Male,0,No,Yes,4,Yes,Yes,Fiber optic,No,No,Yes,No,Yes,No,One year,Yes,Electronic check,80.54,313.7,No
CUST-00734,Female,0,Yes,No,35,Yes,No,DSL,No,Yes,No,No,Yes,No,Month-to-month,No,Mailed check,51.25,1786.77,Yes
CUST-00735,Female,0,Yes,No,25,Yes,Yes,DSL,No,No,No,Yes,No,Yes,Month-to-month,Yes,Mailed check,63.63,1590.63,No
CUST-00736,Male,0,No,Yes,20,Yes,Yes,Fiber optic,Yes,No,Yes,No,No,No,Month-to-month,Yes,Electronic check,84.96,1691.75,No
CUST-00737,Female,0,No,No,1,Yes,Yes,Fiber optic,Yes,No,Yes,No,Yes,Yes,Month-to-month,Yes,Electronic check,81.96,88.61,Yes
CUST-00738,Male,1,Yes,Yes,68,Yes,No,DSL,Yes,Yes,Yes,Yes,No,Yes,One year,Yes,Credit card (automatic),58.33,3974.74,No
CUST-00739,Male,1,No,No,23,Yes,Yes,DSL,No,No,No,No,No,Yes,One year,Yes,Credit card (automatic),62.9,1438.02,No
CUST-00740,Female,0,No,Yes,22,Yes,Yes,No,No internet service,No internet service,No internet service,No internet service,No internet service,No internet service,Month-to-month,Yes,Mailed check,33.24,738.71,No
CUST-00741,Male,1,Yes,No,62,Yes,Yes,Fiber optic,No,No,Yes,No,No,Yes,Month-to-month,No,Electronic check,71.68,4447.89,Yes
CUST-00742,Female,0,Yes,No,1,Yes,No,No,No internet service,No internet service,No internet service,No internet service,No internet service,No internet service,Month-to-month,Yes,Electronic check,27.18,23.69,Yes
CUST-00743,Female,0,No,No,59,Yes,Yes,No,No internet service,No internet service,No internet service,No internet service,No internet service,No internet service,Two year,No,Electronic check,19.08,1120.77,No
CUST-00744,Male,0,Yes,No,68,Yes,Yes,Fiber optic,Yes,No,Yes,Yes,No,Yes,One year,No,Electronic check,91.14,6195.63,No
CUST-00745,Male,0,No,No,19,Yes,Yes,Fiber optic,No,Yes,Yes,No,No,No,Month-to-month,Yes,Electronic check,71.56,1361.63,No
CUST-00746,Female,0,No,No,30,No,No phone service,DSL,Yes,No,No,Yes,Yes,No,Month-to-month,No,Mailed check,58.01,1735.11,No
CUST-00747,Male,0,No,No,1,Yes,No,DSL,Yes,Yes,No,No,Yes,No,Month-to-month,No,Bank transfer (automatic),41.61,49.21,Yes
CUST-00748,Male,0,No,No,48,Yes,No,No,No internet service,No internet service,No internet service,No internet service,No internet service,No internet service,One year,No,Electronic check,24.53,1168.0,No
CUST-00749,Male,0,No,No,19,Yes,No,Fiber optic,No,No,No,No,No,No,Month-to-month,Yes,Mailed check,91.85,1736.56,No
CUST-00750,Female,0,No,No,52,Yes,No,DSL,No,No,Yes,No,Yes,No,Month-to-month,No,Electronic check,63.83,3318.7,Yes
CUST-00751,Female,0,Yes,No,22,Yes,Yes,No,No internet service,No internet service,No internet service,No internet service,No internet service,No internet service,Two year,No,Bank transfer (automatic),18.25,398.36,No
CUST-00752,Male,0,No,No,50,Yes,No,DSL,Yes,Yes,No,Yes,Yes,Yes,Month-to-month,Yes,Mailed check,56.74,2833.23,Yes
CUST-00753,Female,0,Yes,Yes,66,Yes,No,Fiber optic,Yes,No,Yes,No,No,Yes,Two year,No,Credit card (automatic),76.52,5049.45,No
CUST-00754,Female,0,No,No,6,No,No phone service,DSL,No,No,No,No,Yes,No,Month-to-month,No,Credit card (automatic),44.05,265.77,No
CUST-00755,Female,0,Yes,Yes,64,No,No phone service,Fiber optic,No,No,No,Yes,Yes,No,Month-to-month,Yes,Electronic check,89.55,5724.17,Yes
CUST-00756,Female,1,Yes,No,21,Yes,No,Fiber optic,No,No,No,No,No,Yes,Month-to-month,Yes,Mailed check,91.1,1920.08,Yes
CUST-00757,Female,0,Yes,Yes,19,Yes,No,Fiber optic,Yes,No,No,Yes,No,Yes,Month-to-month,No,Mailed check,80.14,1519.53,Yes
CUST-00758,Male,0,No,No,37,Yes,Yes,No,No internet service,No internet service,No internet service,No internet service,No internet service,No internet service,Month-to-month,No,Credit card (automatic),,765.74,No
CUST-00759,Male,0,Yes,No,63,Yes,Yes,Fiber optic,Yes,No,No,No,No,Yes,One year,No,Credit card (automatic),77.59,4889.5,Yes
CUST-00760,Male,0,Yes,No,29,Yes,No,DSL,No,No,Yes,Yes,No,No,Month-to-month,Yes,Credit card (automatic),40.98,1191.38,No
CUST-00761,Female,0,No,No,60,No,No phone service,No,No internet service,No internet service,No internet service,No internet service,No internet service,No internet service,Month-to-month,No,Mailed check,36.08,2157.06,Yes
CUST-00762,Female,0,Yes,No,34,Yes,No,Fiber optic,No,Yes,Yes,Yes,No,Yes,One year,Yes,Credit card (automatic),92.1,3138.29,No
CUST-00763,Male,0,Yes,No,1,Yes,No,Fiber optic,No,No,No,Yes,No,No,Two year,No,Electronic check,65.47,56.75,No
CUST-00764,Female,0,No,No,48,Yes,Yes,DSL,Yes,No,No,No,Yes,Yes,Two year,No,Credit card (automatic),59.64,2857.1,No
CUST-00765,Male,0,Yes,No,21,Yes,No,DSL,Yes,Yes,No,No,No,Yes,Two year,Yes,Electronic check,42.67,888.04,No
CUST-00766,Male,0,Yes,No,34,Yes,Yes,Fiber optic,Yes,No,Yes,No,No,Yes,Month-to-month,Yes,Credit card (automatic),71.94,2451.22,No
CUST-00767,Male,0,No,No,26,Yes,Yes,Fiber optic,No,Yes,No,No,No,No,Month-to-month,Yes,Mailed check,81.06,2111.83,Yes
CUST-00768,Female,0,Yes,Yes,36,Yes,Yes,DSL,No,No,No,No,Yes,No,Month-to-month,No,Bank transfer (automatic),49.6,1781.58,Yes
CUST-00769,Female,0,Yes,No,23,Yes,Yes,DSL,No,No,No,No,Yes,No,Two year,No,Credit card (automatic),40.18,929.78,No
CUST-00770,Male,0,Yes,No,47,Yes,No,DSL,No,Yes,No,No,No,No,Month-to-month,No,Credit card (automatic),69.48,3273.74,No
CUST-00771,Male,0,Yes,No,44,Yes,Yes,DSL,No,No,No,Yes,Yes,No,Two year,Yes,Electronic check,45.14,1979.85,No
CUST-00772,Male,0,No,No,20,Yes,No,DSL,No,Yes,No,No,Yes,No,Month-to-month,Yes,Bank transfer (automatic),55.82,1113.75,No
CUST-00773,Male,0,No,No,27,Yes,No,Fiber optic,No,No,No,No,No,No,Month-to-month,Yes,Bank transfer (automatic),80.47,2173.27,No
CUST-00774,Female,0,No,No,61,Yes,Yes,No,No internet service,No internet service,No internet service,No internet service,No internet service,No internet service,One year,Yes,Bank transfer (automatic),43.49,2648.99,No
CUST-00775,Female,1,No,Yes,37,Yes,Yes,Fiber optic,Yes,No,No,No,No,Yes,Month-to-month,Yes,Electronic check,88.12,3263.73,Yes
CUST-00776,Male,0,Yes,No,52,Yes,Yes,Fiber optic,No,No,Yes,Yes,Yes,No,One year,No,Electronic check,81.67,4253.51,No
CUST-00777,Male,1,No,Yes,62,Yes,No,DSL,Yes,Yes,No,No,Yes,No,One year,No,Mailed check,62.09,3854.19,No
CUST-00778,Female,0,No,No,66,Yes,Yes,DSL,Yes,No,No,No,No,No,Month-to-month,No,Credit card (automatic),65.4,4325.27,No
CUST-00779,Female,0,Yes,No,24,Yes,No,Fiber optic,Yes,No,No,No,No,No,Two year,No,Credit card (automatic),74.7,1790.56,No
CUST-00780,Male,0,Yes,Yes,12,Yes,No,Fiber optic,No,No,No,Yes,No,Yes,Month-to-month,Yes,Mailed check,68.64,817.33,Yes
CUST-00781,Male,0,Yes,No,16,Yes,No,No,No internet service,No internet service,No internet service,No internet service,No internet service,No internet service,Month-to-month,No,Credit card (automatic),39.33,636.68,Yes
CUST-00782,Male,0,No,No,36,Yes,No,DSL,No,No,No,No,No,Yes,One year,Yes,Bank transfer (automatic),45.74,1656.4,No
CUST-00783,Female,0,Yes,Yes,2,Yes,Yes,Fiber optic,No,No,No,No,No,No,Two year,Yes,Electronic check,75.24,149.42,No
CUST-00784,Female,0,Yes,No,62,Yes,Yes,Fiber optic,No,No,No,Yes,No,No,Two year,No,Mailed check,91.44,5663.1,No
CUST-00785,Female,0,Yes,Yes,64,Yes,Yes,No,No internet service,No internet service,No internet service,No internet service,No internet service,No internet service,Two year,Yes,Bank transfer (automatic),34.95,2232.56,No
CUST-00786,Male,0,No,No,29,Yes,Yes,Fiber optic,No,Yes,No,No,No,Yes,Two year,No,Mailed check,67.61,1959.52,No
CUST-00787,Male,1,No,No,31,Yes,Yes,No,No internet service,No internet service,No internet service,No internet service,No internet service,No internet service,Month-to-month,Yes,Bank transfer (automatic),22.3,684.11,Yes
CUST-00788,Female,0,No,No,15,Yes,Yes,Fiber optic,Yes,Yes,No,No,Yes,Yes,Month-to-month,No,Bank transfer (automatic),69.66,1042.72,No
CUST-00789,Female,0,No,No,55,Yes,No,Fiber optic,No,Yes,No,No,Yes,Yes,One year,No,Credit card (automatic),65.95,3631.18,No
CUST-00790,Male,0,No,No,33,Yes,Yes,No,No internet service,No internet service,No internet service,No internet service,No internet service,No internet service,Two year,No,Credit card (automatic),21.51,710.23,No
CUST-00791,Female,0,No,Yes,52,Yes,No,Fiber optic,No,Yes,No,No,No,No,Month-to-month,Yes,Mailed check,84.43,4396.04,No
CUST-00792,Female,0,No,No,20,Yes,No,No,No internet service,No internet service,No internet service,No internet service,No internet service,No internet service,Month-to-month,No,Credit card (automatic),18.25,357.12,Yes
CUST-00793,Male,1,Yes,No,38,Yes,No,DSL,Yes,No,No,No,No,No,Month-to-month,Yes,Mailed check,68.87,2623.84,Yes
CUST-00794,Female,0,Yes,Yes,3,Yes,No,DSL,Yes,No,Yes,Yes,No,Yes,One year,Yes,Bank transfer (automatic),47.01,137.71,Yes
CUST-00795,Male,0,Yes,No,54,No,No phone service,Fiber optic,No,No,No,No,No,No,One year,No,Electronic check,73.75,3979.57,No
CUST-00796,Male,0,No,Yes,66,Yes,Yes,Fiber optic,No,No,No,No,No,Yes,Two year,Yes,Bank transfer (automatic),66.04,4360.49,No
CUST-00797,Male,0,No,No,18,Yes,No,Fiber optic,No,No,No,No,No,No,Month-to-month,Yes,Credit card (automatic),67.09,1212.03,No
CUST-00798,Male,0,Yes,No,7,Yes,No,DSL,Yes,No,No,No,No,Yes,Two year,Yes,Mailed check,69.96,482.81,No
CUST-00799,Male,0,Yes,No,35,Yes,Yes,Fiber optic,No,No,No,No,Yes,No,One year,Yes,Credit card (automatic),75.03,2616.46,Yes
CUST-00800,Male,1,No,No,60,Yes,No,DSL,No,No,No,No,No,Yes,Month-to-month,No,Credit card (automatic),60.39,3618.94,No
CUST-00801,Male,0,No,No,24,Yes,Yes,No,No internet service,No internet service,No internet service,No internet service,No internet service,No internet service,Month-to-month,No,Electronic check,37.53,897.3,No
CUST-00802,Female,1,No,Yes,39,Yes,No,DSL,Yes,Yes,No,No,No,Yes,Month-to-month,No,Electronic check,54.81,2130.64,Yes
CUST-00803,Male,0,No,No,12,Yes,No,DSL,No,No,No,No,Yes,No,Two year,Yes,Mailed check,53.88,651.9,No
CUST-00804,Male,0,No,No,53,Yes,Yes,DSL,No,No,No,Yes,No,No,Month-to-month,Yes,Electronic check,50.08,2657.36,No
CUST-00805,Female,0,No,No,64,Yes,Yes,No,No internet service,No internet service,No internet service,No internet service,No internet service,No internet service,One year,Yes,Mailed check,36.06,2301.91,No
CUST-00806,Female,0,No,No,4,Yes,Yes,Fiber optic,Yes,Yes,No,No,No,Yes,Month-to-month,Yes,Mailed check,80.76,316.14,Yes
CUST-00807,Female,1,No,Yes,5,Yes,Yes,Fiber optic,No,Yes,No,No,No,Yes,Month-to-month,Yes,Mailed check,77.81,388.78,Yes
CUST-00808,Male,0,Yes,No,16,Yes,Yes,Fiber optic,No,Yes,Yes,No,No,No,Month-to-month,No,Electronic check,69.55,1119.9,No
CUST-00809,Female,0,No,Yes,27,Yes,Yes,No,No internet service,No internet service,No internet service,No internet service,No internet service,No internet service,One year,Yes,Electronic check,35.03,943.33,No
CUST-00810,Male,0,No,Yes,4,Yes,Yes,DSL,No,No,No,No,No,No,One year,Yes,Mailed check,53.11,215.03,No
CUST-00811,Male,0,No,No,72,Yes,No,DSL,No,No,No,No,Yes,No,Month-to-month,Yes,Bank transfer (automatic),43.13,3099.83,No
CUST-00812,Male,0,Yes,Yes,48,Yes,Yes,Fiber optic,Yes,No,Yes,No,No,No,Month-to-month,No,Bank transfer (automatic),75.29,3622.02,Yes
CUST-00813,Male,0,Yes,Yes,8,Yes,No,Fiber optic,Yes,No,Yes,No,Yes,No,One year,No,Electronic check,66.37,537.27,Yes
CUST-00814,Female,0,No,No,46,Yes,Yes,DSL,Yes,Yes,No,No,No,No,Month-to-month,No,Electronic check,43.7,2016.84,Yes
CUST-00815,Female,0,Yes,Yes,44,Yes,Yes,Fiber optic,No,No,No,No,No,No,Month-to-month,No,Mailed check,94.81,4161.86,No
CUST-00816,Male,0,Yes,Yes,67,Yes,No,Fiber optic,Yes,No,Yes,No,No,Yes,Two year,No,Electronic check,88.74,5945.36,No
CUST-00817,Male,0,Yes,Yes,52,Yes,No,Fiber optic,Yes,No,No,No,Yes,No,Two year,Yes,Mailed check,94.63,4911.29,No
CUST-00818,Male,0,No,Yes,34,Yes,No,No,No internet service,No internet service,No internet service,No internet service,No internet service,No internet service,Two year,Yes,Mailed check,43.21,1476.1,No
CUST-00819,Female,1,No,No,62,Yes,No,Fiber optic,No,No,No,No,Yes,Yes,Two year,No,Credit card (automatic),93.73,5804.7,No
CUST-00820,Male,0,No,No,21,Yes,Yes,Fiber optic,Yes,No,No,No,No,No,Month-to-month,No,Credit card (automatic),79.36,1671.05,No
CUST-00821,Male,0,No,No,24,Yes,Yes,DSL,No,No,No,No,Yes,No,Month-to-month,No,Credit card (automatic),60.31,1442.4,No
CUST-00822,Female,0,No,No,44,Yes,Yes,No,No internet service,No internet service,No internet service,No internet service,No internet service,No internet service,Month-to-month,Yes,Mailed check,18.25,809.69,No
CUST-00823,Female,0,No,Yes,41,Yes,Yes,DSL,No,No,No,No,Yes,No,Month-to-month,Yes,Electronic check,51.4,2103.68,No
CUST-00824,Male,0,No,Yes,29,Yes,Yes,No,No internet service,No internet service,No internet service,No internet service,No internet service,No internet service,Month-to-month,Yes,Bank transfer (automatic),35.26,1013.36,Yes
CUST-00825,Female,0,Yes,Yes,6,Yes,No,Fiber optic,Yes,No,Yes,No,No,No,Month-to-month,No,Bank transfer (automatic),69.62,408.67,No
CUST-00826,Female,0,No,No,56,Yes,Yes,DSL,Yes,No,No,No,Yes,Yes,Two year,Yes,Mailed check,66.85,3750.76,No
CUST-00827,Male,0,No,No,14,Yes,Yes,DSL,No,No,No,No,No,No,Two year,No,Credit card (automatic),43.22,612.97,No
CUST-00828,Female,1,No,No,50,Yes,No,No,No internet service,No internet service,No internet service,No internet service,No internet service,No internet service,Month-to-month,No,Bank transfer (automatic),40.14,2011.92,No
CUST-00829,Male,0,No,No,52,Yes,No,No,No internet service,No internet service,No internet service,No internet service,No internet service,No internet service,Two year,Yes,Credit card (automatic),33.46,1749.35,No
CUST-00830,Female,0,No,Yes,1,Yes,No,No,No internet service,No internet service,No internet service,No internet service,No internet service,No internet service,Month-to-month,Yes,Mailed check,40.79,49.07,No
CUST-00831,Male,0,No,No,12,No,No phone service,Fiber optic,No,Yes,No,Yes,Yes,No,One year,No,Credit card (automatic),71.72,864.98,No
CUST-00832,Male,0,No,No,24,Yes,No,DSL,Yes,No,No,No,Yes,No,Month-to-month,No,Mailed check,59.12,1409.13,Yes
CUST-00833,Male,1,No,No,37,Yes,No,Fiber optic,No,Yes,Yes,Yes,Yes,Yes,Month-to-month,Yes,Credit card (automatic),71.69,2646.29,Yes
CUST-00834,Female,0,Yes,No,70,No,No phone service,DSL,Yes,Yes,No,No,No,Yes,Two year,Yes,Electronic check,47.84,3343.17,No
CUST-00835,Male,0,Yes,No,3,Yes,No,Fiber optic,No,No,No,No,No,No,Month-to-month,No,Credit card (automatic),68.41,200.83,Yes
CUST-00836,Female,0,No,No,27,No,No phone service,Fiber optic,Yes,Yes,No,Yes,No,Yes,Month-to-month,Yes,Electronic check,90.63,2442.43,Yes
CUST-00837,Male,0,No,No,53,Yes,Yes,Fiber optic,No,Yes,No,No,Yes,Yes,Two year,Yes,Mailed check,89.06,4714.0,No
CUST-00838,Male,0,Yes,No,17,Yes,Yes,DSL,Yes,Yes,Yes,Yes,No,No,One year,Yes,Electronic check,48.45,823.37,No
CUST-00839,Female,0,No,No,15,Yes,No,No,No internet service,No internet service,No internet service,No internet service,No internet service,No internet service,Month-to-month,No,Mailed check,20.39,315.07,Yes
CUST-00840,Male,0,No,Yes,39,Yes,No,No,No internet service,No internet service,No internet service,No internet service,No internet service,No internet service,Two year,Yes,Mailed check,38.95,1509.97,No
CUST-00841,Male,0,Yes,No,4,Yes,No,Fiber optic,No,No,No,Yes,Yes,Yes,One year,No,Credit card (automatic),78.9,309.0,Yes
CUST-00842,Female,0,No,No,17,Yes,No,No,No internet service,No internet service,No internet service,No internet service,No internet service,No internet service,Month-to-month,Yes,Credit card (automatic),24.84,419.57,No
CUST-00843,Male,0,No,Yes,11,Yes,No,Fiber optic,No,No,No,No,Yes,No,Month-to-month,Yes,Electronic check,85.44,942.03,Yes
CUST-00844,Male,0,No,No,12,Yes,No,DSL,Yes,No,No,No,No,No,One year,Yes,Credit card (automatic),51.55,611.29,No
CUST-00845,Male,0,Yes,Yes,32,Yes,Yes,No,No internet service,No internet service,No internet service,No internet service,No internet service,No internet service,Two year,Yes,Electronic check,36.84,1180.08,No
CUST-00846,Male,0,Yes,No,27,Yes,No,DSL,No,No,No,No,No,No,Month-to-month,No,Bank transfer (automatic),46.28,1242.23,Yes
CUST-00847,Female,0,No,No,44,Yes,No,DSL,No,No,No,No,No,Yes,One year,No,Electronic check,57.04,2503.84,No
CUST-00848,Female,0,Yes,No,43,Yes,No,DSL,No,No,Yes,Yes,No,Yes,Two year,No,Credit card (automatic),66.25,2839.1,No
CUST-00849,Male,0,Yes,Yes,49,Yes,No,Fiber optic,No,No,No,Yes,No,Yes,Two year,Yes,Credit card (automatic),89.34,4386.87,No
CUST-00850,Female,0,Yes,No,43,Yes,Yes,Fiber optic,No,No,No,No,Yes,No,Month-to-month,No,Electronic check,93.31,4007.55,No
CUST-00851,Male,0,No,No,3,Yes,No,DSL,No,No,No,No,Yes,Yes,Month-to-month,No,Electronic check,40.63,124.12,Yes
CUST-00852,Female,0,Yes,No,29,Yes,Yes,No,No internet service,No internet service,No internet service,No internet service,No internet service,No internet service,Month-to-month,Yes,Bank transfer (automatic),42.86,1237.9,No
CUST-00853,Male,1,Yes,No,35,No,No phone service,No,No internet service,No internet service,No internet service,No internet service,No internet service,No internet service,Two year,No,Electronic check,22.21,785.88,No
CUST-00854,Male,1,Yes,No,48,Yes,No,DSL,No,No,Yes,No,Yes,No,Two year,No,Electronic check,68.33,3270.74,No
CUST-00855,Male,1,No,No,39,Yes,No,Fiber optic,Yes,Yes,No,No,No,No,One year,No,Credit card (automatic),72.66,2833.62,Yes
CUST-00856,Male,0,Yes,Yes,24,Yes,No,No,No internet service,No internet service,No internet service,No internet service,No internet service,No internet service,Month-to-month,No,Mailed check,20.62,491.42,Yes
CUST-00857,Male,0,Yes,Yes,20,No,No phone service,Fiber optic,No,Yes,Yes,Yes,No,Yes,Month-to-month,No,Credit card (automatic),83.83,1673.91,Yes
CUST-00858,Male,0,No,No,15,Yes,No,DSL,No,No,Yes,Yes,No,No,Month-to-month,No,Electronic check,61.8,919.02,No
CUST-00859,Female,0,Yes,Yes,18,Yes,Yes,DSL,No,No,No,No,No,Yes,Two year,No,Electronic check,68.86,1237.32,No
CUST-00860,Male,0,Yes,No,60,No,No phone service,No,No internet service,No internet service,No internet service,No internet service,No internet service,No internet service,Month-to-month,No,Credit card (automatic),24.03,1446.47,No
CUST-00861,Female,0,Yes,Yes,41,Yes,No,Fiber optic,No,No,No,No,Yes,No,Month-to-month,No,Mailed check,78.56,3224.64,Yes
CUST-00862,Male,0,No,No,69,Yes,Yes,Fiber optic,No,No,No,Yes,No,No,Month-to-month,Yes,Electronic check,83.14,5745.04,Yes
CUST-00863,Female,1,No,No,11,Yes,Yes,Fiber optic,Yes,No,No,No,No,No,Two year,Yes,Mailed check,89.71,978.0,No
CUST-00864,Female,0,Yes,No,56,Yes,No,DSL,No,Yes,No,No,Yes,Yes,Month-to-month,Yes,Mailed check,63.45,3561.26,No
CUST-00865,Female,0,Yes,No,18,Yes,No,DSL,No,No,No,No,No,No,Month-to-month,No,Bank transfer (automatic),68.31,1228.61,Yes
CUST-00866,Male,0,Yes,Yes,12,Yes,No,DSL,No,Yes,Yes,Yes,No,No,Two year,No,Mailed check,56.26,673.53,No
CUST-00867,Male,1,Yes,No,16,Yes,No,DSL,No,No,No,No,No,No,One year,Yes,Electronic check,64.65,1033.01,No
CUST-00868,Female,0,Yes,No,27,Yes,No,DSL,No,No,Yes,No,No,No,Month-to-month,Yes,Bank transfer (automatic),64.1,1734.6,Yes
CUST-00869,Male,0,Yes,No,17,No,No phone service,DSL,Yes,No,No,No,Yes,No,One year,Yes,Credit card (automatic),46.21,784.53,No
CUST-00870,Female,1,No,No,31,Yes,Yes,Fiber optic,Yes,No,No,No,Yes,Yes,One year,No,Credit card (automatic),75.33,2344.78,No
CUST-00871,Male,0,Yes,No,35,Yes,No,DSL,No,No,Yes,No,No,Yes,Month-to-month,Yes,Mailed check,46.0,1613.61,No
CUST-00872,Female,0,Yes,No,27,No,No phone service,Fiber optic,No,Yes,No,No,No,No,Month-to-month,No,Electronic check,66.27,1791.41,Yes
CUST-00873,Female,0,Yes,No,32,Yes,No,DSL,Yes,No,No,No,No,Yes,One year,Yes,Bank transfer (automatic),65.51,2089.47,Yes
CUST-00874,Male,0,No,No,17,Yes,Yes,Fiber optic,Yes,No,Yes,No,Yes,No,Two year,Yes,Mailed check,92.06,1559.78,Yes
CUST-00875,Female,0,Yes,No,11,Yes,Yes,Fiber optic,No,No,Yes,No,No,No,Month-to-month,Yes,Credit card (automatic),77.63,857.54,Yes
CUST-00876,Male,0,No,No,1,Yes,Yes,DSL,No,No,Yes,No,No,Yes,Two year,No,Credit card (automatic),50.95,48.52,No
CUST-00877,Female,1,Yes,No,49,Yes,No,Fiber optic,Yes,No,Yes,No,No,No,Month-to-month,Yes,Credit card (automatic),79.12,3882.22,No
CUST-00878,Female,1,Yes,Yes,41,Yes,Yes,Fiber optic,No,No,No,No,Yes,No,One year,Yes,Bank transfer (automatic),83.85,3436.42,No
CUST-00879,Male,0,Yes,No,20,Yes,No,Fiber optic,No,Yes,No,No,No,No,Month-to-month,No,Electronic check,94.62,1899.84,No
CUST-00880,Male,0,Yes,No,71,Yes,Yes,DSL,Yes,No,No,No,No,Yes,One year,No,Bank transfer (automatic),66.15,4698.57,No
CUST-00881,Male,0,Yes,No,37,Yes,No,Fiber optic,No,No,No,No,No,No,Month-to-month,No,Credit card (automatic),69.88,2592.45,No
CUST-00882,Female,0,Yes,No,16,Yes,No,DSL,No,No,No,No,Yes,Yes,Month-to-month,Yes,Bank transfer (automatic),66.31,1068.58,No
CUST-00883,Male,0,No,No,39,Yes,Yes,Fiber optic,No,No,No,No,No,No,Month-to-month,No,Credit card (automatic),79.54,3098.64,Yes
CUST-00884,Female,0,Yes,No,45,Yes,No,DSL,No,Yes,Yes,No,Yes,Yes,Month-to-month,No,Mailed check,64.15,2884.61,Yes
CUST-00885,Female,0,Yes,No,64,Yes,No,Fiber optic,No,No,No,No,No,Yes,Month-to-month,Yes,Electronic check,90.35,5786.88,Yes
CUST-00886,Male,0,Yes,No,47,No,No phone service,Fiber optic,No,Yes,No,No,Yes,No,One year,No,Electronic check,76.35,3580.9,Yes
CUST-00887,Male,1,No,Yes,23,No,No phone service,No,No internet service,No internet service,No internet service,No internet service,No internet service,No internet service,Month-to-month,No,Electronic check,18.25,412.63,No
CUST-00888,Female,0,Yes,Yes,32,Yes,No,No,No internet service,No internet service,No internet service,No internet service,No internet service,No internet service,Month-to-month,Yes,Electronic check,25.94,836.51,Yes
CUST-00889,Female,0,No,Yes,49,No,No phone service,Fiber optic,Yes,Yes,No,No,No,No,Month-to-month,Yes,Electronic check,65.9,3219.36,Yes
CUST-00890,Male,0,Yes,No,19,No,No phone service,No,No internet service,No internet service,No internet service,No internet service,No internet service,No internet service,Month-to-month,Yes,Credit card (automatic),30.42,568.73,No
CUST-00891,Male,0,Yes,No,67,Yes,Yes,Fiber optic,No,No,Yes,No,No,Yes,Month-to-month,Yes,Electronic check,93.47,6264.0,Yes
CUST-00892,Male,0,No,Yes,39,Yes,No,Fiber optic,No,Yes,Yes,No,Yes,Yes,Month-to-month,Yes,Credit card (automatic),91.55,3579.71,Yes
CUST-00893,Male,0,No,No,60,No,No phone service,No,No internet service,No internet service,No internet service,No internet service,No internet service,No internet service,Two year,No,Credit card (automatic),26.5,1598.65,No
CUST-00894,Male,0,Yes,No,11,Yes,No,Fiber optic,No,No,No,Yes,No,No,Two year,No,Electronic check,87.7,963.52,No
CUST-00895,Female,0,No,Yes,49,Yes,Yes,Fiber optic,No,No,No,No,No,No,Two year,Yes,Credit card (automatic),86.93,4265.55,No
CUST-00896,Female,0,No,No,15,Yes,Yes,DSL,No,No,Yes,No,Yes,No,Two year,No,Credit card (automatic),57.33,863.88,No
CUST-00897,Female,0,Yes,No,61,Yes,Yes,Fiber optic,Yes,No,No,No,No,No,Month-to-month,Yes,Electronic check,86.14,5260.61,Yes
CUST-00898,Female,0,Yes,No,43,Yes,Yes,DSL,No,No,No,No,Yes,Yes,Month-to-month,Yes,Mailed check,67.1,2880.15,No
CUST-00899,Male,1,Yes,No,15,Yes,No,DSL,No,Yes,No,No,No,No,Two year,No,Credit card (automatic),48.44,723.13,No
CUST-00900,Male,0,No,No,5,Yes,Yes,No,No internet service,No internet service,No internet service,No internet service,No internet service,No internet service,Two year,No,Electronic check,20.27,106.89,No
CUST-00901,Male,1,Yes,No,29,Yes,No,DSL,No,Yes,No,No,No,No,One year,No,Mailed check,49.65,1435.32,No
CUST-00902,Female,0,Yes,No,62,Yes,No,DSL,Yes,Yes,Yes,No,No,Yes,One year,No,Electronic check,58.33,3621.62,No
CUST-00903,Female,1,No,No,60,Yes,No,No,No internet service,No internet service,No internet service,No internet service,No internet service,No internet service,One year,Yes,Bank transfer (automatic),29.48,1773.85,No
CUST-00904,Male,0,No,No,69,Yes,Yes,DSL,No,No,No,No,Yes,No,Month-to-month,Yes,Bank transfer (automatic),60.17,4157.02,No
CUST-00905,Male,0,Yes,No,22,Yes,Yes,DSL,No,No,Yes,No,Yes,No,Month-to-month,No,Bank transfer (automatic),53.37,1172.87,No
CUST-00906,Female,0,No,No,13,Yes,Yes,Fiber optic,No,No,No,Yes,Yes,Yes,Month-to-month,No,Credit card (automatic),84.54,1092.87,No
CUST-00907,Female,0,No,Yes,50,No,No phone service,DSL,No,No,Yes,Yes,No,No,Month-to-month,No,Bank transfer (automatic),42.66,2124.91,Yes
CUST-00908,Male,0,No,No,47,Yes,No,No,No internet service,No internet service,No internet service,No internet service,No internet service,No internet service,Month-to-month,Yes,Electronic check,28.02,1310.82,Yes
CUST-00909,Male,0,Yes,No,29,Yes,Yes,DSL,No,No,Yes,No,Yes,No,Month-to-month,No,Electronic check,59.37,1721.55,No
CUST-00910,Female,0,Yes,No,17,Yes,No,No,No internet service,No internet service,No internet service,No internet service,No internet service,No internet service,Month-to-month,No,Electronic check,23.74,398.8,No
CUST-00911,Male,0,Yes,Yes,20,Yes,Yes,DSL,No,Yes,No,Yes,No,No,Month-to-month,Yes,Electronic check,49.69,1000.97,Yes
CUST-00912,Male,0,No,Yes,6,Yes,Yes,DSL,Yes,No,No,Yes,No,No,Two year,Yes,Mailed check,40.61,248.33,No
CUST-00913,Male,0,Yes,No,22,Yes,No,DSL,No,No,No,No,No,Yes,Two year,No,Mailed check,63.6,1404.01,No
CUST-00914,Female,0,Yes,Yes,9,Yes,Yes,DSL,Yes,No,Yes,No,Yes,Yes,Month-to-month,Yes,Bank transfer (automatic),54.57,487.05,No
CUST-00915,Female,0,No,No,32,Yes,Yes,Fiber optic,No,No,No,No,Yes,No,Two year,Yes,Electronic check,70.0,2239.4,No
CUST-00916,Female,0,No,No,33,No,No phone service,Fiber optic,No,Yes,No,No,No,No,Month-to-month,Yes,Credit card (automatic),83.91,2771.71,No
CUST-00917,Female,1,Yes,No,70,Yes,Yes,No,No internet service,No internet service,No internet service,No internet service,No internet service,No internet service,Two year,Yes,Mailed check,18.58,1299.49,No
CUST-00918,Female,0,No,Yes,49,Yes,No,DSL,No,No,No,No,No,Yes,One year,No,Credit card (automatic),53.95,2649.44,No
CUST-00919,Female,0,Yes,Yes,30,Yes,No,Fiber optic,No,No,No,No,No,No,Month-to-month,Yes,Mailed check,69.04,2073.02,No
CUST-00920,Female,1,Yes,Yes,16,Yes,Yes,DSL,Yes,Yes,No,No,Yes,No,One year,No,Credit card (automatic),60.3,966.75,No
CUST-00921,Male,0,Yes,Yes,65,Yes,No,Fiber optic,No,No,Yes,No,No,No,Two year,Yes,Electronic check,70.67,4584.7,No
CUST-00922,Male,0,No,No,14,No,No phone service,Fiber optic,No,No,No,No,Yes,No,Month-to-month,Yes,Electronic check,93.61,1316.43,No
CUST-00923,Male,0,No,No,56,Yes,Yes,Fiber optic,Yes,No,No,No,Yes,Yes,Month-to-month,Yes,Mailed check,83.05,4643.27,No
CUST-00924,Male,0,Yes,Yes,37,Yes,Yes,DSL,No,Yes,No,No,No,No,One year,Yes,Mailed check,40.66,1498.43,No
CUST-00925,Male,0,Yes,Yes,49,Yes,Yes,Fiber optic,No,No,Yes,No,No,No,Month-to-month,No,Credit card (automatic),77.59,3794.27,Yes
CUST-00926,Male,0,Yes,Yes,50,Yes,No,Fiber optic,No,No,No,No,Yes,Yes,Month-to-month,Yes,Electronic check,69.81,3497.21,No
CUST-00927,Male,0,Yes,No,36,Yes,No,Fiber optic,No,No,No,No,No,No,Month-to-month,Yes,Electronic check,83.16,3001.45,Yes
CUST-00928,Female,0,No,No,52,Yes,Yes,DSL,No,No,No,Yes,No,Yes,One year,Yes,Mailed check,62.96,3283.47,Yes
CUST-00929,Female,0,Yes,No,23,Yes,No,Fiber optic,No,Yes,Yes,No,No,Yes,Month-to-month,Yes,Mailed check,74.25,1701.06,Yes
CUST-00930,Male,0,Yes,No,66,Yes,No,No,No internet service,No internet service,No internet service,No internet service,No internet service,No internet service,Month-to-month,Yes,Bank transfer (automatic),35.27,2334.82,No
CUST-00931,Male,0,No,No,71,Yes,Yes,DSL,Yes,No,No,No,No,Yes,Two year,Yes,Electronic check,66.14,4697.58,No
CUST-00932,Female,0,Yes,No,45,Yes,Yes,Fiber optic,No,No,No,No,No,Yes,Month-to-month,No,Electronic check,92.16,4155.25,No
CUST-00933,Male,0,Yes,Yes,28,Yes,Yes,Fiber optic,Yes,Yes,Yes,Yes,No,Yes,Two year,Yes,Credit card (automatic),68.69,1919.17,No
CUST-00934,Male,0,Yes,No,20,Yes,No,Fiber optic,No,No,No,No,No,No,Month-to-month,Yes,Mailed check,75.65,1508.55,Yes
CUST-00935,Female,1,Yes,Yes,49,Yes,No,No,No internet service,No internet service,No internet service,No internet service,No internet service,No internet service,Two year,No,Credit card (automatic),23.19,1142.42,No
CUST-00936,Male,1,Yes,No,57,Yes,Yes,No,No internet service,No internet service,No internet service,No internet service,No internet service,No internet service,Month-to-month,Yes,Bank transfer (automatic),32.12,1825.79,No
CUST-00937,Female,0,No,Yes,59,Yes,No,DSL,Yes,No,Yes,No,Yes,No,Two year,Yes,Electronic check,64.48,3795.77,No
CUST-00938,Male,0,No,No,26,Yes,Yes,No,No internet service,No internet service,No internet service,No internet service,No internet service,No internet service,Month-to-month,Yes,Electronic check,34.32,891.13,No
CUST-00939,Female,0,No,Yes,19,Yes,Yes,Fiber optic,Yes,No,No,No,No,Yes,Month-to-month,Yes,Credit card (automatic),94.49,1797.41,No
CUST-00940,Female,0,No,No,13,Yes,Yes,Fiber optic,No,No,Yes,No,No,No,Month-to-month,No,Electronic check,66.19,864.6,No
CUST-00941,Female,0,Yes,No,62,Yes,No,Fiber optic,No,Yes,No,Yes,No,No,Month-to-month,No,Electronic check,70.97,4392.97,Yes
CUST-00942,Male,0,No,No,14,Yes,No,No,No internet service,No internet service,No internet service,No internet service,No internet service,No internet service,Month-to-month,No,Credit card (automatic),40.54,567.85,No
CUST-00943,Female,0,No,No,11,Yes,No,Fiber optic,Yes,No,No,Yes,No,Yes,One year,No,Credit card (automatic),76.78,841.25,Yes
CUST-00944,Male,0,No,No,67,Yes,No,No,No internet service,No internet service,No internet service,No internet service,No internet service,No internet service,Month-to-month,Yes,Bank transfer (automatic),38.36,2569.1,No
CUST-00945,Male,1,No,No,12,No,No phone service,Fiber optic,Yes,Yes,No,No,Yes,No,One year,Yes,Electronic check,94.15,1121.72,No
CUST-00946,Male,0,No,No,35,Yes,No,Fiber optic,No,No,No,No,Yes,Yes,Month-to-month,No,Electronic check,82.71,2899.65,Yes
CUST-00947,Male,0,No,Yes,39,Yes,Yes,Fiber optic,Yes,Yes,Yes,No,Yes,No,Month-to-month,No,Bank transfer (automatic),84.98,3317.04,Yes
CUST-00948,Female,0,No,No,32,Yes,Yes,Fiber optic,No,Yes,Yes,Yes,No,Yes,One year,No,Electronic check,76.53,2449.58,No
CUST-00949,Female,0,No,No,14,Yes,Yes,Fiber optic,Yes,Yes,Yes,Yes,Yes,No,Month-to-month,Yes,Mailed check,91.98,1281.33,Yes
CUST-00950,Male,0,Yes,No,65,Yes,Yes,Fiber optic,No,Yes,No,No,Yes,Yes,One year,Yes,Mailed check,85.11,5525.61,No
CUST-00951,Male,0,No,No,27,Yes,No,Fiber optic,No,No,No,Yes,Yes,No,One year,Yes,Electronic check,83.12,2238.27,Yes
CUST-00952,Female,0,Yes,No,60,Yes,Yes,No,No internet service,No internet service,No internet service,No internet service,No internet service,No internet service,Month-to-month,Yes,Credit card (automatic),18.25,1100.76,No
CUST-00953,Male,0,No,No,43,Yes,Yes,DSL,No,No,Yes,No,No,No,One year,Yes,Electronic check,54.84,2355.33,No
CUST-00954,Female,0,No,No,65,No,No phone service,DSL,No,No,No,Yes,No,No,Month-to-month,Yes,Mailed check,69.85,4537.75,Yes
CUST-00955,Male,0,No,No,55,Yes,No,Fiber optic,No,Yes,No,Yes,No,Yes,Month-to-month,No,Credit card (automatic),78.48,4313.51,Yes
CUST-00956,Male,0,Yes,Yes,35,Yes,Yes,Fiber optic,Yes,No,No,No,No,Yes,Month-to-month,Yes,Credit card (automatic),93.71,3272.4,No
CUST-00957,Female,1,Yes,Yes,32,No,No phone service,DSL,Yes,Yes,No,Yes,Yes,No,One year,No,Electronic check,69.44,2229.1,Yes
CUST-00958,Male,0,No,No,19,Yes,Yes,Fiber optic,No,No,No,No,No,No,Two year,Yes,Credit card (automatic),84.39,1604.79,No
CUST-00959,Female,0,Yes,No,39,Yes,Yes,No,No internet service,No internet service,No internet service,No internet service,No internet service,No internet service,Two year,Yes,Electronic check,24.0,945.9,No
CUST-00960,Male,0,No,No,20,Yes,No,Fiber optic,Yes,Yes,No,Yes,No,No,Month-to-month,No,Electronic check,70.86,1417.55,No
CUST-00961,Male,0,Yes,Yes,28,Yes,No,No,No internet service,No internet service,No internet service,No internet service,No internet service,No internet service,Month-to-month,Yes,Credit card (automatic),31.38,882.42,Yes
CUST-00962,Male,0,Yes,No,3,Yes,Yes,No,No internet service,No internet service,No internet service,No internet service,No internet service,No internet service,One year,Yes,Bank transfer (automatic),18.25,60.95,No
CUST-00963,Female,0,Yes,No,32,Yes,Yes,DSL,Yes,Yes,No,Yes,No,No,Month-to-month,Yes,Electronic check,55.18,1772.09,Yes
CUST-00964,Male,0,No,No,58,Yes,No,No,No internet service,No internet service,No internet service,No internet service,No internet service,No internet service,One year,Yes,Bank transfer (automatic),34.73,2013.11,No
CUST-00965,Male,0,Yes,No,54,Yes,No,Fiber optic,Yes,No,No,No,Yes,No,Two year,Yes,Credit card (automatic),78.17,4218.79,No
CUST-00966,Male,0,Yes,No,42,Yes,No,No,No internet service,No internet service,No internet service,No internet service,No internet service,No internet service,Month-to-month,No,Mailed check,19.51,812.38,No
CUST-00967,Male,0,No,Yes,15,Yes,No,DSL,No,No,No,Yes,No,No,Two year,Yes,Mailed check,64.17,967.94,No
CUST-00968,Female,0,Yes,No,62,Yes,Yes,DSL,Yes,No,Yes,No,No,Yes,Month-to-month,No,Electronic check,56.23,3488.78,Yes
CUST-00969,Female,0,No,No,31,Yes,No,DSL,No,No,No,No,Yes,No,Month-to-month,Yes,Bank transfer (automatic),48.11,1484.82,Yes
CUST-00970,Male,0,No,No,61,Yes,Yes,DSL,No,Yes,No,No,No,Yes,Month-to-month,No,Mailed check,40.47,2468.6,No
CUST-00971,Female,0,Yes,Yes,26,Yes,No,DSL,No,Yes,No,No,Yes,No,One year,Yes,Credit card (automatic),56.33,1465.98,No
CUST-00972,Male,0,No,No,69,Yes,Yes,DSL,No,No,No,Yes,Yes,No,Two year,Yes,Bank transfer (automatic),63.02,4355.68,No
CUST-00973,Male,0,Yes,Yes,57,Yes,No,Fiber optic,No,Yes,No,No,No,Yes,Month-to-month,Yes,Bank transfer (automatic),75.92,4319.16,Yes
CUST-00974,Male,0,Yes,No,20,Yes,Yes,Fiber optic,No,No,No,Yes,Yes,No,Month-to-month,Yes,Credit card (automatic),84.83,1689.84,No
CUST-00975,Female,0,No,Yes,66,Yes,No,DSL,No,No,Yes,Yes,Yes,No,Month-to-month,No,Mailed check,63.87,4216.1,No
CUST-00976,Female,0,Yes,Yes,21,Yes,No,Fiber optic,Yes,No,Yes,Yes,No,No,Month-to-month,No,Bank transfer (automatic),79.09,1651.81,Yes
CUST-00977,Female,0,Yes,Yes,60,No,No phone service,DSL,No,Yes,Yes,Yes,Yes,No,Month-to-month,Yes,Credit card (automatic),48.1,2883.67,Yes
CUST-00978,Female,1,No,Yes,63,Yes,Yes,DSL,Yes,No,No,Yes,No,No,Month-to-month,No,Electronic check,52.41,3292.15,No
CUST-00979,Female,0,No,Yes,51,Yes,No,Fiber optic,Yes,No,No,No,Yes,No,Month-to-month,Yes,Electronic check,87.84,4474.99,No
CUST-00980,Female,0,Yes,No,39,Yes,Yes,DSL,No,Yes,No,No,Yes,Yes,Month-to-month,Yes,Mailed check,46.55,1808.68,No
CUST-00981,Female,0,No,Yes,11,Yes,Yes,Fiber optic,No,No,Yes,No,No,No,Month-to-month,Yes,Mailed check,72.66,794.98,Yes
CUST-00982,Female,0,No,No,57,Yes,No,DSL,No,No,No,No,No,No,One year,No,Electronic check,50.79,2900.37,No
CUST-00983,Female,0,No,Yes,3,Yes,No,No,No internet service,No internet service,No internet service,No internet service,No internet service,No internet service,Month-to-month,Yes,Electronic check,33.83,98.44,Yes
CUST-00984,Male,1,No,No,37,Yes,No,No,No internet service,No internet service,No internet service,No internet service,No internet service,No internet service,Month-to-month,Yes,Electronic check,22.22,829.99,No
CUST-00985,Female,0,Yes,No,25,Yes,Yes,DSL,No,No,Yes,No,No,Yes,Month-to-month,No,Mailed check,54.85,1366.79,No
CUST-00986,Female,0,Yes,Yes,21,Yes,No,Fiber optic,No,No,No,Yes,No,No,Month-to-month,No,Bank transfer (automatic),84.05,1757.62,Yes
CUST-00987,Female,0,No,No,42,Yes,No,DSL,No,No,No,No,No,No,Two year,No,Credit card (automatic),55.65,2328.5,No
CUST-00988,Female,0,Yes,Yes,1,Yes,Yes,DSL,Yes,No,No,Yes,No,Yes,One year,No,Mailed check,40.2,50.04,No
CUST-00989,Female,0,No,No,23,Yes,Yes,DSL,No,Yes,No,No,Yes,Yes,Month-to-month,No,Electronic check,55.01,1257.15,Yes
CUST-00990,Female,0,No,No,24,Yes,No,No,No internet service,No internet service,No internet service,No internet service,No internet service,No internet service,One year,Yes,Bank transfer (automatic),25.67,613.31,Yes
CUST-00991,Female,0,Yes,Yes,47,No,No phone service,DSL,No,Yes,No,Yes,Yes,No,Month-to-month,Yes,Mailed check,41.38,1951.8,No
CUST-00992,Female,0,Yes,No,7,Yes,Yes,Fiber optic,No,Yes,No,Yes,Yes,No,Month-to-month,No,Credit card (automatic),92.46,641.75,Yes
CUST-00993,Female,0,Yes,Yes,38,Yes,No,No,No internet service,No internet service,No internet service,No internet service,No internet service,No internet service,Month-to-month,No,Mailed check,34.48,1301.54,Yes
CUST-00994,Female,0,Yes,No,47,Yes,Yes,Fiber optic,No,No,Yes,No,No,Yes,One year,Yes,Bank transfer (automatic),92.4,4343.63,No
CUST-00995,Female,0,No,No,35,Yes,Yes,No,No internet service,No internet service,No internet service,No internet service,No internet service,No internet service,Month-to-month,Yes,Electronic check,24.16,836.3,No
CUST-00996,Male,0,No,No,62,Yes,Yes,No,No internet service,No internet service,No internet service,No internet service,No internet service,No internet service,One year,No,Credit card (automatic),42.72,2653.03,No
CUST-00997,Male,0,Yes,No,3,Yes,No,Fiber optic,No,Yes,Yes,Yes,No,No,One year,Yes,Electronic check,78.24,236.73,Yes
CUST-00998,Female,0,No,Yes,20,Yes,Yes,Fiber optic,No,No,No,No,No,Yes,Two year,Yes,Electronic check,74.7,1488.63,No
CUST-00999,Female,0,Yes,Yes,44,Yes,No,Fiber optic,Yes,No,No,Yes,Yes,Yes,Two year,No,Electronic check,90.25,3970.83,No
CUST-01000,Male,0,Yes,Yes,32,No,No phone service,No,No internet service,No internet service,No internet service,No internet service,No internet service,No internet service,Month-to-month,Yes,Electronic check,18.25,574.13,No
CUST-01001,Female,0,Yes,No,26,Yes,Yes,Fiber optic,No,No,Yes,No,No,No,One year,Yes,Electronic check,86.95,2261.54,No
CUST-01002,Male,0,No,Yes,48,Yes,No,DSL,No,No,No,No,No,Yes,Month-to-month,Yes,Electronic check,65.93,3170.14,No
CUST-01003,Male,0,No,No,5,Yes,No,No,No internet service,No internet service,No internet service,No internet service,No internet service,No internet service,Two year,No,Bank transfer (automatic),41.14,196.87,No
CUST-01004,Male,0,Yes,No,59,Yes,No,No,No internet service,No internet service,No internet service,No internet service,No internet service,No internet service,Month-to-month,Yes,Mailed check,18.25,1071.26,No
CUST-01005,Male,0,Yes,Yes,61,Yes,Yes,Fiber optic,Yes,Yes,No,No,No,Yes,Month-to-month,Yes,Bank transfer (automatic),91.45,5580.92,Yes
CUST-01006,Male,0,Yes,No,49,Yes,No,Fiber optic,No,No,No,Yes,Yes,No,Month-to-month,Yes,Credit card (automatic),86.46,4227.5,No
CUST-01007,Female,0,Yes,No,30,Yes,No,Fiber optic,Yes,Yes,No,Yes,No,No,Month-to-month,Yes,Mailed check,90.36,2717.11,Yes
CUST-01008,Male,0,No,No,17,Yes,No,DSL,No,No,Yes,No,Yes,Yes,Month-to-month,Yes,Bank transfer (automatic),60.02,1016.83,No
CUST-01009,Female,0,No,No,70,Yes,No,Fiber optic,No,No,No,No,No,No,One year,Yes,Bank transfer (automatic),87.47,6117.12,Yes
CUST-01010,Female,0,Yes,No,58,Yes,No,DSL,No,No,No,No,Yes,Yes,Two year,Yes,Electronic check,58.53,3401.78,No
CUST-01011,Male,0,Yes,No,63,Yes,No,Fiber optic,Yes,Yes,No,Yes,No,No,Month-to-month,No,Mailed check,79.12,4987.65,No
CUST-01012,Male,0,No,No,61,Yes,No,Fiber optic,No,Yes,Yes,No,No,Yes,Two year,Yes,Mailed check,92.86,5672.44,No
CUST-01013,Female,0,Yes,No,63,No,No phone service,DSL,Yes,No,Yes,No,No,No,Month-to-month,Yes,Bank transfer (automatic),43.31,2726.34,No
CUST-01014,Male,0,No,Yes,15,Yes,Yes,DSL,Yes,No,Yes,Yes,No,No,One year,Yes,Mailed check,41.91,638.25,No
CUST-01015,Male,0,No,No,1,Yes,Yes,DSL,Yes,Yes,Yes,Yes,Yes,Yes,One year,Yes,Mailed check,59.96,69.06,No
CUST-01016,Female,0,Yes,Yes,13,Yes,No,Fiber optic,No,Yes,Yes,No,No,No,One year,No,Electronic check,85.21,1109.13,Yes
CUST-01017,Female,0,No,Yes,48,Yes,No,DSL,No,Yes,Yes,No,No,No,Month-to-month,No,Mailed check,65.26,3137.03,No
CUST-01018,Male,0,No,No,34,Yes,Yes,DSL,Yes,Yes,No,No,No,No,Month-to-month,No,Electronic check,59.46,2019.09,Yes
CUST-01019,Female,0,No,No,30,Yes,No,No,No internet service,No internet service,No internet service,No internet service,No internet service,No internet service,Month-to-month,Yes,Mailed check,18.25,538.66,Yes
CUST-01020,Male,0,No,No,19,Yes,No,Fiber optic,Yes,Yes,No,Yes,No,No,Month-to-month,No,Credit card (automatic),91.38,1732.82,Yes
CUST-01021,Male,0,Yes,Yes,64,Yes,Yes,Fiber optic,No,Yes,Yes,No,No,No,Month-to-month,Yes,Electronic check,67.97,4345.22,No
CUST-01022,Male,0,No,No,66,No,No phone service,Fiber optic,No,No,No,No,No,No,Month-to-month,No,Electronic check,78.48,5172.37,Yes
CUST-01023,Female,0,No,No,57,Yes,Yes,DSL,No,No,Yes,Yes,No,No,One year,Yes,Bank transfer (automatic),58.88,3355.87,No
CUST-01024,Female,0,No,Yes,44,Yes,Yes,DSL,No,No,No,No,Yes,Yes,Month-to-month,Yes,Bank transfer (automatic),58.97,2603.36,No
CUST-01025,Female,0,Yes,No,12,Yes,No,Fiber optic,No,Yes,Yes,Yes,No,Yes,Month-to-month,Yes,Mailed check,78.44,948.96,Yes
CUST-01026,Female,0,Yes,No,40,Yes,Yes,Fiber optic,No,No,No,No,No,Yes,One year,Yes,Credit card (automatic),74.92,2992.44,No
CUST-01027,Female,1,Yes,No,24,Yes,No,Fiber optic,No,No,No,No,Yes,Yes,Month-to-month,Yes,Mailed check,74.03,1786.72,Yes
CUST-01028,Male,0,No,Yes,11,Yes,No,Fiber optic,No,No,Yes,No,No,Yes,Month-to-month,No,Electronic check,94.2,1044.41,Yes
CUST-01029,Male,0,Yes,Yes,66,Yes,Yes,Fiber optic,No,No,Yes,No,No,Yes,Month-to-month,Yes,Mailed check,75.2,4955.08,No
CUST-01030,Male,0,Yes,No,1,Yes,No,DSL,Yes,No,No,No,No,No,Month-to-month,Yes,Mailed check,57.44,52.29,Yes
CUST-01031,Male,0,Yes,No,58,Yes,No,No,No internet service,No internet service,No internet service,No internet service,No internet service,No internet service,Month-to-month,Yes,Mailed check,32.36,,Yes
CUST-01032,Female,0,No,No,28,Yes,Yes,DSL,No,No,No,No,No,Yes,Month-to-month,No,Credit card (automatic),57.13,1594.11,Yes
CUST-01033,Male,0,Yes,Yes,68,Yes,No,No,No internet service,No internet service,No internet service,No internet service,No internet service,No internet service,One year,Yes,Mailed check,33.64,2280.34,No
CUST-01034,Female,0,Yes,No,59,Yes,No,No,No internet service,No internet service,No internet service,No internet service,No internet service,No internet service,Month-to-month,Yes,Bank transfer (automatic),22.87,1347.36,No
CUST-01035,Male,0,Yes,No,71,Yes,Yes,DSL,No,No,Yes,No,Yes,No,One year,Yes,Mailed check,50.16,3563.18,No
CUST-01036,Female,1,No,Yes,22,Yes,No,No,No internet service,No internet service,No internet service,No internet service,No internet service,No internet service,Two year,Yes,Bank transfer (automatic),18.25,406.78,No
CUST-01037,Female,0,No,No,29,Yes,No,No,No internet service,No internet service,No internet service,No internet service,No internet service,No internet service,Month-to-month,No,Electronic check,32.13,939.71,Yes
CUST-01038,Male,0,Yes,No,69,Yes,No,No,No internet service,No internet service,No internet service,No internet service,No internet service,No internet service,Month-to-month,Yes,Credit card (automatic),22.17,1527.22,Yes
CUST-01039,Male,0,Yes,Yes,45,Yes,Yes,Fiber optic,No,No,No,No,Yes,No,Month-to-month,Yes,Bank transfer (automatic),70.14,3158.94,Yes
CUST-01040,Male,0,Yes,Yes,70,Yes,Yes,No,No internet service,No internet service,No internet service,No internet service,No internet service,No internet service,Month-to-month,Yes,Electronic check,40.0,2799.52,No
CUST-01041,Male,0,No,No,17,Yes,Yes,Fiber optic,No,Yes,Yes,Yes,No,Yes,One year,No,Electronic check,82.46,1405.77,No
CUST-01042,Female,0,No,No,39,No,No phone service,No,No internet service,No internet service,No internet service,No internet service,No internet service,No internet service,Month-to-month,No,Bank transfer (automatic),31.75,1242.89,No
CUST-01043,Male,0,Yes,No,40,Yes,Yes,Fiber optic,No,No,No,Yes,No,No,Two year,Yes,Electronic check,69.68,2777.56,Yes
CUST-01044,Male,0,No,No,28,Yes,Yes,No,No internet service,No internet service,No internet service,No internet service,No internet service,No internet service,Month-to-month,No,Mailed check,28.34,797.39,Yes
CUST-01045,Female,0,Yes,Yes,2,Yes,Yes,Fiber optic,Yes,No,No,No,Yes,Yes,One year,No,Bank transfer (automatic),81.66,154.31,No
CUST-01046,Male,0,No,No,27,Yes,Yes,Fiber optic,Yes,Yes,Yes,No,No,No,One year,Yes,Credit card (automatic),78.14,2104.31,No
CUST-01047,Male,1,Yes,No,21,Yes,No,No,No internet service,No internet service,No internet service,No internet service,No internet service,No internet service,Month-to-month,Yes,Credit card (automatic),31.02,647.23,No
CUST-01048,Male,0,No,Yes,7,Yes,Yes,Fiber optic,No,No,Yes,Yes,No,Yes,Month-to-month,Yes,Bank transfer (automatic),65.45,460.21,Yes
CUST-01049,Male,0,Yes,No,61,Yes,No,DSL,Yes,Yes,No,No,No,Yes,Month-to-month,No,Electronic check,45.99,2800.7,No
CUST-01050,Male,0,No,Yes,52,Yes,Yes,DSL,Yes,No,Yes,No,Yes,No,Month-to-month,Yes,Electronic check,46.51,2418.08,Yes
CUST-01051,Female,0,Yes,Yes,48,Yes,No,No,No internet service,No internet service,No internet service,No internet service,No internet service,No internet service,Two year,Yes,Mailed check,26.34,1266.29,No
CUST-01052,Male,1,Yes,Yes,19,No,No phone service,No,No internet service,No internet service,No internet service,No internet service,No internet service,No internet service,Month-to-month,Yes,Credit card (automatic),43.22,830.47,No
CUST-01053,Male,0,Yes,Yes,12,Yes,No,Fiber optic,No,No,No,No,No,Yes,One year,No,Mailed check,81.24,977.81,Yes
CUST-01054,Male,0,Yes,No,71,Yes,Yes,No,No internet service,No internet service,No internet service,No internet service,No internet service,No internet service,Two year,Yes,Bank transfer (automatic),22.69,1615.29,No
CUST-01055,Male,0,No,No,2,Yes,No,DSL,No,No,Yes,No,No,No,Month-to-month,No,Credit card (automatic),61.5,119.91,Yes
CUST-01056,Male,1,Yes,No,17,Yes,Yes,DSL,No,No,No,No,No,No,Month-to-month,No,Electronic check,46.56,790.17,Yes
CUST-01057,Female,0,No,No,3,Yes,No,Fiber optic,No,No,No,Yes,No,No,Month-to-month,No,Credit card (automatic),69.73,201.9,No
CUST-01058,Male,0,No,No,21,Yes,Yes,Fiber optic,Yes,No,No,No,No,No,Month-to-month,No,Electronic check,73.94,1549.56,No
CUST-01059,Female,0,Yes,No,51,Yes,No,DSL,No,No,No,No,No,No,Month-to-month,No,Bank transfer (automatic),48.78,2479.31,Yes
CUST-01060,Female,0,Yes,No,10,Yes,Yes,Fiber optic,No,No,No,No,No,No,Month-to-month,Yes,Bank transfer (automatic),77.64,773.83,Yes
CUST-01061,Male,0,Yes,No,55,Yes,No,DSL,No,No,No,No,Yes,Yes,Month-to-month,Yes,Mailed check,61.43,3383.36,No
CUST-01062,Male,1,Yes,No,36,Yes,Yes,Fiber optic,No,Yes,Yes,No,Yes,No,Month-to-month,Yes,Bank transfer (automatic),82.37,2969.29,No
CUST-01063,Male,0,No,No,51,Yes,Yes,Fiber optic,No,Yes,No,No,Yes,Yes,Month-to-month,Yes,Electronic check,79.78,4070.16,Yes
CUST-01064,Male,0,No,Yes,17,Yes,Yes,No,No internet service,No internet service,No internet service,No internet service,No internet service,No internet service,Month-to-month,No,Electronic check,43.45,738.24,No
CUST-01065,Female,0,No,No,61,Yes,No,No,No internet service,No internet service,No internet service,No internet service,No internet service,No internet service,Month-to-month,No,Electronic check,18.25,1119.74,No
CUST-01066,Male,0,No,No,13,Yes,Yes,Fiber optic,No,No,Yes,Yes,No,Yes,Two year,No,Bank transfer (automatic),77.12,1012.28,No
CUST-01067,Male,0,Yes,No,65,Yes,Yes,DSL,No,No,No,Yes,No,No,Month-to-month,Yes,Credit card (automatic),60.55,3945.61,No
CUST-01068,Male,1,No,Yes,48,Yes,Yes,No,No internet service,No internet service,No internet service,No internet service,No internet service,No internet service,Two year,Yes,Bank transfer (automatic),24.61,1171.64,No
CUST-01069,Male,0,Yes,No,70,Yes,No,DSL,No,No,No,Yes,No,Yes,Month-to-month,No,Bank transfer (automatic),54.26,3790.38,No
CUST-01070,Male,0,Yes,No,47,Yes,No,DSL,No,No,Yes,No,Yes,Yes,One year,No,Mailed check,40.9,1919.5,No
CUST-01071,Male,0,No,Yes,10,Yes,Yes,DSL,No,Yes,Yes,No,Yes,No,Two year,No,Bank transfer (automatic),46.1,463.68,No
CUST-01072,Female,0,No,No,57,Yes,Yes,No,No internet service,No internet service,No internet service,No internet service,No internet service,No internet service,One year,Yes,Bank transfer (automatic),18.25,1042.83,No
CUST-01073,Female,0,No,Yes,13,Yes,No,No,No internet service,No internet service,No internet service,No internet service,No internet service,No internet service,Two year,Yes,Electronic check,44.12,580.88,No
CUST-01074,Male,0,No,No,61,Yes,No,No,No internet service,No internet service,No internet service,No internet service,No internet service,No internet service,Month-to-month,No,Bank transfer (automatic),37.33,2277.85,No
CUST-01075,Male,0,No,No,58,No,No phone service,Fiber optic,No,No,No,No,Yes,No,Month-to-month,No,Electronic check,84.6,4901.73,No
CUST-01076,Male,0,No,No,68,Yes,Yes,DSL,Yes,Yes,Yes,No,Yes,Yes,Month-to-month,No,Electronic check,40.06,2717.04,Yes
CUST-01077,Female,0,Yes,No,29,Yes,Yes,No,No internet service,No internet service,No internet service,No internet service,No internet service,No internet service,One year,Yes,Electronic check,29.0,840.9,No
CUST-01078,Male,0,Yes,No,16,Yes,No,Fiber optic,No,No,No,No,Yes,No,Two year,Yes,Electronic check,86.24,1389.42,No
CUST-01079,Female,0,Yes,Yes,63,Yes,Yes,Fiber optic,Yes,No,Yes,Yes,Yes,No,Month-to-month,No,Mailed check,83.25,5246.69,Yes
CUST-01080,Male,1,No,Yes,47,Yes,No,DSL,No,Yes,Yes,No,No,No,Two year,No,Mailed check,55.43,2596.96,No
CUST-01081,Male,0,Yes,Yes,43,Yes,No,DSL,No,No,Yes,Yes,No,No,Two year,No,Credit card (automatic),64.88,2780.77,No
CUST-01082,Male,0,Yes,Yes,23,Yes,No,No,No internet service,No internet service,No internet service,No internet service,No internet service,No internet service,Two year,Yes,Bank transfer (automatic),25.06,580.34,No
CUST-01083,Male,0,Yes,No,30,Yes,No,DSL,No,No,No,Yes,No,No,Month-to-month,Yes,Credit card (automatic),65.17,1959.16,No
CUST-01084,Female,0,Yes,No,57,Yes,Yes,DSL,No,No,No,No,No,No,Month-to-month,Yes,Bank transfer (automatic),51.65,2946.02,No
CUST-01085,Female,0,Yes,Yes,30,Yes,No,Fiber optic,No,No,Yes,No,No,Yes,Month-to-month,No,Bank transfer (automatic),82.42,2476.75,Yes
CUST-01086,Male,0,Yes,Yes,67,Yes,Yes,DSL,No,Yes,No,No,Yes,Yes,Month-to-month,Yes,Credit card (automatic),55.6,3720.42,No
CUST-01087,Male,0,No,No,56,Yes,Yes,DSL,No,Yes,No,Yes,No,Yes,Two year,No,Electronic check,52.32,2929.18,No
CUST-01088,Female,0,No,No,24,Yes,No,No,No internet service,No internet service,No internet service,No internet service,No internet service,No internet service,Month-to-month,Yes,Bank transfer (automatic),22.99,552.77,No
CUST-01089,Female,0,No,No,8,Yes,Yes,DSL,Yes,Yes,No,Yes,No,No,Month-to-month,Yes,Credit card (automatic),53.45,419.47,No
CUST-01090,Female,0,Yes,No,44,Yes,Yes,Fiber optic,No,No,No,No,Yes,Yes,Two year,Yes,Credit card (automatic),68.64,3028.77,No
CUST-01091,Female,1,No,No,34,Yes,Yes,Fiber optic,No,No,No,No,No,No,Month-to-month,No,Mailed check,75.32,2564.69,Yes
CUST-01092,Male,0,No,Yes,35,Yes,No,DSL,No,Yes,No,No,No,Yes,Month-to-month,No,Mailed check,57.39,2016.05,No
CUST-01093,Female,0,Yes,No,50,Yes,No,Fiber optic,No,No,No,No,Yes,No,Month-to-month,Yes,Electronic check,66.85,3335.01,Yes
CUST-01094,Male,0,No,Yes,17,Yes,No,DSL,No,No,No,Yes,Yes,No,Month-to-month,Yes,Credit card (automatic),62.31,1058.5,Yes
CUST-01095,Female,0,Yes,Yes,2,Yes,Yes,DSL,Yes,Yes,Yes,No,No,No,One year,Yes,Credit card (automatic),57.02,120.72,No
CUST-01096,Female,0,No,Yes,54,Yes,Yes,DSL,No,Yes,No,Yes,Yes,No,Two year,Yes,Credit card (automatic),68.95,3727.6,No
CUST-01097,Female,0,Yes,No,44,Yes,No,DSL,No,No,No,Yes,No,No,Month-to-month,Yes,Electronic check,42.73,1881.68,Yes
CUST-01098,Female,1,Yes,No,49,Yes,Yes,Fiber optic,No,No,Yes,No,No,Yes,Month-to-month,No,Electronic check,71.8,3508.45,Yes
CUST-01099,Female,1,No,Yes,2,Yes,No,DSL,No,No,Yes,No,No,No,One year,No,Credit card (automatic),56.14,113.21,No
CUST-01100,Male,0,Yes,No,72,Yes,No,DSL,No,No,Yes,No,No,No,Month-to-month,Yes,Bank transfer (automatic),54.55,3924.3,Yes
CUST-01101,Male,0,No,No,70,Yes,No,No,No internet service,No internet service,No internet service,No internet service,No internet service,No internet service,Month-to-month,No,Bank transfer (automatic),29.95,2087.32,Yes
CUST-01102,Female,1,Yes,No,9,Yes,Yes,DSL,No,No,No,No,Yes,Yes,Month-to-month,Yes,Mailed check,50.25,447.81,Yes
CUST-01103,Female,0,No,Yes,1,Yes,Yes,DSL,Yes,No,No,No,No,Yes,One year,No,Bank transfer (automatic),65.98,71.61,No
CUST-01104,Male,1,No,No,69,Yes,No,Fiber optic,No,No,No,Yes,Yes,No,Month-to-month,No,Electronic check,66.54,4600.89,Yes
CUST-01105,Female,0,Yes,No,9,Yes,No,No,No internet service,No internet service,No internet service,No internet service,No internet service,No internet service,Two year,No,Credit card (automatic),41.17,368.76,No
CUST-01106,Female,0,No,Yes,14,Yes,No,DSL,No,No,Yes,Yes,No,No,Month-to-month,No,Credit card (automatic),63.29,877.99,No
CUST-01107,Male,0,No,Yes,27,Yes,Yes,DSL,No,No,Yes,Yes,Yes,Yes,Two year,Yes,Credit card (automatic),63.65,1726.87,No
CUST-01108,Female,0,No,Yes,9,Yes,No,Fiber optic,No,No,No,No,Yes,Yes,Two year,Yes,Electronic check,92.31,822.15,No
CUST-01109,Female,0,Yes,Yes,36,Yes,No,Fiber optic,No,No,No,No,Yes,Yes,Month-to-month,Yes,Credit card (automatic),82.0,2948.41,Yes
CUST-01110,Male,0,Yes,No,3,Yes,Yes,DSL,No,Yes,No,No,No,No,Month-to-month,No,Bank transfer (automatic),65.98,191.22,No
CUST-01111,Male,0,No,No,23,Yes,Yes,DSL,No,No,No,Yes,No,Yes,Two year,No,Electronic check,52.15,1194.49,No
CUST-01112,Male,0,No,No,30,Yes,Yes,DSL,No,No,No,No,Yes,No,One year,No,Credit card (automatic),60.53,1818.96,No
CUST-01113,Female,0,Yes,Yes,19,Yes,No,DSL,Yes,No,Yes,No,No,Yes,Month-to-month,Yes,Electronic check,49.14,924.53,No
CUST-01114,Male,0,Yes,No,67,Yes,Yes,DSL,No,No,No,No,Yes,No,Month-to-month,Yes,Bank transfer (automatic),64.19,4298.36,No
CUST-01115,Male,0,No,No,50,No,No phone service,Fiber optic,No,Yes,No,No,No,No,Month-to-month,Yes,Credit card (automatic),66.04,3292.09,Yes
CUST-01116,Male,0,Yes,No,48,Yes,No,DSL,Yes,No,No,No,No,Yes,Month-to-month,Yes,Mailed check,65.36,3135.57,Yes
CUST-01117,Male,0,Yes,No,3,Yes,No,Fiber optic,No,No,Yes,No,No,No,One year,No,Bank transfer (automatic),68.53,204.85,Yes
CUST-01118,Male,1,No,Yes,66,Yes,Yes,Fiber optic,Yes,Yes,Yes,Yes,Yes,Yes,Month-to-month,Yes,Electronic check,69.68,4605.52,No
CUST-01119,Male,1,Yes,No,27,Yes,No,DSL,Yes,Yes,Yes,No,Yes,Yes,Month-to-month,Yes,Mailed check,62.7,1693.03,Yes
CUST-01120,Female,0,Yes,No,40,Yes,Yes,No,No internet service,No internet service,No internet service,No internet service,No internet service,No internet service,Month-to-month,Yes,Electronic check,22.1,877.16,No
CUST-01121,Female,0,Yes,No,18,Yes,Yes,No,No internet service,No internet service,No internet service,No internet service,No internet service,No internet service,Two year,No,Bank transfer (automatic),29.74,537.35,No
CUST-01122,Male,0,No,No,27,Yes,Yes,DSL,Yes,Yes,No,No,Yes,Yes,One year,Yes,Bank transfer (automatic),54.96,1478.94,Yes
CUST-01123,Male,1,Yes,Yes,11,Yes,No,DSL,Yes,Yes,Yes,No,No,No,Two year,No,Bank transfer (automatic),51.26,564.07,No
CUST-01124,Male,0,No,Yes,39,Yes,Yes,Fiber optic,Yes,Yes,No,No,No,No,Month-to-month,Yes,Bank transfer (automatic),92.98,3621.6,Yes
CUST-01125,Female,0,Yes,No,19,Yes,No,DSL,No,No,Yes,Yes,Yes,Yes,Two year,Yes,Bank transfer (automatic),56.92,1076.42,No
CUST-01126,Female,0,Yes,No,7,Yes,No,No,No internet service,No internet service,No internet service,No internet service,No internet service,No internet service,Month-to-month,Yes,Credit card (automatic),36.51,261.39,Yes
CUST-01127,Female,0,No,No,57,Yes,Yes,DSL,No,No,No,No,No,No,Month-to-month,No,Mailed check,66.71,3802.62,No
CUST-01128,Female,0,No,Yes,2,Yes,No,Fiber optic,Yes,Yes,Yes,No,No,No,Month-to-month,No,Mailed check,83.44,172.42,No
CUST-01129,Female,0,No,No,38,Yes,Yes,DSL,Yes,No,Yes,No,No,No,Month-to-month,Yes,Mailed check,60.85,2310.95,No
CUST-01130,Female,1,No,No,5,Yes,Yes,DSL,No,No,Yes,No,Yes,Yes,Month-to-month,Yes,Mailed check,53.27,262.39,Yes
CUST-01131,Female,1,Yes,No,36,Yes,Yes,DSL,No,Yes,No,No,No,No,Month-to-month,Yes,Credit card (automatic),69.86,2515.61,No
CUST-01132,Female,0,No,Yes,68,Yes,Yes,Fiber optic,No,Yes,No,No,Yes,Yes,One year,Yes,Credit card (automatic),88.28,6009.62,Yes
CUST-01133,Female,0,No,Yes,57,Yes,No,No,No internet service,No internet service,No internet service,No internet service,No internet service,No internet service,Month-to-month,No,Electronic check,43.95,2497.29,Yes
CUST-01134,Male,0,No,No,20,Yes,Yes,No,No internet service,No internet service,No internet service,No internet service,No internet service,No internet service,Month-to-month,Yes,Mailed check,18.82,385.83,No
CUST-01135,Male,0,Yes,No,5,Yes,No,DSL,No,No,Yes,Yes,Yes,No,One year,Yes,Mailed check,40.69,203.72,No
CUST-01136,Male,0,Yes,No,24,Yes,No,Fiber optic,No,Yes,No,No,Yes,No,Two year,Yes,Credit card (automatic),80.7,1936.08,No
CUST-01137,Male,0,No,No,30,Yes,Yes,Fiber optic,No,No,No,No,No,No,Two year,Yes,Credit card (automatic),86.95,2617.9,No
CUST-01138,Female,0,No,No,28,Yes,No,Fiber optic,No,No,No,No,Yes,Yes,Month-to-month,Yes,Credit card (automatic),89.99,2516.78,Yes
CUST-01139,Female,0,No,Yes,53,Yes,Yes,DSL,No,No,Yes,No,Yes,No,One year,Yes,Electronic check,65.46,3467.55,Yes
CUST-01140,Male,0,No,Yes,51,Yes,Yes,Fiber optic,No,Yes,No,No,No,Yes,Month-to-month,Yes,Electronic check,73.61,3746.81,No
CUST-01141,Female,0,Yes,Yes,7,Yes,Yes,No,No internet service,No internet service,No internet service,No internet service,No internet service,No internet service,Month-to-month,Yes,Credit card (automatic),37.77,272.12,Yes
CUST-01142,Male,0,No,No,42,Yes,No,No,No internet service,No internet service,No internet service,No internet service,No internet service,No internet service,One year,Yes,Mailed check,19.72,837.85,No
CUST-01143,Female,1,Yes,No,35,Yes,Yes,Fiber optic,Yes,No,No,No,Yes,Yes,Two year,Yes,Mailed check,80.58,2813.45,Yes
CUST-01144,Male,1,No,No,34,Yes,No,DSL,No,No,No,No,No,Yes,One year,Yes,Mailed check,47.06,1609.02,No
CUST-01145,Female,1,No,Yes,54,Yes,Yes,No,No internet service,No internet service,No internet service,No internet service,No internet service,No internet service,Two year,No,Credit card (automatic),21.95,1175.46,No
CUST-01146,Female,0,Yes,No,29,Yes,No,No,No internet service,No internet service,No internet service,No internet service,No internet service,No internet service,One year,No,Credit card (automatic),23.99,700.45,No
CUST-01147,Male,0,No,No,10,Yes,Yes,Fiber optic,No,Yes,No,No,No,Yes,One year,No,Credit card (automatic),74.22,745.17,No
CUST-01148,Female,0,No,No,27,Yes,No,No,No internet service,No internet service,No internet service,No internet service,No internet service,No internet service,Month-to-month,Yes,Credit card (automatic),25.04,667.32,No
CUST-01149,Male,1,No,Yes,13,Yes,Yes,No,No internet service,No internet service,No internet service,No internet service,No internet service,No internet service,Month-to-month,Yes,Electronic check,42.4,542.01,No
CUST-01150,Male,0,No,No,42,Yes,No,Fiber optic,Yes,Yes,No,Yes,No,Yes,Two year,No,Bank transfer (automatic),85.61,3586.77,No
CUST-01151,Male,0,Yes,No,37,Yes,Yes,Fiber optic,No,No,No,No,No,No,One year,Yes,Bank transfer (automatic),65.13,2416.6,No
CUST-01152,Male,0,No,No,61,Yes,No,Fiber optic,No,Yes,Yes,No,No,Yes,Month-to-month,No,Electronic check,77.04,4700.23,No
CUST-01153,Female,0,No,No,21,Yes,Yes,Fiber optic,Yes,No,No,Yes,No,Yes,One year,No,Bank transfer (automatic),69.95,1474.64,No
CUST-01154,Female,0,Yes,Yes,3,Yes,No,DSL,No,No,No,No,No,Yes,Month-to-month,No,Bank transfer (automatic),61.64,191.23,Yes
CUST-01155,Female,0,No,No,8,Yes,Yes,Fiber optic,No,No,No,No,No,Yes,Two year,Yes,Bank transfer (automatic),94.48,759.57,No
CUST-01156,Male,0,Yes,No,70,Yes,Yes,DSL,No,No,No,Yes,No,No,Two year,No,Mailed check,54.96,3856.19,No
CUST-01157,Female,0,No,No,17,Yes,Yes,Fiber optic,No,Yes,Yes,No,No,No,Two year,Yes,Electronic check,94.43,1596.0,No
CUST-01158,Male,1,No,No,10,Yes,No,No,No internet service,No internet service,No internet service,No internet service,No internet service,No internet service,Month-to-month,Yes,Electronic check,23.28,227.76,Yes
CUST-01159,Female,0,No,Yes,13,Yes,No,Fiber optic,No,Yes,No,Yes,Yes,No,Month-to-month,No,Electronic check,82.43,1070.69,No
CUST-01160,Female,0,Yes,Yes,12,Yes,Yes,DSL,No,No,Yes,No,No,Yes,Two year,Yes,Mailed check,56.35,681.79,No
CUST-01161,Female,0,Yes,No,66,Yes,No,No,No internet service,No internet service,No internet service,No internet service,No internet service,No internet service,Month-to-month,Yes,Electronic check,38.88,2563.27,No
CUST-01162,Male,1,No,Yes,23,Yes,Yes,DSL,Yes,Yes,Yes,Yes,Yes,No,Two year,Yes,Mailed check,47.84,1098.38,No
CUST-01163,Female,0,Yes,No,65,Yes,Yes,No,No internet service,No internet service,No internet service,No internet service,No internet service,No internet service,Two year,Yes,Mailed check,22.77,1483.81,Yes
CUST-01164,Female,1,No,Yes,52,No,No phone service,Fiber optic,No,No,Yes,No,No,No,Two year,No,Mailed check,75.64,3929.73,No
CUST-01165,Male,0,Yes,Yes,61,Yes,No,Fiber optic,No,No,No,Yes,No,No,Month-to-month,Yes,Mailed check,82.52,5042.91,No
CUST-01166,Female,1,No,No,26,Yes,Yes,Fiber optic,Yes,No,No,Yes,Yes,No,One year,No,Bank transfer (automatic),69.06,1792.44,No
CUST-01167,Male,1,Yes,Yes,15,Yes,No,DSL,No,Yes,Yes,No,Yes,Yes,Two year,No,Electronic check,68.65,1030.9,No
CUST-01168,Female,0,No,No,22,Yes,No,Fiber optic,Yes,No,Yes,No,No,Yes,Month-to-month,Yes,Credit card (automatic),78.82,1724.67,Yes
CUST-01169,Male,0,Yes,No,65,Yes,Yes,DSL,No,Yes,No,No,Yes,No,One year,Yes,Mailed check,,3578.51,No
CUST-01170,Male,0,Yes,No,26,Yes,No,Fiber optic,No,No,Yes,No,Yes,Yes,Month-to-month,Yes,Bank transfer (automatic),77.32,2001.4,Yes
CUST-01171,Female,0,Yes,No,21,Yes,No,Fiber optic,Yes,No,Yes,Yes,Yes,No,Month-to-month,Yes,Electronic check,76.62,1616.46,Yes
CUST-01172,Male,0,Yes,Yes,24,Yes,No,Fiber optic,Yes,No,No,No,No,No,Two year,Yes,Electronic check,78.69,1895.0,No
CUST-01173,Male,0,No,No,16,Yes,Yes,No,No internet service,No internet service,No internet service,No internet service,No internet service,No internet service,Month-to-month,Yes,Bank transfer (automatic),22.27,351.53,No
CUST-01174,Male,0,No,No,32,Yes,Yes,Fiber optic,No,No,Yes,No,No,Yes,Month-to-month,Yes,Credit card (automatic),69.44,2232.0,No
CUST-01175,Male,0,Yes,No,16,Yes,No,Fiber optic,No,No,Yes,No,No,No,Month-to-month,Yes,Credit card (automatic),78.09,1249.4,Yes
CUST-01176,Male,0,No,No,42,Yes,No,No,No internet service,No internet service,No internet service,No internet service,No internet service,No internet service,Month-to-month,Yes,Credit card (automatic),35.29,1476.06,No
CUST-01177,Male,0,Yes,No,32,No,No phone service,DSL,No,No,No,No,No,Yes,Two year,Yes,Mailed check,50.69,1617.78,No
CUST-01178,Female,0,No,No,50,Yes,Yes,No,No internet service,No internet service,No internet service,No internet service,No internet service,No internet service,Month-to-month,No,Mailed check,18.25,908.74,Yes
CUST-01179,Male,0,Yes,No,41,Yes,No,DSL,No,No,Yes,No,No,No,Two year,Yes,Bank transfer (automatic),55.72,2277.61,No
CUST-01180,Male,0,No,Yes,24,Yes,Yes,Fiber optic,No,No,No,Yes,No,No,Month-to-month,Yes,Mailed check,80.72,1937.94,No
CUST-01181,Female,0,No,Yes,13,Yes,Yes,No,No internet service,No internet service,No internet service,No internet service,No internet service,No internet service,One year,No,Credit card (automatic),20.07,255.13,No
CUST-01182,Female,1,Yes,No,10,Yes,No,No,No internet service,No internet service,No internet service,No internet service,No internet service,No internet service,Month-to-month,No,Bank transfer (automatic),25.29,244.6,No
CUST-01183,Female,0,Yes,Yes,42,Yes,Yes,DSL,No,No,Yes,No,Yes,No,Two year,No,Mailed check,63.68,2684.53,No
CUST-01184,Female,0,Yes,Yes,41,No,No phone service,DSL,No,No,No,No,Yes,No,Month-to-month,Yes,Electronic check,40.96,1684.16,No
CUST-01185,Female,0,Yes,Yes,3,Yes,No,No,No internet service,No internet service,No internet service,No internet service,No internet service,No internet service,Month-to-month,Yes,Electronic check,18.25,62.75,Yes
CUST-01186,Female,0,Yes,No,55,Yes,No,No,No internet service,No internet service,No internet service,No internet service,No internet service,No internet service,Two year,Yes,Credit card (automatic),36.02,1972.07,No
CUST-01187,Female,1,No,No,16,Yes,No,Fiber optic,No,Yes,Yes,No,No,No,Month-to-month,Yes,Mailed check,82.17,1311.41,Yes
CUST-01188,Male,1,Yes,No,44,No,No phone service,DSL,No,No,Yes,Yes,No,No,One year,Yes,Credit card (automatic),57.36,2519.05,No
CUST-01189,Male,0,No,No,30,Yes,Yes,Fiber optic,No,No,No,Yes,No,No,One year,Yes,Bank transfer (automatic),78.73,2369.63,No
CUST-01190,Female,0,Yes,No,37,Yes,Yes,DSL,No,No,Yes,No,No,Yes,One year,No,Electronic check,42.58,1584.17,Yes
CUST-01191,Male,0,No,No,60,Yes,Yes,No,No internet service,No internet service,No internet service,No internet service,No internet service,No internet service,Month-to-month,No,Mailed check,18.25,1093.61,No
CUST-01192,Male,0,No,No,24,Yes,No,Fiber optic,No,Yes,Yes,Yes,No,Yes,One year,Yes,Bank transfer (automatic),74.72,1792.64,No
CUST-01193,Male,1,Yes,No,26,Yes,Yes,Fiber optic,No,No,No,No,Yes,Yes,One year,Yes,Credit card (automatic),66.7,1743.9,No
CUST-01194,Female,0,Yes,No,58,Yes,No,DSL,Yes,No,No,Yes,Yes,No,Month-to-month,No,Electronic check,56.96,3302.56,No
CUST-01195,Female,0,No,No,9,Yes,No,Fiber optic,Yes,Yes,Yes,No,Yes,Yes,Month-to-month,Yes,Credit card (automatic),85.37,767.64,No
CUST-01196,Male,0,No,No,61,Yes,No,Fiber optic,No,Yes,Yes,Yes,No,Yes,Month-to-month,Yes,Mailed check,83.55,5103.12,No
CUST-01197,Female,1,Yes,No,19,Yes,Yes,Fiber optic,No,No,No,No,Yes,Yes,Month-to-month,Yes,Electronic check,86.88,1657.02,Yes
CUST-01198,Male,0,No,No,28,Yes,No,No,No internet service,No internet service,No internet service,No internet service,No internet service,No internet service,Month-to-month,No,Electronic check,43.56,1212.49,Yes
CUST-01199,Male,0,No,No,7,Yes,No,Fiber optic,No,Yes,No,No,No,No,Two year,Yes,Credit card (automatic),94.02,662.34,Yes
CUST-01200,Male,0,No,No,45,Yes,Yes,DSL,Yes,No,No,No,Yes,Yes,Month-to-month,Yes,Bank transfer (automatic),48.56,2187.95,Yes
CUST-01201,Male,0,No,No,63,Yes,No,Fiber optic,No,Yes,Yes,No,Yes,No,Month-to-month,No,Electronic check,73.75,4651.49,No
CUST-01202,Female,0,No,No,37,Yes,Yes,Fiber optic,Yes,Yes,No,No,No,No,Month-to-month,No,Mailed check,87.3,3231.02,Yes
CUST-01203,Female,1,No,No,16,Yes,Yes,Fiber optic,Yes,Yes,Yes,No,No,Yes,Month-to-month,Yes,Electronic check,94.7,1524.92,Yes
CUST-01204,Female,0,Yes,No,5,Yes,No,DSL,No,No,No,No,No,No,Month-to-month,No,Electronic check,52.39,264.84,No
CUST-01205,Male,0,Yes,No,29,Yes,No,DSL,Yes,No,No,No,No,No,Month-to-month,No,Electronic check,45.56,1319.01,No
CUST-01206,Female,0,Yes,No,52,Yes,Yes,Fiber optic,No,No,No,No,Yes,Yes,Two year,Yes,Mailed check,86.86,4521.84,No
CUST-01207,Male,0,Yes,No,23,No,No phone service,DSL,No,Yes,Yes,No,Yes,No,Month-to-month,Yes,Bank transfer (automatic),51.56,1176.17,No
CUST-01208,Female,0,No,No,6,No,No phone service,No,No internet service,No internet service,No internet service,No internet service,No internet service,No internet service,Month-to-month,No,Electronic check,18.25,106.02,No
CUST-01209,Male,0,Yes,No,36,Yes,No,Fiber optic,Yes,No,No,No,Yes,No,Month-to-month,No,Electronic check,87.46,3148.19,Yes
CUST-01210,Male,0,No,No,57,Yes,No,Fiber optic,Yes,No,Yes,Yes,No,Yes,Month-to-month,Yes,Mailed check,77.24,4401.68,No
CUST-01211,Male,1,No,No,33,Yes,No,Fiber optic,No,Yes,No,No,No,Yes,One year,No,Electronic check,82.74,2723.74,Yes
CUST-01212,Female,0,Yes,Yes,49,Yes,No,Fiber optic,No,No,No,Yes,Yes,Yes,Month-to-month,No,Electronic check,85.76,4197.07,Yes
CUST-01213,Female,0,Yes,No,41,Yes,No,Fiber optic,No,No,Yes,No,No,No,One year,Yes,Credit card (automatic),89.63,3683.75,No
CUST-01214,Female,0,No,No,55,Yes,No,DSL,No,No,No,Yes,Yes,No,Month-to-month,Yes,Electronic check,58.64,3233.08,No
CUST-01215,Female,0,Yes,No,26,Yes,No,No,No internet service,No internet service,No internet service,No internet service,No internet service,No internet service,Month-to-month,Yes,Credit card (automatic),43.08,1113.18,No
CUST-01216,Male,0,Yes,No,37,Yes,No,DSL,Yes,Yes,Yes,No,Yes,No,Two year,No,Electronic check,54.54,2015.66,No
CUST-01217,Female,0,No,Yes,17,Yes,No,No,No internet service,No internet service,No internet service,No internet service,No internet service,No internet service,Month-to-month,Yes,Bank transfer (automatic),30.91,519.2,No
CUST-01218,Female,0,No,No,32,Yes,Yes,DSL,No,No,No,No,Yes,No,Month-to-month,Yes,Electronic check,49.12,1577.09,No
CUST-01219,Male,0,No,No,28,Yes,Yes,Fiber optic,Yes,Yes,No,No,No,Yes,Month-to-month,No,Mailed check,68.96,1925.64,Yes
CUST-01220,Male,0,No,Yes,25,Yes,Yes,Fiber optic,No,Yes,No,No,No,Yes,One year,No,Bank transfer (automatic),83.86,2088.14,No
CUST-01221,Male,0,No,No,47,Yes,Yes,DSL,No,No,No,No,No,No,One year,No,Mailed check,48.78,2300.08,No
CUST-01222,Female,1,No,No,22,Yes,No,Fiber optic,Yes,No,No,No,No,Yes,Month-to-month,No,Electronic check,86.43,1906.17,Yes
CUST-01223,Male,0,Yes,No,61,Yes,Yes,Fiber optic,No,Yes,No,Yes,No,No,One year,Yes,Credit card (automatic),83.62,5106.45,No
CUST-01224,Male,0,Yes,Yes,44,Yes,No,No,No internet service,No internet service,No internet service,No internet service,No internet service,No internet service,Month-to-month,No,Mailed check,23.44,1036.88,No
CUST-01225,Male,0,Yes,No,20,Yes,No,Fiber optic,No,No,No,No,Yes,Yes,Two year,Yes,Bank transfer (automatic),81.72,1634.49,No
CUST-01226,Female,0,No,No,50,Yes,No,No,No internet service,No internet service,No internet service,No internet service,No internet service,No internet service,Month-to-month,Yes,Credit card (automatic),44.65,2236.44,No
CUST-01227,Male,0,No,Yes,47,No,No phone service,DSL,Yes,No,Yes,Yes,No,Yes,Two year,No,Mailed check,66.47,3127.38,No
CUST-01228,Female,0,Yes,Yes,47,Yes,No,DSL,No,No,No,No,No,No,Two year,Yes,Electronic check,52.5,2476.87,No
CUST-01229,Female,0,Yes,Yes,72,Yes,Yes,Fiber optic,No,No,No,No,Yes,Yes,Two year,Yes,Mailed check,85.62,6154.96,No
CUST-01230,Male,0,Yes,No,51,Yes,Yes,Fiber optic,No,No,Yes,Yes,No,Yes,Month-to-month,Yes,Electronic check,70.5,3597.62,Yes
CUST-01231,Male,0,No,Yes,55,Yes,Yes,Fiber optic,No,No,No,No,No,No,Month-to-month,Yes,Bank transfer (automatic),65.3,3582.78,No
CUST-01232,Female,0,Yes,Yes,39,Yes,No,Fiber optic,No,No,No,Yes,Yes,Yes,One year,Yes,Bank transfer (automatic),90.19,3524.45,No
CUST-01233,Male,1,Yes,No,14,Yes,Yes,No,No internet service,No internet service,No internet service,No internet service,No internet service,No internet service,Month-to-month,Yes,Electronic check,27.42,378.25,Yes
CUST-01234,Male,0,Yes,No,69,Yes,Yes,DSL,Yes,Yes,Yes,No,No,No,One year,Yes,Electronic check,45.45,3131.88,No
CUST-01235,Female,0,No,No,47,Yes,No,DSL,No,Yes,No,No,No,No,Month-to-month,Yes,Bank transfer (automatic),49.46,2318.0,No
CUST-01236,Female,0,Yes,No,21,Yes,No,No,No internet service,No internet service,No internet service,No internet service,No internet service,No internet service,Month-to-month,Yes,Electronic check,42.68,897.96,Yes
CUST-01237,Male,0,Yes,Yes,15,Yes,Yes,DSL,No,No,Yes,No,Yes,No,Month-to-month,No,Bank transfer (automatic),66.77,1008.53,No
CUST-01238,Female,0,No,No,1,Yes,No,Fiber optic,No,No,No,Yes,No,No,Month-to-month,Yes,Bank transfer (automatic),84.53,81.53,Yes
CUST-01239,Male,0,No,Yes,10,Yes,No,Fiber optic,No,Yes,Yes,Yes,No,No,Month-to-month,Yes,Electronic check,67.76,668.38,Yes
CUST-01240,Male,0,No,No,23,Yes,Yes,DSL,Yes,Yes,Yes,Yes,No,No,Month-to-month,Yes,Bank transfer (automatic),61.54,1412.4,Yes
CUST-01241,Male,0,No,No,18,Yes,Yes,DSL,No,Yes,Yes,No,Yes,Yes,Month-to-month,No,Mailed check,66.7,1208.32,No
CUST-01242,Female,0,No,Yes,58,Yes,No,DSL,No,No,No,No,Yes,Yes,Two year,No,Electronic check,67.57,3921.55,No
CUST-01243,Male,0,Yes,No,52,Yes,No,DSL,No,Yes,Yes,No,No,No,Month-to-month,Yes,Electronic check,51.59,2683.2,No
CUST-01244,Male,1,Yes,No,46,Yes,Yes,Fiber optic,No,No,No,Yes,No,No,Two year,Yes,Credit card (automatic),70.08,3216.58,No
CUST-01245,Male,0,No,Yes,13,Yes,Yes,DSL,No,Yes,Yes,Yes,No,No,One year,No,Mailed check,68.83,896.04,No
CUST-01246,Female,1,No,No,17,Yes,Yes,DSL,No,No,No,No,Yes,No,One year,Yes,Mailed check,64.31,1089.9,No
CUST-01247,Female,0,No,No,67,Yes,No,Fiber optic,No,No,No,No,No,Yes,Two year,Yes,Bank transfer (automatic),77.98,5231.57,No
CUST-01248,Female,0,No,No,61,Yes,Yes,No,No internet service,No internet service,No internet service,No internet service,No internet service,No internet service,Month-to-month,No,Bank transfer (automatic),33.96,2070.63,No
CUST-01249,Female,1,Yes,No,65,Yes,Yes,No,No internet service,No internet service,No internet service,No internet service,No internet service,No internet service,Month-to-month,No,Mailed check,26.93,1749.83,Yes
CUST-01250,Female,0,Yes,No,53,Yes,Yes,No,No internet service,No internet service,No internet service,No internet service,No internet service,No internet service,One year,Yes,Mailed check,28.72,1529.26,No
CUST-01251,Male,1,No,Yes,5,Yes,No,Fiber optic,No,Yes,No,Yes,No,Yes,Month-to-month,Yes,Bank transfer (automatic),74.83,375.85,No
CUST-01252,Female,0,No,Yes,32,Yes,No,DSL,No,Yes,No,No,No,Yes,Month-to-month,No,Bank transfer (automatic),41.67,1325.06,No
CUST-01253,Female,0,No,No,45,Yes,Yes,Fiber optic,Yes,Yes,Yes,No,Yes,No,Month-to-month,Yes,Bank transfer (automatic),94.91,4263.83,Yes
CUST-01254,Female,1,No,Yes,56,Yes,No,Fiber optic,No,No,No,No,No,No,One year,Yes,Mailed check,72.19,4049.41,Yes
CUST-01255,Male,0,Yes,No,5,Yes,Yes,Fiber optic,No,No,No,No,No,Yes,Two year,No,Credit card (automatic),73.7,372.67,No
CUST-01256,Female,1,No,No,34,Yes,Yes,DSL,No,No,No,No,No,No,One year,Yes,Electronic check,49.75,1693.55,No
CUST-01257,Female,1,No,Yes,61,Yes,Yes,Fiber optic,No,No,No,No,Yes,Yes,Month-to-month,Yes,Electronic check,72.33,4420.74,Yes
CUST-01258,Male,0,Yes,Yes,62,Yes,No,DSL,No,Yes,No,Yes,No,No,One year,Yes,Electronic check,49.77,3091.22,No
CUST-01259,Female,0,No,No,69,Yes,Yes,DSL,No,Yes,Yes,No,Yes,No,One year,Yes,Electronic check,57.0,3938.55,No
CUST-01260,Male,0,Yes,No,63,Yes,No,Fiber optic,Yes,Yes,Yes,No,No,Yes,One year,Yes,Credit card (automatic),67.37,4251.67,No
CUST-01261,Male,0,No,No,44,Yes,No,Fiber optic,No,No,No,Yes,Yes,No,One year,Yes,Electronic check,67.15,2956.36,No
CUST-01262,Male,0,No,No,28,No,No phone service,DSL,Yes,Yes,No,No,Yes,No,One year,Yes,Credit card (automatic),53.86,1513.12,Yes
CUST-01263,Male,0,Yes,Yes,70,Yes,No,No,No internet service,No internet service,No internet service,No internet service,No internet service,No internet service,One year,Yes,Mailed check,35.9,2503.96,No
CUST-01264,Male,0,No,No,13,Yes,Yes,Fiber optic,No,No,No,No,No,No,Month-to-month,Yes,Mailed check,71.52,933.62,Yes
CUST-01265,Female,0,Yes,Yes,43,Yes,Yes,No,No internet service,No internet service,No internet service,No internet service,No internet service,No internet service,Month-to-month,Yes,Bank transfer (automatic),30.61,1323.63,Yes
CUST-01266,Male,1,Yes,No,30,Yes,Yes,Fiber optic,Yes,Yes,No,No,Yes,Yes,Month-to-month,Yes,Electronic check,78.21,2354.96,Yes
CUST-01267,Male,0,Yes,No,26,Yes,Yes,Fiber optic,No,No,Yes,No,No,Yes,Month-to-month,Yes,Mailed check,78.57,2035.56,No
CUST-01268,Female,0,No,No,63,Yes,No,No,No internet service,No internet service,No internet service,No internet service,No internet service,No internet service,One year,No,Electronic check,36.05,2281.13,No
CUST-01269,Male,0,No,No,57,Yes,Yes,No,No internet service,No internet service,No internet service,No internet service,No internet service,No internet service,Month-to-month,Yes,Electronic check,32.91,1878.59,No
CUST-01270,Female,0,Yes,No,64,Yes,Yes,DSL,No,No,No,No,Yes,Yes,One year,No,Bank transfer (automatic),54.09,3457.19,Yes
CUST-01271,Female,0,No,No,49,Yes,Yes,DSL,Yes,No,No,No,No,No,Two year,No,Electronic check,48.11,2353.09,No
CUST-01272,Female,0,No,No,52,No,No phone service,DSL,No,No,No,No,Yes,No,Month-to-month,Yes,Electronic check,57.56,2997.56,No
CUST-01273,Male,1,No,No,63,Yes,No,Fiber optic,No,No,Yes,No,No,No,One year,No,Electronic check,69.12,4350.34,No
CUST-01274,Male,0,Yes,No,13,Yes,No,Fiber optic,No,No,No,No,Yes,No,Month-to-month,Yes,Credit card (automatic),77.48,1005.58,Yes
CUST-01275,Male,0,Yes,No,45,Yes,Yes,Fiber optic,No,Yes,No,No,No,No,Two year,Yes,Bank transfer (automatic),69.04,3113.97,No
CUST-01276,Female,1,No,Yes,46,Yes,No,DSL,No,No,Yes,No,Yes,Yes,Month-to-month,No,Electronic check,49.54,2275.04,Yes
CUST-01277,Male,1,Yes,Yes,41,Yes,Yes,Fiber optic,No,No,No,No,No,Yes,Two year,Yes,Bank transfer (automatic),84.1,3456.59,No
CUST-01278,Male,0,No,Yes,46,Yes,Yes,Fiber optic,No,No,Yes,No,Yes,No,Two year,Yes,Electronic check,88.6,4078.77,No
CUST-01279,Male,0,No,No,1,Yes,Yes,Fiber optic,No,Yes,No,Yes,No,Yes,Month-to-month,Yes,Electronic check,72.07,65.37,No
CUST-01280,Female,0,No,Yes,68,No,No phone service,Fiber optic,No,No,No,No,No,Yes,Two year,No,Bank transfer (automatic),84.25,5723.93,No
CUST-01281,Female,0,Yes,No,12,Yes,Yes,Fiber optic,Yes,No,No,Yes,Yes,No,Month-to-month,Yes,Electronic check,73.2,875.96,Yes
CUST-01282,Male,0,Yes,No,35,Yes,No,Fiber optic,No,Yes,No,No,No,No,Two year,Yes,Bank transfer (automatic),77.46,2719.15,No
CUST-01283,Male,0,No,Yes,33,Yes,No,No,No internet service,No internet service,No internet service,No internet service,No internet service,No internet service,Month-to-month,Yes,Mailed check,42.43,1401.49,No
CUST-01284,Male,1,Yes,No,58,Yes,Yes,Fiber optic,No,No,No,No,Yes,Yes,Two year,No,Electronic check,68.03,3936.65,No
CUST-01285,Male,0,No,Yes,35,Yes,No,Fiber optic,No,No,No,No,Yes,No,One year,No,Mailed check,94.52,3311.72,No
CUST-01286,Female,0,Yes,No,46,Yes,Yes,DSL,No,Yes,No,No,No,No,Two year,No,Electronic check,59.27,2720.4,No
CUST-01287,Female,0,Yes,No,66,Yes,No,DSL,Yes,No,No,Yes,Yes,No,One year,No,Mailed check,58.27,3838.45,No
CUST-01288,Female,0,Yes,No,44,Yes,No,No,No internet service,No internet service,No internet service,No internet service,No internet service,No internet service,One year,Yes,Electronic check,21.43,940.16,Yes
CUST-01289,Female,0,No,Yes,26,Yes,No,Fiber optic,No,No,No,Yes,No,Yes,Month-to-month,Yes,Mailed check,70.84,1848.19,Yes
CUST-01290,Male,0,No,No,42,Yes,No,No,No internet service,No internet service,No internet service,No internet service,No internet service,No internet service,Month-to-month,No,Bank transfer (automatic),42.69,1802.79,Yes
CUST-01291,Male,0,No,No,30,Yes,Yes,No,No internet service,No internet service,No internet service,No internet service,No internet service,No internet service,Month-to-month,No,Mailed check,19.81,603.3,No
CUST-01292,Male,0,Yes,No,32,Yes,Yes,DSL,No,No,Yes,No,No,Yes,Two year,Yes,Mailed check,45.15,1436.85,No
CUST-01293,Female,0,No,No,36,Yes,Yes,No,No internet service,No internet service,No internet service,No internet service,No internet service,No internet service,Month-to-month,Yes,Electronic check,36.01,1295.97,Yes
CUST-01294,Male,0,No,Yes,19,Yes,Yes,DSL,Yes,No,Yes,No,Yes,No,Month-to-month,Yes,Electronic check,61.13,1158.48,No
CUST-01295,Female,0,No,No,22,Yes,Yes,DSL,Yes,No,No,No,No,No,Two year,Yes,Mailed check,51.95,1135.57,No
CUST-01296,Female,0,No,No,65,Yes,Yes,Fiber optic,No,Yes,Yes,No,No,No,One year,No,Electronic check,92.23,5988.67,No
CUST-01297,Male,0,Yes,Yes,57,Yes,Yes,Fiber optic,Yes,No,No,No,No,No,Month-to-month,No,Credit card (automatic),92.58,5277.79,No
CUST-01298,Male,1,Yes,No,11,Yes,No,No,No internet service,No internet service,No internet service,No internet service,No internet service,No internet service,Month-to-month,No,Credit card (automatic),40.24,437.49,Yes
CUST-01299,Male,0,No,No,26,No,No phone service,Fiber optic,No,Yes,No,Yes,No,Yes,Month-to-month,No,Electronic check,65.48,1697.46,Yes
CUST-01300,Female,0,Yes,No,48,Yes,Yes,Fiber optic,No,Yes,No,No,Yes,No,Month-to-month,No,Bank transfer (automatic),74.06,3557.12,No
CUST-01301,Male,1,Yes,Yes,19,Yes,Yes,DSL,No,No,No,No,No,No,Two year,Yes,Mailed check,48.71,918.76,No
CUST-01302,Female,1,Yes,Yes,12,Yes,No,Fiber optic,No,No,Yes,No,No,Yes,Month-to-month,Yes,Mailed check,66.97,801.47,No
CUST-01303,Male,0,Yes,No,67,Yes,No,DSL,No,No,Yes,No,Yes,No,Two year,Yes,Electronic check,66.79,4469.46,No
CUST-01304,Female,0,Yes,No,56,Yes,Yes,DSL,No,No,No,No,Yes,No,Two year,No,Mailed check,69.78,3905.69,No
CUST-01305,Female,0,No,Yes,18,Yes,Yes,Fiber optic,No,No,No,Yes,No,No,Month-to-month,Yes,Electronic check,69.3,1243.0,Yes
CUST-01306,Male,0,Yes,No,5,Yes,No,No,No internet service,No internet service,No internet service,No internet service,No internet service,No internet service,Month-to-month,Yes,Bank transfer (automatic),23.56,120.53,No
CUST-01307,Female,0,No,Yes,24,No,No phone service,Fiber optic,No,No,No,No,Yes,No,Month-to-month,No,Bank transfer (automatic),65.8,1574.1,No
CUST-01308,Female,0,No,No,38,Yes,No,DSL,No,No,No,No,No,Yes,Month-to-month,Yes,Credit card (automatic),43.46,1646.11,No
CUST-01309,Male,0,No,No,67,Yes,No,DSL,No,No,No,No,Yes,No,Month-to-month,No,Electronic check,54.99,3676.36,Yes
CUST-01310,Female,0,Yes,No,70,Yes,No,DSL,Yes,No,No,Yes,No,Yes,Two year,Yes,Mailed check,51.04,3565.21,No
CUST-01311,Male,0,Yes,No,52,Yes,Yes,DSL,No,No,No,No,Yes,No,One year,No,Mailed check,52.71,2747.36,No
CUST-01312,Female,0,Yes,No,39,Yes,No,Fiber optic,No,No,No,Yes,No,No,Month-to-month,No,Electronic check,84.98,3319.07,Yes
CUST-01313,Male,0,Yes,No,59,Yes,Yes,Fiber optic,No,No,No,No,Yes,No,One year,No,Electronic check,67.93,4000.49,No
CUST-01314,Male,0,No,No,26,No,No phone service,DSL,Yes,No,No,No,No,No,Month-to-month,Yes,Credit card (automatic),65.43,1705.98,No
CUST-01315,Female,0,No,No,65,Yes,Yes,DSL,No,No,No,No,No,Yes,Two year,No,Bank transfer (automatic),65.97,4287.14,No
CUST-01316,Female,0,No,Yes,48,Yes,Yes,No,No internet service,No internet service,No internet service,No internet service,No internet service,No internet service,One year,No,Credit card (automatic),19.89,951.24,No
CUST-01317,Female,0,Yes,No,53,Yes,Yes,No,No internet service,No internet service,No internet service,No internet service,No internet service,No internet service,Two year,Yes,Bank transfer (automatic),34.04,1803.85,No
CUST-01318,Female,1,No,Yes,9,No,No phone service,DSL,No,No,No,Yes,No,No,Month-to-month,Yes,Electronic check,60.71,540.24,Yes
CUST-01319,Female,0,No,No,5,No,No phone service,Fiber optic,No,Yes,No,No,No,Yes,Month-to-month,No,Electronic check,70.21,345.28,Yes
CUST-01320,Male,0,No,Yes,72,Yes,No,Fiber optic,No,No,Yes,No,Yes,Yes,Month-to-month,No,Bank transfer (automatic),76.24,5489.76,Yes
CUST-01321,Female,1,Yes,No,61,Yes,Yes,Fiber optic,Yes,Yes,No,No,Yes,Yes,Two year,Yes,Bank transfer (automatic),85.77,5236.47,No
CUST-01322,Male,0,No,Yes,21,Yes,No,No,No internet service,No internet service,No internet service,No internet service,No internet service,No internet service,Month-to-month,No,Credit card (automatic),35.19,744.78,Yes
CUST-01323,Male,0,No,No,63,Yes,Yes,Fiber optic,No,Yes,No,No,Yes,No,Month-to-month,No,Mailed check,90.16,5689.12,No
CUST-01324,Female,1,Yes,No,20,Yes,No,Fiber optic,No,Yes,No,Yes,No,No,Two year,Yes,Bank transfer (automatic),68.98,1375.91,No
CUST-01325,Male,0,No,No,58,Yes,Yes,No,No internet service,No internet service,No internet service,No internet service,No internet service,No internet service,One year,No,Mailed check,24.69,1430.06,No
CUST-01326,Male,0,Yes,No,45,Yes,Yes,Fiber optic,No,No,No,Yes,No,No,Two year,No,Bank transfer (automatic),87.59,3947.77,No
CUST-01327,Male,0,No,No,22,Yes,No,No,No internet service,No internet service,No internet service,No internet service,No internet service,No internet service,Two year,Yes,Mailed check,22.46,492.91,No
CUST-01328,Male,0,Yes,No,63,Yes,No,Fiber optic,No,No,Yes,No,No,No,Month-to-month,Yes,Bank transfer (automatic),81.11,5117.32,No
CUST-01329,Female,0,Yes,No,30,Yes,No,No,No internet service,No internet service,No internet service,No internet service,No internet service,No internet service,Month-to-month,No,Mailed check,19.12,572.21,No
CUST-01330,Male,0,Yes,No,63,Yes,No,No,No internet service,No internet service,No internet service,No internet service,No internet service,No internet service,Month-to-month,Yes,Credit card (automatic),19.71,1235.41,Yes
CUST-01331,Female,0,No,Yes,44,No,No phone service,Fiber optic,Yes,No,No,No,No,Yes,Two year,Yes,Mailed check,72.68,3191.08,No
CUST-01332,Female,0,No,No,67,Yes,Yes,DSL,No,Yes,No,Yes,No,No,One year,Yes,Electronic check,48.82,3276.71,No
CUST-01333,Male,0,Yes,No,58,Yes,Yes,No,No internet service,No internet service,No internet service,No internet service,No internet service,No internet service,Month-to-month,Yes,Credit card (automatic),18.25,1059.31,Yes
CUST-01334,Female,0,Yes,No,65,Yes,Yes,No,No internet service,No internet service,No internet service,No internet service,No internet service,No internet service,Month-to-month,Yes,Mailed check,40.68,2646.09,No
CUST-01335,Female,0,Yes,No,36,Yes,No,Fiber optic,No,No,Yes,No,No,Yes,Month-to-month,Yes,Electronic check,66.32,2389.27,Yes
CUST-01336,Female,0,Yes,No,6,Yes,Yes,DSL,No,No,No,No,No,No,One year,No,Credit card (automatic),62.88,378.06,No
CUST-01337,Male,0,Yes,Yes,37,No,No phone service,No,No internet service,No internet service,No internet service,No internet service,No internet service,No internet service,Month-to-month,No,Electronic check,23.61,864.15,Yes
CUST-01338,Female,0,Yes,No,55,Yes,Yes,Fiber optic,No,Yes,Yes,No,Yes,Yes,Month-to-month,No,Electronic check,76.95,4229.99,No
CUST-01339,Female,0,Yes,No,59,Yes,No,Fiber optic,Yes,No,No,No,No,No,Month-to-month,Yes,Electronic check,82.34,4859.3,Yes
CUST-01340,Female,0,Yes,No,38,Yes,No,No,No internet service,No internet service,No internet service,No internet service,No internet service,No internet service,Month-to-month,No,Bank transfer (automatic),21.74,834.3,Yes
CUST-01341,Male,1,Yes,No,25,Yes,Yes,Fiber optic,No,No,No,No,No,Yes,Month-to-month,Yes,Electronic check,67.3,1677.87,Yes
CUST-01342,Female,0,Yes,Yes,33,Yes,No,No,No internet service,No internet service,No internet service,No internet service,No internet service,No internet service,Two year,No,Credit card (automatic),43.71,1435.21,No
CUST-01343,Male,0,Yes,No,13,Yes,Yes,Fiber optic,No,No,Yes,No,Yes,No,Month-to-month,Yes,Mailed check,89.85,1168.92,Yes
CUST-01344,Male,0,Yes,Yes,38,Yes,Yes,No,No internet service,No internet service,No internet service,No internet service,No internet service,No internet service,One year,Yes,Bank transfer (automatic),37.78,1431.82,No
CUST-01345,Male,1,No,No,58,Yes,No,Fiber optic,Yes,No,Yes,No,Yes,Yes,Month-to-month,Yes,Credit card (automatic),81.03,4703.48,No
CUST-01346,Male,0,Yes,No,20,Yes,Yes,No,No internet service,No internet service,No internet service,No internet service,No internet service,No internet service,Month-to-month,No,Mailed check,34.13,684.27,Yes
CUST-01347,Male,0,No,No,17,Yes,No,Fiber optic,Yes,No,No,No,Yes,No,Month-to-month,No,Bank transfer (automatic),90.93,1547.79,No
CUST-01348,Male,0,No,No,24,Yes,No,Fiber optic,No,Yes,No,Yes,No,Yes,Two year,Yes,Electronic check,76.67,1841.52,No
CUST-01349,Female,0,No,No,26,Yes,Yes,DSL,No,Yes,Yes,No,No,Yes,One year,Yes,Electronic check,43.14,1131.1,Yes
CUST-01350,Male,0,Yes,Yes,40,Yes,No,Fiber optic,No,Yes,No,No,No,No,Month-to-month,No,Bank transfer (automatic),90.23,3611.56,No
CUST-01351,Female,0,No,No,32,Yes,No,Fiber optic,No,Yes,Yes,Yes,No,Yes,Month-to-month,Yes,Credit card (automatic),66.88,2140.68,No
CUST-01352,Female,1,Yes,Yes,37,Yes,Yes,No,No internet service,No internet service,No internet service,No internet service,No internet service,No internet service,One year,Yes,Bank transfer (automatic),42.56,1565.22,No
CUST-01353,Male,0,No,No,60,Yes,No,Fiber optic,No,No,Yes,No,Yes,No,Two year,Yes,Electronic check,86.66,5192.03,No
CUST-01354,Female,0,Yes,Yes,57,Yes,No,No,No internet service,No internet service,No internet service,No internet service,No internet service,No internet service,One year,Yes,Credit card (automatic),28.36,1623.73,No
CUST-01355,Female,1,Yes,No,58,Yes,No,Fiber optic,No,No,No,No,Yes,No,One year,Yes,Bank transfer (automatic),83.46,4849.8,Yes
CUST-01356,Female,0,No,Yes,67,No,No phone service,DSL,No,No,No,No,No,No,Month-to-month,No,Electronic check,56.05,3746.1,No
CUST-01357,Female,0,No,No,22,Yes,Yes,DSL,No,Yes,No,Yes,Yes,No,Month-to-month,Yes,Mailed check,52.05,1137.27,No
CUST-01358,Male,0,Yes,No,58,Yes,Yes,DSL,Yes,No,Yes,No,No,No,Two year,Yes,Bank transfer (automatic),43.86,2551.16,No
CUST-01359,Female,0,No,No,49,Yes,Yes,DSL,No,Yes,No,Yes,No,Yes,One year,Yes,Electronic check,64.25,3142.51,No
CUST-01360,Male,0,Yes,No,49,Yes,Yes,Fiber optic,No,Yes,No,Yes,No,Yes,Month-to-month,No,Credit card (automatic),82.63,4040.12,No
CUST-01361,Female,0,Yes,No,42,Yes,Yes,Fiber optic,No,No,No,No,No,No,One year,Yes,Bank transfer (automatic),86.08,3622.62,Yes
CUST-01362,Female,0,Yes,No,40,Yes,Yes,Fiber optic,Yes,No,Yes,No,No,No,Month-to-month,Yes,Mailed check,71.25,2855.51,Yes
CUST-01363,Male,0,No,No,71,Yes,No,Fiber optic,Yes,No,Yes,Yes,Yes,No,One year,Yes,Electronic check,71.04,5046.33,No
CUST-01364,Female,0,Yes,No,46,Yes,No,Fiber optic,Yes,No,Yes,Yes,Yes,No,Two year,Yes,Electronic check,90.17,4139.57,No
CUST-01365,Female,0,Yes,No,22,Yes,No,DSL,No,No,No,No,No,No,Month-to-month,No,Credit card (automatic),56.42,1243.87,Yes
CUST-01366,Female,0,Yes,Yes,21,Yes,No,DSL,Yes,No,Yes,No,No,Yes,Two year,No,Electronic check,53.59,1119.43,No
CUST-01367,Male,0,Yes,No,51,Yes,No,Fiber optic,No,Yes,Yes,Yes,Yes,No,Month-to-month,No,Mailed check,67.8,3463.54,No
CUST-01368,Female,0,No,No,14,Yes,Yes,DSL,No,No,No,Yes,No,Yes,Month-to-month,Yes,Electronic check,52.79,742.42,Yes
CUST-01369,Male,0,No,Yes,9,Yes,Yes,Fiber optic,No,No,Yes,No,Yes,No,One year,Yes,Electronic check,86.11,779.4,No
CUST-01370,Female,1,No,No,18,Yes,No,DSL,No,No,No,No,Yes,No,One year,Yes,Electronic check,43.11,774.79,No
CUST-01371,Male,0,No,No,13,Yes,Yes,Fiber optic,No,No,No,No,Yes,No,Month-to-month,Yes,Mailed check,65.88,854.07,No
CUST-01372,Male,0,Yes,Yes,17,Yes,Yes,Fiber optic,No,No,Yes,Yes,Yes,No,Month-to-month,No,Bank transfer (automatic),81.6,1382.86,No
CUST-01373,Female,0,Yes,No,25,Yes,Yes,Fiber optic,Yes,Yes,No,Yes,No,Yes,Two year,Yes,Mailed check,74.48,1870.95,No
CUST-01374,Female,0,Yes,No,54,Yes,Yes,DSL,No,No,No,No,Yes,Yes,Month-to-month,Yes,Credit card (automatic),67.18,3619.93,No
CUST-01375,Male,0,Yes,Yes,16,Yes,Yes,DSL,Yes,No,Yes,Yes,No,No,Two year,Yes,Electronic check,57.78,922.8,No
CUST-01376,Male,0,Yes,No,24,Yes,No,Fiber optic,Yes,No,No,Yes,No,No,Two year,No,Bank transfer (automatic),74.01,1782.1,No
CUST-01377,Female,0,Yes,No,23,No,No phone service,No,No internet service,No internet service,No internet service,No internet service,No internet service,No internet service,Month-to-month,Yes,Credit card (automatic),24.42,563.75,Yes
CUST-01378,Male,0,No,Yes,41,Yes,Yes,DSL,No,No,No,No,Yes,No,One year,Yes,Bank transfer (automatic),43.87,1806.95,Yes
CUST-01379,Female,1,Yes,No,33,No,No phone service,DSL,No,No,No,No,Yes,No,Month-to-month,No,Mailed check,53.13,1758.33,No
CUST-01380,Female,0,Yes,No,42,Yes,Yes,DSL,Yes,No,No,No,No,No,Month-to-month,No,Bank transfer (automatic),42.05,1766.35,No
CUST-01381,Female,0,Yes,No,48,Yes,No,Fiber optic,No,No,No,No,No,No,Month-to-month,No,Electronic check,78.22,3761.05,Yes
CUST-01382,Female,0,No,No,18,Yes,Yes,No,No internet service,No internet service,No internet service,No internet service,No internet service,No internet service,Month-to-month,No,Credit card (automatic),18.62,343.39,Yes
CUST-01383,Male,0,Yes,No,63,Yes,Yes,DSL,No,No,Yes,Yes,Yes,No,Month-to-month,Yes,Electronic check,60.32,3802.58,No
CUST-01384,Female,0,Yes,No,11,Yes,Yes,Fiber optic,Yes,Yes,No,No,No,No,Month-to-month,Yes,Electronic check,84.53,924.39,Yes
CUST-01385,Male,0,Yes,Yes,24,Yes,Yes,Fiber optic,Yes,No,No,No,No,Yes,Month-to-month,No,Credit card (automatic),90.15,2167.96,No
CUST-01386,Female,0,No,No,61,Yes,No,No,No internet service,No internet service,No internet service,No internet service,No internet service,No internet service,Month-to-month,No,Electronic check,42.67,2594.49,No
CUST-01387,Male,0,Yes,No,64,Yes,No,Fiber optic,No,No,Yes,No,No,Yes,Month-to-month,Yes,Bank transfer (automatic),84.62,5416.09,Yes
CUST-01388,Female,0,Yes,Yes,36,Yes,Yes,DSL,No,No,Yes,No,No,Yes,Month-to-month,No,Mailed check,44.63,1598.42,No
CUST-01389,Male,0,No,No,53,Yes,No,Fiber optic,Yes,No,No,Yes,No,Yes,Month-to-month,No,Credit card (automatic),80.25,4243.99,Yes
CUST-01390,Male,0,Yes,Yes,47,Yes,Yes,No,No internet service,No internet service,No internet service,No internet service,No internet service,No internet service,Two year,No,Credit card (automatic),43.24,2027.77,No
CUST-01391,Female,0,No,No,52,Yes,No,No,No internet service,No internet service,No internet service,No internet service,No internet service,No internet service,Month-to-month,No,Electronic check,20.98,1097.09,Yes
CUST-01392,Female,1,Yes,No,57,Yes,Yes,Fiber optic,No,Yes,No,Yes,No,No,One year,Yes,Credit card (automatic),76.68,4374.42,No
CUST-01393,Female,0,No,No,23,Yes,No,DSL,No,No,No,No,No,Yes,Month-to-month,Yes,Credit card (automatic),62.44,1427.72,Yes
CUST-01394,Female,0,Yes,Yes,59,Yes,Yes,Fiber optic,No,Yes,Yes,Yes,No,Yes,One year,No,Credit card (automatic),87.9,5183.45,No
CUST-01395,Male,0,Yes,No,69,Yes,Yes,No,No internet service,No internet service,No internet service,No internet service,No internet service,No internet service,Two year,No,Mailed check,43.48,3005.36,No
CUST-01396,Female,0,No,Yes,56,No,No phone service,Fiber optic,No,Yes,Yes,No,Yes,No,Month-to-month,Yes,Electronic check,72.42,4052.33,No
CUST-01397,Male,1,Yes,No,42,Yes,Yes,Fiber optic,No,No,No,Yes,No,Yes,Month-to-month,Yes,Credit card (automatic),90.75,3820.47,No
CUST-01398,Male,0,Yes,No,18,Yes,No,DSL,No,No,No,No,No,No,Month-to-month,Yes,Credit card (automatic),41.58,758.19,No
CUST-01399,Female,0,No,No,71,Yes,No,DSL,Yes,Yes,No,Yes,No,Yes,Two year,No,Credit card (automatic),44.37,3140.73,No
CUST-01400,Male,0,Yes,No,33,Yes,No,Fiber optic,No,No,No,No,No,No,Month-to-month,No,Credit card (automatic),93.29,3077.66,No
CUST-01401,Male,0,No,No,3,Yes,No,DSL,No,No,No,No,No,No,One year,Yes,Electronic check,66.42,199.72,No
CUST-01402,Male,0,Yes,Yes,28,Yes,Yes,Fiber optic,No,No,No,Yes,No,Yes,Two year,No,Bank transfer (automatic),66.83,1879.78,No
CUST-01403,Male,0,No,No,1,Yes,No,Fiber optic,Yes,Yes,No,No,No,No,Month-to-month,Yes,Credit card (automatic),67.03,64.93,No
CUST-01404,Female,0,Yes,No,63,Yes,No,DSL,No,No,Yes,No,No,Yes,Month-to-month,Yes,Mailed check,50.56,3176.83,No
CUST-01405,Female,0,Yes,No,47,Yes,No,No,No internet service,No internet service,No internet service,No internet service,No internet service,No internet service,Month-to-month,No,Credit card (automatic),27.0,1266.21,No
CUST-01406,Female,0,No,Yes,37,Yes,No,DSL,Yes,Yes,No,No,Yes,No,Month-to-month,Yes,Electronic check,54.03,1999.06,Yes
CUST-01407,Female,1,Yes,No,48,Yes,Yes,Fiber optic,No,No,Yes,Yes,No,Yes,Two year,Yes,Bank transfer (automatic),81.45,3903.49,No
CUST-01408,Male,0,No,No,19,Yes,Yes,DSL,No,No,No,No,No,Yes,Month-to-month,Yes,Electronic check,43.92,832.44,Yes
CUST-01409,Male,0,No,No,14,Yes,No,DSL,No,No,No,Yes,No,No,Two year,Yes,Mailed check,69.59,965.42,No
CUST-01410,Female,0,No,No,67,Yes,No,No,No internet service,No internet service,No internet service,No internet service,No internet service,No internet service,Two year,Yes,Mailed check,43.74,2939.49,No
CUST-01411,Female,0,Yes,No,65,Yes,Yes,Fiber optic,No,No,No,No,Yes,Yes,Two year,Yes,Electronic check,77.27,5024.85,Yes
CUST-01412,Female,0,Yes,Yes,26,Yes,Yes,DSL,No,Yes,Yes,No,No,Yes,Two year,Yes,Mailed check,54.63,1428.98,No
CUST-01413,Male,0,Yes,Yes,10,Yes,No,DSL,Yes,Yes,No,No,Yes,Yes,One year,No,Bank transfer (automatic),50.89,514.12,Yes
CUST-01414,Female,0,No,No,70,Yes,No,No,No internet service,No internet service,No internet service,No internet service,No internet service,No internet service,One year,Yes,Bank transfer (automatic),34.52,2416.33,No
CUST-01415,Female,1,No,No,43,Yes,No,Fiber optic,No,Yes,No,No,Yes,Yes,Month-to-month,No,Credit card (automatic),85.98,3692.85,Yes
CUST-01416,Female,0,No,No,70,No,No phone service,Fiber optic,No,No,Yes,No,Yes,Yes,Month-to-month,No,Bank transfer (automatic),81.06,5675.96,No
CUST-01417,Male,0,Yes,No,72,Yes,Yes,DSL,No,No,No,No,No,No,One year,Yes,Credit card (automatic),67.73,4875.94,No
CUST-01418,Male,0,No,No,59,Yes,Yes,No,No internet service,No internet service,No internet service,No internet service,No internet service,No internet service,Month-to-month,Yes,Electronic check,25.4,1488.75,Yes
CUST-01419,Male,0,Yes,No,3,Yes,Yes,DSL,No,No,No,No,Yes,Yes,Month-to-month,Yes,Electronic check,47.8,146.14,No
CUST-01420,Male,0,Yes,No,5,Yes,Yes,DSL,Yes,Yes,Yes,No,No,No,One year,Yes,Electronic check,59.67,305.29,No
CUST-01421,Male,0,Yes,No,37,Yes,Yes,Fiber optic,No,No,No,No,No,No,Month-to-month,Yes,Bank transfer (automatic),69.88,2593.45,No
CUST-01422,Male,0,Yes,No,52,Yes,Yes,No,No internet service,No internet service,No internet service,No internet service,No internet service,No internet service,Month-to-month,No,Mailed check,32.32,1684.86,Yes
CUST-01423,Male,1,Yes,No,66,Yes,No,Fiber optic,No,No,No,Yes,No,Yes,Month-to-month,No,Electronic check,74.7,4929.36,Yes
CUST-01424,Male,0,Yes,Yes,63,Yes,Yes,Fiber optic,Yes,No,No,No,No,No,Month-to-month,No,Electronic check,69.12,4352.86,No
CUST-01425,Female,0,Yes,Yes,7,Yes,No,Fiber optic,Yes,Yes,Yes,No,No,No,One year,Yes,Mailed check,74.49,520.24,Yes
CUST-01426,Female,0,Yes,No,53,Yes,Yes,DSL,No,No,No,No,No,No,One year,No,Bank transfer (automatic),46.08,2449.54,No
CUST-01427,Male,0,No,No,6,Yes,No,No,No internet service,No internet service,No internet service,No internet service,No internet service,No internet service,Month-to-month,Yes,Bank transfer (automatic),33.88,203.67,Yes
CUST-01428,Male,0,Yes,No,7,Yes,Yes,No,No internet service,No internet service,No internet service,No internet service,No internet service,No internet service,Month-to-month,No,Credit card (automatic),18.25,119.23,Yes
CUST-01429,Female,0,Yes,No,44,Yes,Yes,DSL,No,No,No,Yes,No,No,Month-to-month,Yes,Electronic check,64.55,2839.55,Yes
CUST-01430,Male,0,No,Yes,18,Yes,No,Fiber optic,Yes,Yes,No,No,No,Yes,One year,No,Bank transfer (automatic),82.53,1491.64,No
CUST-01431,Male,0,No,Yes,54,Yes,No,No,No internet service,No internet service,No internet service,No internet service,No internet service,No internet service,Month-to-month,No,Credit card (automatic),40.71,2193.31,No
CUST-01432,Male,0,No,No,29,Yes,No,Fiber optic,No,No,No,No,Yes,Yes,Month-to-month,Yes,Credit card (automatic),69.81,2028.8,Yes
CUST-01433,Female,0,No,No,25,Yes,No,Fiber optic,No,No,Yes,No,No,No,One year,Yes,Bank transfer (automatic),79.17,1974.01,Yes
CUST-01434,Female,0,Yes,No,63,Yes,Yes,DSL,No,Yes,Yes,No,No,No,Month-to-month,Yes,Credit card (automatic),60.04,3785.7,Yes
CUST-01435,Female,0,No,Yes,68,Yes,Yes,DSL,No,No,No,No,Yes,No,Month-to-month,No,Electronic check,44.37,3017.41,Yes
CUST-01436,Female,0,No,No,13,Yes,Yes,DSL,No,No,Yes,No,No,Yes,Month-to-month,No,Mailed check,40.42,525.04,Yes
CUST-01437,Female,0,No,No,32,Yes,Yes,Fiber optic,Yes,No,No,No,No,No,Month-to-month,Yes,Electronic check,93.29,2989.05,No
CUST-01438,Male,0,No,No,27,No,No phone service,No,No internet service,No internet service,No internet service,No internet service,No internet service,No internet service,Two year,Yes,Mailed check,38.42,1036.95,No
CUST-01439,Female,0,Yes,No,51,Yes,No,No,No internet service,No internet service,No internet service,No internet service,No internet service,No internet service,Month-to-month,Yes,Electronic check,38.47,1965.68,No
CUST-01440,Male,0,No,Yes,34,Yes,Yes,DSL,No,Yes,Yes,No,No,Yes,Month-to-month,Yes,Electronic check,67.62,2307.96,Yes
CUST-01441,Male,0,No,No,28,Yes,Yes,Fiber optic,No,No,No,Yes,Yes,Yes,Month-to-month,Yes,Electronic check,82.34,2301.48,Yes
CUST-01442,Female,0,No,No,72,Yes,No,No,No internet service,No internet service,No internet service,No internet service,No internet service,No internet service,Month-to-month,Yes,Electronic check,34.25,2456.55,No
CUST-01443,Female,0,No,No,30,Yes,Yes,Fiber optic,No,Yes,No,No,No,Yes,Month-to-month,No,Mailed check,71.27,2138.86,Yes
CUST-01444,Male,0,Yes,No,9,Yes,No,DSL,No,No,No,No,No,No,Month-to-month,Yes,Electronic check,54.11,482.61,Yes
CUST-01445,Male,0,No,Yes,13,Yes,Yes,Fiber optic,Yes,No,Yes,No,No,No,Month-to-month,Yes,Credit card (automatic),69.73,907.05,No
CUST-01446,Male,0,No,No,64,Yes,Yes,Fiber optic,No,No,Yes,No,Yes,Yes,Month-to-month,Yes,Electronic check,67.97,4352.53,Yes
CUST-01447,Female,0,No,No,38,Yes,Yes,DSL,No,No,No,Yes,Yes,No,One year,No,Credit card (automatic),47.66,1812.53,No
CUST-01448,Female,0,Yes,Yes,22,Yes,No,Fiber optic,No,No,No,No,Yes,Yes,Two year,No,Mailed check,78.79,1736.23,No
CUST-01449,Female,0,No,Yes,31,Yes,No,Fiber optic,No,No,No,No,Yes,No,Two year,No,Bank transfer (automatic),84.15,2606.4,No
CUST-01450,Female,0,No,No,42,Yes,No,Fiber optic,Yes,Yes,No,No,No,Yes,One year,No,Bank transfer (automatic),80.13,3365.81,Yes
CUST-01451,Female,1,Yes,Yes,62,Yes,Yes,Fiber optic,Yes,Yes,No,No,Yes,Yes,Two year,Yes,Electronic check,91.83,5692.86,Yes
CUST-01452,Male,0,No,No,64,Yes,No,No,No internet service,No internet service,No internet service,No internet service,No internet service,No internet service,Month-to-month,Yes,Credit card (automatic),24.81,1582.56,No
CUST-01453,Female,0,Yes,No,9,Yes,Yes,DSL,No,No,No,Yes,No,No,Two year,Yes,Credit card (automatic),65.4,588.36,No
CUST-01454,Male,0,Yes,No,44,Yes,Yes,DSL,Yes,Yes,No,No,No,No,Two year,Yes,Electronic check,53.07,2342.46,No
CUST-01455,Male,0,No,No,63,Yes,No,Fiber optic,No,No,No,No,No,No,One year,Yes,Mailed check,69.14,4352.32,No
CUST-01456,Male,0,No,Yes,40,Yes,No,Fiber optic,No,No,Yes,Yes,No,No,One year,Yes,Mailed check,90.98,3641.93,Yes
CUST-01457,Female,0,Yes,Yes,41,Yes,No,No,No internet service,No internet service,No internet service,No internet service,No internet service,No internet service,Month-to-month,Yes,Bank transfer (automatic),29.68,1209.14,No
CUST-01458,Female,0,Yes,No,72,Yes,Yes,Fiber optic,No,No,Yes,No,No,No,Two year,No,Mailed check,69.2,4973.26,No
CUST-01459,Female,0,No,No,50,Yes,No,Fiber optic,Yes,No,No,Yes,Yes,No,Month-to-month,Yes,Bank transfer (automatic),70.64,3541.65,Yes
CUST-01460,Male,0,Yes,No,20,Yes,Yes,Fiber optic,Yes,No,Yes,No,No,Yes,Two year,Yes,Mailed check,67.17,1339.33,No
CUST-01461,Male,0,Yes,No,70,Yes,Yes,DSL,No,No,No,No,No,Yes,Month-to-month,Yes,Electronic check,59.33,4159.6,Yes
CUST-01462,Male,0,No,Yes,42,Yes,No,Fiber optic,Yes,No,No,Yes,No,Yes,Month-to-month,No,Mailed check,75.89,3195.54,Yes
CUST-01463,Male,0,Yes,Yes,33,Yes,Yes,DSL,Yes,No,Yes,No,Yes,Yes,Month-to-month,No,Bank transfer (automatic),68.99,2274.18,No
CUST-01464,Male,0,Yes,No,63,Yes,No,Fiber optic,No,No,No,No,Yes,Yes,Two year,No,Bank transfer (automatic),81.15,5102.66,No
CUST-01465,Male,1,Yes,No,57,Yes,Yes,DSL,No,No,No,No,No,No,Month-to-month,Yes,Mailed check,47.36,2696.01,Yes
CUST-01466,Female,1,Yes,No,65,Yes,Yes,No,No internet service,No internet service,No internet service,No internet service,No internet service,No internet service,Month-to-month,Yes,Credit card (automatic),32.67,2130.77,Yes
CUST-01467,Female,0,Yes,Yes,52,Yes,Yes,No,No internet service,No internet service,No internet service,No internet service,No internet service,No internet service,Two year,No,Mailed check,44.3,2310.99,No
CUST-01468,Female,0,Yes,Yes,6,Yes,No,DSL,Yes,No,No,Yes,No,Yes,Month-to-month,Yes,Mailed check,40.69,252.51,Yes
CUST-01469,Female,1,No,No,7,Yes,Yes,Fiber optic,No,Yes,No,Yes,Yes,No,Month-to-month,No,Mailed check,70.1,496.96,Yes
CUST-01470,Male,0,Yes,No,9,Yes,Yes,No,No internet service,No internet service,No internet service,No internet service,No internet service,No internet service,One year,Yes,Bank transfer (automatic),42.84,378.98,No
CUST-01471,Male,0,No,No,61,Yes,Yes,Fiber optic,No,No,Yes,No,No,No,Two year,Yes,Electronic check,65.74,4009.57,No
CUST-01472,Female,1,No,No,34,Yes,No,No,No internet service,No internet service,No internet service,No internet service,No internet service,No internet service,One year,Yes,Bank transfer (automatic),43.9,1491.3,No
CUST-01473,Male,0,No,No,35,No,No phone service,DSL,No,No,No,No,Yes,No,Month-to-month,Yes,Mailed check,58.83,2059.05,No
CUST-01474,Female,0,No,No,20,Yes,Yes,DSL,No,Yes,Yes,Yes,No,Yes,Two year,Yes,Bank transfer (automatic),46.95,940.8,No
CUST-01475,Female,0,No,No,58,Yes,No,Fiber optic,No,Yes,No,No,No,No,Month-to-month,Yes,Electronic check,67.69,3923.5,Yes
CUST-01476,Female,0,No,Yes,60,Yes,Yes,No,No internet service,No internet service,No internet service,No internet service,No internet service,No internet service,Month-to-month,No,Electronic check,18.25,1098.61,Yes
CUST-01477,Male,1,No,No,54,No,No phone service,No,No internet service,No internet service,No internet service,No internet service,No internet service,No internet service,One year,Yes,Mailed check,40.13,2157.67,No
CUST-01478,Female,0,No,Yes,35,Yes,No,No,No internet service,No internet service,No internet service,No internet service,No internet service,No internet service,One year,No,Electronic check,39.64,1391.93,No
CUST-01479,Female,0,Yes,Yes,47,No,No phone service,Fiber optic,Yes,Yes,No,No,No,Yes,Month-to-month,No,Electronic check,90.02,4231.61,No
CUST-01480,Female,0,No,Yes,46,Yes,Yes,Fiber optic,Yes,Yes,Yes,No,Yes,No,Two year,Yes,Electronic check,93.82,4308.82,No
CUST-01481,Male,0,No,No,4,Yes,Yes,Fiber optic,No,No,No,No,Yes,No,Month-to-month,Yes,Mailed check,76.72,308.6,Yes
CUST-01482,Male,0,No,No,10,Yes,Yes,Fiber optic,No,No,No,Yes,No,No,Two year,Yes,Electronic check,92.48,916.08,No
CUST-01483,Female,0,Yes,Yes,40,Yes,Yes,No,No internet service,No internet service,No internet service,No internet service,No internet service,No internet service,Month-to-month,Yes,Bank transfer (automatic),19.85,797.05,No
CUST-01484,Male,1,No,No,55,Yes,Yes,DSL,No,Yes,No,No,Yes,No,Month-to-month,Yes,Mailed check,68.18,3751.17,No
CUST-01485,Male,0,Yes,No,40,Yes,Yes,DSL,No,No,Yes,No,Yes,No,Two year,Yes,Electronic check,47.31,1902.16,No
CUST-01486,Male,0,No,No,23,Yes,No,DSL,No,No,Yes,Yes,No,No,Month-to-month,Yes,Credit card (automatic),52.24,1194.79,Yes
CUST-01487,Male,0,No,No,15,Yes,No,DSL,No,No,No,No,No,Yes,Two year,Yes,Bank transfer (automatic),55.46,839.74,No
CUST-01488,Male,0,Yes,Yes,5,Yes,No,DSL,No,Yes,No,No,No,No,Month-to-month,No,Electronic check,64.1,319.03,Yes
CUST-01489,Male,0,No,Yes,40,No,No phone service,Fiber optic,No,Yes,No,No,Yes,Yes,Two year,No,Electronic check,76.68,3059.29,No
CUST-01490,Male,0,Yes,No,18,Yes,No,DSL,Yes,Yes,No,No,Yes,Yes,Two year,Yes,Mailed check,50.25,909.83,No
CUST-01491,Male,0,Yes,No,21,Yes,No,No,No internet service,No internet service,No internet service,No internet service,No internet service,No internet service,One year,Yes,Electronic check,44.48,943.61,No
CUST-01492,Male,0,No,No,3,Yes,Yes,Fiber optic,No,No,No,Yes,No,No,Month-to-month,No,Mailed check,67.24,207.24,No
CUST-01493,Male,0,No,No,46,Yes,Yes,Fiber optic,No,No,Yes,No,No,No,Month-to-month,Yes,Electronic check,65.77,3027.99,No
CUST-01494,Female,0,Yes,No,53,Yes,No,DSL,Yes,No,Yes,Yes,Yes,No,Two year,Yes,Mailed check,41.7,2201.71,No
CUST-01495,Female,0,Yes,No,20,Yes,No,Fiber optic,No,No,Yes,Yes,Yes,No,Month-to-month,Yes,Mailed check,92.43,1846.95,Yes
CUST-01496,Male,0,No,No,59,No,No phone service,Fiber optic,No,No,No,No,No,No,One year,Yes,Mailed check,71.98,4238.03,No
CUST-01497,Female,0,No,Yes,21,Yes,No,DSL,No,No,No,No,No,No,Month-to-month,Yes,Electronic check,41.31,864.94,No
CUST-01498,Female,0,No,No,51,Yes,No,Fiber optic,No,Yes,No,No,No,No,Two year,No,Bank transfer (automatic),86.86,4430.11,No
CUST-01499,Male,1,Yes,Yes,25,Yes,Yes,Fiber optic,No,No,No,Yes,No,Yes,One year,Yes,Credit card (automatic),84.21,2108.98,Yes
CUST-01500,Male,0,No,Yes,68,Yes,No,DSL,No,Yes,No,No,No,Yes,Month-to-month,Yes,Electronic check,63.75,4330.69,Yes
CUST-01501,Male,0,Yes,Yes,10,No,No phone service,DSL,No,Yes,Yes,Yes,No,Yes,Two year,No,Electronic check,55.71,565.57,No
CUST-01502,Female,0,No,No,67,Yes,Yes,Fiber optic,No,Yes,No,No,No,No,Two year,Yes,Credit card (automatic),70.31,4710.74,No
CUST-01503,Female,0,Yes,Yes,9,Yes,No,No,No internet service,No internet service,No internet service,No internet service,No internet service,No internet service,One year,No,Mailed check,23.72,212.85,Yes
CUST-01504,Male,0,Yes,Yes,29,Yes,No,Fiber optic,Yes,No,Yes,No,Yes,No,One year,No,Bank transfer (automatic),66.84,1930.81,No
CUST-01505,Male,0,No,No,37,Yes,Yes,No,No internet service,No internet service,No internet service,No internet service,No internet service,No internet service,Two year,Yes,Bank transfer (automatic),36.12,1338.75,No
CUST-01506,Male,0,Yes,No,71,Yes,Yes,Fiber optic,No,No,No,No,No,No,Month-to-month,Yes,Credit card (automatic),84.43,5991.8,No
CUST-01507,Female,0,Yes,No,38,Yes,No,No,No internet service,No internet service,No internet service,No internet service,No internet service,No internet service,Two year,No,Mailed check,35.42,1354.65,No
CUST-01508,Female,0,Yes,No,72,Yes,Yes,No,No internet service,No internet service,No internet service,No internet service,No internet service,No internet service,Month-to-month,No,Bank transfer (automatic),44.33,3199.45,No
CUST-01509,Female,0,Yes,Yes,59,No,No phone service,DSL,Yes,Yes,Yes,Yes,No,Yes,One year,Yes,Electronic check,41.81,2465.09,No
CUST-01510,Female,0,Yes,Yes,57,Yes,No,DSL,Yes,Yes,No,No,No,Yes,Month-to-month,Yes,Electronic check,41.95,2397.16,No
CUST-01511,Male,0,No,Yes,60,Yes,Yes,DSL,No,No,No,No,Yes,No,Month-to-month,Yes,Bank transfer (automatic),62.15,3729.42,Yes
CUST-01512,Male,0,No,No,28,Yes,No,DSL,Yes,No,No,No,No,No,Month-to-month,Yes,Bank transfer (automatic),69.18,1936.69,Yes
CUST-01513,Male,0,Yes,No,28,Yes,No,Fiber optic,Yes,Yes,Yes,No,Yes,No,One year,Yes,Electronic check,81.28,2279.94,No
CUST-01514,Male,0,No,Yes,46,Yes,Yes,Fiber optic,No,No,No,No,Yes,Yes,One year,No,Bank transfer (automatic),89.38,4117.51,No
CUST-01515,Female,0,Yes,No,71,Yes,No,No,No internet service,No internet service,No internet service,No internet service,No internet service,No internet service,Month-to-month,No,Electronic check,33.28,2365.59,No
CUST-01516,Female,1,Yes,No,67,Yes,Yes,Fiber optic,No,No,No,Yes,Yes,Yes,Two year,Yes,Electronic check,92.97,6235.98,No
CUST-01517,Male,0,No,No,55,Yes,Yes,Fiber optic,Yes,No,No,No,Yes,No,Two year,No,Credit card (automatic),70.99,3898.01,No
CUST-01518,Male,0,Yes,No,38,Yes,No,Fiber optic,Yes,Yes,No,Yes,No,Yes,Month-to-month,Yes,Credit card (automatic),75.86,2880.41,Yes
CUST-01519,Female,0,Yes,Yes,18,Yes,Yes,Fiber optic,No,No,Yes,Yes,No,No,One year,Yes,Bank transfer (automatic),83.38,1497.95,No
CUST-01520,Male,0,Yes,Yes,63,No,No phone service,Fiber optic,No,No,No,Yes,No,No,Month-to-month,Yes,Credit card (automatic),70.96,4476.44,No
CUST-01521,Female,0,No,No,5,Yes,No,Fiber optic,No,No,No,No,No,Yes,Month-to-month,No,Electronic check,90.02,447.87,Yes
CUST-01522,Male,0,No,No,44,Yes,No,Fiber optic,No,No,No,Yes,Yes,No,Two year,No,Credit card (automatic),88.94,3907.67,No
CUST-01523,Male,0,Yes,No,29,Yes,No,DSL,No,No,Yes,No,Yes,Yes,Month-to-month,No,Mailed check,61.57,1794.09,No
CUST-01524,Male,0,Yes,No,14,Yes,No,Fiber optic,No,No,No,No,No,Yes,One year,No,Electronic check,83.6,1166.37,Yes
CUST-01525,Male,0,Yes,No,58,Yes,Yes,Fiber optic,Yes,Yes,No,No,No,Yes,One year,No,Bank transfer (automatic),71.58,4159.62,No
CUST-01526,Male,0,Yes,No,44,Yes,Yes,DSL,Yes,No,No,No,No,No,Month-to-month,Yes,Credit card (automatic),66.1,2912.05,No
CUST-01527,Male,0,Yes,Yes,18,Yes,Yes,Fiber optic,No,No,Yes,No,No,Yes,Month-to-month,Yes,Electronic check,82.33,1484.98,Yes
CUST-01528,Male,0,No,No,7,Yes,No,DSL,No,Yes,No,No,Yes,Yes,Month-to-month,No,Mailed check,46.36,320.57,Yes
CUST-01529,Female,0,No,No,62,Yes,Yes,DSL,Yes,No,No,No,Yes,No,Two year,Yes,Electronic check,62.11,3858.52,No
CUST-01530,Female,0,No,No,45,Yes,No,DSL,No,No,No,No,No,No,One year,No,Electronic check,40.95,1848.44,Yes
CUST-01531,Female,0,No,No,16,Yes,No,DSL,Yes,No,No,Yes,Yes,No,Month-to-month,No,Electronic check,46.54,737.28,Yes
CUST-01532,Female,0,Yes,No,64,Yes,No,DSL,No,Yes,No,Yes,Yes,No,One year,No,Bank transfer (automatic),46.81,3004.39,No
CUST-01533,Female,0,Yes,No,37,Yes,Yes,No,No internet service,No internet service,No internet service,No internet service,No internet service,No internet service,Month-to-month,Yes,Electronic check,23.75,876.77,Yes
CUST-01534,Male,0,No,No,25,Yes,Yes,DSL,No,Yes,No,Yes,Yes,No,Two year,Yes,Credit card (automatic),41.03,1031.92,No
CUST-01535,Male,1,No,No,9,Yes,No,DSL,Yes,No,No,No,Yes,Yes,Two year,Yes,Credit card (automatic),65.28,581.94,No
CUST-01536,Female,0,Yes,No,55,Yes,No,Fiber optic,No,No,Yes,Yes,Yes,No,Month-to-month,No,Bank transfer (automatic),67.92,3727.09,Yes
CUST-01537,Male,0,No,No,28,Yes,No,Fiber optic,No,No,No,No,No,No,One year,No,Bank transfer (automatic),89.88,2523.51,No
CUST-01538,Female,0,Yes,No,9,Yes,No,DSL,No,No,Yes,Yes,No,No,Month-to-month,Yes,Electronic check,45.41,413.39,No
CUST-01539,Female,0,Yes,No,12,Yes,Yes,Fiber optic,No,Yes,No,No,Yes,No,Month-to-month,Yes,Credit card (automatic),90.23,1074.45,Yes
CUST-01540,Male,1,Yes,No,18,Yes,Yes,DSL,Yes,No,No,No,No,Yes,Month-to-month,Yes,Credit card (automatic),40.87,727.91,Yes
CUST-01541,Male,0,No,No,56,Yes,No,Fiber optic,Yes,No,No,No,Yes,No,One year,Yes,Electronic check,88.53,4957.22,No
CUST-01542,Male,0,No,No,58,Yes,Yes,Fiber optic,No,No,No,No,No,No,Month-to-month,Yes,Bank transfer (automatic),80.98,4695.47,No
CUST-01543,Female,0,No,No,51,Yes,No,DSL,Yes,No,No,Yes,No,No,One year,Yes,Electronic check,46.49,2369.4,No
CUST-01544,Male,0,No,Yes,32,Yes,No,No,No internet service,No internet service,No internet service,No internet service,No internet service,No internet service,Month-to-month,Yes,Electronic check,27.19,878.72,No
CUST-01545,Female,1,No,No,48,Yes,No,DSL,Yes,No,No,No,No,Yes,Month-to-month,Yes,Credit card (automatic),42.91,2058.49,Yes
CUST-01546,Female,0,Yes,No,8,Yes,No,No,No internet service,No internet service,No internet service,No internet service,No internet service,No internet service,Month-to-month,No,Mailed check,19.12,148.58,Yes
CUST-01547,Female,1,No,No,30,Yes,Yes,Fiber optic,Yes,Yes,Yes,Yes,No,Yes,Month-to-month,No,Mailed check,76.01,2282.24,Yes
CUST-01548,Male,0,Yes,No,26,Yes,No,DSL,No,No,Yes,No,Yes,No,Month-to-month,Yes,Electronic check,52.37,1369.52,No
CUST-01549,Male,0,Yes,No,24,Yes,Yes,DSL,No,No,Yes,No,Yes,Yes,One year,No,Bank transfer (automatic),63.28,1523.9,No
CUST-01550,Female,0,Yes,Yes,27,Yes,No,No,No internet service,No internet service,No internet service,No internet service,No internet service,No internet service,Month-to-month,Yes,Electronic check,37.69,1027.44,No
CUST-01551,Male,0,No,No,39,Yes,No,Fiber optic,No,Yes,Yes,No,No,No,One year,No,Credit card (automatic),72.2,2812.85,Yes
CUST-01552,Male,0,No,Yes,66,Yes,Yes,DSL,No,No,No,No,Yes,No,Two year,Yes,Mailed check,45.52,2996.93,No
CUST-01553,Male,0,No,No,51,No,No phone service,DSL,Yes,No,Yes,No,No,No,Two year,No,Credit card (automatic),45.05,2306.5,No
CUST-01554,Female,0,No,No,50,Yes,Yes,No,No internet service,No internet service,No internet service,No internet service,No internet service,No internet service,Month-to-month,Yes,Mailed check,32.72,1642.81,No
CUST-01555,Female,0,No,No,45,Yes,No,Fiber optic,Yes,No,Yes,Yes,No,Yes,Month-to-month,Yes,Electronic check,82.42,3706.86,No
CUST-01556,Male,0,No,No,33,Yes,No,DSL,Yes,No,Yes,Yes,Yes,No,Month-to-month,Yes,Electronic check,43.15,1420.3,No
CUST-01557,Female,0,No,No,19,Yes,Yes,No,No internet service,No internet service,No internet service,No internet service,No internet service,No internet service,One year,Yes,Mailed check,25.21,483.06,No
CUST-01558,Male,0,No,Yes,13,Yes,Yes,Fiber optic,No,No,No,Yes,No,No,Month-to-month,Yes,Credit card (automatic),91.23,1184.15,Yes
CUST-01559,Male,0,Yes,Yes,22,Yes,No,Fiber optic,No,Yes,Yes,No,No,No,Month-to-month,Yes,Credit card (automatic),93.27,2047.03,Yes
CUST-01560,Male,0,No,No,20,Yes,No,Fiber optic,No,No,Yes,No,No,No,Month-to-month,Yes,Credit card (automatic),94.16,1873.54,Yes
CUST-01561,Male,0,Yes,No,5,Yes,Yes,No,No internet service,No internet service,No internet service,No internet service,No internet service,No internet service,Month-to-month,No,Electronic check,35.81,181.53,Yes
CUST-01562,Female,1,Yes,No,32,Yes,Yes,DSL,No,No,No,No,No,No,Month-to-month,Yes,Bank transfer (automatic),41.13,1320.52,Yes
CUST-01563,Female,0,Yes,Yes,30,Yes,No,No,No internet service,No internet service,No internet service,No internet service,No internet service,No internet service,Month-to-month,Yes,Electronic check,29.56,895.16,Yes
CUST-01564,Female,0,Yes,Yes,26,Yes,No,No,No internet service,No internet service,No internet service,No internet service,No internet service,No internet service,Month-to-month,Yes,Credit card (automatic),22.3,573.69,Yes
CUST-01565,Male,0,No,Yes,4,Yes,No,DSL,No,No,No,No,No,No,Month-to-month,Yes,Mailed check,66.64,272.29,Yes
CUST-01566,Male,0,No,Yes,67,Yes,No,Fiber optic,No,No,Yes,No,No,Yes,Two year,Yes,Credit card (automatic),66.27,,No
CUST-01567,Male,1,Yes,No,43,Yes,No,No,No internet service,No internet service,No internet service,No internet service,No internet service,No internet service,Month-to-month,No,Electronic check,18.39,784.83,No
CUST-01568,Female,0,Yes,Yes,30,Yes,Yes,Fiber optic,Yes,No,No,No,No,Yes,Month-to-month,No,Electronic check,73.59,2216.25,No
CUST-01569,Male,0,Yes,No,16,Yes,No,Fiber optic,No,No,No,Yes,No,Yes,Two year,No,Electronic check,86.03,1371.85,No
CUST-01570,Female,0,No,Yes,71,Yes,Yes,Fiber optic,No,No,No,No,No,Yes,Two year,Yes,Bank transfer (automatic),93.09,6611.07,No
CUST-01571,Female,0,Yes,No,39,Yes,No,Fiber optic,No,No,No,Yes,No,No,Month-to-month,Yes,Credit card (automatic),76.65,2991.02,No
CUST-01572,Female,0,Yes,No,41,Yes,No,Fiber optic,No,No,Yes,No,Yes,Yes,Month-to-month,No,Electronic check,75.25,3082.03,No
CUST-01573,Female,0,No,Yes,31,Yes,No,Fiber optic,No,No,No,No,No,Yes,Month-to-month,No,Electronic check,88.48,2743.04,Yes
CUST-01574,Female,0,Yes,No,49,Yes,No,Fiber optic,No,Yes,Yes,Yes,Yes,Yes,Month-to-month,Yes,Electronic check,91.95,4502.12,No
CUST-01575,Female,1,No,No,13,Yes,Yes,Fiber optic,No,No,No,No,Yes,Yes,Month-to-month,No,Electronic check,67.63,880.83,Yes
CUST-01576,Male,0,No,Yes,41,Yes,No,DSL,No,No,No,No,Yes,No,Month-to-month,No,Electronic check,69.58,2846.57,No
CUST-01577,Male,0,Yes,No,28,No,No phone service,Fiber optic,No,No,No,No,No,No,One year,No,Electronic check,80.29,2257.43,No
CUST-01578,Female,0,Yes,No,64,Yes,No,DSL,Yes,No,No,No,No,No,Month-to-month,No,Electronic check,69.83,4469.63,No
CUST-01579,Female,0,Yes,No,19,Yes,Yes,Fiber optic,No,No,No,No,Yes,No,Month-to-month,No,Bank transfer (automatic),65.38,1240.69,No
CUST-01580,Male,1,No,No,72,Yes,No,DSL,No,No,Yes,No,No,No,Month-to-month,Yes,Credit card (automatic),66.73,4797.82,No
CUST-01581,Female,0,No,No,25,Yes,No,Fiber optic,No,No,No,No,No,Yes,Month-to-month,No,Bank transfer (automatic),67.96,1700.37,No
CUST-01582,Female,0,No,Yes,38,Yes,Yes,Fiber optic,No,No,No,No,No,No,Two year,No,Electronic check,88.33,3349.13,Yes
CUST-01583,Male,0,Yes,No,3,Yes,No,Fiber optic,Yes,No,No,Yes,No,No,Month-to-month,Yes,Electronic check,65.01,199.06,Yes
CUST-01584,Female,0,Yes,Yes,2,Yes,Yes,DSL,No,No,No,No,No,No,Two year,No,Electronic check,44.09,90.87,No
CUST-01585,Female,1,Yes,No,5,Yes,Yes,DSL,Yes,Yes,No,No,No,No,One year,Yes,Mailed check,44.83,225.11,No
CUST-01586,Female,0,Yes,No,61,Yes,No,No,No internet service,No internet service,No internet service,No internet service,No internet service,No internet service,Month-to-month,No,Electronic check,33.22,2024.39,No
CUST-01587,Male,0,Yes,Yes,20,Yes,No,No,No internet service,No internet service,No internet service,No internet service,No internet service,No internet service,Two year,Yes,Credit card (automatic),35.82,715.58,No
CUST-01588,Male,1,Yes,No,38,Yes,Yes,DSL,No,Yes,Yes,No,Yes,No,Month-to-month,No,Electronic check,42.7,1623.15,Yes
CUST-01589,Male,1,No,No,36,No,No phone service,No,No internet service,No internet service,No internet service,No internet service,No internet service,No internet service,Two year,No,Bank transfer (automatic),27.18,972.92,No
CUST-01590,Female,0,No,No,46,Yes,No,DSL,No,No,No,Yes,Yes,Yes,One year,Yes,Electronic check,61.05,2804.48,No
CUST-01591,Female,0,No,No,37,Yes,Yes,Fiber optic,No,Yes,No,Yes,Yes,Yes,One year,Yes,Mailed check,92.29,3421.76,No
CUST-01592,Male,0,Yes,No,54,Yes,Yes,Fiber optic,Yes,Yes,No,No,No,No,Month-to-month,Yes,Electronic check,70.69,3808.61,Yes
CUST-01593,Female,0,No,No,21,Yes,No,DSL,Yes,No,No,Yes,Yes,Yes,Month-to-month,Yes,Electronic check,52.74,1113.46,No
CUST-01594,Female,1,No,No,21,Yes,No,DSL,No,No,No,No,Yes,Yes,One year,Yes,Electronic check,46.84,981.17,Yes
CUST-01595,Female,0,No,No,70,Yes,No,Fiber optic,No,No,Yes,Yes,No,Yes,Month-to-month,No,Electronic check,66.11,4625.7,Yes
CUST-01596,Female,0,Yes,Yes,60,Yes,No,DSL,Yes,Yes,No,No,No,No,Month-to-month,Yes,Electronic check,53.68,3218.29,No
CUST-01597,Female,0,Yes,Yes,36,Yes,Yes,Fiber optic,No,No,Yes,No,Yes,No,One year,Yes,Mailed check,77.59,2795.24,No
CUST-01598,Male,0,No,No,11,Yes,No,Fiber optic,No,No,No,No,No,No,Month-to-month,Yes,Mailed check,89.65,985.32,Yes
CUST-01599,Female,0,Yes,No,31,Yes,No,DSL,No,No,Yes,No,Yes,No,Two year,Yes,Electronic check,66.72,2067.01,No
CUST-01600,Male,0,Yes,No,37,Yes,No,No,No internet service,No internet service,No internet service,No internet service,No internet service,No internet service,Month-to-month,Yes,Electronic check,25.6,939.61,Yes
CUST-01601,Female,0,Yes,No,60,No,No phone service,DSL,No,No,Yes,No,No,No,Month-to-month,Yes,Bank transfer (automatic),61.25,3683.85,Yes
CUST-01602,Male,0,Yes,Yes,61,Yes,Yes,DSL,No,No,No,No,No,No,Two year,No,Electronic check,57.34,3503.46,No
CUST-01603,Female,0,No,Yes,67,No,No phone service,Fiber optic,No,No,No,Yes,Yes,Yes,Month-to-month,No,Credit card (automatic),88.1,5902.32,No
CUST-01604,Male,0,Yes,No,29,Yes,Yes,No,No internet service,No internet service,No internet service,No internet service,No internet service,No internet service,Two year,Yes,Mailed check,19.39,555.49,No
CUST-01605,Female,0,No,Yes,67,Yes,Yes,Fiber optic,Yes,Yes,No,Yes,Yes,No,One year,Yes,Electronic check,89.39,5997.82,No
CUST-01606,Male,0,No,No,71,No,No phone service,DSL,Yes,No,Yes,Yes,No,No,Two year,Yes,Credit card (automatic),58.08,4117.24,No
CUST-01607,Female,0,Yes,No,67,Yes,Yes,No,No internet service,No internet service,No internet service,No internet service,No internet service,No internet service,Month-to-month,No,Mailed check,38.02,2540.42,Yes
CUST-01608,Male,0,Yes,Yes,16,Yes,Yes,Fiber optic,No,Yes,No,No,No,No,One year,No,Bank transfer (automatic),77.6,1235.28,Yes
CUST-01609,Female,0,Yes,Yes,45,Yes,No,Fiber optic,No,No,No,Yes,Yes,Yes,Month-to-month,No,Mailed check,65.25,2928.09,Yes
CUST-01610,Male,0,No,No,34,Yes,Yes,No,No internet service,No internet service,No internet service,No internet service,No internet service,No internet service,Month-to-month,No,Bank transfer (automatic),42.54,1439.66,Yes
CUST-01611,Male,0,No,No,44,Yes,Yes,DSL,Yes,Yes,No,No,No,No,Two year,No,Electronic check,61.85,2724.26,No
CUST-01612,Female,1,No,No,42,Yes,No,Fiber optic,No,No,No,No,Yes,Yes,Month-to-month,Yes,Mailed check,85.72,3594.44,Yes
CUST-01613,Female,0,No,No,35,Yes,No,No,No internet service,No internet service,No internet service,No internet service,No internet service,No internet service,One year,No,Electronic check,29.2,1020.9,No
CUST-01614,Male,0,No,No,30,Yes,Yes,DSL,No,Yes,No,Yes,No,No,Month-to-month,Yes,Bank transfer (automatic),41.32,1240.55,Yes
CUST-01615,Female,1,No,Yes,53,Yes,No,Fiber optic,No,No,No,Yes,No,Yes,Two year,No,Bank transfer (automatic),69.13,3667.61,No
CUST-01616,Male,0,No,Yes,58,Yes,No,DSL,No,No,No,No,No,No,One year,Yes,Credit card (automatic),53.16,3076.76,No
CUST-01617,Male,0,Yes,No,28,Yes,Yes,No,No internet service,No internet service,No internet service,No internet service,No internet service,No internet service,Two year,Yes,Credit card (automatic),38.8,1086.76,No
CUST-01618,Male,0,No,Yes,15,Yes,Yes,Fiber optic,No,No,Yes,No,Yes,Yes,Month-to-month,Yes,Electronic check,91.69,1384.64,Yes
CUST-01619,Female,1,No,Yes,38,Yes,No,DSL,No,Yes,No,No,Yes,No,One year,No,Mailed check,53.73,2040.69,No
CUST-01620,Male,0,No,No,50,Yes,No,DSL,No,No,No,No,No,No,Month-to-month,No,Bank transfer (automatic),69.85,3494.94,No
CUST-01621,Male,0,No,No,13,Yes,No,Fiber optic,No,No,No,No,No,No,One year,No,Bank transfer (automatic),94.39,1236.77,No
CUST-01622,Female,0,Yes,Yes,35,Yes,Yes,Fiber optic,No,No,Yes,No,Yes,No,Month-to-month,Yes,Mailed check,75.91,2655.77,No
CUST-01623,Female,0,No,No,24,Yes,Yes,Fiber optic,No,Yes,Yes,No,No,Yes,Month-to-month,No,Electronic check,66.94,1605.94,Yes
CUST-01624,Female,0,No,No,65,Yes,Yes,DSL,No,Yes,No,No,No,Yes,One year,No,Mailed check,54.79,3566.17,No
CUST-01625,Female,0,Yes,Yes,18,Yes,No,Fiber optic,Yes,Yes,No,Yes,Yes,No,Month-to-month,Yes,Credit card (automatic),94.38,1696.05,No
CUST-01626,Male,0,Yes,No,58,Yes,Yes,DSL,Yes,No,No,Yes,No,Yes,Month-to-month,Yes,Mailed check,50.97,2949.77,No
CUST-01627,Male,0,No,Yes,26,Yes,Yes,No,No internet service,No internet service,No internet service,No internet service,No internet service,No internet service,Month-to-month,No,Electronic check,25.54,656.16,No
CUST-01628,Male,0,No,No,29,Yes,No,Fiber optic,Yes,No,Yes,Yes,No,Yes,Month-to-month,No,Mailed check,74.12,2154.37,Yes
CUST-01629,Male,0,No,Yes,72,Yes,Yes,Fiber optic,Yes,No,No,No,No,No,Two year,No,Mailed check,93.5,6731.86,No
CUST-01630,Female,1,No,No,44,Yes,No,Fiber optic,No,No,No,No,Yes,No,Month-to-month,Yes,Bank transfer (automatic),70.65,3105.02,Yes
CUST-01631,Male,0,No,Yes,5,Yes,No,Fiber optic,Yes,Yes,Yes,No,Yes,No,Month-to-month,Yes,Electronic check,78.06,382.7,Yes
CUST-01632,Male,0,No,No,33,Yes,No,No,No internet service,No internet service,No internet service,No internet service,No internet service,No internet service,Two year,Yes,Bank transfer (automatic),21.13,706.07,No
CUST-01633,Female,0,Yes,No,5,No,No phone service,Fiber optic,No,No,No,No,No,No,Two year,No,Electronic check,68.35,334.1,No
CUST-01634,Male,0,Yes,No,36,Yes,No,Fiber optic,No,Yes,No,No,Yes,No,Month-to-month,Yes,Bank transfer (automatic),78.09,2820.99,Yes
CUST-01635,Male,0,No,No,13,No,No phone service,Fiber optic,No,No,No,Yes,No,No,Month-to-month,No,Mailed check,89.18,1161.57,No
CUST-01636,Male,0,No,Yes,25,Yes,No,Fiber optic,No,Yes,Yes,No,No,No,Month-to-month,No,Credit card (automatic),65.23,1637.27,Yes
CUST-01637,Male,0,No,No,58,Yes,No,DSL,No,No,No,No,No,No,Two year,Yes,Mailed check,54.55,3161.75,No
CUST-01638,Male,0,Yes,Yes,2,Yes,No,No,No internet service,No internet service,No internet service,No internet service,No internet service,No internet service,Month-to-month,No,Electronic check,30.18,54.43,Yes
CUST-01639,Male,0,No,No,36,Yes,No,Fiber optic,No,No,Yes,Yes,Yes,Yes,Month-to-month,No,Mailed check,67.28,2415.45,No
CUST-01640,Female,1,Yes,Yes,25,Yes,Yes,DSL,No,No,Yes,No,No,No,Two year,No,Mailed check,69.35,1739.61,No
CUST-01641,Female,1,Yes,No,34,No,No phone service,DSL,No,No,No,No,Yes,No,Month-to-month,No,Electronic check,45.93,1558.56,Yes
CUST-01642,Male,0,No,No,12,No,No phone service,Fiber optic,No,No,Yes,No,Yes,Yes,Month-to-month,Yes,Bank transfer (automatic),92.2,1102.55,Yes
CUST-01643,Male,0,Yes,No,19,Yes,Yes,DSL,No,No,No,No,No,Yes,One year,Yes,Bank transfer (automatic),46.88,891.62,No
CUST-01644,Female,0,No,Yes,37,Yes,No,No,No internet service,No internet service,No internet service,No internet service,No internet service,No internet service,One year,No,Credit card (automatic),30.74,1138.87,No
CUST-01645,Male,1,Yes,No,1,Yes,No,No,No internet service,No internet service,No internet service,No internet service,No internet service,No internet service,Month-to-month,No,Electronic check,39.01,33.66,No
CUST-01646,Male,0,No,No,60,Yes,No,DSL,No,Yes,No,No,No,No,Month-to-month,No,Mailed check,68.49,4117.11,No
CUST-01647,Male,1,No,No,67,Yes,Yes,DSL,No,No,No,No,No,Yes,Two year,No,Electronic check,52.04,3495.36,No
CUST-01648,Female,0,Yes,No,49,Yes,No,DSL,No,Yes,Yes,Yes,No,No,Two year,No,Electronic check,42.1,2057.58,No
CUST-01649,Male,1,Yes,No,46,Yes,Yes,DSL,No,No,No,No,No,No,Month-to-month,Yes,Credit card (automatic),40.69,1874.81,No
CUST-01650,Female,0,Yes,No,48,Yes,No,DSL,No,Yes,No,No,No,No,Two year,No,Credit card (automatic),66.21,3176.0,No
CUST-01651,Male,0,No,Yes,68,Yes,No,No,No internet service,No internet service,No internet service,No internet service,No internet service,No internet service,One year,No,Electronic check,29.36,1990.32,No
CUST-01652,Female,0,Yes,No,19,Yes,Yes,Fiber optic,Yes,Yes,No,Yes,Yes,No,Month-to-month,Yes,Mailed check,69.5,1318.75,Yes
CUST-01653,Female,0,Yes,No,40,Yes,No,Fiber optic,No,Yes,No,No,No,Yes,Month-to-month,No,Electronic check,78.92,3161.37,No
CUST-01654,Male,0,No,No,6,Yes,No,DSL,No,Yes,No,No,Yes,No,Month-to-month,Yes,Bank transfer (automatic),46.67,280.44,Yes
CUST-01655,Female,0,No,No,63,No,No phone service,No,No internet service,No internet service,No internet service,No internet service,No internet service,No internet service,Month-to-month,Yes,Bank transfer (automatic),35.98,2265.25,No
CUST-01656,Male,0,Yes,No,35,Yes,No,No,No internet service,No internet service,No internet service,No internet service,No internet service,No internet service,Month-to-month,No,Mailed check,27.22,950.77,No
CUST-01657,Female,0,Yes,No,72,No,No phone service,Fiber optic,No,Yes,No,Yes,No,Yes,Month-to-month,No,Mailed check,86.84,6251.34,Yes
CUST-01658,Male,0,Yes,No,61,Yes,Yes,DSL,No,No,Yes,Yes,Yes,No,One year,No,Bank transfer (automatic),62.95,3836.85,No
CUST-01659,Male,0,No,No,5,Yes,No,No,No internet service,No internet service,No internet service,No internet service,No internet service,No internet service,Month-to-month,Yes,Mailed check,26.23,122.33,No
CUST-01660,Female,0,No,No,37,Yes,No,DSL,Yes,Yes,Yes,No,No,Yes,One year,Yes,Bank transfer (automatic),59.9,2223.83,No
CUST-01661,Male,0,Yes,No,11,Yes,Yes,Fiber optic,No,Yes,Yes,No,No,No,Month-to-month,No,Bank transfer (automatic),88.21,979.43,No
CUST-01662,Male,1,No,Yes,40,Yes,No,Fiber optic,No,Yes,No,No,No,Yes,Month-to-month,Yes,Electronic check,66.53,2665.64,Yes
CUST-01663,Female,0,Yes,Yes,65,Yes,No,No,No internet service,No internet service,No internet service,No internet service,No internet service,No internet service,Month-to-month,Yes,Bank transfer (automatic),20.79,1345.74,Yes
CUST-01664,Male,0,Yes,Yes,8,Yes,No,Fiber optic,No,No,Yes,No,No,Yes,One year,Yes,Mailed check,94.47,759.13,No
CUST-01665,Male,0,No,No,11,Yes,No,No,No internet service,No internet service,No internet service,No internet service,No internet service,No internet service,Month-to-month,Yes,Bank transfer (automatic),18.25,208.18,Yes
CUST-01666,Female,0,Yes,No,71,Yes,No,No,No internet service,No internet service,No internet service,No internet service,No internet service,No internet service,Two year,Yes,Electronic check,24.39,1735.72,No
CUST-01667,Female,0,Yes,No,58,No,No phone service,DSL,No,No,Yes,No,No,No,Two year,Yes,Electronic check,63.47,3686.44,No
CUST-01668,Male,0,No,No,48,Yes,Yes,Fiber optic,No,Yes,No,Yes,No,No,One year,No,Electronic check,74.49,3571.76,Yes
CUST-01669,Male,0,Yes,No,13,Yes,Yes,DSL,No,No,No,No,No,No,Month-to-month,Yes,Credit card (automatic),64.58,845.31,Yes
CUST-01670,Female,0,Yes,No,60,No,No phone service,No,No internet service,No internet service,No internet service,No internet service,No internet service,No internet service,One year,No,Bank transfer (automatic),18.97,1131.79,No
CUST-01671,Female,0,No,No,49,No,No phone service,DSL,Yes,No,Yes,Yes,Yes,Yes,One year,Yes,Bank transfer (automatic),66.3,3252.75,No
CUST-01672,Male,1,Yes,Yes,67,Yes,No,DSL,No,Yes,Yes,No,Yes,No,One year,Yes,Bank transfer (automatic),54.18,3624.63,Yes
CUST-01673,Female,1,Yes,Yes,7,Yes,No,Fiber optic,Yes,No,Yes,Yes,Yes,Yes,Month-to-month,Yes,Electronic check,66.11,464.97,No
CUST-01674,Male,0,No,Yes,25,Yes,No,Fiber optic,No,No,Yes,No,Yes,No,Month-to-month,Yes,Bank transfer (automatic),83.7,2090.4,No
CUST-01675,Male,0,No,Yes,23,Yes,Yes,DSL,No,No,Yes,No,No,Yes,Two year,No,Bank transfer (automatic),48.32,1113.17,No
CUST-01676,Male,0,No,Yes,51,Yes,No,Fiber optic,Yes,No,No,No,Yes,No,Month-to-month,No,Mailed check,86.01,4382.01,No
CUST-01677,Male,0,Yes,No,47,Yes,Yes,No,No internet service,No internet service,No internet service,No internet service,No internet service,No internet service,Month-to-month,No,Bank transfer (automatic),42.08,1987.1,Yes
CUST-01678,Male,0,No,Yes,5,Yes,No,Fiber optic,Yes,Yes,No,No,No,No,Two year,No,Electronic check,67.51,344.15,No
CUST-01679,Female,0,Yes,Yes,13,Yes,Yes,Fiber optic,No,No,No,No,No,No,One year,Yes,Electronic check,72.33,945.16,Yes
CUST-01680,Female,1,No,Yes,42,Yes,Yes,DSL,Yes,No,No,Yes,Yes,No,Month-to-month,Yes,Electronic check,51.73,2173.86,No
CUST-01681,Female,1,Yes,No,5,Yes,Yes,DSL,No,No,No,No,Yes,Yes,Month-to-month,No,Electronic check,68.8,350.22,No
CUST-01682,Female,0,Yes,No,23,Yes,Yes,Fiber optic,Yes,Yes,No,Yes,No,No,One year,No,Mailed check,77.17,1778.98,Yes
CUST-01683,Male,0,No,No,62,Yes,No,Fiber optic,No,No,No,No,No,Yes,Two year,No,Electronic check,68.4,4237.38,No
CUST-01684,Male,0,Yes,Yes,1,Yes,No,Fiber optic,No,Yes,No,Yes,Yes,No,Month-to-month,Yes,Electronic check,73.93,67.2,Yes
CUST-01685,Male,0,Yes,No,54,Yes,No,Fiber optic,No,No,No,Yes,No,No,Month-to-month,Yes,Credit card (automatic),65.58,3540.39,Yes
CUST-01686,Male,0,No,Yes,72,Yes,No,Fiber optic,No,Yes,No,Yes,Yes,Yes,Month-to-month,Yes,Electronic check,70.74,5096.62,No
CUST-01687,Female,0,Yes,Yes,3,Yes,No,Fiber optic,No,No,No,Yes,No,Yes,Month-to-month,Yes,Mailed check,83.29,248.21,Yes
CUST-01688,Male,1,Yes,No,64,Yes,Yes,DSL,Yes,Yes,No,No,No,No,Month-to-month,Yes,Bank transfer (automatic),45.06,2889.7,No
CUST-01689,Male,0,Yes,No,51,Yes,No,No,No internet service,No internet service,No internet service,No internet service,No internet service,No internet service,Month-to-month,Yes,Electronic check,42.51,2163.78,Yes
CUST-01690,Female,0,No,No,2,Yes,Yes,DSL,No,No,No,No,No,No,Month-to-month,Yes,Electronic check,61.4,120.55,No
CUST-01691,Female,0,No,No,49,Yes,No,Fiber optic,Yes,No,Yes,Yes,No,No,Month-to-month,Yes,Mailed check,85.65,4205.43,Yes
CUST-01692,Female,0,No,No,31,Yes,Yes,DSL,No,No,Yes,No,Yes,Yes,One year,Yes,Credit card (automatic),53.42,1650.94,No
CUST-01693,Female,0,No,Yes,3,Yes,No,Fiber optic,No,No,No,Yes,No,Yes,One year,Yes,Electronic check,88.41,258.56,No
CUST-01694,Male,0,No,No,35,Yes,Yes,Fiber optic,No,No,No,No,No,No,Month-to-month,No,Electronic check,70.62,2465.0,Yes
CUST-01695,Male,0,No,Yes,36,Yes,Yes,Fiber optic,No,No,Yes,Yes,No,Yes,Two year,Yes,Credit card (automatic),78.3,2812.58,No
CUST-01696,Female,0,No,No,64,Yes,No,Fiber optic,Yes,No,Yes,No,No,No,Two year,No,Electronic check,94.81,6058.54,No
CUST-01697,Male,0,No,Yes,32,Yes,Yes,Fiber optic,Yes,Yes,No,No,Yes,No,Month-to-month,Yes,Credit card (automatic),73.6,2353.77,No
CUST-01698,Male,1,Yes,No,18,Yes,Yes,No,No internet service,No internet service,No internet service,No internet service,No internet service,No internet service,Month-to-month,No,Electronic check,27.15,489.58,No
CUST-01699,Male,0,Yes,No,34,Yes,No,DSL,No,No,Yes,No,No,No,Month-to-month,No,Credit card (automatic),46.61,1588.68,Yes
CUST-01700,Female,0,Yes,No,56,Yes,Yes,No,No internet service,No internet service,No internet service,No internet service,No internet service,No internet service,Month-to-month,No,Credit card (automatic),18.25,1013.21,No
CUST-01701,Male,0,Yes,Yes,67,Yes,Yes,Fiber optic,Yes,No,No,Yes,No,Yes,Month-to-month,Yes,Bank transfer (automatic),77.11,5167.13,No
CUST-01702,Female,0,No,No,53,Yes,No,Fiber optic,No,Yes,Yes,Yes,Yes,Yes,One year,No,Credit card (automatic),69.36,3681.87,No
CUST-01703,Male,0,Yes,No,67,Yes,Yes,No,No internet service,No internet service,No internet service,No internet service,No internet service,No internet service,Month-to-month,Yes,Credit card (automatic),30.35,2034.94,No
CUST-01704,Male,1,Yes,No,66,Yes,Yes,DSL,No,No,No,Yes,No,Yes,Month-to-month,Yes,Mailed check,62.58,4125.37,Yes
CUST-01705,Male,1,Yes,No,64,Yes,Yes,DSL,No,Yes,No,No,No,No,Month-to-month,No,Bank transfer (automatic),65.44,4191.2,No
CUST-01706,Female,0,Yes,No,67,Yes,Yes,Fiber optic,Yes,Yes,Yes,No,No,No,One year,No,Bank transfer (automatic),70.04,4689.85,No
CUST-01707,Male,0,Yes,Yes,39,Yes,No,Fiber optic,Yes,No,No,No,No,Yes,Two year,Yes,Mailed check,92.05,3592.14,Yes
CUST-01708,Female,0,No,No,38,Yes,No,No,No internet service,No internet service,No internet service,No internet service,No internet service,No internet service,Two year,Yes,Bank transfer (automatic),25.78,988.81,No
CUST-01709,Female,0,No,Yes,40,Yes,No,Fiber optic,Yes,No,No,No,Yes,No,Two year,Yes,Mailed check,78.44,3132.81,No
CUST-01710,Female,0,Yes,Yes,19,Yes,No,No,No internet service,No internet service,No internet service,No internet service,No internet service,No internet service,Month-to-month,Yes,Electronic check,32.47,620.74,No
CUST-01711,Male,0,Yes,No,5,Yes,No,No,No internet service,No internet service,No internet service,No internet service,No internet service,No internet service,Two year,No,Electronic check,19.47,98.46,No
CUST-01712,Male,0,Yes,No,69,Yes,No,Fiber optic,No,No,No,No,No,No,Month-to-month,Yes,Electronic check,90.25,6225.07,No
CUST-01713,Male,0,Yes,Yes,14,Yes,Yes,Fiber optic,No,No,Yes,No,No,No,Month-to-month,No,Electronic check,88.68,1231.58,No
CUST-01714,Male,0,No,Yes,49,Yes,Yes,DSL,Yes,Yes,No,No,No,No,Month-to-month,Yes,Electronic check,54.19,2663.22,Yes
CUST-01715,Female,1,Yes,No,64,Yes,Yes,Fiber optic,No,No,Yes,Yes,No,No,Two year,Yes,Bank transfer (automatic),74.53,4776.83,No
CUST-01716,Female,0,No,Yes,57,Yes,No,DSL,No,No,No,No,No,Yes,Month-to-month,Yes,Electronic check,54.91,3138.7,No
CUST-01717,Female,0,Yes,No,35,Yes,No,Fiber optic,No,Yes,Yes,No,No,No,One year,Yes,Electronic check,84.63,2965.05,No
CUST-01718,Male,0,No,No,5,Yes,Yes,No,No internet service,No internet service,No internet service,No internet service,No internet service,No internet service,Month-to-month,Yes,Mailed check,36.01,180.69,Yes
CUST-01719,Female,0,No,No,39,Yes,Yes,Fiber optic,No,No,No,No,No,Yes,Month-to-month,Yes,Electronic check,78.13,3040.12,No
CUST-01720,Male,0,No,Yes,24,Yes,No,Fiber optic,No,Yes,No,Yes,Yes,Yes,One year,Yes,Bank transfer (automatic),65.8,1578.44,No
CUST-01721,Female,0,Yes,Yes,40,No,No phone service,No,No internet service,No internet service,No internet service,No internet service,No internet service,No internet service,Month-to-month,No,Electronic check,36.39,1453.95,No
CUST-01722,Male,1,Yes,No,50,Yes,No,Fiber optic,No,Yes,No,No,Yes,No,Month-to-month,No,Credit card (automatic),74.59,3724.53,Yes
CUST-01723,Male,0,No,No,58,No,No phone service,Fiber optic,No,Yes,Yes,No,Yes,No,One year,No,Credit card (automatic),91.36,5305.43,No
CUST-01724,Female,0,Yes,Yes,1,Yes,No,Fiber optic,No,No,No,No,Yes,No,Month-to-month,Yes,Mailed check,77.65,80.96,No
CUST-01725,Female,0,Yes,Yes,43,Yes,Yes,DSL,Yes,Yes,No,No,No,No,Month-to-month,Yes,Electronic check,63.87,2751.0,No
CUST-01726,Female,0,No,Yes,39,Yes,No,Fiber optic,Yes,No,No,No,No,Yes,Two year,No,Electronic check,76.02,2968.76,No
CUST-01727,Female,0,Yes,No,10,Yes,Yes,Fiber optic,No,No,No,Yes,No,No,Month-to-month,No,Electronic check,76.13,753.36,No
CUST-01728,Male,1,No,No,2,Yes,No,Fiber optic,No,No,Yes,Yes,Yes,No,Month-to-month,Yes,Electronic check,87.88,180.77,Yes
CUST-01729,Female,0,Yes,No,63,Yes,Yes,Fiber optic,No,No,No,No,Yes,No,Month-to-month,Yes,Bank transfer (automatic),81.19,5121.91,No
CUST-01730,Female,0,Yes,No,16,Yes,Yes,DSL,No,No,No,No,No,No,One year,No,Credit card (automatic),47.69,762.38,No
CUST-01731,Female,0,No,No,37,Yes,Yes,No,No internet service,No internet service,No internet service,No internet service,No internet service,No internet service,Month-to-month,Yes,Bank transfer (automatic),40.18,1493.19,No
CUST-01732,Male,0,No,No,16,Yes,No,Fiber optic,No,No,No,No,No,Yes,Month-to-month,Yes,Bank transfer (automatic),83.9,1340.36,No
CUST-01733,Male,1,No,Yes,27,Yes,Yes,No,No internet service,No internet service,No internet service,No internet service,No internet service,No internet service,Two year,Yes,Credit card (automatic),,923.63,No
CUST-01734,Female,1,No,Yes,63,Yes,Yes,Fiber optic,No,Yes,Yes,No,Yes,Yes,Month-to-month,Yes,Electronic check,88.51,5579.72,Yes
CUST-01735,Male,0,Yes,Yes,64,Yes,No,DSL,No,No,Yes,Yes,Yes,Yes,Month-to-month,No,Electronic check,58.91,3778.01,No
CUST-01736,Female,0,Yes,No,32,Yes,Yes,Fiber optic,No,No,No,No,Yes,Yes,Month-to-month,No,Credit card (automatic),72.74,2328.16,Yes
CUST-01737,Male,0,Yes,No,9,Yes,Yes,Fiber optic,No,No,Yes,No,Yes,No,Two year,Yes,Mailed check,65.31,581.36,Yes
CUST-01738,Male,0,No,No,11,Yes,Yes,Fiber optic,No,Yes,No,No,Yes,Yes,Month-to-month,No,Electronic check,88.66,970.98,No
CUST-01739,Male,1,Yes,Yes,70,Yes,Yes,No,No internet service,No internet service,No internet service,No internet service,No internet service,No internet service,Two year,Yes,Electronic check,43.72,3059.76,No
CUST-01740,Male,0,Yes,Yes,30,Yes,Yes,DSL,No,Yes,No,No,No,No,One year,Yes,Bank transfer (automatic),61.58,1846.7,No
CUST-01741,Female,0,Yes,Yes,15,Yes,Yes,Fiber optic,No,Yes,No,No,No,Yes,Month-to-month,Yes,Bank transfer (automatic),89.78,1349.73,Yes
CUST-01742,Female,0,No,No,59,Yes,Yes,DSL,No,Yes,No,No,Yes,Yes,One year,No,Bank transfer (automatic),65.91,3879.18,No
CUST-01743,Female,0,No,Yes,48,No,No phone service,No,No internet service,No internet service,No internet service,No internet service,No internet service,No internet service,Month-to-month,No,Bank transfer (automatic),22.59,1083.99,No
CUST-01744,Male,0,Yes,Yes,60,Yes,Yes,DSL,Yes,No,Yes,No,No,No,One year,Yes,Bank transfer (automatic),50.71,3044.17,No
CUST-01745,Female,0,Yes,No,68,Yes,No,DSL,No,No,Yes,No,Yes,No,One year,No,Bank transfer (automatic),62.02,4220.18,No
CUST-01746,Female,0,No,Yes,57,Yes,Yes,DSL,Yes,No,No,No,Yes,No,Month-to-month,No,Electronic check,53.18,3035.88,Yes
CUST-01747,Female,0,No,No,64,Yes,No,Fiber optic,Yes,No,No,No,No,No,Month-to-month,Yes,Bank transfer (automatic),84.11,5386.72,Yes
CUST-01748,Male,0,No,Yes,54,Yes,No,Fiber optic,No,No,Yes,No,No,No,Month-to-month,No,Electronic check,73.08,3951.32,Yes
CUST-01749,Male,0,No,No,54,Yes,Yes,Fiber optic,No,No,Yes,No,Yes,No,Month-to-month,No,Mailed check,86.45,4675.38,No
CUST-01750,Male,0,Yes,No,59,Yes,No,DSL,No,No,No,No,No,No,Month-to-month,Yes,Electronic check,57.82,3403.08,Yes
CUST-01751,Female,0,No,No,39,Yes,Yes,DSL,No,No,Yes,No,No,No,Month-to-month,Yes,Bank transfer (automatic),68.73,2679.3,No
CUST-01752,Female,0,Yes,No,15,Yes,No,Fiber optic,Yes,Yes,No,No,No,No,Month-to-month,No,Electronic check,92.71,1384.51,No
CUST-01753,Female,1,No,No,28,Yes,No,Fiber optic,No,No,No,No,No,No,Month-to-month,No,Credit card (automatic),81.84,2281.66,No
CUST-01754,Male,0,Yes,No,36,Yes,No,Fiber optic,No,No,No,No,No,No,Month-to-month,Yes,Electronic check,72.55,2608.97,Yes
CUST-01755,Male,0,Yes,No,54,Yes,No,Fiber optic,No,No,No,Yes,No,Yes,Two year,Yes,Mailed check,76.67,4150.11,No
CUST-01756,Female,0,No,No,17,Yes,Yes,No,No internet service,No internet service,No internet service,No internet service,No internet service,No internet service,Month-to-month,Yes,Mailed check,37.15,626.88,Yes
CUST-01757,Male,0,Yes,No,22,Yes,Yes,DSL,No,No,Yes,Yes,No,No,Month-to-month,Yes,Electronic check,52.65,1157.59,Yes
CUST-01758,Male,0,Yes,No,36,Yes,No,Fiber optic,Yes,No,No,No,No,Yes,Month-to-month,Yes,Electronic check,89.67,3236.16,Yes
CUST-01759,Male,0,Yes,Yes,29,Yes,No,DSL,No,No,No,Yes,No,No,Month-to-month,No,Electronic check,47.16,1361.24,No
CUST-01760,Male,0,No,No,55,Yes,Yes,Fiber optic,No,No,No,Yes,No,No,Two year,Yes,Electronic check,88.14,4840.69,No
CUST-01761,Female,0,No,No,42,No,No phone service,Fiber optic,No,No,Yes,No,Yes,No,Month-to-month,No,Electronic check,88.55,3715.78,No
CUST-01762,Male,0,No,No,32,Yes,No,Fiber optic,No,No,Yes,Yes,Yes,Yes,Two year,Yes,Credit card (automatic),70.53,2259.94,Yes
CUST-01763,Male,0,Yes,Yes,14,Yes,Yes,No,No internet service,No internet service,No internet service,No internet service,No internet service,No internet service,One year,No,Bank transfer (automatic),18.25,257.56,Yes
CUST-01764,Male,0,Yes,No,18,No,No phone service,Fiber optic,No,Yes,Yes,No,No,No,One year,No,Electronic check,83.04,1490.5,Yes
CUST-01765,Male,0,Yes,Yes,38,No,No phone service,Fiber optic,No,No,Yes,No,Yes,Yes,Two year,No,Credit card (automatic),88.24,3361.21,No
CUST-01766,Female,0,Yes,No,34,Yes,No,No,No internet service,No internet service,No internet service,No internet service,No internet service,No internet service,Two year,No,Credit card (automatic),43.13,1458.28,No
CUST-01767,Female,0,No,Yes,45,Yes,Yes,Fiber optic,Yes,Yes,No,Yes,Yes,No,Month-to-month,Yes,Electronic check,85.47,3853.7,Yes
CUST-01768,Male,0,Yes,No,32,Yes,No,Fiber optic,No,No,No,No,Yes,Yes,One year,Yes,Electronic check,85.49,2729.15,No
CUST-01769,Male,1,Yes,Yes,67,Yes,No,No,No internet service,No internet service,No internet service,No internet service,No internet service,No internet service,Two year,Yes,Bank transfer (automatic),28.01,1877.21,No
CUST-01770,Male,0,Yes,Yes,63,Yes,Yes,No,No internet service,No internet service,No internet service,No internet service,No internet service,No internet service,Month-to-month,No,Bank transfer (automatic),24.51,1546.34,No
CUST-01771,Male,0,No,No,55,Yes,Yes,No,No internet service,No internet service,No internet service,No internet service,No internet service,No internet service,One year,No,Mailed check,27.67,1530.56,No
CUST-01772,Male,0,Yes,No,43,Yes,Yes,Fiber optic,No,No,No,No,Yes,No,Month-to-month,Yes,Electronic check,85.9,3689.46,Yes
CUST-01773,Male,0,No,Yes,22,Yes,Yes,Fiber optic,No,Yes,No,No,No,Yes,Month-to-month,No,Electronic check,94.51,2087.56,No
CUST-01774,Female,0,No,No,68,Yes,Yes,No,No internet service,No internet service,No internet service,No internet service,No internet service,No internet service,Two year,Yes,Bank transfer (automatic),35.56,2427.44,No
CUST-01775,Male,0,Yes,Yes,29,Yes,No,DSL,No,No,No,No,No,No,One year,Yes,Bank transfer (automatic),57.38,1673.21,No
CUST-01776,Female,0,Yes,No,40,Yes,No,No,No internet service,No internet service,No internet service,No internet service,No internet service,No internet service,One year,Yes,Electronic check,27.35,1094.28,No
CUST-01777,Female,1,Yes,No,45,Yes,No,No,No internet service,No internet service,No internet service,No internet service,No internet service,No internet service,Month-to-month,Yes,Mailed check,26.64,1191.99,No
CUST-01778,Male,0,Yes,Yes,10,Yes,No,No,No internet service,No internet service,No internet service,No internet service,No internet service,No internet service,Month-to-month,No,Credit card (automatic),27.97,280.22,No
CUST-01779,Female,0,No,No,45,Yes,No,DSL,Yes,Yes,No,Yes,Yes,No,Two year,No,Electronic check,54.8,2472.27,No
CUST-01780,Female,0,No,Yes,17,Yes,Yes,No,No internet service,No internet service,No internet service,No internet service,No internet service,No internet service,One year,Yes,Credit card (automatic),27.99,473.05,No
CUST-01781,Female,0,No,No,2,Yes,Yes,Fiber optic,No,Yes,No,No,No,No,Month-to-month,No,Electronic check,91.24,187.9,Yes
CUST-01782,Female,0,No,No,17,Yes,Yes,Fiber optic,No,Yes,No,No,No,No,Month-to-month,Yes,Credit card (automatic),65.52,1115.49,No
CUST-01783,Female,0,No,No,38,Yes,Yes,No,No internet service,No internet service,No internet service,No internet service,No internet service,No internet service,One year,Yes,Bank transfer (automatic),31.88,1212.19,No
CUST-01784,Female,0,No,No,37,Yes,No,Fiber optic,No,No,No,No,No,No,Month-to-month,No,Bank transfer (automatic),90.32,3339.65,No
CUST-01785,Male,1,No,No,63,Yes,Yes,DSL,No,No,Yes,Yes,No,Yes,Month-to-month,Yes,Mailed check,53.08,3347.72,Yes
CUST-01786,Female,0,No,Yes,5,Yes,No,Fiber optic,No,No,No,Yes,No,No,Month-to-month,No,Electronic check,91.12,453.0,Yes
CUST-01787,Female,0,No,No,25,Yes,No,DSL,No,No,No,Yes,Yes,No,One year,No,Electronic check,57.95,1447.78,No
CUST-01788,Female,1,No,No,22,Yes,Yes,Fiber optic,No,No,Yes,No,No,No,One year,Yes,Electronic check,73.32,1605.31,Yes
CUST-01789,Male,0,Yes,No,63,Yes,No,Fiber optic,No,No,No,Yes,Yes,No,Month-to-month,Yes,Electronic check,71.49,4509.18,Yes
CUST-01790,Female,0,Yes,No,35,Yes,Yes,Fiber optic,No,Yes,No,No,Yes,Yes,Month-to-month,No,Credit card (automatic),66.32,2323.34,No
CUST-01791,Male,1,Yes,Yes,55,Yes,Yes,DSL,No,No,No,No,Yes,No,One year,Yes,Mailed check,61.11,3365.61,No
CUST-01792,Female,0,No,Yes,20,Yes,Yes,DSL,No,No,Yes,No,No,No,One year,No,Electronic check,59.52,1199.6,Yes
CUST-01793,Male,1,Yes,Yes,5,Yes,Yes,Fiber optic,No,No,No,Yes,No,No,Month-to-month,Yes,Bank transfer (automatic),88.49,437.56,Yes
CUST-01794,Male,0,No,Yes,39,Yes,Yes,Fiber optic,No,No,No,No,Yes,Yes,Month-to-month,Yes,Electronic check,93.67,3657.46,Yes
CUST-01795,Female,0,No,Yes,63,Yes,No,Fiber optic,No,No,No,No,No,No,Month-to-month,Yes,Electronic check,74.86,4712.77,No
CUST-01796,Female,1,Yes,No,32,Yes,No,Fiber optic,No,Yes,Yes,No,No,No,Month-to-month,Yes,Mailed check,72.27,2306.68,Yes
CUST-01797,Male,0,No,No,63,Yes,No,Fiber optic,No,Yes,No,Yes,Yes,No,Month-to-month,Yes,Mailed check,73.32,4619.92,No
CUST-01798,Female,0,Yes,Yes,40,Yes,Yes,No,No internet service,No internet service,No internet service,No internet service,No internet service,No internet service,Month-to-month,No,Electronic check,31.65,1275.24,Yes
CUST-01799,Male,0,No,No,17,Yes,No,DSL,No,Yes,No,No,Yes,No,Two year,Yes,Electronic check,53.96,926.4,No
CUST-01800,Male,1,No,Yes,32,Yes,No,DSL,Yes,Yes,No,Yes,No,No,Month-to-month,No,Bank transfer (automatic),42.69,1374.25,Yes
CUST-01801,Male,0,Yes,No,23,Yes,No,DSL,No,Yes,No,No,No,Yes,Month-to-month,Yes,Credit card (automatic),46.58,1071.25,No
CUST-01802,Male,0,Yes,No,60,Yes,Yes,DSL,No,No,Yes,Yes,Yes,Yes,Month-to-month,Yes,Bank transfer (automatic),56.67,3403.12,No
CUST-01803,Male,0,Yes,No,56,No,No phone service,No,No internet service,No internet service,No internet service,No internet service,No internet service,No internet service,Month-to-month,No,Electronic check,44.24,2468.8,No
CUST-01804,Female,0,Yes,No,9,Yes,No,No,No internet service,No internet service,No internet service,No internet service,No internet service,No internet service,Two year,No,Bank transfer (automatic),37.92,334.57,No
CUST-01805,Male,0,Yes,Yes,69,Yes,No,No,No internet service,No internet service,No internet service,No internet service,No internet service,No internet service,Month-to-month,Yes,Electronic check,44.49,3065.2,No
CUST-01806,Male,0,Yes,No,62,Yes,No,Fiber optic,Yes,Yes,Yes,No,No,No,One year,No,Bank transfer (automatic),86.63,5366.04,No
CUST-01807,Female,0,No,No,64,Yes,No,Fiber optic,No,No,No,No,No,No,Month-to-month,No,Bank transfer (automatic),94.62,6063.5,No
CUST-01808,Male,0,No,No,22,Yes,Yes,Fiber optic,No,Yes,No,No,Yes,No,Two year,Yes,Electronic check,72.49,1594.96,No
CUST-01809,Female,0,No,Yes,32,Yes,No,Fiber optic,Yes,No,No,Yes,Yes,No,Two year,No,Electronic check,92.46,2957.29,No
CUST-01810,Female,0,No,No,47,Yes,No,No,No internet service,No internet service,No internet service,No internet service,No internet service,No internet service,Month-to-month,Yes,Mailed check,35.06,1639.61,Yes
CUST-01811,Female,0,Yes,No,2,Yes,No,DSL,No,No,No,Yes,No,No,Month-to-month,Yes,Bank transfer (automatic),57.94,121.45,No
CUST-01812,Male,1,No,No,52,Yes,Yes,DSL,No,No,No,No,Yes,No,Month-to-month,Yes,Electronic check,61.05,3164.67,No
CUST-01813,Male,0,No,Yes,14,Yes,Yes,No,No internet service,No internet service,No internet service,No internet service,No internet service,No internet service,Month-to-month,Yes,Mailed check,32.08,456.04,No
CUST-01814,Male,0,Yes,Yes,37,Yes,No,No,No internet service,No internet service,No internet service,No internet service,No internet service,No internet service,Month-to-month,No,Mailed check,25.81,948.59,Yes
CUST-01815,Female,0,No,No,27,Yes,Yes,No,No internet service,No internet service,No internet service,No internet service,No internet service,No internet service,One year,Yes,Bank transfer (automatic),39.41,1064.05,No
CUST-01816,Male,0,Yes,Yes,24,Yes,Yes,Fiber optic,No,No,No,No,Yes,No,Month-to-month,Yes,Electronic check,76.15,1824.67,No
CUST-01817,Female,0,Yes,Yes,64,Yes,Yes,No,No internet service,No internet service,No internet service,No internet service,No internet service,No internet service,Month-to-month,Yes,Electronic check,27.92,1795.52,Yes
CUST-01818,Male,0,Yes,Yes,70,Yes,No,DSL,No,Yes,No,Yes,No,No,Two year,No,Electronic check,63.66,4465.53,No
CUST-01819,Female,0,No,Yes,26,Yes,Yes,DSL,No,Yes,No,Yes,No,No,Month-to-month,Yes,Mailed check,69.22,1805.96,Yes
CUST-01820,Male,1,Yes,Yes,54,Yes,No,Fiber optic,No,No,No,No,No,No,One year,No,Electronic check,74.42,4021.03,Yes
CUST-01821,Male,0,No,No,15,Yes,Yes,No,No internet service,No internet service,No internet service,No internet service,No internet service,No internet service,Month-to-month,Yes,Electronic check,44.39,666.05,No
CUST-01822,Male,0,No,Yes,29,Yes,Yes,DSL,No,No,No,No,Yes,Yes,One year,No,Mailed check,66.64,1927.25,No
CUST-01823,Female,0,No,Yes,28,Yes,No,Fiber optic,Yes,Yes,No,No,Yes,No,Month-to-month,Yes,Bank transfer (automatic),70.94,1988.21,Yes
CUST-01824,Female,1,Yes,Yes,59,Yes,No,Fiber optic,No,Yes,Yes,Yes,No,Yes,Month-to-month,No,Electronic check,69.82,4122.62,No
CUST-01825,Male,0,Yes,No,21,Yes,Yes,Fiber optic,Yes,Yes,Yes,Yes,No,Yes,Month-to-month,Yes,Bank transfer (automatic),89.56,1889.47,Yes
CUST-01826,Male,0,Yes,No,10,Yes,Yes,DSL,Yes,Yes,No,No,Yes,No,One year,No,Mailed check,42.0,422.25,No
CUST-01827,Female,0,No,No,4,Yes,No,DSL,No,No,No,No,No,No,One year,No,Mailed check,69.53,285.21,No
CUST-01828,Female,0,No,Yes,62,Yes,Yes,No,No internet service,No internet service,No internet service,No internet service,No internet service,No internet service,Month-to-month,No,Bank transfer (automatic),21.16,1310.23,Yes
CUST-01829,Female,0,Yes,No,4,Yes,No,Fiber optic,No,No,No,Yes,No,Yes,Two year,Yes,Electronic check,65.71,263.54,No
CUST-01830,Male,0,No,No,6,Yes,No,Fiber optic,Yes,Yes,Yes,No,No,Yes,Two year,Yes,Mailed check,84.94,517.98,Yes
CUST-01831,Female,1,Yes,Yes,72,Yes,No,Fiber optic,No,No,No,No,Yes,No,Month-to-month,No,Credit card (automatic),82.09,5915.42,No
CUST-01832,Male,1,Yes,No,16,Yes,Yes,DSL,Yes,Yes,Yes,No,No,Yes,Month-to-month,No,Mailed check,67.34,1085.89,No
CUST-01833,Female,0,No,No,38,No,No phone service,DSL,Yes,No,Yes,No,No,Yes,One year,Yes,Credit card (automatic),44.12,1669.35,No
CUST-01834,Male,1,No,No,49,Yes,No,DSL,No,Yes,No,No,No,No,Two year,No,Credit card (automatic),45.57,2227.0,No
CUST-01835,Female,0,Yes,No,61,Yes,Yes,DSL,No,No,Yes,No,Yes,No,Month-to-month,Yes,Bank transfer (automatic),61.91,3772.31,No
CUST-01836,Female,0,No,No,65,Yes,No,DSL,Yes,Yes,Yes,Yes,Yes,No,Two year,Yes,Mailed check,51.73,3369.15,No
CUST-01837,Female,0,Yes,Yes,50,Yes,Yes,Fiber optic,No,No,Yes,No,No,No,Two year,Yes,Bank transfer (automatic),83.86,4190.89,No
CUST-01838,Female,0,Yes,No,17,Yes,Yes,No,No internet service,No internet service,No internet service,No internet service,No internet service,No internet service,Month-to-month,Yes,Bank transfer (automatic),18.25,300.59,No
CUST-01839,Female,1,No,Yes,28,Yes,Yes,No,No internet service,No internet service,No internet service,No internet service,No internet service,No internet service,One year,No,Bank transfer (automatic),39.23,1094.33,Yes
CUST-01840,Male,0,Yes,No,44,Yes,Yes,No,No internet service,No internet service,No internet service,No internet service,No internet service,No internet service,Month-to-month,Yes,Electronic check,22.9,999.72,No
CUST-01841,Female,0,No,Yes,12,Yes,No,Fiber optic,Yes,No,Yes,No,No,No,Month-to-month,Yes,Bank transfer (automatic),80.99,977.06,Yes
CUST-01842,Female,0,Yes,No,70,Yes,Yes,DSL,No,No,Yes,No,No,No,One year,Yes,Credit card (automatic),60.83,4254.43,No
CUST-01843,Female,0,No,No,71,Yes,No,Fiber optic,No,Yes,Yes,Yes,No,Yes,One year,Yes,Electronic check,69.98,4971.96,No
CUST-01844,Male,0,No,No,72,Yes,Yes,DSL,No,No,No,Yes,No,Yes,Month-to-month,Yes,Electronic check,42.37,3047.97,No
CUST-01845,Female,0,Yes,Yes,3,Yes,No,Fiber optic,Yes,Yes,Yes,No,No,Yes,Month-to-month,Yes,Credit card (automatic),65.01,203.78,No
CUST-01846,Male,0,No,No,49,Yes,Yes,DSL,Yes,Yes,No,No,No,Yes,Month-to-month,Yes,Bank transfer (automatic),41.73,2039.88,No
CUST-01847,Female,1,No,No,21,Yes,No,DSL,No,No,Yes,No,No,Yes,One year,No,Electronic check,67.33,1415.46,No
CUST-01848,Female,0,Yes,Yes,8,Yes,Yes,DSL,No,No,No,No,No,No,Month-to-month,Yes,Bank transfer (automatic),55.58,446.06,No
CUST-01849,Male,0,No,No,64,Yes,No,No,No internet service,No internet service,No internet service,No internet service,No internet service,No internet service,One year,No,Bank transfer (automatic),18.25,1169.91,No
CUST-01850,Female,1,Yes,Yes,59,Yes,Yes,No,No internet service,No internet service,No internet service,No internet service,No internet service,No internet service,One year,Yes,Electronic check,44.89,2642.88,No
CUST-01851,Male,0,No,No,30,No,No phone service,DSL,No,No,No,No,Yes,Yes,Month-to-month,Yes,Electronic check,42.72,1278.09,No
CUST-01852,Male,0,Yes,Yes,32,Yes,Yes,Fiber optic,No,No,No,No,No,Yes,Month-to-month,Yes,Bank transfer (automatic),92.55,2955.8,No
CUST-01853,Female,0,Yes,Yes,20,Yes,No,DSL,No,No,No,No,Yes,No,One year,Yes,Mailed check,46.57,921.87,No
CUST-01854,Male,0,Yes,No,16,Yes,No,DSL,No,No,Yes,Yes,No,Yes,Month-to-month,No,Electronic check,61.08,980.11,No
CUST-01855,Female,0,Yes,No,25,Yes,Yes,DSL,Yes,Yes,No,Yes,No,No,Month-to-month,Yes,Bank transfer (automatic),47.0,1184.92,No
CUST-01856,Female,0,No,Yes,60,Yes,No,Fiber optic,No,No,No,No,No,No,One year,Yes,Electronic check,94.76,5689.49,Yes
CUST-01857,Male,0,Yes,No,45,Yes,Yes,Fiber optic,No,No,Yes,No,No,No,Month-to-month,No,Electronic check,70.38,3173.03,Yes
CUST-01858,Male,0,No,Yes,9,Yes,Yes,Fiber optic,Yes,No,No,No,Yes,No,Month-to-month,No,Electronic check,75.52,670.58,Yes
CUST-01859,Male,0,Yes,Yes,51,Yes,Yes,No,No internet service,No internet service,No internet service,No internet service,No internet service,No internet service,Month-to-month,No,Bank transfer (automatic),19.09,978.2,No
CUST-01860,Male,0,No,No,61,Yes,No,Fiber optic,No,Yes,No,No,Yes,No,Two year,No,Credit card (automatic),79.85,4871.55,No
CUST-01861,Female,0,Yes,Yes,40,Yes,No,No,No internet service,No internet service,No internet service,No internet service,No internet service,No internet service,Month-to-month,Yes,Electronic check,27.89,1111.19,Yes
CUST-01862,Female,0,No,No,61,Yes,Yes,Fiber optic,No,Yes,No,No,No,Yes,Month-to-month,No,Mailed check,89.41,5456.0,No
CUST-01863,Male,0,No,No,67,Yes,No,No,No internet service,No internet service,No internet service,No internet service,No internet service,No internet service,Month-to-month,Yes,Electronic check,40.63,2726.42,Yes
CUST-01864,Female,0,Yes,No,15,Yes,No,Fiber optic,No,No,Yes,No,No,No,Month-to-month,No,Bank transfer (automatic),90.74,1369.86,No
CUST-01865,Female,0,Yes,No,53,No,No phone service,Fiber optic,Yes,Yes,No,No,No,Yes,One year,Yes,Mailed check,66.1,3497.3,No
CUST-01866,Female,1,Yes,Yes,4,Yes,Yes,Fiber optic,No,No,No,Yes,Yes,Yes,Month-to-month,No,Bank transfer (automatic),70.4,285.37,Yes
CUST-01867,Female,0,No,No,23,Yes,No,DSL,No,Yes,No,No,Yes,Yes,Month-to-month,No,Credit card (automatic),59.17,1362.35,No
CUST-01868,Male,0,No,No,27,Yes,Yes,DSL,No,No,No,No,No,Yes,One year,Yes,Mailed check,58.05,1569.19,No
CUST-01869,Male,0,No,Yes,37,Yes,Yes,DSL,No,No,Yes,No,No,No,Two year,No,Mailed check,64.2,2367.34,No
CUST-01870,Female,1,No,No,43,Yes,No,Fiber optic,No,No,Yes,No,No,No,Two year,No,Electronic check,88.24,3793.12,Yes
CUST-01871,Male,0,Yes,No,37,Yes,No,DSL,No,No,No,Yes,Yes,Yes,One year,No,Mailed check,46.47,1721.91,No
CUST-01872,Male,0,Yes,No,29,Yes,No,Fiber optic,No,Yes,No,No,Yes,Yes,Month-to-month,Yes,Bank transfer (automatic),75.32,2178.39,No
CUST-01873,Male,1,Yes,No,29,No,No phone service,No,No internet service,No internet service,No internet service,No internet service,No internet service,No internet service,Two year,Yes,Bank transfer (automatic),31.97,921.82,No
CUST-01874,Female,0,Yes,Yes,49,Yes,Yes,No,No internet service,No internet service,No internet service,No internet service,No internet service,No internet service,Month-to-month,Yes,Electronic check,40.88,2005.12,Yes
CUST-01875,Female,0,No,No,51,Yes,No,Fiber optic,No,No,No,No,No,Yes,Month-to-month,No,Bank transfer (automatic),80.76,4122.66,Yes
CUST-01876,Female,0,No,No,50,Yes,No,DSL,Yes,No,No,Yes,Yes,No,Month-to-month,No,Electronic check,60.71,3029.55,No
CUST-01877,Male,0,Yes,No,28,Yes,Yes,DSL,Yes,No,No,No,No,No,One year,Yes,Bank transfer (automatic),51.57,1445.79,No
CUST-01878,Female,0,No,Yes,5,Yes,No,DSL,No,Yes,Yes,No,No,No,Month-to-month,Yes,Electronic check,42.92,213.21,Yes
CUST-01879,Female,0,Yes,No,56,Yes,No,Fiber optic,No,Yes,No,Yes,Yes,No,Month-to-month,No,Bank transfer (automatic),78.26,4375.87,Yes
CUST-01880,Male,0,No,No,64,Yes,Yes,No,No internet service,No internet service,No internet service,No internet service,No internet service,No internet service,One year,Yes,Electronic check,19.79,1258.6,No
CUST-01881,Female,0,No,No,17,Yes,Yes,DSL,No,Yes,No,No,Yes,Yes,Month-to-month,Yes,Credit card (automatic),50.75,868.31,No
CUST-01882,Female,0,No,No,55,Yes,No,Fiber optic,No,No,Yes,No,No,No,One year,No,Bank transfer (automatic),74.09,4070.97,No
CUST-01883,Male,0,No,No,9,Yes,No,Fiber optic,No,No,No,Yes,Yes,No,Month-to-month,No,Electronic check,72.36,643.91,Yes
CUST-01884,Male,0,No,No,68,Yes,Yes,DSL,No,Yes,No,No,No,No,Month-to-month,Yes,Credit card (automatic),60.57,4121.58,No
CUST-01885,Male,0,No,No,16,Yes,Yes,No,No internet service,No internet service,No internet service,No internet service,No internet service,No internet service,Month-to-month,Yes,Credit card (automatic),21.03,333.37,No
CUST-01886,Female,0,Yes,Yes,16,Yes,Yes,Fiber optic,Yes,No,No,No,No,No,One year,Yes,Mailed check,85.31,1355.72,No
CUST-01887,Female,1,No,No,13,Yes,Yes,No,No internet service,No internet service,No internet service,No internet service,No internet service,No internet service,Month-to-month,No,Mailed check,18.25,246.13,Yes
CUST-01888,Female,0,Yes,No,63,Yes,No,Fiber optic,No,Yes,No,Yes,No,Yes,Month-to-month,Yes,Electronic check,85.23,5372.94,No
CUST-01889,Male,0,Yes,No,41,Yes,Yes,DSL,Yes,No,No,Yes,Yes,Yes,Month-to-month,Yes,Bank transfer (automatic),41.28,1686.3,Yes
CUST-01890,Male,0,Yes,No,53,Yes,Yes,DSL,No,Yes,No,No,No,Yes,Month-to-month,No,Electronic check,45.34,2394.0,No
CUST-01891,Female,0,Yes,No,68,Yes,No,DSL,No,No,No,No,No,No,One year,Yes,Credit card (automatic),55.1,3746.65,Yes
CUST-01892,Female,0,Yes,No,9,No,No phone service,Fiber optic,No,No,No,No,Yes,No,Two year,Yes,Electronic check,94.64,861.68,No
CUST-01893,Male,0,Yes,Yes,51,No,No phone service,No,No internet service,No internet service,No internet service,No internet service,No internet service,No internet service,One year,No,Electronic check,34.14,1738.57,No
CUST-01894,Male,0,No,Yes,48,Yes,Yes,Fiber optic,No,No,No,No,Yes,No,One year,Yes,Credit card (automatic),65.1,3132.4,No
CUST-01895,Male,0,No,No,49,Yes,No,Fiber optic,No,No,No,No,No,Yes,Month-to-month,No,Mailed check,88.28,4329.99,No
CUST-01896,Male,0,No,No,18,Yes,Yes,Fiber optic,Yes,Yes,No,Yes,Yes,No,Two year,Yes,Bank transfer (automatic),75.22,1349.11,Yes
CUST-01897,Female,0,Yes,No,10,Yes,Yes,Fiber optic,No,Yes,No,No,Yes,No,Month-to-month,Yes,Electronic check,94.76,938.48,No
CUST-01898,Male,1,Yes,No,54,Yes,No,DSL,No,Yes,Yes,Yes,No,No,One year,No,Electronic check,58.19,3149.91,No
CUST-01899,Female,0,Yes,No,15,No,No phone service,DSL,No,No,Yes,Yes,Yes,Yes,Two year,No,Mailed check,67.76,1022.57,No
CUST-01900,Female,0,No,No,11,Yes,No,DSL,No,No,No,No,No,No,Month-to-month,Yes,Credit card (automatic),41.47,460.31,Yes
CUST-01901,Female,0,No,No,40,Yes,No,Fiber optic,Yes,No,No,Yes,No,Yes,Two year,No,Mailed check,76.07,3052.37,No
CUST-01902,Male,0,No,No,47,Yes,Yes,Fiber optic,No,Yes,Yes,Yes,No,No,One year,Yes,Mailed check,73.62,3468.95,Yes
CUST-01903,Male,0,Yes,No,20,Yes,Yes,DSL,Yes,Yes,No,Yes,Yes,No,Two year,Yes,Mailed check,51.24,1018.66,No
CUST-01904,Male,0,Yes,No,22,Yes,Yes,No,No internet service,No internet service,No internet service,No internet service,No internet service,No internet service,One year,No,Electronic check,24.14,531.59,No
CUST-01905,Male,0,Yes,No,48,Yes,No,DSL,Yes,No,Yes,No,No,Yes,One year,Yes,Bank transfer (automatic),48.35,2314.95,No
CUST-01906,Female,0,No,No,16,Yes,No,DSL,No,Yes,No,No,Yes,No,Month-to-month,Yes,Electronic check,54.44,878.86,Yes
CUST-01907,Male,0,Yes,No,5,Yes,No,Fiber optic,Yes,No,Yes,Yes,No,No,Month-to-month,No,Credit card (automatic),88.41,432.89,Yes
CUST-01908,Male,0,Yes,No,65,Yes,Yes,Fiber optic,No,Yes,No,No,No,Yes,Month-to-month,Yes,Bank transfer (automatic),84.4,5490.02,No
CUST-01909,Female,1,Yes,No,21,Yes,No,No,No internet service,No internet service,No internet service,No internet service,No internet service,No internet service,Month-to-month,Yes,Electronic check,26.09,551.41,No
CUST-01910,Male,0,Yes,Yes,61,Yes,No,Fiber optic,No,No,Yes,No,No,Yes,Month-to-month,No,Credit card (automatic),82.69,5038.51,No
CUST-01911,Female,0,No,No,55,Yes,No,DSL,No,No,No,No,Yes,Yes,Month-to-month,No,Electronic check,67.21,3705.0,No
CUST-01912,Female,0,No,No,24,No,No phone service,No,No internet service,No internet service,No internet service,No internet service,No internet service,No internet service,Month-to-month,Yes,Electronic check,23.06,555.31,No
CUST-01913,Female,0,Yes,No,23,No,No phone service,No,No internet service,No internet service,No internet service,No internet service,No internet service,No internet service,Two year,Yes,Electronic check,30.02,698.65,No
CUST-01914,Female,1,Yes,No,11,Yes,Yes,No,No internet service,No internet service,No internet service,No internet service,No internet service,No internet service,Month-to-month,Yes,Mailed check,42.35,465.18,No
CUST-01915,Female,0,No,Yes,47,Yes,No,No,No internet service,No internet service,No internet service,No internet service,No internet service,No internet service,Month-to-month,No,Credit card (automatic),36.93,1741.9,Yes
CUST-01916,Female,0,No,Yes,2,Yes,No,DSL,No,No,Yes,No,No,Yes,Month-to-month,No,Electronic check,45.24,96.75,Yes
CUST-01917,Female,0,Yes,No,70,No,No phone service,No,No internet service,No internet service,No internet service,No internet service,No internet service,No internet service,Month-to-month,No,Bank transfer (automatic),38.8,2719.26,No
CUST-01918,Female,0,No,Yes,53,Yes,Yes,No,No internet service,No internet service,No internet service,No internet service,No internet service,No internet service,Two year,Yes,Electronic check,39.07,2069.25,No
CUST-01919,Male,0,No,No,11,Yes,No,Fiber optic,No,No,No,No,No,No,Month-to-month,Yes,Credit card (automatic),87.38,969.26,Yes
CUST-01920,Male,0,Yes,Yes,15,Yes,No,Fiber optic,Yes,Yes,Yes,No,No,No,Month-to-month,Yes,Electronic check,82.87,1249.7,No
CUST-01921,Male,1,No,No,12,Yes,No,Fiber optic,No,No,No,No,Yes,No,Two year,Yes,Credit card (automatic),68.54,817.09,Yes
CUST-01922,Male,0,No,Yes,36,Yes,Yes,DSL,No,Yes,No,No,No,No,Two year,Yes,Electronic check,54.08,1945.47,No
CUST-01923,Female,0,No,No,23,Yes,Yes,Fiber optic,No,Yes,No,Yes,No,No,One year,No,Mailed check,67.6,1547.61,No
CUST-01924,Male,0,No,No,27,Yes,Yes,No,No internet service,No internet service,No internet service,No internet service,No internet service,No internet service,Two year,No,Electronic check,30.57,815.9,No
CUST-01925,Female,0,Yes,Yes,14,Yes,Yes,Fiber optic,No,No,No,Yes,No,Yes,Two year,Yes,Bank transfer (automatic),77.15,1071.64,No
CUST-01926,Male,0,No,No,54,Yes,No,Fiber optic,No,No,No,No,No,No,One year,Yes,Bank transfer (automatic),65.18,3511.68,No
CUST-01927,Male,0,No,No,27,Yes,No,Fiber optic,Yes,No,Yes,Yes,Yes,Yes,Month-to-month,Yes,Electronic check,88.33,2381.87,Yes
CUST-01928,Male,1,Yes,No,21,Yes,No,DSL,Yes,Yes,Yes,No,No,No,Two year,Yes,Credit card (automatic),59.52,1258.45,No
CUST-01929,Female,0,No,Yes,49,Yes,Yes,Fiber optic,No,No,No,No,Yes,No,Month-to-month,No,Credit card (automatic),72.22,3540.53,No
CUST-01930,Male,0,Yes,No,62,Yes,Yes,Fiber optic,No,No,No,Yes,No,Yes,Two year,Yes,Electronic check,84.26,5231.71,No
CUST-01931,Female,0,Yes,No,72,No,No phone service,DSL,No,Yes,No,No,No,Yes,Month-to-month,Yes,Electronic check,56.32,4045.99,No
CUST-01932,Female,0,No,No,44,Yes,Yes,No,No internet service,No internet service,No internet service,No internet service,No internet service,No internet service,One year,No,Electronic check,30.24,1333.22,No
CUST-01933,Male,0,No,No,44,Yes,Yes,No,No internet service,No internet service,No internet service,No internet service,No internet service,No internet service,Two year,No,Electronic check,26.29,1157.18,No
CUST-01934,Male,0,No,No,61,Yes,No,DSL,No,No,Yes,No,Yes,No,One year,Yes,Credit card (automatic),41.3,2512.5,No
CUST-01935,Male,0,No,No,42,Yes,Yes,Fiber optic,No,No,No,No,Yes,Yes,One year,Yes,Electronic check,94.59,3967.12,No
CUST-01936,Female,0,No,No,23,Yes,Yes,Fiber optic,No,No,No,No,Yes,No,Month-to-month,Yes,Credit card (automatic),80.29,1839.72,Yes
CUST-01937,Male,1,Yes,Yes,1,Yes,No,Fiber optic,No,No,Yes,Yes,Yes,Yes,Two year,Yes,Electronic check,66.64,61.42,No
CUST-01938,Female,1,No,No,36,Yes,No,Fiber optic,No,Yes,No,No,No,No,Month-to-month,Yes,Bank transfer (automatic),66.52,2384.75,No
CUST-01939,Female,0,Yes,No,55,Yes,No,Fiber optic,No,Yes,No,No,No,No,Two year,No,Bank transfer (automatic),88.09,4841.25,No
CUST-01940,Male,0,No,No,16,Yes,Yes,DSL,Yes,Yes,No,Yes,Yes,No,Month-to-month,No,Electronic check,50.34,815.06,Yes
CUST-01941,Male,0,Yes,No,18,No,No phone service,DSL,Yes,No,No,No,Yes,No,One year,Yes,Credit card (automatic),52.87,954.21,No
CUST-01942,Female,0,No,No,38,Yes,No,DSL,No,No,No,Yes,No,Yes,One year,Yes,Electronic check,58.46,2222.27,No
CUST-01943,Female,0,No,Yes,67,No,No phone service,Fiber optic,Yes,Yes,No,No,Yes,Yes,Month-to-month,Yes,Electronic check,65.06,4359.99,Yes
CUST-01944,Female,0,No,No,20,Yes,Yes,DSL,Yes,No,No,No,Yes,Yes,One year,Yes,Mailed check,55.48,1111.6,No
CUST-01945,Male,0,No,No,19,No,No phone service,Fiber optic,Yes,No,No,No,No,No,Month-to-month,Yes,Mailed check,85.78,1634.62,No
CUST-01946,Female,0,No,Yes,13,Yes,No,DSL,No,Yes,No,Yes,No,No,Month-to-month,Yes,Bank transfer (automatic),51.78,679.06,Yes
CUST-01947,Male,0,Yes,No,17,Yes,Yes,Fiber optic,No,No,Yes,No,No,No,Two year,No,Electronic check,69.87,1178.38,No
CUST-01948,Female,0,No,No,30,Yes,Yes,DSL,No,Yes,Yes,No,No,No,Month-to-month,No,Bank transfer (automatic),65.56,1960.53,No
CUST-01949,Female,0,No,No,43,Yes,Yes,DSL,Yes,No,No,Yes,No,No,Two year,No,Mailed check,51.92,2225.87,Yes
CUST-01950,Male,0,No,No,48,Yes,No,No,No internet service,No internet service,No internet service,No internet service,No internet service,No internet service,Month-to-month,Yes,Electronic check,44.89,2152.31,No
CUST-01951,Female,0,Yes,No,43,Yes,Yes,Fiber optic,No,Yes,No,No,No,No,Month-to-month,Yes,Mailed check,81.07,3481.32,No
CUST-01952,Male,0,No,No,66,Yes,No,Fiber optic,No,No,No,No,Yes,No,Month-to-month,Yes,Electronic check,68.79,4546.51,Yes
CUST-01953,Male,1,Yes,No,53,Yes,No,Fiber optic,No,No,No,No,Yes,No,Month-to-month,No,Mailed check,67.39,3569.89,Yes
CUST-01954,Female,0,No,No,72,Yes,No,No,No internet service,No internet service,No internet service,No internet service,No internet service,No internet service,Two year,No,Mailed check,21.25,1536.81,No
CUST-01955,Male,0,Yes,Yes,34,Yes,Yes,Fiber optic,Yes,No,No,No,Yes,No,Month-to-month,Yes,Bank transfer (automatic),91.85,3127.2,Yes
CUST-01956,Male,0,No,No,72,No,No phone service,DSL,No,Yes,No,Yes,No,Yes,Month-to-month,No,Electronic check,54.76,3941.51,No
CUST-01957,Female,1,No,Yes,71,No,No phone service,No,No internet service,No internet service,No internet service,No internet service,No internet service,No internet service,Month-to-month,Yes,Bank transfer (automatic),39.84,2837.8,Yes
CUST-01958,Male,0,Yes,No,13,Yes,No,DSL,Yes,Yes,No,No,Yes,Yes,One year,Yes,Electronic check,60.12,787.36,No
CUST-01959,Male,0,No,No,56,Yes,Yes,No,No internet service,No internet service,No internet service,No internet service,No internet service,No internet service,Month-to-month,Yes,Mailed check,40.75,2286.05,No
CUST-01960,Male,1,Yes,No,59,Yes,No,Fiber optic,No,Yes,No,Yes,No,No,One year,No,Bank transfer (automatic),80.53,4756.93,No
CUST-01961,Female,0,No,No,32,Yes,Yes,DSL,Yes,Yes,No,No,Yes,Yes,Month-to-month,No,Credit card (automatic),64.57,2064.63,Yes
CUST-01962,Male,1,No,Yes,54,Yes,No,No,No internet service,No internet service,No internet service,No internet service,No internet service,No internet service,Month-to-month,No,Mailed check,43.29,2329.88,No
CUST-01963,Female,1,Yes,No,2,Yes,Yes,DSL,Yes,Yes,No,No,No,No,Month-to-month,No,Electronic check,44.34,86.91,Yes
CUST-01964,Female,1,No,No,37,Yes,No,DSL,Yes,No,No,No,Yes,No,Two year,No,Bank transfer (automatic),69.91,2586.98,No
CUST-01965,Male,0,Yes,No,33,Yes,No,Fiber optic,No,No,No,No,No,No,Two year,No,Credit card (automatic),87.18,2869.07,No
CUST-01966,Male,0,Yes,No,1,Yes,No,Fiber optic,No,Yes,No,No,No,No,One year,Yes,Electronic check,82.23,79.64,No
CUST-01967,Male,0,No,No,28,Yes,Yes,DSL,No,Yes,No,No,Yes,No,Month-to-month,Yes,Electronic check,69.77,1962.11,No
CUST-01968,Female,0,No,No,17,Yes,Yes,Fiber optic,No,No,Yes,No,No,No,One year,Yes,Mailed check,70.0,1182.65,No
CUST-01969,Male,0,No,No,57,Yes,Yes,No,No internet service,No internet service,No internet service,No internet service,No internet service,No internet service,Month-to-month,Yes,Electronic check,34.43,1965.04,Yes
CUST-01970,Male,0,Yes,No,70,Yes,No,DSL,No,No,Yes,No,No,Yes,Month-to-month,Yes,Electronic check,45.65,3202.39,No
CUST-01971,Male,0,Yes,No,52,Yes,No,Fiber optic,No,No,Yes,Yes,Yes,Yes,Month-to-month,No,Electronic check,80.26,4178.17,No
CUST-01972,Male,0,No,No,44,Yes,Yes,No,No internet service,No internet service,No internet service,No internet service,No internet service,No internet service,Month-to-month,Yes,Bank transfer (automatic),18.25,796.89,Yes
CUST-01973,Male,0,Yes,No,47,Yes,Yes,No,No internet service,No internet service,No internet service,No internet service,No internet service,No internet service,Two year,Yes,Electronic check,25.31,1187.73,No
CUST-01974,Female,0,Yes,Yes,13,Yes,Yes,DSL,No,No,Yes,No,Yes,Yes,Month-to-month,Yes,Electronic check,66.2,861.83,No
CUST-01975,Female,0,Yes,No,30,Yes,No,Fiber optic,No,No,No,No,Yes,Yes,Two year,Yes,Credit card (automatic),87.76,2625.48,No
CUST-01976,Male,0,Yes,Yes,66,Yes,Yes,No,No internet service,No internet service,No internet service,No internet service,No internet service,No internet service,Month-to-month,Yes,Bank transfer (automatic),26.91,1771.27,No
CUST-01977,Male,0,No,Yes,53,Yes,Yes,No,No internet service,No internet service,No internet service,No internet service,No internet service,No internet service,Two year,Yes,Bank transfer (automatic),20.13,1070.08,No
CUST-01978,Male,0,No,Yes,18,Yes,No,DSL,No,No,No,No,Yes,Yes,Two year,No,Mailed check,41.86,760.17,No
CUST-01979,Male,0,No,Yes,28,Yes,Yes,DSL,No,Yes,Yes,Yes,Yes,Yes,Month-to-month,Yes,Electronic check,68.59,1929.35,No
CUST-01980,Female,0,Yes,No,4,Yes,Yes,DSL,No,No,No,No,No,No,Month-to-month,Yes,Mailed check,52.97,206.08,Yes
CUST-01981,Male,0,Yes,Yes,42,Yes,Yes,Fiber optic,No,No,No,No,Yes,Yes,Two year,No,Electronic check,86.61,3638.51,No
CUST-01982,Female,0,Yes,Yes,6,Yes,Yes,DSL,No,No,No,No,No,Yes,One year,No,Electronic check,67.25,406.24,No
CUST-01983,Female,0,Yes,Yes,9,Yes,Yes,No,No internet service,No internet service,No internet service,No internet service,No internet service,No internet service,Month-to-month,Yes,Credit card (automatic),37.1,338.26,No
CUST-01984,Male,1,No,Yes,20,Yes,No,DSL,No,Yes,No,No,No,Yes,Month-to-month,No,Credit card (automatic),54.05,1084.08,Yes
CUST-01985,Female,0,Yes,Yes,38,Yes,Yes,No,No internet service,No internet service,No internet service,No internet service,No internet service,No internet service,Two year,Yes,Electronic check,26.07,996.3,No
CUST-01986,Female,0,Yes,No,68,Yes,Yes,DSL,Yes,No,Yes,No,Yes,Yes,Month-to-month,No,Mailed check,66.19,4498.95,No
CUST-01987,Female,0,No,No,50,Yes,Yes,Fiber optic,No,No,Yes,No,Yes,Yes,Two year,Yes,Credit card (automatic),74.57,3728.85,No
CUST-01988,Female,0,No,No,60,Yes,Yes,Fiber optic,Yes,No,No,Yes,Yes,No,One year,No,Bank transfer (automatic),74.81,4481.89,No
CUST-01989,Male,0,No,No,13,Yes,No,Fiber optic,Yes,No,No,No,No,Yes,One year,No,Credit card (automatic),87.71,1130.8,No
CUST-01990,Male,0,Yes,Yes,42,Yes,Yes,Fiber optic,Yes,Yes,No,No,Yes,Yes,Month-to-month,Yes,Mailed check,82.57,3461.28,No
CUST-01991,Female,0,Yes,Yes,68,Yes,No,Fiber optic,No,No,No,No,No,No,Month-to-month,Yes,Mailed check,77.84,5297.3,Yes
CUST-01992,Male,0,Yes,Yes,25,Yes,Yes,DSL,Yes,Yes,No,No,No,No,One year,Yes,Bank transfer (automatic),53.52,1333.59,No
CUST-01993,Male,0,Yes,No,31,Yes,Yes,DSL,Yes,Yes,No,No,No,No,One year,Yes,Electronic check,57.51,1787.81,No
CUST-01994,Male,0,Yes,Yes,12,Yes,Yes,Fiber optic,No,No,No,No,No,Yes,Month-to-month,No,Bank transfer (automatic),78.12,928.03,Yes
CUST-01995,Male,0,Yes,No,64,Yes,No,DSL,No,No,No,Yes,No,No,Month-to-month,Yes,Mailed check,49.5,3164.3,No
CUST-01996,Male,1,No,Yes,61,Yes,Yes,DSL,No,Yes,No,No,Yes,Yes,Two year,Yes,Bank transfer (automatic),67.18,4089.02,No
CUST-01997,Female,0,Yes,Yes,53,Yes,Yes,DSL,No,Yes,No,Yes,No,No,One year,Yes,Electronic check,55.19,2930.18,Yes
CUST-01998,Male,0,No,No,26,Yes,Yes,Fiber optic,No,No,Yes,No,Yes,Yes,Two year,Yes,Bank transfer (automatic),70.96,1843.12,No
CUST-01999,Male,0,No,No,61,Yes,Yes,Fiber optic,No,No,Yes,Yes,No,Yes,Month-to-month,Yes,Bank transfer (automatic),69.94,4259.96,No
CUST-02000,Male,0,No,No,10,Yes,Yes,DSL,No,Yes,Yes,No,No,Yes,Month-to-month,No,Credit card (automatic),48.63,487.78,No
CUST-02001,Male,0,Yes,No,12,Yes,No,DSL,No,No,Yes,Yes,No,No,One year,Yes,Mailed check,69.6,844.55,No
CUST-02002,Female,0,Yes,No,22,Yes,Yes,Fiber optic,Yes,No,No,No,Yes,No,Month-to-month,Yes,Credit card (automatic),92.74,2031.27,No
CUST-02003,Female,0,No,No,53,Yes,No,Fiber optic,No,No,No,No,No,No,Month-to-month,No,Electronic check,67.76,3593.45,Yes
CUST-02004,Female,0,Yes,No,21,Yes,No,Fiber optic,No,No,Yes,No,Yes,No,Month-to-month,No,Electronic check,67.53,1422.02,Yes
CUST-02005,Female,0,Yes,Yes,35,Yes,No,No,No internet service,No internet service,No internet service,No internet service,No internet service,No internet service,Two year,No,Electronic check,26.46,932.98,No
CUST-02006,Male,0,No,No,71,Yes,Yes,Fiber optic,Yes,No,No,No,No,Yes,Month-to-month,No,Electronic check,80.4,5705.02,Yes
CUST-02007,Female,1,Yes,No,27,Yes,No,Fiber optic,Yes,No,Yes,No,Yes,Yes,Two year,No,Electronic check,74.11,2004.04,No
CUST-02008,Male,0,Yes,No,60,Yes,Yes,Fiber optic,No,No,No,Yes,No,Yes,Month-to-month,No,Bank transfer (automatic),84.68,5072.46,Yes
CUST-02009,Male,0,Yes,No,47,Yes,No,Fiber optic,Yes,No,No,Yes,Yes,No,Month-to-month,No,Electronic check,77.86,3651.55,Yes
CUST-02010,Male,0,Yes,No,66,Yes,Yes,DSL,No,No,No,Yes,No,Yes,Month-to-month,Yes,Electronic check,56.12,3708.3,Yes
CUST-02011,Male,0,No,No,15,Yes,Yes,Fiber optic,Yes,No,No,No,No,No,One year,Yes,Bank transfer (automatic),73.42,1100.43,Yes
CUST-02012,Male,1,No,No,24,Yes,Yes,Fiber optic,Yes,Yes,Yes,No,Yes,No,One year,Yes,Bank transfer (automatic),67.08,1610.0,Yes
CUST-02013,Female,0,Yes,No,10,Yes,Yes,Fiber optic,No,No,Yes,Yes,Yes,No,Month-to-month,Yes,Bank transfer (automatic),85.76,865.03,Yes
CUST-02014,Female,0,Yes,No,24,Yes,Yes,DSL,No,Yes,No,No,No,No,One year,Yes,Bank transfer (automatic),61.78,1475.66,No
CUST-02015,Female,0,Yes,No,57,Yes,No,Fiber optic,No,Yes,Yes,Yes,Yes,Yes,Two year,No,Bank transfer (automatic),79.22,4509.29,No
CUST-02016,Female,0,No,Yes,34,Yes,Yes,No,No internet service,No internet service,No internet service,No internet service,No internet service,No internet service,Month-to-month,Yes,Electronic check,40.87,1387.42,No
CUST-02017,Male,0,Yes,No,41,Yes,No,Fiber optic,No,No,No,Yes,No,No,One year,No,Mailed check,74.19,3039.32,No
CUST-02018,Female,0,Yes,Yes,40,No,No phone service,DSL,No,No,Yes,No,No,No,Month-to-month,Yes,Bank transfer (automatic),61.72,2470.0,Yes
CUST-02019,Male,0,No,No,11,Yes,Yes,Fiber optic,No,No,No,No,No,No,One year,Yes,Bank transfer (automatic),82.41,905.23,Yes
CUST-02020,Female,1,Yes,No,1,Yes,Yes,No,No internet service,No internet service,No internet service,No internet service,No internet service,No internet service,Two year,Yes,Mailed check,27.88,23.73,No
CUST-02021,Male,0,No,No,30,Yes,Yes,Fiber optic,No,Yes,Yes,No,No,Yes,One year,Yes,Mailed check,71.36,2147.85,No
CUST-02022,Male,0,Yes,No,43,Yes,Yes,DSL,No,No,No,Yes,No,Yes,Month-to-month,No,Electronic check,59.82,2565.29,Yes
CUST-02023,Female,0,No,Yes,26,No,No phone service,Fiber optic,No,No,No,No,Yes,Yes,One year,Yes,Mailed check,69.8,1805.0,No
CUST-02024,Male,0,Yes,Yes,53,Yes,Yes,No,No internet service,No internet service,No internet service,No internet service,No internet service,No internet service,Two year,Yes,Bank transfer (automatic),36.75,1940.64,No
CUST-02025,Male,0,Yes,No,47,Yes,Yes,Fiber optic,No,Yes,No,No,No,No,Month-to-month,No,Mailed check,71.45,3357.74,No
CUST-02026,Female,0,No,Yes,9,Yes,Yes,DSL,Yes,No,Yes,No,Yes,No,Month-to-month,No,Bank transfer (automatic),40.52,366.4,No
CUST-02027,Male,0,No,No,9,Yes,No,Fiber optic,Yes,Yes,Yes,No,Yes,No,Month-to-month,Yes,Credit card (automatic),74.09,659.91,No
CUST-02028,Female,0,No,No,1,Yes,No,Fiber optic,No,No,Yes,Yes,No,No,Month-to-month,No,Electronic check,90.92,92.39,Yes
CUST-02029,Female,1,No,No,71,Yes,No,Fiber optic,No,No,No,No,No,No,One year,No,Bank transfer (automatic),65.86,4666.79,No
CUST-02030,Female,0,No,No,44,Yes,Yes,Fiber optic,Yes,No,No,No,No,No,Two year,Yes,Bank transfer (automatic),66.87,2944.68,No
CUST-02031,Male,0,Yes,No,59,Yes,No,Fiber optic,Yes,Yes,Yes,No,Yes,No,Two year,Yes,Mailed check,81.01,4780.16,No
CUST-02032,Male,0,No,No,56,Yes,Yes,DSL,No,Yes,Yes,No,No,Yes,Month-to-month,No,Electronic check,40.12,2245.09,Yes
CUST-02033,Male,1,No,Yes,51,Yes,Yes,Fiber optic,Yes,No,No,No,No,Yes,Month-to-month,No,Mailed check,84.16,4300.6,Yes
CUST-02034,Female,0,No,Yes,16,Yes,Yes,Fiber optic,No,No,No,No,Yes,No,One year,Yes,Electronic check,83.73,1338.38,Yes
CUST-02035,Male,0,No,No,38,Yes,No,Fiber optic,No,No,Yes,No,Yes,Yes,Month-to-month,Yes,Bank transfer (automatic),71.63,2719.33,No
CUST-02036,Female,0,Yes,No,11,No,No phone service,DSL,Yes,No,No,Yes,No,Yes,Month-to-month,Yes,Mailed check,53.05,578.0,Yes
CUST-02037,Female,1,Yes,Yes,25,Yes,Yes,Fiber optic,No,No,No,No,Yes,No,Month-to-month,Yes,Mailed check,87.99,2196.01,Yes
CUST-02038,Male,1,Yes,No,59,No,No phone service,DSL,No,Yes,Yes,Yes,No,No,One year,No,Bank transfer (automatic),46.05,2711.33,No
CUST-02039,Female,0,Yes,No,29,Yes,No,Fiber optic,No,Yes,No,Yes,No,No,Month-to-month,Yes,Electronic check,83.09,2403.11,Yes
CUST-02040,Male,0,Yes,No,40,Yes,No,DSL,No,No,No,No,No,Yes,Month-to-month,No,Bank transfer (automatic),53.17,2125.12,No
CUST-02041,Male,0,No,No,8,Yes,No,DSL,Yes,No,No,No,No,Yes,Month-to-month,Yes,Credit card (automatic),51.83,405.81,No
CUST-02042,Male,0,Yes,No,6,Yes,No,Fiber optic,Yes,No,Yes,No,Yes,No,Month-to-month,Yes,Electronic check,74.88,451.92,Yes
CUST-02043,Male,0,Yes,No,45,Yes,No,No,No internet service,No internet service,No internet service,No internet service,No internet service,No internet service,Month-to-month,No,Electronic check,31.34,1409.72,Yes
CUST-02044,Male,0,No,No,53,Yes,No,No,No internet service,No internet service,No internet service,No internet service,No internet service,No internet service,Two year,No,Credit card (automatic),22.54,1188.59,No
CUST-02045,Female,1,No,No,21,Yes,No,Fiber optic,No,Yes,No,Yes,No,Yes,Month-to-month,Yes,Mailed check,84.1,1756.23,No
CUST-02046,Female,0,Yes,No,57,Yes,No,Fiber optic,No,No,No,No,No,Yes,Month-to-month,Yes,Bank transfer (automatic),68.43,3901.97,No
CUST-02047,Female,0,Yes,No,6,Yes,No,DSL,No,No,No,No,Yes,No,Two year,Yes,Mailed check,65.75,385.86,Yes
CUST-02048,Male,0,No,Yes,63,Yes,Yes,DSL,No,No,No,No,Yes,No,Two year,Yes,Credit card (automatic),62.94,3974.86,No
CUST-02049,Male,0,Yes,Yes,6,Yes,Yes,Fiber optic,Yes,No,Yes,Yes,Yes,No,Month-to-month,Yes,Mailed check,77.47,464.53,Yes
CUST-02050,Male,0,No,No,53,Yes,Yes,No,No internet service,No internet service,No internet service,No internet service,No internet service,No internet service,One year,Yes,Electronic check,20.35,1079.33,No
CUST-02051,Female,0,No,No,4,Yes,Yes,No,No internet service,No internet service,No internet service,No internet service,No internet service,No internet service,Month-to-month,Yes,Credit card (automatic),26.85,115.25,Yes
CUST-02052,Male,0,Yes,No,9,Yes,No,No,No internet service,No internet service,No internet service,No internet service,No internet service,No internet service,One year,Yes,Electronic check,35.23,326.03,No
CUST-02053,Female,1,Yes,No,69,Yes,Yes,No,No internet service,No internet service,No internet service,No internet service,No internet service,No internet service,One year,No,Bank transfer (automatic),25.98,1801.28,No
CUST-02054,Female,0,Yes,Yes,72,Yes,Yes,DSL,No,No,Yes,Yes,Yes,Yes,Month-to-month,Yes,Electronic check,42.47,3056.69,No
CUST-02055,Male,0,No,No,4,Yes,Yes,No,No internet service,No internet service,No internet service,No internet service,No internet service,No internet service,Two year,Yes,Mailed check,18.27,67.48,Yes
CUST-02056,Male,0,No,Yes,58,Yes,No,Fiber optic,No,No,Yes,No,Yes,No,Month-to-month,Yes,Bank transfer (automatic),85.9,4990.02,No
CUST-02057,Female,0,Yes,No,37,Yes,No,No,No internet service,No internet service,No internet service,No internet service,No internet service,No internet service,Month-to-month,No,Bank transfer (automatic),40.7,1501.06,No
CUST-02058,Male,0,Yes,No,71,Yes,No,Fiber optic,No,No,No,No,No,Yes,One year,No,Mailed check,89.88,6377.87,No
CUST-02059,Female,0,Yes,No,6,Yes,Yes,Fiber optic,No,Yes,No,No,No,No,One year,No,Electronic check,87.33,516.27,Yes
CUST-02060,Male,0,No,Yes,51,Yes,Yes,DSL,No,No,No,Yes,Yes,No,Month-to-month,No,Bank transfer (automatic),62.8,3209.9,No
CUST-02061,Male,0,No,No,50,Yes,Yes,DSL,Yes,No,Yes,No,No,No,Month-to-month,Yes,Credit card (automatic),69.42,3479.24,No
CUST-02062,Female,0,No,No,14,Yes,Yes,Fiber optic,No,No,No,Yes,Yes,Yes,Month-to-month,No,Credit card (automatic),69.68,981.78,No
CUST-02063,Male,0,Yes,No,11,No,No phone service,No,No internet service,No internet service,No internet service,No internet service,No internet service,No internet service,Month-to-month,Yes,Electronic check,31.36,341.05,No
CUST-02064,Female,0,No,No,10,Yes,No,DSL,No,No,No,Yes,No,Yes,Month-to-month,No,Bank transfer (automatic),47.89,485.05,Yes
CUST-02065,Male,1,No,No,61,Yes,Yes,DSL,No,Yes,No,No,No,Yes,Two year,No,Electronic check,46.91,2853.94,No
CUST-02066,Female,0,Yes,No,13,Yes,Yes,DSL,Yes,Yes,No,No,No,No,Month-to-month,No,Electronic check,52.28,685.26,No
CUST-02067,Female,0,No,No,34,Yes,No,DSL,No,No,No,No,Yes,Yes,One year,Yes,Electronic check,50.1,1712.25,No
CUST-02068,Male,1,Yes,Yes,60,Yes,Yes,DSL,No,No,Yes,No,No,Yes,Month-to-month,Yes,Electronic check,59.63,3572.57,No
CUST-02069,Female,0,No,No,51,Yes,No,DSL,No,No,No,Yes,No,No,One year,No,Credit card (automatic),52.44,2674.85,No
CUST-02070,Male,0,Yes,No,5,Yes,No,DSL,No,No,No,Yes,No,No,Two year,Yes,Bank transfer (automatic),48.56,245.01,No
CUST-02071,Male,1,Yes,No,32,Yes,No,No,No internet service,No internet service,No internet service,No internet service,No internet service,No internet service,Month-to-month,Yes,Bank transfer (automatic),18.25,583.0,Yes
CUST-02072,Male,0,No,Yes,12,Yes,Yes,No,No internet service,No internet service,No internet service,No internet service,No internet service,No internet service,Two year,Yes,Credit card (automatic),23.73,280.22,No
CUST-02073,Female,1,Yes,Yes,52,No,No phone service,DSL,Yes,Yes,No,No,Yes,Yes,Month-to-month,No,Credit card (automatic),54.52,2834.05,No
CUST-02074,Female,1,No,Yes,13,No,No phone service,No,No internet service,No internet service,No internet service,No internet service,No internet service,No internet service,One year,No,Electronic check,33.21,434.21,No
CUST-02075,Male,0,Yes,No,54,Yes,Yes,DSL,No,No,No,No,Yes,No,Month-to-month,Yes,Bank transfer (automatic),59.18,3193.99,Yes
CUST-02076,Male,0,Yes,No,54,Yes,No,Fiber optic,Yes,Yes,No,No,No,No,One year,Yes,Mailed check,71.28,3853.12,No
CUST-02077,Female,0,Yes,No,41,Yes,Yes,Fiber optic,No,No,No,No,No,No,Month-to-month,Yes,Electronic check,77.27,3159.39,No
CUST-02078,Male,0,No,No,48,Yes,Yes,DSL,Yes,No,No,No,No,No,Month-to-month,Yes,Bank transfer (automatic),52.09,2500.64,Yes
CUST-02079,Male,0,Yes,No,51,Yes,No,Fiber optic,No,Yes,Yes,Yes,No,No,Month-to-month,Yes,Mailed check,65.45,3345.84,No
CUST-02080,Female,0,Yes,No,47,Yes,Yes,No,No internet service,No internet service,No internet service,No internet service,No internet service,No internet service,Two year,Yes,Credit card (automatic),41.52,1961.29,No
CUST-02081,Male,0,No,No,50,No,No phone service,DSL,Yes,Yes,No,Yes,No,No,Month-to-month,Yes,Credit card (automatic),60.22,3012.28,No
CUST-02082,Female,0,Yes,No,46,Yes,Yes,DSL,No,Yes,No,No,No,No,Month-to-month,No,Electronic check,59.87,2754.25,Yes
CUST-02083,Male,0,Yes,No,38,Yes,Yes,No,No internet service,No internet service,No internet service,No internet service,No internet service,No internet service,Month-to-month,Yes,Mailed check,32.35,1226.13,Yes
CUST-02084,Female,0,Yes,No,13,Yes,Yes,DSL,No,No,No,Yes,Yes,Yes,Month-to-month,Yes,Bank transfer (automatic),53.82,694.12,Yes
CUST-02085,Male,0,Yes,Yes,22,Yes,Yes,Fiber optic,No,No,No,Yes,Yes,No,Month-to-month,Yes,Electronic check,71.74,1573.17,No
CUST-02086,Male,0,No,No,2,No,No phone service,No,No internet service,No internet service,No internet service,No internet service,No internet service,No internet service,Month-to-month,No,Electronic check,26.77,44.08,Yes
CUST-02087,Female,1,Yes,No,13,Yes,Yes,No,No internet service,No internet service,No internet service,No internet service,No internet service,No internet service,Two year,Yes,Mailed check,20.29,273.35,No
CUST-02088,Male,1,Yes,No,57,Yes,Yes,No,No internet service,No internet service,No internet service,No internet service,No internet service,No internet service,Two year,No,Electronic check,39.46,2243.08,No
CUST-02089,Female,0,No,No,34,Yes,Yes,Fiber optic,No,Yes,No,No,No,No,Two year,Yes,Electronic check,71.33,2426.1,Yes
CUST-02090,Male,1,Yes,Yes,19,No,No phone service,DSL,No,No,Yes,Yes,No,No,One year,Yes,Bank transfer (automatic),48.32,909.08,No
CUST-02091,Female,0,Yes,No,9,Yes,Yes,Fiber optic,Yes,No,Yes,No,Yes,Yes,Two year,No,Mailed check,65.38,580.57,Yes
CUST-02092,Female,0,No,No,33,Yes,No,Fiber optic,Yes,No,No,Yes,Yes,Yes,Month-to-month,Yes,Mailed check,76.23,2521.51,No
CUST-02093,Female,0,No,No,27,Yes,Yes,Fiber optic,No,No,No,No,No,No,Month-to-month,No,Bank transfer (automatic),86.29,2331.96,No
CUST-02094,Female,0,No,Yes,45,Yes,Yes,No,No internet service,No internet service,No internet service,No internet service,No internet service,No internet service,Two year,Yes,Mailed check,20.35,908.23,No
CUST-02095,Male,1,No,No,2,Yes,Yes,No,No internet service,No internet service,No internet service,No internet service,No internet service,No internet service,Month-to-month,No,Mailed check,30.34,60.45,Yes
CUST-02096,Male,0,Yes,No,57,Yes,No,Fiber optic,No,No,No,Yes,No,Yes,Month-to-month,No,Bank transfer (automatic),93.16,5306.69,No
CUST-02097,Female,0,No,No,57,Yes,Yes,DSL,No,Yes,Yes,Yes,No,No,One year,Yes,Mailed check,53.16,3029.82,No
CUST-02098,Female,0,Yes,Yes,16,Yes,Yes,DSL,No,No,Yes,No,Yes,No,Month-to-month,No,Credit card (automatic),63.84,1013.59,Yes
CUST-02099,Female,0,No,Yes,6,No,No phone service,Fiber optic,No,No,No,Yes,No,No,Month-to-month,Yes,Bank transfer (automatic),88.95,541.55,Yes
CUST-02100,Male,0,Yes,No,14,Yes,Yes,DSL,No,No,No,No,No,Yes,Two year,Yes,Mailed check,59.57,835.25,No
CUST-02101,Male,0,No,No,27,Yes,No,DSL,No,No,Yes,No,Yes,No,Month-to-month,Yes,Credit card (automatic),50.98,1377.23,No
CUST-02102,Male,0,No,No,38,Yes,Yes,Fiber optic,No,No,Yes,Yes,Yes,Yes,Month-to-month,Yes,Mailed check,87.79,3329.53,No
CUST-02103,Male,0,Yes,No,19,Yes,No,Fiber optic,Yes,No,Yes,No,No,No,One year,Yes,Credit card (automatic),93.2,1771.73,Yes
CUST-02104,Female,0,No,No,37,No,No phone service,Fiber optic,Yes,No,No,No,No,No,Month-to-month,Yes,Credit card (automatic),73.16,2716.59,No
CUST-02105,Female,0,No,No,4,Yes,Yes,DSL,No,No,Yes,No,No,Yes,Month-to-month,Yes,Electronic check,55.05,212.61,No
CUST-02106,Female,0,No,Yes,58,Yes,No,DSL,No,No,Yes,Yes,No,Yes,One year,No,Electronic check,58.01,3368.67,No
CUST-02107,Male,0,Yes,No,9,Yes,No,DSL,Yes,No,No,No,No,No,Two year,Yes,Electronic check,57.83,518.2,No
CUST-02108,Male,0,No,No,40,Yes,Yes,Fiber optic,No,No,No,No,Yes,Yes,One year,No,Mailed check,77.5,3105.53,Yes
CUST-02109,Male,0,No,No,15,Yes,No,Fiber optic,No,Yes,No,No,No,Yes,Month-to-month,Yes,Credit card (automatic),81.31,1220.02,No
CUST-02110,Female,0,Yes,No,4,Yes,Yes,Fiber optic,No,No,No,Yes,Yes,Yes,Month-to-month,Yes,Electronic check,66.68,274.79,Yes
CUST-02111,Female,0,Yes,No,52,Yes,Yes,DSL,Yes,No,No,No,Yes,No,One year,No,Credit card (automatic),41.93,2172.04,No
CUST-02112,Male,1,No,Yes,18,Yes,Yes,DSL,No,No,Yes,No,Yes,No,One year,Yes,Credit card (automatic),67.95,1221.56,No
CUST-02113,Female,0,Yes,No,53,Yes,No,No,No internet service,No internet service,No internet service,No internet service,No internet service,No internet service,Month-to-month,Yes,Mailed check,31.53,1667.58,No
CUST-02114,Male,0,Yes,No,59,Yes,No,DSL,No,No,No,Yes,Yes,No,Month-to-month,Yes,Electronic check,45.86,2713.45,No
CUST-02115,Male,1,Yes,No,54,Yes,Yes,Fiber optic,Yes,No,Yes,Yes,Yes,No,Two year,No,Bank transfer (automatic),72.93,3929.0,Yes
CUST-02116,Female,0,No,No,41,Yes,Yes,DSL,No,No,No,Yes,No,No,Month-to-month,Yes,Mailed check,61.12,2499.51,No
CUST-02117,Male,0,No,Yes,60,Yes,Yes,DSL,No,Yes,Yes,Yes,No,Yes,Two year,No,Electronic check,60.76,3644.91,No
CUST-02118,Female,0,Yes,No,4,Yes,No,DSL,No,Yes,No,No,No,No,Month-to-month,No,Electronic check,59.74,239.71,Yes
CUST-02119,Male,0,No,No,39,Yes,No,No,No internet service,No internet service,No internet service,No internet service,No internet service,No internet service,Month-to-month,Yes,Credit card (automatic),22.5,877.22,No
CUST-02120,Female,0,Yes,Yes,7,Yes,Yes,DSL,No,No,No,No,No,No,One year,No,Credit card (automatic),65.01,457.03,Yes
CUST-02121,Female,1,No,No,23,Yes,Yes,No,No internet service,No internet service,No internet service,No internet service,No internet service,No internet service,Month-to-month,Yes,Electronic check,18.25,428.34,Yes
CUST-02122,Female,0,Yes,Yes,63,Yes,No,No,No internet service,No internet service,No internet service,No internet service,No internet service,No internet service,Two year,No,Electronic check,27.66,1745.5,Yes
CUST-02123,Male,0,No,No,65,Yes,No,Fiber optic,No,No,Yes,No,No,No,Month-to-month,No,Mailed check,87.91,5713.51,Yes
CUST-02124,Male,1,Yes,No,41,Yes,No,Fiber optic,Yes,No,No,No,Yes,No,One year,No,Electronic check,72.15,2960.28,Yes
CUST-02125,Female,1,No,No,44,Yes,No,No,No internet service,No internet service,No internet service,No internet service,No internet service,No internet service,Month-to-month,No,Mailed check,22.21,971.48,Yes
CUST-02126,Female,0,No,Yes,45,Yes,Yes,Fiber optic,No,No,No,Yes,No,No,Month-to-month,Yes,Bank transfer (automatic),65.04,2917.92,No
CUST-02127,Male,0,Yes,No,69,Yes,No,Fiber optic,No,No,Yes,No,No,No,One year,No,Mailed check,79.83,5512.07,Yes
CUST-02128,Male,0,No,No,51,Yes,No,Fiber optic,No,No,No,No,No,No,Two year,Yes,Bank transfer (automatic),92.56,4725.72,No
CUST-02129,Male,0,No,No,65,Yes,Yes,DSL,No,No,No,No,No,Yes,Two year,No,Mailed check,55.38,3608.64,No
CUST-02130,Female,0,No,No,54,Yes,No,DSL,No,Yes,No,Yes,Yes,No,Month-to-month,No,Mailed check,68.01,3681.73,No
CUST-02131,Male,1,No,Yes,56,Yes,No,No,No internet service,No internet service,No internet service,No internet service,No internet service,No internet service,Two year,No,Credit card (automatic),21.46,1209.29,No
CUST-02132,Male,0,No,No,72,Yes,Yes,No,No internet service,No internet service,No internet service,No internet service,No internet service,No internet service,Two year,Yes,Mailed check,26.85,1941.5,No
CUST-02133,Female,0,No,No,40,Yes,Yes,Fiber optic,No,No,Yes,Yes,No,No,Month-to-month,Yes,Electronic check,94.75,3795.19,No
CUST-02134,Male,0,No,No,58,Yes,Yes,Fiber optic,No,No,No,No,No,No,Month-to-month,No,Credit card (automatic),88.99,5169.32,Yes
CUST-02135,Male,0,No,No,15,Yes,Yes,No,No internet service,No internet service,No internet service,No internet service,No internet service,No internet service,Month-to-month,Yes,Credit card (automatic),32.27,474.09,Yes
CUST-02136,Male,0,Yes,No,19,Yes,No,Fiber optic,No,No,Yes,Yes,No,No,Two year,No,Mailed check,67.61,1275.17,No
CUST-02137,Female,0,No,No,10,Yes,Yes,Fiber optic,No,No,No,No,No,No,Two year,Yes,Electronic check,68.91,694.45,Yes
CUST-02138,Female,0,Yes,No,16,Yes,Yes,Fiber optic,No,Yes,Yes,No,No,No,One year,No,Electronic check,78.21,1258.03,No
CUST-02139,Female,0,No,Yes,43,Yes,No,DSL,No,Yes,No,Yes,Yes,Yes,Month-to-month,Yes,Mailed check,64.45,2767.11,No
CUST-02140,Female,0,Yes,No,31,Yes,Yes,DSL,No,Yes,Yes,No,No,No,Month-to-month,No,Electronic check,62.24,1920.45,Yes
CUST-02141,Female,0,No,Yes,16,Yes,Yes,No,No internet service,No internet service,No internet service,No internet service,No internet service,No internet service,Month-to-month,Yes,Electronic check,40.64,640.62,Yes
CUST-02142,Female,0,Yes,No,28,Yes,Yes,No,No internet service,No internet service,No internet service,No internet service,No internet service,No internet service,Month-to-month,Yes,Bank transfer (automatic),27.16,751.99,No
CUST-02143,Female,0,Yes,Yes,62,Yes,No,Fiber optic,Yes,Yes,No,No,Yes,No,One year,No,Electronic check,82.32,5103.24,No
CUST-02144,Male,0,No,No,20,Yes,No,Fiber optic,No,No,No,No,Yes,No,Month-to-month,No,Mailed check,74.24,1493.95,No
CUST-02145,Male,0,Yes,Yes,35,No,No phone service,No,No internet service,No internet service,No internet service,No internet service,No internet service,No internet service,Month-to-month,Yes,Mailed check,31.14,1080.71,No
CUST-02146,Female,0,No,Yes,59,Yes,No,Fiber optic,No,No,Yes,No,Yes,Yes,Month-to-month,No,Mailed check,83.49,4924.28,Yes
CUST-02147,Male,0,No,No,9,Yes,Yes,DSL,No,No,Yes,No,No,Yes,One year,Yes,Mailed check,55.48,500.12,No
CUST-02148,Male,0,Yes,Yes,10,Yes,No,Fiber optic,No,No,No,Yes,No,No,Two year,Yes,Mailed check,70.94,712.01,No
CUST-02149,Female,0,No,No,45,Yes,No,DSL,Yes,Yes,No,Yes,Yes,No,Month-to-month,Yes,Mailed check,50.18,2256.21,Yes
CUST-02150,Male,1,Yes,No,15,Yes,Yes,No,No internet service,No internet service,No internet service,No internet service,No internet service,No internet service,Month-to-month,Yes,Electronic check,33.88,514.46,No
CUST-02151,Male,0,Yes,Yes,30,No,No phone service,Fiber optic,No,No,Yes,No,No,No,Month-to-month,Yes,Electronic check,82.22,2459.89,No
CUST-02152,Male,0,No,No,48,Yes,No,DSL,No,Yes,No,No,No,Yes,Month-to-month,Yes,Electronic check,53.45,2555.91,No
CUST-02153,Male,0,No,No,40,Yes,No,No,No internet service,No internet service,No internet service,No internet service,No internet service,No internet service,One year,Yes,Electronic check,18.25,734.86,No
CUST-02154,Male,0,No,No,44,Yes,No,No,No internet service,No internet service,No internet service,No internet service,No internet service,No internet service,Month-to-month,No,Credit card (automatic),28.61,1267.73,No
CUST-02155,Female,1,No,No,46,Yes,No,DSL,No,No,Yes,No,Yes,Yes,Two year,No,Credit card (automatic),56.99,2628.48,No
CUST-02156,Female,0,No,No,6,Yes,Yes,Fiber optic,No,No,No,No,Yes,No,Two year,Yes,Bank transfer (automatic),71.56,434.34,No
CUST-02157,Female,0,Yes,No,24,Yes,Yes,Fiber optic,Yes,No,No,No,No,Yes,Two year,Yes,Electronic check,65.43,1562.41,No
CUST-02158,Male,0,Yes,Yes,7,Yes,Yes,Fiber optic,No,Yes,Yes,No,Yes,No,One year,Yes,Bank transfer (automatic),80.36,568.41,Yes
CUST-02159,Female,0,No,No,6,No,No phone service,Fiber optic,Yes,No,No,Yes,Yes,Yes,Month-to-month,Yes,Bank transfer (automatic),76.38,458.48,Yes
CUST-02160,Male,0,No,No,33,Yes,Yes,Fiber optic,No,No,No,No,No,No,Month-to-month,No,Mailed check,85.7,2824.02,Yes
CUST-02161,Male,0,No,No,38,Yes,Yes,No,No internet service,No internet service,No internet service,No internet service,No internet service,No internet service,Month-to-month,Yes,Electronic check,18.77,722.81,Yes
CUST-02162,Male,0,Yes,No,44,Yes,No,Fiber optic,Yes,No,Yes,No,No,No,Month-to-month,Yes,Mailed check,81.25,3582.27,Yes
CUST-02163,Male,0,Yes,No,17,Yes,Yes,DSL,No,No,No,No,Yes,No,One year,No,Bank transfer (automatic),66.99,1137.04,No
CUST-02164,Female,1,Yes,Yes,31,Yes,Yes,DSL,No,Yes,Yes,No,No,Yes,One year,No,Mailed check,67.76,2094.65,No
CUST-02165,Female,1,No,No,37,Yes,No,DSL,No,No,No,Yes,No,Yes,Month-to-month,No,Bank transfer (automatic),66.39,2464.39,No
CUST-02166,Male,0,No,No,11,Yes,Yes,Fiber optic,Yes,No,Yes,No,No,No,Month-to-month,No,Electronic check,89.06,977.95,Yes
CUST-02167,Female,0,Yes,Yes,5,Yes,Yes,DSL,No,No,No,No,No,Yes,Month-to-month,Yes,Bank transfer (automatic),68.14,349.28,No
CUST-02168,Male,0,No,Yes,64,Yes,No,No,No internet service,No internet service,No internet service,No internet service,No internet service,No internet service,Two year,No,Electronic check,44.07,2816.66,No
CUST-02169,Female,0,No,Yes,3,Yes,No,No,No internet service,No internet service,No internet service,No internet service,No internet service,No internet service,Two year,No,Bank transfer (automatic),23.53,68.89,No
CUST-02170,Female,1,Yes,No,56,Yes,No,No,No internet service,No internet service,No internet service,No internet service,No internet service,No internet service,One year,No,Mailed check,29.63,1667.4,No
CUST-02171,Male,0,Yes,No,63,Yes,No,No,No internet service,No internet service,No internet service,No internet service,No internet service,No internet service,Two year,Yes,Bank transfer (automatic),36.29,2277.46,No
CUST-02172,Female,0,No,Yes,38,Yes,No,DSL,No,Yes,Yes,Yes,No,No,One year,No,Mailed check,55.24,2108.66,Yes
CUST-02173,Male,0,Yes,Yes,54,Yes,No,Fiber optic,No,Yes,No,Yes,No,No,Two year,No,Electronic check,92.23,4971.31,Yes
CUST-02174,Female,0,No,No,2,Yes,No,DSL,No,Yes,No,No,No,Yes,Two year,No,Credit card (automatic),69.24,140.53,No
CUST-02175,Male,1,Yes,No,2,Yes,Yes,DSL,No,No,No,No,Yes,Yes,Two year,Yes,Electronic check,54.88,109.28,No
CUST-02176,Male,1,Yes,No,12,Yes,No,No,No internet service,No internet service,No internet service,No internet service,No internet service,No internet service,One year,Yes,Mailed check,24.92,300.63,No
CUST-02177,Female,0,No,No,40,No,No phone service,Fiber optic,No,Yes,No,No,Yes,Yes,Two year,Yes,Bank transfer (automatic),77.21,3085.82,No
CUST-02178,Female,0,No,No,2,No,No phone service,DSL,Yes,Yes,No,No,Yes,No,Month-to-month,Yes,Mailed check,60.36,125.6,Yes
CUST-02179,Male,1,Yes,Yes,57,Yes,No,DSL,No,Yes,No,No,Yes,No,Month-to-month,No,Bank transfer (automatic),61.79,3527.48,No
CUST-02180,Female,1,No,No,47,Yes,No,Fiber optic,No,No,Yes,No,No,No,Month-to-month,Yes,Mailed check,76.34,3592.2,No
CUST-02181,Female,0,Yes,No,36,No,No phone service,DSL,Yes,No,No,No,No,No,Month-to-month,Yes,Bank transfer (automatic),65.39,2344.72,Yes
CUST-02182,Male,0,No,No,4,Yes,Yes,DSL,Yes,No,Yes,No,No,Yes,Month-to-month,Yes,Mailed check,43.78,165.23,No
CUST-02183,Male,0,Yes,No,24,Yes,Yes,Fiber optic,Yes,No,Yes,No,No,Yes,Month-to-month,Yes,Credit card (automatic),65.71,1580.51,No
CUST-02184,Female,0,Yes,No,62,Yes,Yes,No,No internet service,No internet service,No internet service,No internet service,No internet service,No internet service,Month-to-month,Yes,Electronic check,44.39,2744.52,Yes
CUST-02185,Male,1,Yes,No,2,Yes,Yes,No,No internet service,No internet service,No internet service,No internet service,No internet service,No internet service,One year,No,Credit card (automatic),42.61,76.28,Yes
CUST-02186,Male,0,No,No,15,Yes,No,Fiber optic,No,Yes,Yes,No,No,No,Two year,No,Mailed check,74.17,1103.61,No
CUST-02187,Male,1,Yes,No,49,Yes,Yes,DSL,Yes,No,No,No,No,No,One year,No,Electronic check,68.68,3355.63,Yes
CUST-02188,Female,0,Yes,No,35,Yes,Yes,No,No internet service,No internet service,No internet service,No internet service,No internet service,No internet service,Two year,Yes,Credit card (automatic),24.39,857.56,No
CUST-02189,Female,0,Yes,No,47,Yes,Yes,No,No internet service,No internet service,No internet service,No internet service,No internet service,No internet service,One year,No,Credit card (automatic),29.16,1380.12,No
CUST-02190,Male,0,Yes,Yes,24,Yes,No,Fiber optic,Yes,No,Yes,Yes,Yes,No,Month-to-month,No,Electronic check,80.85,1941.59,Yes
CUST-02191,Female,0,No,Yes,60,Yes,Yes,No,No internet service,No internet service,No internet service,No internet service,No internet service,No internet service,Month-to-month,Yes,Mailed check,34.16,2052.68,Yes
CUST-02192,Male,0,No,No,48,Yes,No,Fiber optic,No,Yes,Yes,Yes,Yes,No,Month-to-month,No,Credit card (automatic),80.77,3881.07,Yes
CUST-02193,Female,0,Yes,Yes,23,Yes,No,DSL,No,Yes,No,No,No,Yes,Two year,No,Mailed check,67.34,1540.5,No
CUST-02194,Male,0,Yes,No,12,Yes,No,No,No internet service,No internet service,No internet service,No internet service,No internet service,No internet service,Month-to-month,Yes,Credit card (automatic),31.8,384.69,No
CUST-02195,Male,0,No,Yes,41,Yes,Yes,Fiber optic,No,Yes,Yes,No,No,No,Month-to-month,Yes,Bank transfer (automatic),65.9,2709.0,Yes
CUST-02196,Female,0,Yes,No,29,Yes,No,Fiber optic,No,No,Yes,No,No,No,Two year,Yes,Credit card (automatic),70.3,2045.29,No
CUST-02197,Male,0,No,No,70,No,No phone service,Fiber optic,No,No,Yes,No,Yes,No,Month-to-month,Yes,Mailed check,93.74,6557.73,Yes
CUST-02198,Female,0,Yes,No,51,Yes,Yes,DSL,Yes,No,No,No,No,No,One year,Yes,Electronic check,41.34,2098.62,No
CUST-02199,Female,0,No,Yes,23,Yes,Yes,DSL,No,No,No,No,No,No,Two year,No,Electronic check,62.68,1444.92,No
CUST-02200,Male,0,Yes,No,31,No,No phone service,DSL,Yes,Yes,Yes,No,No,No,Month-to-month,Yes,Electronic check,69.3,2152.51,No
CUST-02201,Male,0,No,No,21,Yes,No,DSL,No,Yes,No,No,Yes,Yes,One year,No,Credit card (automatic),40.9,867.64,No
CUST-02202,Female,0,No,No,24,Yes,No,DSL,Yes,No,No,No,Yes,No,One year,Yes,Credit card (automatic),65.8,1570.91,No
CUST-02203,Male,0,No,Yes,72,Yes,No,Fiber optic,No,No,No,No,No,No,Month-to-month,Yes,Electronic check,86.13,6210.56,No
CUST-02204,Male,0,Yes,Yes,9,Yes,No,No,No internet service,No internet service,No internet service,No internet service,No internet service,No internet service,One year,Yes,Electronic check,18.25,154.64,No
CUST-02205,Male,0,No,No,22,Yes,Yes,No,No internet service,No internet service,No internet service,No internet service,No internet service,No internet service,Month-to-month,No,Bank transfer (automatic),32.97,724.19,No
CUST-02206,Male,1,No,Yes,4,Yes,No,DSL,No,No,Yes,No,Yes,No,Month-to-month,Yes,Mailed check,67.48,268.03,No
CUST-02207,Male,0,Yes,No,3,Yes,No,No,No internet service,No internet service,No internet service,No internet service,No internet service,No internet service,Two year,No,Credit card (automatic),28.36,75.32,No
CUST-02208,Female,0,Yes,No,28,Yes,Yes,Fiber optic,No,No,No,Yes,No,No,Two year,No,Electronic check,87.3,2449.46,No
CUST-02209,Female,0,Yes,Yes,15,Yes,No,Fiber optic,No,No,Yes,No,Yes,No,Month-to-month,Yes,Mailed check,74.77,1111.89,No
CUST-02210,Male,0,Yes,No,8,Yes,No,DSL,Yes,No,No,No,Yes,No,One year,No,Credit card (automatic),51.81,420.72,No
CUST-02211,Male,0,No,Yes,48,Yes,No,Fiber optic,No,No,Yes,No,Yes,Yes,Two year,Yes,Mailed check,85.66,4108.03,No
CUST-02212,Male,0,Yes,No,52,Yes,Yes,No,No internet service,No internet service,No internet service,No internet service,No internet service,No internet service,Month-to-month,Yes,Bank transfer (automatic),18.25,942.82,No
CUST-02213,Female,0,Yes,No,55,Yes,No,Fiber optic,No,No,No,No,No,No,Month-to-month,Yes,Bank transfer (automatic),86.99,4784.39,No
CUST-02214,Male,0,Yes,No,37,Yes,Yes,DSL,No,No,No,Yes,Yes,No,Month-to-month,Yes,Mailed check,47.89,1762.45,Yes
CUST-02215,Female,0,Yes,No,4,No,No phone service,DSL,No,No,Yes,No,Yes,No,Month-to-month,No,Bank transfer (automatic),65.45,255.08,Yes
CUST-02216,Female,0,Yes,No,55,Yes,Yes,DSL,Yes,No,No,No,No,No,Month-to-month,Yes,Mailed check,56.78,3131.54,No
CUST-02217,Female,0,Yes,No,12,Yes,No,Fiber optic,Yes,No,Yes,Yes,Yes,No,Month-to-month,Yes,Bank transfer (automatic),73.65,892.04,Yes
CUST-02218,Male,0,Yes,No,19,No,No phone service,No,No internet service,No internet service,No internet service,No internet service,No internet service,No internet service,Two year,Yes,Mailed check,35.47,668.33,No
CUST-02219,Female,0,No,No,57,Yes,No,Fiber optic,Yes,Yes,No,Yes,No,No,Month-to-month,Yes,Electronic check,92.44,5261.81,Yes
CUST-02220,Male,0,No,No,37,Yes,No,No,No internet service,No internet service,No internet service,No internet service,No internet service,No internet service,Two year,No,Bank transfer (automatic),30.52,1129.5,No
CUST-02221,Female,0,No,Yes,7,Yes,Yes,No,No internet service,No internet service,No internet service,No internet service,No internet service,No internet service,Two year,Yes,Mailed check,40.86,289.59,No
CUST-02222,Male,0,No,Yes,55,Yes,No,DSL,No,Yes,No,Yes,No,No,Two year,Yes,Bank transfer (automatic),68.08,3739.71,No
CUST-02223,Female,0,No,No,28,Yes,Yes,DSL,No,No,Yes,No,Yes,No,Month-to-month,No,Credit card (automatic),51.26,1429.72,No
CUST-02224,Male,0,Yes,No,37,No,No phone service,Fiber optic,No,No,No,No,No,No,Month-to-month,No,Credit card (automatic),89.88,3335.36,Yes
CUST-02225,Female,0,Yes,No,61,Yes,No,DSL,Yes,No,Yes,No,No,No,One year,No,Bank transfer (automatic),63.33,3862.87,No
CUST-02226,Male,0,Yes,No,39,Yes,No,Fiber optic,No,No,No,No,No,No,Two year,Yes,Electronic check,81.69,3193.62,No
CUST-02227,Male,0,Yes,Yes,23,Yes,No,DSL,No,No,Yes,No,No,Yes,Month-to-month,Yes,Mailed check,41.65,955.57,Yes
CUST-02228,Male,0,No,Yes,52,Yes,No,Fiber optic,No,No,No,Yes,Yes,No,Month-to-month,Yes,Mailed check,89.1,4624.43,Yes
CUST-02229,Male,0,No,Yes,11,Yes,No,Fiber optic,Yes,No,No,Yes,Yes,No,Month-to-month,No,Bank transfer (automatic),66.58,727.85,Yes
CUST-02230,Female,1,Yes,No,66,Yes,Yes,Fiber optic,Yes,Yes,No,No,Yes,Yes,Month-to-month,No,Bank transfer (automatic),94.02,6208.32,No
CUST-02231,Female,0,Yes,No,13,Yes,No,Fiber optic,No,No,No,No,Yes,No,One year,No,Bank transfer (automatic),78.7,1023.98,No
CUST-02232,Male,0,No,No,41,Yes,No,No,No internet service,No internet service,No internet service,No internet service,No internet service,No internet service,Two year,Yes,Electronic check,18.25,745.42,No
CUST-02233,Female,1,No,Yes,49,Yes,No,DSL,No,No,No,Yes,Yes,No,One year,No,Mailed check,46.92,2299.37,No
CUST-02234,Male,0,No,No,15,Yes,Yes,Fiber optic,No,No,Yes,No,No,Yes,Month-to-month,Yes,Mailed check,71.89,1088.29,Yes
CUST-02235,Male,0,Yes,No,56,Yes,Yes,DSL,Yes,No,No,No,Yes,No,Two year,No,Electronic check,65.91,3694.89,No
CUST-02236,Female,0,Yes,No,54,Yes,Yes,DSL,No,No,No,No,No,Yes,One year,No,Mailed check,42.22,2282.98,No
CUST-02237,Male,0,No,No,31,Yes,No,DSL,Yes,Yes,No,Yes,No,No,Month-to-month,Yes,Electronic check,45.17,1401.38,Yes
CUST-02238,Male,0,No,No,61,Yes,Yes,Fiber optic,No,Yes,No,No,No,No,Month-to-month,Yes,Mailed check,76.01,4630.28,No
CUST-02239,Female,0,Yes,No,58,Yes,Yes,Fiber optic,No,No,Yes,Yes,No,No,Month-to-month,Yes,Bank transfer (automatic),70.32,4080.92,No
CUST-02240,Male,0,Yes,Yes,60,No,No phone service,DSL,No,Yes,Yes,No,No,No,Two year,Yes,Credit card (automatic),45.76,2747.17,No
CUST-02241,Male,0,Yes,Yes,53,Yes,No,Fiber optic,No,No,No,Yes,No,No,Two year,No,Mailed check,71.39,3789.41,No
CUST-02242,Male,1,Yes,Yes,61,Yes,No,DSL,No,No,No,Yes,No,Yes,Month-to-month,No,Mailed check,44.27,2697.01,Yes
CUST-02243,Male,1,No,No,42,Yes,Yes,Fiber optic,No,No,No,No,No,No,Month-to-month,Yes,Credit card (automatic),83.56,3507.54,No
CUST-02244,Female,0,No,No,29,Yes,Yes,Fiber optic,No,No,Yes,No,Yes,No,Month-to-month,No,Mailed check,67.12,1956.33,Yes
CUST-02245,Female,0,No,Yes,27,Yes,Yes,No,No internet service,No internet service,No internet service,No internet service,No internet service,No internet service,Month-to-month,No,Mailed check,25.7,690.84,Yes
CUST-02246,Female,0,Yes,No,44,Yes,No,Fiber optic,No,No,No,No,No,Yes,Two year,Yes,Bank transfer (automatic),85.15,3747.61,Yes
CUST-02247,Male,1,Yes,No,5,Yes,No,Fiber optic,Yes,No,Yes,No,No,Yes,Two year,Yes,Electronic check,74.31,367.95,No
CUST-02248,Male,0,Yes,No,52,Yes,Yes,DSL,Yes,Yes,Yes,No,Yes,Yes,One year,Yes,Electronic check,50.31,2619.06,No
CUST-02249,Female,0,No,No,53,Yes,Yes,DSL,No,No,Yes,No,No,No,Month-to-month,Yes,Electronic check,63.04,3346.57,Yes
CUST-02250,Male,0,No,No,52,Yes,Yes,Fiber optic,Yes,No,No,No,No,No,Month-to-month,No,Electronic check,88.57,4609.35,No
CUST-02251,Male,0,No,No,38,Yes,No,Fiber optic,No,Yes,Yes,No,No,Yes,Month-to-month,Yes,Credit card (automatic),87.21,3315.19,Yes
CUST-02252,Male,0,Yes,No,44,Yes,No,No,No internet service,No internet service,No internet service,No internet service,No internet service,No internet service,Month-to-month,Yes,Electronic check,24.99,1095.79,Yes
CUST-02253,Male,0,Yes,No,53,Yes,Yes,No,No internet service,No internet service,No internet service,No internet service,No internet service,No internet service,Month-to-month,Yes,Bank transfer (automatic),30.92,1640.45,No
CUST-02254,Female,0,No,No,2,Yes,No,No,No internet service,No internet service,No internet service,No internet service,No internet service,No internet service,Month-to-month,No,Electronic check,41.21,87.89,Yes
CUST-02255,Female,0,Yes,Yes,54,No,No phone service,No,No internet service,No internet service,No internet service,No internet service,No internet service,No internet service,Two year,No,Electronic check,27.81,1494.84,No
CUST-02256,Female,0,No,No,35,Yes,No,Fiber optic,No,Yes,Yes,No,No,No,Month-to-month,No,Credit card (automatic),73.19,2560.51,No
CUST-02257,Male,0,No,No,46,Yes,Yes,DSL,No,No,Yes,No,No,No,One year,Yes,Credit card (automatic),40.86,1887.07,Yes
CUST-02258,Female,1,No,No,72,Yes,Yes,DSL,No,Yes,Yes,No,No,No,Two year,No,Electronic check,57.12,4112.67,No
CUST-02259,Female,1,No,No,55,Yes,No,No,No internet service,No internet service,No internet service,No internet service,No internet service,No internet service,Month-to-month,No,Mailed check,21.45,1187.74,No
CUST-02260,Male,1,Yes,No,72,No,No phone service,DSL,No,No,Yes,No,No,No,Month-to-month,Yes,Electronic check,61.88,4447.03,Yes
CUST-02261,Male,1,Yes,No,11,Yes,Yes,DSL,No,Yes,No,Yes,No,Yes,Month-to-month,No,Mailed check,42.53,463.21,No
CUST-02262,Female,0,Yes,Yes,29,No,No phone service,Fiber optic,Yes,No,Yes,No,No,Yes,Month-to-month,Yes,Bank transfer (automatic),77.42,2245.28,Yes
CUST-02263,Female,0,Yes,No,69,Yes,Yes,DSL,No,No,No,No,Yes,No,Two year,No,Credit card (automatic),50.03,3445.89,No
CUST-02264,Female,0,Yes,Yes,63,Yes,Yes,Fiber optic,Yes,Yes,Yes,Yes,No,Yes,Two year,Yes,Mailed check,73.39,4625.06,No
CUST-02265,Female,1,Yes,Yes,47,Yes,No,Fiber optic,No,No,Yes,Yes,No,No,Month-to-month,Yes,Electronic check,94.66,4448.64,Yes
CUST-02266,Male,0,No,No,7,No,No phone service,Fiber optic,No,No,No,No,No,Yes,Two year,Yes,Bank transfer (automatic),67.97,484.51,Yes
CUST-02267,Female,0,Yes,Yes,64,Yes,Yes,Fiber optic,Yes,No,No,No,No,Yes,Month-to-month,Yes,Credit card (automatic),65.07,4167.61,Yes
CUST-02268,Female,0,Yes,No,64,Yes,Yes,Fiber optic,Yes,Yes,Yes,No,Yes,No,One year,No,Electronic check,65.45,4179.08,No
CUST-02269,Male,0,Yes,No,12,Yes,Yes,DSL,No,No,No,No,Yes,No,One year,No,Electronic check,43.09,523.95,No
CUST-02270,Female,0,No,No,12,No,No phone service,No,No internet service,No internet service,No internet service,No internet service,No internet service,No internet service,Two year,Yes,Bank transfer (automatic),40.46,488.48,No
CUST-02271,Male,0,Yes,Yes,36,Yes,No,DSL,No,No,No,Yes,No,Yes,Two year,No,Electronic check,44.9,1610.46,No
CUST-02272,Male,0,No,No,29,Yes,No,Fiber optic,No,Yes,No,No,No,No,Two year,Yes,Bank transfer (automatic),82.19,2378.45,No
CUST-02273,Male,0,Yes,No,11,Yes,No,Fiber optic,No,Yes,Yes,Yes,Yes,No,One year,No,Mailed check,84.09,928.74,Yes
CUST-02274,Female,0,Yes,No,53,Yes,Yes,DSL,Yes,No,No,No,No,No,One year,No,Credit card (automatic),63.01,3341.07,No
CUST-02275,Female,0,Yes,No,70,Yes,Yes,DSL,Yes,No,Yes,No,No,No,Month-to-month,Yes,Credit card (automatic),43.92,3073.18,No
CUST-02276,Male,1,No,Yes,47,Yes,No,DSL,No,No,Yes,No,No,No,Month-to-month,Yes,Credit card (automatic),43.86,2057.74,Yes
CUST-02277,Female,0,No,No,33,Yes,Yes,DSL,No,No,No,Yes,No,No,Month-to-month,No,Credit card (automatic),49.32,1634.08,No
CUST-02278,Female,0,Yes,No,67,Yes,Yes,DSL,No,No,No,No,Yes,No,Month-to-month,No,Bank transfer (automatic),43.09,2892.9,No
CUST-02279,Male,0,Yes,Yes,43,Yes,Yes,No,No internet service,No internet service,No internet service,No internet service,No internet service,No internet service,Month-to-month,Yes,Electronic check,23.32,1010.06,Yes
CUST-02280,Male,0,Yes,No,18,Yes,Yes,Fiber optic,No,No,Yes,No,No,No,Two year,Yes,Credit card (automatic),82.83,1497.04,No
CUST-02281,Female,0,No,No,53,Yes,Yes,DSL,No,Yes,Yes,No,No,No,Month-to-month,Yes,Credit card (automatic),52.86,2810.45,Yes
CUST-02282,Male,0,No,Yes,39,Yes,Yes,Fiber optic,No,No,Yes,No,No,No,Month-to-month,No,Electronic check,73.91,2874.71,Yes
CUST-02283,Female,0,Yes,No,72,Yes,No,DSL,Yes,No,No,No,Yes,Yes,One year,Yes,Bank transfer (automatic),50.08,3606.03,No
CUST-02284,Female,0,No,Yes,34,Yes,Yes,DSL,No,Yes,No,No,Yes,No,Two year,Yes,Mailed check,47.01,1594.6,No
CUST-02285,Female,0,No,No,37,No,No phone service,No,No internet service,No internet service,No internet service,No internet service,No internet service,No internet service,Month-to-month,Yes,Electronic check,28.44,1050.02,Yes
CUST-02286,Female,0,No,No,41,Yes,Yes,No,No internet service,No internet service,No internet service,No internet service,No internet service,No internet service,Month-to-month,Yes,Bank transfer (automatic),28.77,1188.0,No
CUST-02287,Male,0,No,No,49,Yes,Yes,Fiber optic,No,No,No,No,Yes,Yes,One year,Yes,Electronic check,91.88,4507.87,Yes
CUST-02288,Male,0,Yes,No,10,Yes,Yes,No,No internet service,No internet service,No internet service,No internet service,No internet service,No internet service,Two year,Yes,Electronic check,35.04,341.05,No
CUST-02289,Male,0,Yes,Yes,40,Yes,Yes,No,No internet service,No internet service,No internet service,No internet service,No internet service,No internet service,Two year,No,Electronic check,33.92,1355.8,No
CUST-02290,Male,1,No,Yes,18,Yes,No,Fiber optic,No,No,Yes,No,No,Yes,Month-to-month,Yes,Mailed check,72.86,1306.38,Yes
CUST-02291,Female,0,No,Yes,25,No,No phone service,No,No internet service,No internet service,No internet service,No internet service,No internet service,No internet service,One year,Yes,Electronic check,25.23,632.4,No
CUST-02292,Female,0,No,No,41,Yes,No,Fiber optic,No,No,No,No,Yes,Yes,Month-to-month,Yes,Mailed check,91.17,3734.36,Yes
CUST-02293,Male,0,Yes,No,36,Yes,No,DSL,Yes,Yes,Yes,No,Yes,No,Month-to-month,No,Bank transfer (automatic),56.98,2050.95,No
CUST-02294,Female,0,Yes,No,2,Yes,No,No,No internet service,No internet service,No internet service,No internet service,No internet service,No internet service,Month-to-month,No,Bank transfer (automatic),20.41,38.29,Yes
CUST-02295,Female,0,No,Yes,49,Yes,No,DSL,No,No,No,Yes,No,No,One year,Yes,Electronic check,61.79,3018.43,No
CUST-02296,Female,0,No,No,67,Yes,Yes,DSL,No,No,Yes,No,No,No,Month-to-month,No,Mailed check,41.93,2805.2,Yes
CUST-02297,Male,0,No,No,53,Yes,No,Fiber optic,No,No,No,No,Yes,Yes,Month-to-month,Yes,Bank transfer (automatic),91.8,4869.04,Yes
CUST-02298,Male,0,No,No,19,Yes,Yes,No,No internet service,No internet service,No internet service,No internet service,No internet service,No internet service,Two year,No,Electronic check,31.38,602.86,No
CUST-02299,Male,0,Yes,No,26,Yes,No,DSL,No,No,Yes,No,Yes,No,Two year,Yes,Bank transfer (automatic),69.41,1810.67,No
CUST-02300,Female,0,Yes,Yes,54,No,No phone service,Fiber optic,Yes,Yes,No,No,No,Yes,One year,No,Mailed check,73.29,3952.67,No
CUST-02301,Male,0,Yes,Yes,51,Yes,No,Fiber optic,Yes,No,Yes,No,Yes,Yes,Month-to-month,No,Bank transfer (automatic),68.31,3490.07,Yes
CUST-02302,Male,0,Yes,No,25,Yes,Yes,Fiber optic,No,Yes,Yes,No,Yes,Yes,One year,No,Credit card (automatic),79.7,1999.03,Yes
CUST-02303,Male,1,Yes,No,17,Yes,No,Fiber optic,Yes,No,Yes,No,No,Yes,Month-to-month,Yes,Mailed check,81.43,1384.82,Yes
CUST-02304,Male,0,Yes,Yes,61,Yes,Yes,Fiber optic,No,No,No,No,Yes,Yes,One year,Yes,Mailed check,87.59,5339.51,No
CUST-02305,Male,0,No,Yes,46,Yes,No,No,No internet service,No internet service,No internet service,No internet service,No internet service,No internet service,Month-to-month,No,Mailed check,33.03,1525.75,No
CUST-02306,Male,0,No,No,55,No,No phone service,DSL,No,No,Yes,No,No,No,One year,Yes,Credit card (automatic),52.06,2855.39,Yes
CUST-02307,Female,0,Yes,No,50,Yes,No,No,No internet service,No internet service,No internet service,No internet service,No internet service,No internet service,Month-to-month,Yes,Electronic check,20.59,1038.62,No
CUST-02308,Female,0,Yes,Yes,11,Yes,Yes,DSL,No,No,Yes,Yes,Yes,Yes,Two year,Yes,Bank transfer (automatic),66.64,729.74,No
CUST-02309,Male,0,Yes,No,12,Yes,Yes,Fiber optic,No,No,Yes,No,No,Yes,One year,Yes,Bank transfer (automatic),74.38,885.19,No
CUST-02310,Male,0,No,No,40,Yes,Yes,Fiber optic,No,No,Yes,No,Yes,Yes,Two year,No,Bank transfer (automatic),71.4,2860.87,No
CUST-02311,Female,0,No,No,48,Yes,No,No,No internet service,No internet service,No internet service,No internet service,No internet service,No internet service,One year,Yes,Bank transfer (automatic),22.93,1099.47,No
CUST-02312,Female,1,No,No,56,Yes,No,DSL,Yes,No,No,No,Yes,No,One year,No,Electronic check,56.39,3158.33,No
CUST-02313,Male,0,No,Yes,8,Yes,No,Fiber optic,No,No,Yes,Yes,Yes,Yes,One year,Yes,Credit card (automatic),65.41,514.08,No
CUST-02314,Male,0,Yes,No,14,Yes,No,DSL,No,Yes,No,No,No,Yes,Month-to-month,Yes,Credit card (automatic),63.27,882.07,No
CUST-02315,Male,1,No,No,56,Yes,Yes,Fiber optic,No,Yes,No,Yes,No,No,Two year,No,Electronic check,88.77,4965.55,No
CUST-02316,Male,0,Yes,No,54,Yes,No,Fiber optic,No,No,No,No,No,No,Two year,Yes,Mailed check,91.27,4926.87,No
CUST-02317,Female,0,No,No,17,Yes,Yes,DSL,No,Yes,No,Yes,No,No,Month-to-month,Yes,Electronic check,64.51,1088.21,No
CUST-02318,Male,0,No,No,45,No,No phone service,Fiber optic,No,Yes,No,Yes,Yes,No,Two year,Yes,Credit card (automatic),67.64,3038.59,No
CUST-02319,Male,1,No,No,5,Yes,Yes,DSL,No,Yes,No,No,No,No,One year,No,Credit card (automatic),55.89,272.99,No
CUST-02320,Male,0,No,No,3,Yes,No,Fiber optic,Yes,No,Yes,No,No,No,Month-to-month,Yes,Mailed check,70.04,206.0,No
CUST-02321,Male,0,Yes,Yes,9,Yes,Yes,Fiber optic,No,No,No,No,No,No,Two year,No,Electronic check,68.13,612.79,No
CUST-02322,Female,0,Yes,Yes,20,Yes,Yes,Fiber optic,Yes,No,Yes,No,No,No,Month-to-month,No,Bank transfer (automatic),65.11,1311.38,No
CUST-02323,Female,0,Yes,No,21,Yes,Yes,DSL,No,No,Yes,No,No,Yes,Two year,No,Electronic check,40.92,859.17,No
CUST-02324,Female,0,Yes,No,33,Yes,No,DSL,No,No,No,Yes,No,Yes,Month-to-month,Yes,Mailed check,50.57,1677.88,Yes
CUST-02325,Male,0,Yes,No,5,Yes,Yes,No,No internet service,No internet service,No internet service,No internet service,No internet service,No internet service,Month-to-month,Yes,Bank transfer (automatic),18.25,89.56,No
CUST-02326,Male,0,Yes,No,24,Yes,Yes,No,No internet service,No internet service,No internet service,No internet service,No internet service,No internet service,Two year,No,Electronic check,27.85,659.68,No
CUST-02327,Female,0,Yes,No,63,Yes,Yes,Fiber optic,No,No,Yes,No,No,No,One year,No,Mailed check,68.98,4339.95,No
CUST-02328,Male,0,No,No,26,Yes,Yes,Fiber optic,No,No,No,No,No,No,Two year,Yes,Bank transfer (automatic),89.73,2330.73,No
CUST-02329,Male,1,Yes,No,33,Yes,Yes,Fiber optic,No,No,No,No,Yes,Yes,Month-to-month,No,Credit card (automatic),76.46,2532.73,Yes
CUST-02330,Female,1,No,No,18,Yes,Yes,Fiber optic,No,Yes,No,Yes,No,No,Two year,Yes,Electronic check,84.19,1521.62,No
CUST-02331,Female,0,Yes,No,18,Yes,No,DSL,No,Yes,Yes,No,No,No,Month-to-month,No,Electronic check,54.18,966.64,No
CUST-02332,Female,0,No,No,38,Yes,Yes,Fiber optic,No,No,Yes,No,No,No,One year,No,Electronic check,78.72,2984.83,No
CUST-02333,Female,0,Yes,No,33,Yes,No,DSL,Yes,No,No,No,Yes,Yes,Month-to-month,Yes,Electronic check,54.22,1790.97,Yes
CUST-02334,Male,0,No,No,27,Yes,No,No,No internet service,No internet service,No internet service,No internet service,No internet service,No internet service,Month-to-month,Yes,Electronic check,23.38,640.51,Yes
CUST-02335,Male,0,Yes,No,49,Yes,No,Fiber optic,No,No,Yes,No,Yes,No,Month-to-month,Yes,Mailed check,68.71,3364.99,No
CUST-02336,Female,0,Yes,Yes,50,Yes,No,Fiber optic,No,No,Yes,Yes,No,Yes,Two year,No,Electronic check,91.53,4583.14,No
CUST-02337,Male,1,Yes,Yes,15,Yes,Yes,Fiber optic,No,No,No,No,No,No,One year,No,Electronic check,87.62,1310.83,No
CUST-02338,Female,0,Yes,No,52,Yes,No,DSL,No,Yes,No,No,No,Yes,Month-to-month,No,Electronic check,47.52,2464.93,No
CUST-02339,Female,0,No,No,68,Yes,Yes,Fiber optic,Yes,No,No,Yes,No,Yes,Month-to-month,No,Bank transfer (automatic),65.5,4450.38,No
CUST-02340,Male,0,Yes,No,19,Yes,Yes,Fiber optic,Yes,No,No,Yes,No,Yes,Month-to-month,Yes,Bank transfer (automatic),80.86,1538.75,No
CUST-02341,Female,0,Yes,Yes,25,No,No phone service,DSL,No,Yes,No,No,Yes,Yes,Two year,No,Credit card (automatic),42.69,1069.08,No
CUST-02342,Male,0,No,No,25,Yes,No,Fiber optic,Yes,Yes,No,No,Yes,No,Month-to-month,No,Electronic check,86.33,2157.19,Yes
CUST-02343,Male,0,Yes,No,33,Yes,Yes,DSL,No,Yes,Yes,No,Yes,No,Two year,Yes,Electronic check,49.19,1627.04,No
CUST-02344,Male,0,No,No,60,Yes,Yes,Fiber optic,No,Yes,No,No,No,Yes,Two year,No,Electronic check,82.64,4953.16,No
CUST-02345,Male,1,No,Yes,37,Yes,No,DSL,Yes,No,Yes,No,No,Yes,Month-to-month,Yes,Mailed check,53.19,1959.65,No
CUST-02346,Female,0,Yes,No,43,Yes,Yes,Fiber optic,No,No,Yes,Yes,Yes,Yes,Month-to-month,Yes,Bank transfer (automatic),67.68,2912.54,Yes
CUST-02347,Male,1,Yes,No,9,Yes,Yes,DSL,No,No,Yes,No,Yes,No,One year,Yes,Electronic check,69.35,616.94,Yes
CUST-02348,Female,0,No,Yes,14,Yes,Yes,Fiber optic,Yes,No,No,No,No,Yes,One year,Yes,Bank transfer (automatic),65.04,910.8,Yes
CUST-02349,Female,0,Yes,No,3,Yes,No,Fiber optic,No,No,No,No,Yes,No,Month-to-month,Yes,Electronic check,92.99,275.77,No
CUST-02350,Female,0,No,No,69,Yes,Yes,Fiber optic,No,No,No,No,No,No,One year,Yes,Electronic check,85.95,5921.2,No
CUST-02351,Female,0,Yes,No,56,Yes,Yes,No,No internet service,No internet service,No internet service,No internet service,No internet service,No internet service,One year,Yes,Bank transfer (automatic),31.44,1759.88,No
CUST-02352,Male,0,Yes,No,26,Yes,Yes,DSL,Yes,Yes,Yes,No,Yes,No,Month-to-month,Yes,Credit card (automatic),64.85,1693.63,No
CUST-02353,Male,0,No,No,53,Yes,Yes,No,No internet service,No internet service,No internet service,No internet service,No internet service,No internet service,Month-to-month,Yes,Credit card (automatic),18.25,974.89,Yes
CUST-02354,Female,0,Yes,No,41,Yes,No,DSL,No,No,No,Yes,Yes,No,Two year,Yes,Electronic check,44.11,1813.04,Yes
CUST-02355,Female,0,Yes,No,21,Yes,No,Fiber optic,No,No,No,Yes,No,Yes,Two year,Yes,Credit card (automatic),82.99,1742.37,No
CUST-02356,Male,0,Yes,Yes,39,Yes,No,DSL,No,Yes,No,Yes,Yes,No,One year,No,Mailed check,55.98,2180.14,No
CUST-02357,Female,0,No,Yes,23,Yes,Yes,Fiber optic,No,No,No,No,Yes,Yes,One year,Yes,Mailed check,81.49,1864.88,No
CUST-02358,Male,0,Yes,No,58,Yes,Yes,No,No internet service,No internet service,No internet service,No internet service,No internet service,No internet service,Two year,No,Mailed check,40.61,2359.81,No
CUST-02359,Female,0,No,Yes,69,Yes,Yes,No,No internet service,No internet service,No internet service,No internet service,No internet service,No internet service,Month-to-month,Yes,Credit card (automatic),34.99,2422.53,No
CUST-02360,Male,0,Yes,No,29,Yes,No,DSL,No,No,Yes,No,No,No,Month-to-month,No,Bank transfer (automatic),50.62,1469.67,Yes
CUST-02361,Female,1,No,No,62,Yes,No,DSL,Yes,No,No,No,Yes,Yes,Two year,Yes,Credit card (automatic),58.22,3619.61,No
CUST-02362,Female,0,Yes,No,53,Yes,Yes,Fiber optic,No,No,Yes,Yes,No,Yes,Month-to-month,Yes,Electronic check,85.9,4555.73,Yes
CUST-02363,Male,0,Yes,No,45,Yes,Yes,No,No internet service,No internet service,No internet service,No internet service,No internet service,No internet service,One year,Yes,Bank transfer (automatic),20.8,929.21,No
CUST-02364,Female,0,No,No,27,Yes,Yes,DSL,No,No,No,No,Yes,No,Month-to-month,No,Mailed check,40.79,1101.42,No
CUST-02365,Female,0,Yes,No,34,Yes,No,No,No internet service,No internet service,No internet service,No internet service,No internet service,No internet service,Month-to-month,No,Bank transfer (automatic),30.11,1025.03,No
CUST-02366,Male,0,No,Yes,14,Yes,Yes,Fiber optic,Yes,No,No,No,No,No,Month-to-month,Yes,Mailed check,85.25,1199.03,Yes
CUST-02367,Female,1,Yes,Yes,41,Yes,No,Fiber optic,No,No,No,No,No,Yes,Month-to-month,No,Electronic check,91.06,3736.77,Yes
CUST-02368,Male,1,No,No,60,Yes,No,Fiber optic,Yes,No,No,Yes,No,Yes,Month-to-month,No,Bank transfer (automatic),82.46,4938.63,Yes
CUST-02369,Male,0,Yes,Yes,42,Yes,Yes,No,No internet service,No internet service,No internet service,No internet service,No internet service,No internet service,Month-to-month,No,Bank transfer (automatic),32.61,1363.82,No
CUST-02370,Female,0,No,No,51,Yes,Yes,No,No internet service,No internet service,No internet service,No internet service,No internet service,No internet service,One year,Yes,Credit card (automatic),30.19,1530.85,No
CUST-02371,Female,0,Yes,No,11,Yes,Yes,DSL,Yes,No,Yes,No,No,Yes,Month-to-month,Yes,Credit card (automatic),67.74,744.08,Yes
CUST-02372,Female,0,No,No,35,Yes,No,Fiber optic,No,No,No,No,Yes,No,Month-to-month,Yes,Electronic check,90.78,3175.49,Yes
CUST-02373,Female,0,No,Yes,19,Yes,Yes,No,No internet service,No internet service,No internet service,No internet service,No internet service,No internet service,Month-to-month,No,Electronic check,30.24,574.19,No
CUST-02374,Female,0,Yes,No,65,No,No phone service,DSL,No,No,Yes,No,No,Yes,One year,Yes,Bank transfer (automatic),60.3,3929.49,No
CUST-02375,Female,0,No,Yes,61,Yes,No,Fiber optic,No,No,No,Yes,Yes,No,Two year,No,Credit card (automatic),84.57,5149.26,Yes
CUST-02376,Female,0,No,No,47,Yes,Yes,DSL,No,No,No,Yes,No,Yes,Month-to-month,Yes,Electronic check,47.44,2238.97,No
CUST-02377,Male,0,Yes,Yes,14,Yes,Yes,Fiber optic,Yes,No,Yes,No,No,No,Two year,Yes,Electronic check,72.12,1017.78,No
CUST-02378,Female,0,Yes,No,67,Yes,No,DSL,Yes,No,Yes,No,Yes,No,Two year,No,Credit card (automatic),69.97,4684.29,No
CUST-02379,Male,1,Yes,Yes,52,Yes,No,Fiber optic,Yes,No,No,No,No,No,One year,Yes,Credit card (automatic),89.68,4671.52,Yes
CUST-02380,Female,0,Yes,Yes,32,Yes,Yes,Fiber optic,Yes,Yes,Yes,Yes,Yes,No,One year,No,Mailed check,87.39,2795.25,No
CUST-02381,Female,1,Yes,No,10,Yes,No,DSL,No,Yes,Yes,No,No,No,Month-to-month,Yes,Credit card (automatic),67.74,683.13,Yes
CUST-02382,Male,0,Yes,Yes,17,Yes,Yes,Fiber optic,Yes,No,No,No,No,Yes,Month-to-month,Yes,Bank transfer (automatic),86.87,1466.84,Yes
CUST-02383,Female,0,No,No,40,Yes,Yes,DSL,Yes,No,No,No,No,No,Two year,Yes,Electronic check,64.1,2572.07,No
CUST-02384,Female,1,No,Yes,68,Yes,Yes,No,No internet service,No internet service,No internet service,No internet service,No internet service,No internet service,One year,No,Electronic check,23.65,1610.69,Yes
CUST-02385,Male,0,No,No,63,No,No phone service,Fiber optic,No,No,No,No,Yes,No,One year,Yes,Electronic check,80.24,5047.98,Yes
CUST-02386,Female,0,Yes,No,15,Yes,No,Fiber optic,No,Yes,No,No,No,Yes,One year,Yes,Mailed check,77.82,1175.61,No
CUST-02387,Female,0,Yes,Yes,39,Yes,Yes,Fiber optic,Yes,No,No,No,No,Yes,One year,No,Mailed check,74.78,2907.26,Yes
CUST-02388,Female,0,No,No,57,Yes,Yes,DSL,No,No,No,Yes,No,No,One year,No,Credit card (automatic),62.26,3539.32,No
CUST-02389,Male,0,No,No,10,Yes,No,Fiber optic,Yes,No,No,No,Yes,No,Month-to-month,Yes,Mailed check,78.73,796.02,Yes
CUST-02390,Female,1,Yes,Yes,71,Yes,No,No,No internet service,No internet service,No internet service,No internet service,No internet service,No internet service,Two year,Yes,Electronic check,42.45,3014.99,No
CUST-02391,Female,1,No,Yes,17,No,No phone service,Fiber optic,Yes,No,Yes,No,Yes,No,Month-to-month,No,Electronic check,76.99,1300.83,Yes
CUST-02392,Female,1,Yes,No,17,Yes,Yes,Fiber optic,No,No,Yes,No,No,No,One year,No,Credit card (automatic),78.15,1320.75,Yes
CUST-02393,Female,0,Yes,No,16,No,No phone service,No,No internet service,No internet service,No internet service,No internet service,No internet service,No internet service,Month-to-month,No,Mailed check,41.71,672.14,No
CUST-02394,Male,0,No,No,3,Yes,No,Fiber optic,Yes,No,Yes,No,No,No,One year,Yes,Credit card (automatic),65.89,199.4,No
CUST-02395,Male,0,Yes,No,51,Yes,Yes,Fiber optic,No,No,No,No,No,Yes,One year,Yes,Credit card (automatic),80.52,4107.43,No
CUST-02396,Female,1,Yes,No,46,Yes,No,No,No internet service,No internet service,No internet service,No internet service,No internet service,No internet service,One year,No,Credit card (automatic),22.47,1036.98,No
CUST-02397,Female,0,Yes,Yes,55,Yes,No,Fiber optic,Yes,No,No,No,Yes,No,One year,No,Credit card (automatic),77.88,4287.33,No
CUST-02398,Male,0,Yes,No,26,Yes,No,DSL,Yes,Yes,Yes,Yes,Yes,Yes,Month-to-month,Yes,Credit card (automatic),60.05,1557.02,Yes
CUST-02399,Male,0,No,No,31,Yes,No,DSL,No,No,No,No,Yes,No,Month-to-month,No,Bank transfer (automatic),58.59,1826.22,Yes
CUST-02400,Female,0,Yes,No,72,No,No phone service,Fiber optic,Yes,Yes,Yes,No,No,No,Month-to-month,No,Credit card (automatic),75.22,5407.12,No
CUST-02401,Male,0,Yes,No,19,Yes,Yes,Fiber optic,No,No,No,No,No,No,Month-to-month,Yes,Credit card (automatic),74.55,1422.09,No
CUST-02402,Female,1,No,No,68,Yes,Yes,DSL,No,Yes,Yes,No,No,Yes,Two year,No,Bank transfer (automatic),51.0,3463.23,Yes
CUST-02403,Male,1,Yes,No,15,Yes,Yes,DSL,No,No,No,Yes,Yes,No,Month-to-month,No,Credit card (automatic),62.18,940.44,No
CUST-02404,Male,0,Yes,No,58,Yes,No,No,No internet service,No internet service,No internet service,No internet service,No internet service,No internet service,Month-to-month,Yes,Credit card (automatic),28.39,1639.08,No
CUST-02405,Male,0,No,Yes,30,Yes,No,DSL,No,No,No,No,No,No,Two year,No,Mailed check,44.37,1340.9,No
CUST-02406,Male,1,No,Yes,48,Yes,No,Fiber optic,Yes,Yes,Yes,Yes,No,Yes,Two year,No,Electronic check,92.54,4441.36,No
CUST-02407,Female,0,Yes,No,56,Yes,No,DSL,No,Yes,No,Yes,No,Yes,Month-to-month,Yes,Electronic check,50.28,2813.3,No
CUST-02408,Male,0,Yes,No,42,Yes,Yes,Fiber optic,No,Yes,No,Yes,Yes,No,Month-to-month,Yes,Credit card (automatic),78.7,3297.63,Yes
CUST-02409,Male,0,No,Yes,24,No,No phone service,Fiber optic,Yes,Yes,No,No,Yes,No,Two year,Yes,Electronic check,80.24,1922.65,No
CUST-02410,Female,0,Yes,No,52,Yes,No,No,No internet service,No internet service,No internet service,No internet service,No internet service,No internet service,One year,Yes,Bank transfer (automatic),36.47,1891.31,No
CUST-02411,Male,0,Yes,No,43,Yes,Yes,No,No internet service,No internet service,No internet service,No internet service,No internet service,No internet service,One year,No,Mailed check,23.57,1022.34,No
CUST-02412,Male,0,Yes,Yes,34,Yes,Yes,DSL,Yes,No,No,No,No,Yes,Month-to-month,Yes,Mailed check,63.13,2149.69,No
CUST-02413,Female,0,No,Yes,60,Yes,No,Fiber optic,No,No,No,Yes,No,No,Two year,Yes,Electronic check,65.09,3902.45,No
CUST-02414,Male,0,Yes,No,3,Yes,Yes,Fiber optic,No,No,Yes,No,No,No,Month-to-month,No,Electronic check,87.24,253.58,Yes
CUST-02415,Female,1,No,No,68,Yes,Yes,DSL,No,Yes,No,No,Yes,No,One year,Yes,Mailed check,45.04,3062.68,No
CUST-02416,Female,0,No,No,11,Yes,No,Fiber optic,Yes,Yes,No,No,No,No,Two year,Yes,Bank transfer (automatic),70.57,781.45,No
CUST-02417,Female,1,No,No,13,Yes,No,No,No internet service,No internet service,No internet service,No internet service,No internet service,No internet service,Month-to-month,No,Electronic check,31.25,412.86,Yes
CUST-02418,Female,0,No,No,50,Yes,No,Fiber optic,Yes,Yes,No,Yes,No,Yes,Month-to-month,No,Bank transfer (automatic),74.22,3711.79,Yes
CUST-02419,Male,0,Yes,Yes,19,Yes,Yes,Fiber optic,Yes,No,Yes,No,No,Yes,Month-to-month,No,Credit card (automatic),69.17,1324.12,No
CUST-02420,Female,0,No,No,44,Yes,No,Fiber optic,No,No,Yes,Yes,No,Yes,Month-to-month,No,Mailed check,70.45,3098.84,Yes
CUST-02421,Male,1,Yes,No,33,Yes,No,Fiber optic,Yes,No,Yes,No,No,Yes,One year,Yes,Credit card (automatic),92.26,3036.22,Yes
CUST-02422,Male,0,No,No,38,Yes,Yes,Fiber optic,No,Yes,No,No,No,No,Month-to-month,No,Electronic check,86.23,3272.53,No
CUST-02423,Male,0,No,Yes,3,Yes,Yes,Fiber optic,No,No,No,No,No,No,One year,Yes,Electronic check,69.65,212.09,Yes
CUST-02424,Male,0,Yes,Yes,65,Yes,No,Fiber optic,No,No,No,Yes,No,No,Month-to-month,Yes,Bank transfer (automatic),89.16,5797.93,No
CUST-02425,Male,0,No,No,35,Yes,Yes,DSL,No,No,Yes,Yes,Yes,No,Month-to-month,No,Electronic check,68.71,2401.5,Yes
CUST-02426,Male,0,No,No,36,Yes,Yes,No,No internet service,No internet service,No internet service,No internet service,No internet service,No internet service,Two year,Yes,Mailed check,18.25,664.76,No
CUST-02427,Male,1,Yes,No,38,Yes,No,DSL,No,No,Yes,No,No,Yes,Month-to-month,Yes,Mailed check,61.3,2324.63,No
CUST-02428,Male,1,No,No,39,Yes,No,Fiber optic,No,Yes,Yes,No,Yes,Yes,One year,No,Bank transfer (automatic),73.09,2846.09,No
CUST-02429,Male,0,No,No,25,Yes,Yes,No,No internet service,No internet service,No internet service,No internet service,No internet service,No internet service,Month-to-month,Yes,Electronic check,31.11,778.04,Yes
CUST-02430,Male,1,No,No,64,Yes,No,Fiber optic,No,No,No,No,No,No,One year,Yes,Mailed check,71.87,4598.41,No
CUST-02431,Female,0,Yes,No,13,Yes,Yes,DSL,No,Yes,Yes,Yes,Yes,Yes,One year,No,Credit card (automatic),44.28,575.33,No
CUST-02432,Female,0,No,No,68,Yes,Yes,No,No internet service,No internet service,No internet service,No internet service,No internet service,No internet service,One year,Yes,Electronic check,31.54,2147.64,No
CUST-02433,Female,0,Yes,No,70,Yes,Yes,No,No internet service,No internet service,No internet service,No internet service,No internet service,No internet service,Month-to-month,No,Bank transfer (automatic),39.95,2805.54,No
CUST-02434,Male,0,Yes,Yes,1,Yes,Yes,Fiber optic,No,Yes,No,No,No,No,One year,No,Credit card (automatic),93.97,96.47,No
CUST-02435,Female,0,Yes,Yes,72,Yes,No,Fiber optic,Yes,Yes,Yes,No,No,Yes,One year,Yes,Bank transfer (automatic),89.28,6423.85,No
CUST-02436,Female,1,No,No,54,Yes,Yes,Fiber optic,Yes,No,No,No,No,No,Month-to-month,No,Bank transfer (automatic),72.81,3941.52,No
CUST-02437,Female,0,No,No,9,No,No phone service,Fiber optic,No,Yes,Yes,No,Yes,No,Two year,Yes,Credit card (automatic),84.13,764.39,No
CUST-02438,Male,0,No,No,36,Yes,Yes,Fiber optic,Yes,Yes,Yes,No,No,No,One year,Yes,Electronic check,69.1,2484.85,Yes
CUST-02439,Male,0,No,No,37,No,No phone service,DSL,Yes,No,Yes,No,Yes,No,Month-to-month,No,Electronic check,52.38,1937.04,No
CUST-02440,Male,1,Yes,No,59,Yes,No,DSL,No,No,No,Yes,Yes,Yes,Two year,Yes,Mailed check,44.46,2616.13,No
CUST-02441,Male,0,Yes,No,21,No,No phone service,DSL,No,Yes,Yes,Yes,No,Yes,Month-to-month,Yes,Bank transfer (automatic),63.14,1325.58,Yes
CUST-02442,Female,0,No,No,20,No,No phone service,DSL,No,No,Yes,Yes,No,No,One year,No,Electronic check,44.49,887.89,No
CUST-02443,Female,0,No,Yes,1,Yes,Yes,No,No internet service,No internet service,No internet service,No internet service,No internet service,No internet service,Month-to-month,No,Electronic check,37.26,44.25,Yes
CUST-02444,Female,0,Yes,No,59,Yes,No,Fiber optic,No,No,No,No,No,No,One year,No,Electronic check,68.05,4010.88,Yes
CUST-02445,Female,0,No,No,28,Yes,No,Fiber optic,Yes,No,No,No,No,No,Two year,No,Electronic check,81.33,2280.83,No
CUST-02446,Male,0,No,No,71,No,No phone service,No,No internet service,No internet service,No internet service,No internet service,No internet service,No internet service,Two year,No,Electronic check,21.21,1500.12,No
CUST-02447,Male,0,No,No,56,Yes,Yes,DSL,No,Yes,No,Yes,No,No,Two year,Yes,Bank transfer (automatic),44.47,2487.47,No
CUST-02448,Male,0,No,Yes,9,Yes,No,No,No internet service,No internet service,No internet service,No internet service,No internet service,No internet service,Two year,Yes,Bank transfer (automatic),28.13,251.86,No
CUST-02449,Female,0,No,No,65,Yes,Yes,No,No internet service,No internet service,No internet service,No internet service,No internet service,No internet service,Month-to-month,Yes,Mailed check,43.91,2863.89,No
CUST-02450,Male,0,No,No,36,Yes,No,No,No internet service,No internet service,No internet service,No internet service,No internet service,No internet service,Two year,Yes,Electronic check,18.25,660.78,No
CUST-02451,Male,0,Yes,No,34,Yes,No,DSL,Yes,Yes,No,No,Yes,Yes,Month-to-month,Yes,Credit card (automatic),53.32,1810.76,No
CUST-02452,Female,1,Yes,No,32,Yes,No,DSL,Yes,Yes,Yes,No,Yes,No,Month-to-month,No,Bank transfer (automatic),42.78,1372.31,Yes
CUST-02453,Female,0,Yes,No,66,Yes,Yes,Fiber optic,No,No,Yes,Yes,Yes,No,Two year,Yes,Electronic check,72.31,4763.5,No
CUST-02454,Male,1,Yes,No,25,No,No phone service,DSL,No,No,No,No,No,No,Month-to-month,No,Bank transfer (automatic),48.16,1197.74,Yes
CUST-02455,Male,0,No,Yes,51,Yes,No,Fiber optic,No,No,No,No,No,No,One year,No,Electronic check,80.21,4096.75,No
CUST-02456,Male,0,No,No,63,Yes,Yes,DSL,Yes,No,Yes,No,Yes,No,One year,No,Mailed check,63.47,4007.92,No
CUST-02457,Male,0,Yes,No,45,Yes,No,Fiber optic,Yes,Yes,No,Yes,Yes,No,Month-to-month,Yes,Credit card (automatic),75.04,3379.35,Yes
CUST-02458,Male,1,Yes,No,26,No,No phone service,Fiber optic,No,Yes,Yes,Yes,No,Yes,Month-to-month,Yes,Mailed check,88.41,2292.91,Yes
CUST-02459,Male,0,Yes,No,21,Yes,Yes,Fiber optic,No,Yes,No,Yes,Yes,No,Month-to-month,Yes,Electronic check,65.49,1383.99,Yes
CUST-02460,Female,0,Yes,No,51,Yes,Yes,DSL,No,No,Yes,No,No,No,One year,Yes,Credit card (automatic),41.67,2117.45,No
CUST-02461,Female,1,Yes,No,24,Yes,No,No,No internet service,No internet service,No internet service,No internet service,No internet service,No internet service,One year,No,Electronic check,20.08,485.11,No
CUST-02462,Female,0,No,Yes,12,Yes,No,DSL,No,No,No,Yes,No,No,Two year,Yes,Mailed check,53.43,639.8,No
CUST-02463,Male,0,No,No,11,Yes,Yes,DSL,No,Yes,No,Yes,No,Yes,One year,Yes,Mailed check,51.04,570.85,No
CUST-02464,Female,0,Yes,Yes,27,Yes,Yes,Fiber optic,No,No,Yes,No,No,Yes,Month-to-month,Yes,Bank transfer (automatic),86.71,2338.42,Yes
CUST-02465,Male,0,Yes,Yes,23,Yes,Yes,Fiber optic,Yes,No,No,No,Yes,Yes,Month-to-month,No,Credit card (automatic),94.78,2179.27,No
CUST-02466,Male,0,No,No,33,Yes,No,Fiber optic,No,No,No,No,Yes,No,Month-to-month,Yes,Mailed check,88.94,2942.19,Yes
CUST-02467,Female,0,No,Yes,38,No,No phone service,No,No internet service,No internet service,No internet service,No internet service,No internet service,No internet service,Two year,Yes,Bank transfer (automatic),39.53,1498.43,No
CUST-02468,Male,0,No,No,55,Yes,Yes,No,No internet service,No internet service,No internet service,No internet service,No internet service,No internet service,Two year,No,Mailed check,44.63,2452.72,No
CUST-02469,Male,0,Yes,No,70,Yes,No,DSL,Yes,No,No,No,Yes,Yes,Two year,Yes,Electronic check,53.88,3772.37,No
CUST-02470,Female,1,No,No,42,Yes,No,Fiber optic,No,No,No,No,No,Yes,One year,No,Credit card (automatic),94.0,3949.35,No
CUST-02471,Female,1,Yes,No,29,Yes,Yes,Fiber optic,No,No,No,No,No,Yes,Month-to-month,Yes,Mailed check,82.52,2385.35,Yes
CUST-02472,Female,0,Yes,No,34,Yes,Yes,No,No internet service,No internet service,No internet service,No internet service,No internet service,No internet service,Two year,Yes,Bank transfer (automatic),35.3,1196.55,No
CUST-02473,Male,0,No,No,57,Yes,Yes,Fiber optic,Yes,Yes,No,No,Yes,No,Month-to-month,No,Electronic check,65.89,3749.86,Yes
CUST-02474,Female,0,No,No,3,Yes,Yes,Fiber optic,No,No,No,No,Yes,Yes,Month-to-month,No,Credit card (automatic),79.05,246.58,Yes
CUST-02475,Female,0,No,Yes,6,Yes,No,Fiber optic,No,Yes,No,Yes,No,Yes,Month-to-month,No,Bank transfer (automatic),94.25,561.0,Yes
CUST-02476,Male,0,Yes,No,48,Yes,Yes,Fiber optic,No,No,Yes,No,No,No,One year,No,Mailed check,92.96,4452.35,No
CUST-02477,Female,0,No,No,64,Yes,No,No,No internet service,No internet service,No internet service,No internet service,No internet service,No internet service,Month-to-month,No,Mailed check,26.6,1694.48,No
CUST-02478,Female,0,No,No,13,Yes,No,DSL,No,No,Yes,Yes,Yes,No,One year,No,Electronic check,57.14,743.19,No
CUST-02479,Female,0,Yes,No,36,Yes,Yes,No,No internet service,No internet service,No internet service,No internet service,No internet service,No internet service,Two year,Yes,Bank transfer (automatic),40.46,1459.49,No
CUST-02480,Male,0,No,No,70,Yes,No,Fiber optic,No,Yes,No,No,No,No,Month-to-month,No,Credit card (automatic),74.42,5200.95,Yes
CUST-02481,Male,1,No,No,33,Yes,Yes,Fiber optic,No,No,Yes,No,No,Yes,Month-to-month,No,Mailed check,71.53,2351.25,No
CUST-02482,Male,0,Yes,No,57,Yes,No,Fiber optic,Yes,No,Yes,Yes,No,No,One year,Yes,Credit card (automatic),69.45,3956.25,No
CUST-02483,Male,0,Yes,No,55,No,No phone service,DSL,No,No,Yes,No,Yes,Yes,Two year,Yes,Credit card (automatic),43.8,2407.75,No
CUST-02484,Female,0,Yes,Yes,13,Yes,No,No,No internet service,No internet service,No internet service,No internet service,No internet service,No internet service,Month-to-month,No,Mailed check,41.75,538.29,Yes
CUST-02485,Male,0,Yes,No,51,Yes,No,DSL,Yes,Yes,No,No,Yes,No,Month-to-month,Yes,Electronic check,57.39,2922.54,No
CUST-02486,Male,0,Yes,Yes,53,Yes,Yes,DSL,No,No,No,Yes,No,No,Month-to-month,Yes,Credit card (automatic),56.08,2975.09,No
CUST-02487,Female,0,No,No,36,Yes,No,DSL,No,No,No,No,Yes,Yes,Month-to-month,No,Electronic check,45.19,1627.55,Yes
CUST-02488,Female,0,No,No,5,Yes,No,DSL,Yes,Yes,No,No,Yes,No,Month-to-month,Yes,Mailed check,51.91,252.97,Yes
CUST-02489,Female,0,Yes,Yes,25,Yes,No,Fiber optic,No,No,No,No,Yes,No,Month-to-month,No,Bank transfer (automatic),94.71,2365.35,Yes
CUST-02490,Male,0,No,No,37,Yes,No,DSL,No,No,No,No,Yes,No,Month-to-month,No,Electronic check,54.47,2008.12,Yes
CUST-02491,Male,0,No,No,19,Yes,No,Fiber optic,No,No,Yes,No,No,Yes,Two year,Yes,Bank transfer (automatic),66.63,1257.76,No
CUST-02492,Male,1,Yes,No,35,Yes,No,Fiber optic,No,No,Yes,No,Yes,Yes,One year,Yes,Credit card (automatic),76.94,2696.98,No
CUST-02493,Female,0,Yes,Yes,34,Yes,No,No,No internet service,No internet service,No internet service,No internet service,No internet service,No internet service,Month-to-month,No,Electronic check,18.25,628.08,No
CUST-02494,Female,0,Yes,No,54,Yes,No,DSL,Yes,No,No,No,Yes,No,One year,No,Electronic check,59.53,3212.18,Yes
CUST-02495,Male,1,No,No,46,Yes,No,DSL,Yes,No,No,No,No,Yes,Month-to-month,Yes,Electronic check,52.58,2410.74,Yes
CUST-02496,Female,0,Yes,No,6,Yes,Yes,DSL,No,Yes,Yes,No,No,No,One year,No,Mailed check,44.57,261.33,No
CUST-02497,Female,0,No,No,1,Yes,No,No,No internet service,No internet service,No internet service,No internet service,No internet service,No internet service,Two year,No,Electronic check,40.41,47.53,No
CUST-02498,Female,0,No,No,71,Yes,No,Fiber optic,No,No,No,Yes,No,No,Two year,Yes,Electronic check,82.69,5864.36,Yes
CUST-02499,Male,0,No,No,34,Yes,Yes,Fiber optic,Yes,No,No,No,Yes,Yes,One year,Yes,Electronic check,79.56,2698.75,Yes
CUST-02500,Female,0,No,No,56,Yes,No,Fiber optic,No,No,Yes,No,No,Yes,Two year,No,Mailed check,88.76,4964.33,No
CUST-02501,Female,0,Yes,Yes,26,Yes,No,DSL,No,No,Yes,No,Yes,No,Month-to-month,No,Bank transfer (automatic),57.22,1491.86,No
CUST-02502,Male,1,No,Yes,42,Yes,Yes,DSL,No,No,No,No,Yes,No,Two year,No,Bank transfer (automatic),41.96,1753.64,No
CUST-02503,Male,1,Yes,Yes,38,Yes,No,No,No internet service,No internet service,No internet service,No internet service,No internet service,No internet service,Month-to-month,No,Electronic check,22.74,871.93,Yes
CUST-02504,Female,0,No,No,26,Yes,Yes,DSL,No,No,Yes,Yes,No,Yes,One year,Yes,Electronic check,57.21,1490.62,No
CUST-02505,Female,0,Yes,No,59,No,No phone service,No,No internet service,No internet service,No internet service,No internet service,No internet service,No internet service,Two year,Yes,Bank transfer (automatic),18.25,1074.83,No
CUST-02506,Male,0,Yes,No,24,Yes,No,No,No internet service,No internet service,No internet service,No internet service,No internet service,No internet service,One year,No,Bank transfer (automatic),22.5,530.11,Yes
CUST-02507,Male,0,Yes,No,21,Yes,Yes,Fiber optic,Yes,No,No,Yes,Yes,No,Month-to-month,Yes,Bank transfer (automatic),83.19,1743.53,No
CUST-02508,Female,0,No,No,60,Yes,Yes,No,No internet service,No internet service,No internet service,No internet service,No internet service,No internet service,One year,Yes,Electronic check,42.77,2562.88,No
CUST-02509,Female,0,No,No,20,Yes,No,DSL,No,No,Yes,No,No,No,Month-to-month,Yes,Electronic check,61.97,1234.81,No
CUST-02510,Female,1,No,Yes,6,Yes,No,DSL,No,Yes,Yes,Yes,No,No,Month-to-month,No,Mailed check,55.23,327.12,No
CUST-02511,Female,1,Yes,Yes,67,Yes,Yes,DSL,Yes,Yes,No,No,Yes,Yes,Two year,Yes,Mailed check,46.36,3100.7,No
CUST-02512,Male,0,No,No,10,No,No phone service,DSL,Yes,No,No,No,Yes,Yes,One year,Yes,Credit card (automatic),45.78,460.75,No
CUST-02513,Female,0,No,No,12,Yes,Yes,DSL,No,Yes,No,No,No,No,Month-to-month,Yes,Electronic check,63.28,762.64,Yes
CUST-02514,Female,0,No,No,22,Yes,Yes,Fiber optic,Yes,No,Yes,No,No,Yes,One year,Yes,Credit card (automatic),92.8,2050.13,Yes
CUST-02515,Male,0,Yes,No,62,Yes,No,DSL,No,No,Yes,No,No,No,Month-to-month,No,Credit card (automatic),43.61,2705.11,Yes
CUST-02516,Female,0,No,No,61,Yes,Yes,Fiber optic,No,No,Yes,No,No,Yes,Month-to-month,Yes,Credit card (automatic),85.26,5199.06,Yes
CUST-02517,Male,0,No,No,17,Yes,No,DSL,No,No,No,No,No,Yes,Month-to-month,No,Credit card (automatic),61.84,1054.41,No
CUST-02518,Female,0,Yes,No,10,Yes,No,DSL,Yes,Yes,No,No,Yes,No,Two year,No,Electronic check,55.31,548.04,No
CUST-02519,Female,0,Yes,Yes,12,Yes,No,Fiber optic,No,No,No,No,No,Yes,Month-to-month,No,Credit card (automatic),74.94,906.88,Yes
CUST-02520,Male,0,Yes,No,40,Yes,No,Fiber optic,No,No,No,No,No,No,Month-to-month,No,Bank transfer (automatic),86.25,3452.32,No
CUST-02521,Male,0,Yes,No,23,Yes,Yes,No,No internet service,No internet service,No internet service,No internet service,No internet service,No internet service,Two year,Yes,Bank transfer (automatic),28.72,660.26,No
CUST-02522,Female,0,Yes,No,40,No,No phone service,No,No internet service,No internet service,No internet service,No internet service,No internet service,No internet service,One year,Yes,Mailed check,28.75,1143.83,No
CUST-02523,Female,0,Yes,Yes,50,Yes,No,Fiber optic,No,No,Yes,No,No,Yes,Month-to-month,Yes,Credit card (automatic),68.05,3392.75,No
CUST-02524,Female,0,No,No,10,Yes,No,No,No internet service,No internet service,No internet service,No internet service,No internet service,No internet service,Month-to-month,Yes,Mailed check,33.89,332.56,No
CUST-02525,Male,1,No,No,4,Yes,Yes,DSL,No,No,Yes,No,No,Yes,Month-to-month,Yes,Bank transfer (automatic),42.73,176.45,No
CUST-02526,Female,0,Yes,No,1,Yes,No,Fiber optic,Yes,No,No,Yes,No,Yes,One year,No,Electronic check,73.37,72.0,Yes
CUST-02527,Male,0,No,Yes,43,Yes,Yes,Fiber optic,No,Yes,No,No,No,Yes,Two year,Yes,Mailed check,70.4,3033.28,No
CUST-02528,Male,0,Yes,Yes,5,Yes,Yes,Fiber optic,No,No,No,No,No,Yes,Two year,Yes,Electronic check,93.35,461.55,No
CUST-02529,Female,0,No,No,34,Yes,Yes,Fiber optic,No,No,No,No,No,No,Two year,Yes,Electronic check,67.41,2284.84,No
CUST-02530,Male,0,Yes,No,66,No,No phone service,No,No internet service,No internet service,No internet service,No internet service,No internet service,No internet service,Month-to-month,No,Mailed check,28.87,1899.58,Yes
CUST-02531,Female,0,Yes,Yes,24,Yes,No,Fiber optic,No,Yes,No,No,Yes,No,One year,No,Credit card (automatic),83.39,2006.13,Yes
CUST-02532,Female,0,No,No,14,Yes,No,DSL,No,Yes,Yes,No,No,No,Two year,Yes,Credit card (automatic),53.98,758.25,No
CUST-02533,Female,0,No,Yes,41,Yes,Yes,Fiber optic,No,No,No,No,Yes,No,Two year,Yes,Credit card (automatic),84.85,3485.92,No
CUST-02534,Female,0,No,No,42,Yes,Yes,Fiber optic,Yes,No,No,Yes,Yes,Yes,Month-to-month,Yes,Credit card (automatic),65.95,2771.26,No
CUST-02535,Female,0,No,No,13,Yes,No,Fiber optic,Yes,No,No,Yes,No,No,Month-to-month,No,Credit card (automatic),92.82,1209.14,No
CUST-02536,Male,0,No,No,29,Yes,Yes,DSL,No,No,No,No,No,No,Month-to-month,Yes,Bank transfer (automatic),50.64,1465.84,No
CUST-02537,Male,0,No,No,65,Yes,Yes,No,No internet service,No internet service,No internet service,No internet service,No internet service,No internet service,Month-to-month,No,Electronic check,27.99,1823.23,No
CUST-02538,Female,0,No,No,46,Yes,Yes,No,No internet service,No internet service,No internet service,No internet service,No internet service,No internet service,Two year,No,Bank transfer (automatic),31.13,1429.31,No
CUST-02539,Female,0,No,No,34,Yes,No,Fiber optic,No,No,No,No,Yes,Yes,One year,Yes,Bank transfer (automatic),84.33,2867.1,No
CUST-02540,Male,0,Yes,No,63,Yes,Yes,DSL,No,No,Yes,No,No,No,Two year,No,Electronic check,43.77,2748.86,No
CUST-02541,Male,1,No,No,4,Yes,Yes,Fiber optic,No,No,No,Yes,No,No,Month-to-month,No,Bank transfer (automatic),76.01,300.51,No
CUST-02542,Male,0,No,No,28,No,No phone service,Fiber optic,No,No,No,No,Yes,Yes,Two year,Yes,Mailed check,82.88,2313.19,No
CUST-02543,Male,1,Yes,No,1,Yes,No,Fiber optic,Yes,Yes,Yes,No,No,Yes,Month-to-month,No,Electronic check,80.84,80.24,Yes
CUST-02544,Female,1,Yes,Yes,36,No,No phone service,DSL,Yes,No,No,Yes,Yes,Yes,Month-to-month,Yes,Credit card (automatic),41.55,1487.04,No
CUST-02545,Female,0,Yes,Yes,13,Yes,No,Fiber optic,No,Yes,Yes,No,No,Yes,Month-to-month,Yes,Electronic check,87.5,1134.62,Yes
CUST-02546,Male,0,Yes,No,5,No,No phone service,Fiber optic,No,No,No,No,No,No,Month-to-month,Yes,Electronic check,76.61,382.77,No
CUST-02547,Female,0,No,No,14,Yes,No,No,No internet service,No internet service,No internet service,No internet service,No internet service,No internet service,Month-to-month,Yes,Electronic check,18.25,256.53,Yes
CUST-02548,Male,1,No,Yes,32,Yes,No,Fiber optic,Yes,No,Yes,Yes,No,Yes,Month-to-month,No,Bank transfer (automatic),88.9,2839.64,No
CUST-02549,Female,0,Yes,No,50,Yes,Yes,No,No internet service,No internet service,No internet service,No internet service,No internet service,No internet service,Two year,Yes,Bank transfer (automatic),18.25,903.46,No
CUST-02550,Male,0,Yes,No,27,Yes,Yes,No,No internet service,No internet service,No internet service,No internet service,No internet service,No internet service,Month-to-month,No,Electronic check,21.06,558.72,No
CUST-02551,Female,0,No,No,35,Yes,No,Fiber optic,No,No,No,No,No,No,Month-to-month,Yes,Mailed check,86.74,3029.94,Yes
CUST-02552,Male,0,No,Yes,3,Yes,Yes,Fiber optic,Yes,No,No,Yes,No,No,Month-to-month,No,Bank transfer (automatic),82.79,248.09,No
CUST-02553,Male,0,No,No,4,Yes,Yes,DSL,No,Yes,No,Yes,No,No,Month-to-month,Yes,Bank transfer (automatic),56.74,224.14,Yes
CUST-02554,Female,0,No,No,7,Yes,No,Fiber optic,No,Yes,No,No,No,No,Month-to-month,Yes,Bank transfer (automatic),80.2,563.96,No
CUST-02555,Male,0,Yes,No,3,Yes,No,DSL,Yes,No,No,No,No,No,Month-to-month,Yes,Mailed check,68.74,202.46,Yes
CUST-02556,Female,1,No,Yes,59,Yes,Yes,DSL,No,No,Yes,No,No,No,One year,Yes,Mailed check,41.79,2466.67,No
CUST-02557,Female,0,Yes,No,1,Yes,Yes,No,No internet service,No internet service,No internet service,No internet service,No internet service,No internet service,Month-to-month,Yes,Credit card (automatic),28.87,36.11,Yes
CUST-02558,Male,0,Yes,No,28,Yes,Yes,No,No internet service,No internet service,No internet service,No internet service,No internet service,No internet service,Month-to-month,Yes,Credit card (automatic),44.06,1233.95,No
CUST-02559,Female,0,Yes,No,59,No,No phone service,DSL,No,Yes,No,No,Yes,Yes,One year,Yes,Electronic check,47.87,2825.44,No
CUST-02560,Female,0,No,No,53,Yes,No,Fiber optic,Yes,No,No,No,No,No,One year,Yes,Credit card (automatic),65.99,3500.25,No
CUST-02561,Female,0,Yes,No,10,No,No phone service,Fiber optic,No,No,No,No,Yes,No,Two year,Yes,Electronic check,79.26,788.33,No
CUST-02562,Female,0,No,No,71,Yes,No,Fiber optic,No,Yes,No,No,No,No,One year,Yes,Bank transfer (automatic),88.13,6261.93,No
CUST-02563,Female,0,Yes,Yes,3,No,No phone service,DSL,No,No,Yes,No,No,No,Month-to-month,No,Electronic check,46.03,143.44,No
CUST-02564,Male,0,No,No,7,Yes,No,Fiber optic,No,No,No,No,Yes,Yes,Month-to-month,No,Bank transfer (automatic),72.45,500.38,Yes
CUST-02565,Female,0,Yes,Yes,9,Yes,Yes,Fiber optic,No,No,No,No,No,Yes,Month-to-month,Yes,Mailed check,69.83,629.84,No
CUST-02566,Female,0,Yes,Yes,69,Yes,No,DSL,Yes,No,No,Yes,No,Yes,Month-to-month,No,Credit card (automatic),50.78,3502.68,No
CUST-02567,Female,0,No,No,13,Yes,Yes,Fiber optic,No,Yes,No,No,Yes,Yes,Month-to-month,Yes,Mailed check,91.54,1182.27,Yes
CUST-02568,Female,0,No,No,40,Yes,Yes,No,No internet service,No internet service,No internet service,No internet service,No internet service,No internet service,Month-to-month,Yes,Bank transfer (automatic),21.09,852.33,No
CUST-02569,Female,0,Yes,No,62,Yes,No,No,No internet service,No internet service,No internet service,No internet service,No internet service,No internet service,Two year,Yes,Bank transfer (automatic),22.87,1414.14,No
CUST-02570,Male,0,Yes,No,62,Yes,No,Fiber optic,Yes,No,Yes,No,No,Yes,One year,Yes,Bank transfer (automatic),91.54,5674.77,No
CUST-02571,Female,0,No,No,10,Yes,Yes,DSL,Yes,No,Yes,No,No,No,Month-to-month,No,Bank transfer (automatic),67.87,676.01,Yes
CUST-02572,Male,0,Yes,Yes,11,Yes,Yes,Fiber optic,No,No,No,No,No,No,Month-to-month,Yes,Bank transfer (automatic),66.6,737.34,No
CUST-02573,Male,1,No,Yes,62,Yes,No,No,No internet service,No internet service,No internet service,No internet service,No internet service,No internet service,One year,Yes,Bank transfer (automatic),31.22,1938.19,No
CUST-02574,Male,1,No,Yes,56,Yes,Yes,Fiber optic,No,No,No,No,No,No,Month-to-month,Yes,Mailed check,73.89,4140.75,Yes
CUST-02575,Male,0,Yes,No,49,Yes,Yes,No,No internet service,No internet service,No internet service,No internet service,No internet service,No internet service,Two year,No,Electronic check,20.07,974.43,No
CUST-02576,Female,0,No,Yes,16,Yes,Yes,DSL,Yes,No,No,No,No,No,Month-to-month,Yes,Credit card (automatic),55.54,898.16,No
CUST-02577,Male,0,Yes,No,9,Yes,No,Fiber optic,No,No,No,No,No,No,Two year,No,Electronic check,88.37,790.97,No
CUST-02578,Male,0,No,No,33,Yes,Yes,DSL,No,Yes,No,Yes,No,No,Month-to-month,No,Electronic check,,1482.79,No
CUST-02579,Female,0,No,Yes,35,No,No phone service,No,No internet service,No internet service,No internet service,No internet service,No internet service,No internet service,Month-to-month,Yes,Mailed check,24.69,858.67,No
CUST-02580,Female,0,Yes,Yes,39,Yes,Yes,DSL,Yes,Yes,No,No,Yes,No,Month-to-month,Yes,Bank transfer (automatic),57.07,2229.92,Yes
CUST-02581,Female,0,No,No,25,Yes,No,DSL,Yes,Yes,No,No,No,Yes,Two year,Yes,Electronic check,66.76,1678.41,No
CUST-02582,Male,0,Yes,No,56,Yes,No,Fiber optic,Yes,No,No,No,No,No,Two year,Yes,Bank transfer (automatic),91.72,5131.98,No
CUST-02583,Female,0,No,No,48,Yes,No,Fiber optic,No,No,Yes,No,No,No,Two year,No,Mailed check,84.78,4064.67,Yes
CUST-02584,Female,0,No,No,10,Yes,Yes,No,No internet service,No internet service,No internet service,No internet service,No internet service,No internet service,Month-to-month,Yes,Electronic check,37.09,379.84,Yes
CUST-02585,Male,0,No,No,41,Yes,Yes,Fiber optic,No,Yes,Yes,Yes,No,Yes,Month-to-month,Yes,Bank transfer (automatic),68.28,2801.82,No
CUST-02586,Female,0,No,No,59,Yes,Yes,No,No internet service,No internet service,No internet service,No internet service,No internet service,No internet service,Month-to-month,Yes,Bank transfer (automatic),35.33,2085.42,No
CUST-02587,Female,0,Yes,No,28,Yes,Yes,DSL,No,No,Yes,No,Yes,No,Month-to-month,No,Electronic check,50.06,1397.31,No
CUST-02588,Female,0,No,No,41,Yes,Yes,Fiber optic,No,No,No,No,Yes,Yes,Month-to-month,No,Credit card (automatic),86.4,3543.09,No
CUST-02589,Female,0,No,No,66,Yes,Yes,No,No internet service,No internet service,No internet service,No internet service,No internet service,No internet service,Month-to-month,Yes,Electronic check,18.84,1233.62,No
CUST-02590,Male,0,No,No,51,Yes,No,Fiber optic,No,Yes,No,Yes,Yes,Yes,Month-to-month,Yes,Credit card (automatic),82.5,4208.66,Yes
CUST-02591,Female,0,Yes,No,62,No,No phone service,No,No internet service,No internet service,No internet service,No internet service,No internet service,No internet service,Month-to-month,No,Mailed check,25.77,1597.31,Yes
CUST-02592,Female,0,Yes,No,30,Yes,No,Fiber optic,No,Yes,No,Yes,Yes,No,Month-to-month,No,Electronic check,77.83,2336.9,Yes
CUST-02593,Male,0,Yes,Yes,40,Yes,Yes,Fiber optic,No,No,No,No,No,No,One year,No,Bank transfer (automatic),68.26,2735.26,No
CUST-02594,Female,1,Yes,No,40,Yes,Yes,Fiber optic,No,No,No,No,Yes,No,One year,Yes,Mailed check,85.7,3421.54,No
CUST-02595,Male,0,No,No,69,Yes,No,No,No internet service,No internet service,No internet service,No internet service,No internet service,No internet service,Month-to-month,No,Credit card (automatic),37.36,2571.4,No
CUST-02596,Female,0,No,No,62,Yes,No,No,No internet service,No internet service,No internet service,No internet service,No internet service,No internet service,Month-to-month,Yes,Bank transfer (automatic),19.03,1178.77,No
CUST-02597,Male,0,No,Yes,15,Yes,Yes,Fiber optic,No,No,No,Yes,Yes,No,Month-to-month,Yes,Credit card (automatic),80.11,1206.36,No
CUST-02598,Male,0,Yes,No,3,No,No phone service,DSL,No,No,No,No,No,No,Month-to-month,Yes,Electronic check,63.61,184.13,Yes
CUST-02599,Male,0,Yes,Yes,24,Yes,Yes,DSL,No,No,Yes,No,Yes,Yes,Month-to-month,No,Mailed check,46.7,1119.22,Yes
CUST-02600,Male,0,No,Yes,41,Yes,No,Fiber optic,No,No,Yes,No,Yes,Yes,Month-to-month,No,Electronic check,67.76,2779.35,No
CUST-02601,Female,0,No,Yes,63,Yes,Yes,DSL,No,No,No,No,No,No,Month-to-month,No,Electronic check,67.34,4243.24,Yes
CUST-02602,Male,0,No,No,48,Yes,Yes,Fiber optic,Yes,No,No,Yes,Yes,Yes,Month-to-month,Yes,Credit card (automatic),87.89,4226.21,No
CUST-02603,Female,0,Yes,No,61,Yes,No,No,No internet service,No internet service,No internet service,No internet service,No internet service,No internet service,Month-to-month,Yes,Bank transfer (automatic),24.12,1468.35,No
CUST-02604,Male,1,No,No,48,No,No phone service,Fiber optic,No,No,No,No,No,Yes,Month-to-month,Yes,Electronic check,87.0,4169.49,Yes
CUST-02605,Male,0,No,No,47,No,No phone service,Fiber optic,No,Yes,Yes,No,Yes,Yes,Two year,Yes,Mailed check,65.86,3089.81,No
CUST-02606,Male,0,Yes,No,56,Yes,Yes,DSL,No,No,Yes,No,No,Yes,One year,Yes,Mailed check,64.24,3604.15,No
CUST-02607,Female,0,Yes,No,8,Yes,No,Fiber optic,Yes,No,No,No,Yes,No,Month-to-month,Yes,Electronic check,76.67,613.31,No
CUST-02608,Male,0,No,Yes,18,Yes,Yes,Fiber optic,No,No,No,No,No,No,Month-to-month,Yes,Bank transfer (automatic),72.94,1311.15,Yes
CUST-02609,Female,0,Yes,No,23,Yes,No,Fiber optic,No,Yes,Yes,No,No,Yes,Month-to-month,Yes,Credit card (automatic),71.31,1644.01,Yes
CUST-02610,Female,0,No,No,69,Yes,No,Fiber optic,No,No,No,No,No,No,Month-to-month,Yes,Bank transfer (automatic),77.38,5338.43,Yes
CUST-02611,Female,1,No,No,65,Yes,Yes,DSL,No,No,Yes,Yes,No,Yes,Month-to-month,No,Mailed check,59.57,3882.03,No
CUST-02612,Female,0,No,No,46,Yes,No,Fiber optic,No,No,Yes,No,Yes,No,Month-to-month,Yes,Electronic check,88.83,4084.71,Yes
CUST-02613,Female,0,No,No,66,Yes,No,No,No internet service,No internet service,No internet service,No internet service,No internet service,No internet service,One year,Yes,Electronic check,18.25,1201.95,No
CUST-02614,Female,0,Yes,Yes,69,Yes,Yes,DSL,Yes,No,Yes,No,No,No,One year,Yes,Mailed check,68.22,4715.01,No
CUST-02615,Female,0,Yes,No,22,Yes,No,No,No internet service,No internet service,No internet service,No internet service,No internet service,No internet service,One year,No,Credit card (automatic),40.11,874.85,No
CUST-02616,Female,0,Yes,Yes,65,Yes,No,Fiber optic,Yes,Yes,Yes,No,No,No,One year,Yes,Mailed check,93.78,6087.23,No
CUST-02617,Female,0,No,Yes,12,Yes,Yes,Fiber optic,No,No,Yes,No,Yes,No,Two year,No,Credit card (automatic),72.71,871.93,No
CUST-02618,Male,1,No,No,19,Yes,Yes,Fiber optic,No,No,Yes,Yes,No,No,One year,Yes,Bank transfer (automatic),69.8,1335.99,No
CUST-02619,Male,0,No,No,22,Yes,No,Fiber optic,Yes,No,No,No,Yes,Yes,Month-to-month,Yes,Bank transfer (automatic),91.24,2004.42,No
CUST-02620,Male,0,Yes,Yes,55,Yes,Yes,Fiber optic,No,No,No,No,No,Yes,Two year,No,Credit card (automatic),65.56,3609.7,No
CUST-02621,Male,1,Yes,No,62,Yes,No,No,No internet service,No internet service,No internet service,No internet service,No internet service,No internet service,Month-to-month,Yes,Electronic check,27.47,1702.89,No
CUST-02622,Male,0,No,No,51,Yes,No,DSL,Yes,No,No,No,No,Yes,Month-to-month,Yes,Mailed check,52.89,2701.69,No
CUST-02623,Female,0,Yes,No,48,Yes,No,Fiber optic,No,No,No,No,No,Yes,One year,No,Electronic check,71.79,3442.76,No
CUST-02624,Female,0,Yes,No,17,Yes,Yes,No,No internet service,No internet service,No internet service,No internet service,No internet service,No internet service,Month-to-month,Yes,Credit card (automatic),21.95,381.17,No
CUST-02625,Female,0,Yes,No,13,Yes,No,DSL,No,Yes,No,Yes,No,No,Two year,Yes,Credit card (automatic),60.02,772.16,No
CUST-02626,Female,0,Yes,No,28,Yes,No,No,No internet service,No internet service,No internet service,No internet service,No internet service,No internet service,Month-to-month,No,Bank transfer (automatic),24.58,694.36,Yes
CUST-02627,Female,0,No,No,67,Yes,Yes,Fiber optic,No,No,No,Yes,No,No,Month-to-month,Yes,Credit card (automatic),68.11,4554.95,Yes
CUST-02628,Female,1,Yes,No,5,Yes,Yes,DSL,No,Yes,No,No,Yes,Yes,Two year,Yes,Credit card (automatic),50.14,260.52,No
CUST-02629,Female,0,No,No,60,Yes,Yes,Fiber optic,No,Yes,No,No,No,No,Two year,No,Mailed check,80.01,4794.46,No
CUST-02630,Male,0,Yes,No,15,Yes,Yes,DSL,No,No,Yes,No,No,No,Two year,Yes,Bank transfer (automatic),41.23,616.08,No
CUST-02631,Male,0,No,Yes,44,Yes,No,DSL,Yes,Yes,Yes,No,No,No,Month-to-month,No,Bank transfer (automatic),69.72,3065.62,No
CUST-02632,Male,0,No,Yes,46,Yes,Yes,DSL,No,No,No,No,No,Yes,Month-to-month,Yes,Electronic check,61.23,2826.07,No
CUST-02633,Male,0,Yes,Yes,29,Yes,Yes,DSL,No,No,No,No,Yes,No,Two year,No,Electronic check,43.4,1249.03,No
CUST-02634,Female,0,No,No,68,Yes,No,DSL,No,No,Yes,No,Yes,Yes,One year,Yes,Credit card (automatic),41.3,2803.64,Yes
CUST-02635,Female,0,No,No,49,Yes,No,DSL,No,Yes,No,No,Yes,Yes,Two year,Yes,Electronic check,69.73,3418.35,No
CUST-02636,Female,0,Yes,No,43,Yes,Yes,DSL,No,No,No,No,No,No,Month-to-month,No,Electronic check,58.78,2528.84,Yes
CUST-02637,Male,1,No,No,68,Yes,Yes,No,No internet service,No internet service,No internet service,No internet service,No internet service,No internet service,One year,Yes,Bank transfer (automatic),33.0,2237.79,Yes
CUST-02638,Female,0,Yes,No,20,Yes,Yes,No,No internet service,No internet service,No internet service,No internet service,No internet service,No internet service,One year,Yes,Mailed check,21.66,432.12,Yes
CUST-02639,Female,0,No,No,18,Yes,Yes,No,No internet service,No internet service,No internet service,No internet service,No internet service,No internet service,Month-to-month,Yes,Electronic check,41.24,732.76,Yes
CUST-02640,Female,1,Yes,No,64,Yes,No,DSL,No,No,No,No,No,Yes,Month-to-month,Yes,Credit card (automatic),42.1,2700.23,No
CUST-02641,Male,0,Yes,Yes,49,Yes,Yes,DSL,No,No,Yes,No,Yes,No,Month-to-month,Yes,Mailed check,62.98,3078.66,No
CUST-02642,Female,0,Yes,Yes,42,No,No phone service,DSL,Yes,No,Yes,No,No,No,Month-to-month,Yes,Credit card (automatic),44.0,1841.32,No
CUST-02643,Male,1,Yes,No,12,Yes,No,Fiber optic,Yes,No,No,No,No,No,Two year,Yes,Mailed check,89.09,1067.73,No
CUST-02644,Male,0,Yes,No,36,No,No phone service,No,No internet service,No internet service,No internet service,No internet service,No internet service,No internet service,Two year,No,Bank transfer (automatic),21.44,778.54,No
CUST-02645,Male,0,No,No,8,Yes,No,No,No internet service,No internet service,No internet service,No internet service,No internet service,No internet service,Month-to-month,Yes,Bank transfer (automatic),44.24,352.17,Yes
CUST-02646,Male,0,No,Yes,28,No,No phone service,DSL,No,No,No,Yes,No,No,Two year,Yes,Electronic check,46.09,1290.26,No
CUST-02647,Female,0,Yes,Yes,60,No,No phone service,Fiber optic,Yes,No,Yes,Yes,No,No,Month-to-month,No,Electronic check,83.02,4972.0,No
CUST-02648,Male,0,No,No,49,No,No phone service,No,No internet service,No internet service,No internet service,No internet service,No internet service,No internet service,Month-to-month,No,Electronic check,41.03,2009.24,Yes
CUST-02649,Male,0,No,No,38,Yes,Yes,Fiber optic,Yes,No,No,No,No,Yes,Two year,No,Electronic check,77.99,2972.02,Yes
CUST-02650,Female,0,No,No,58,Yes,No,DSL,Yes,No,Yes,No,No,Yes,One year,No,Bank transfer (automatic),54.15,3131.83,No
CUST-02651,Female,0,Yes,No,5,No,No phone service,DSL,Yes,No,No,No,No,No,One year,No,Electronic check,68.4,338.77,No
CUST-02652,Male,0,Yes,No,46,Yes,No,Fiber optic,No,Yes,No,No,No,No,Two year,Yes,Electronic check,67.17,3091.16,No
CUST-02653,Female,0,No,No,2,Yes,Yes,DSL,No,No,No,Yes,Yes,No,Two year,Yes,Electronic check,55.37,116.53,Yes
CUST-02654,Male,1,Yes,No,25,Yes,No,No,No internet service,No internet service,No internet service,No internet service,No internet service,No internet service,Two year,Yes,Bank transfer (automatic),27.02,681.81,No
CUST-02655,Male,0,Yes,No,1,Yes,No,DSL,Yes,Yes,No,Yes,No,No,One year,No,Bank transfer (automatic),54.88,45.81,No
CUST-02656,Male,1,No,No,69,Yes,Yes,DSL,No,No,No,No,No,Yes,Month-to-month,No,Mailed check,48.82,3376.7,No
CUST-02657,Male,0,Yes,No,40,Yes,Yes,DSL,No,No,No,No,Yes,Yes,Month-to-month,No,Credit card (automatic),42.15,1685.73,No
CUST-02658,Female,0,Yes,No,68,Yes,No,DSL,No,No,No,Yes,No,Yes,Month-to-month,Yes,Electronic check,47.51,3221.16,No
CUST-02659,Male,0,Yes,Yes,69,Yes,No,Fiber optic,No,No,Yes,No,No,No,Month-to-month,No,Credit card (automatic),65.64,4529.23,Yes
CUST-02660,Female,0,Yes,No,69,Yes,No,DSL,No,No,No,No,No,Yes,Two year,No,Bank transfer (automatic),43.7,3022.76,No
CUST-02661,Female,0,Yes,No,16,Yes,Yes,DSL,No,No,No,No,No,No,Month-to-month,No,Credit card (automatic),47.34,751.49,No
CUST-02662,Female,0,No,Yes,54,Yes,Yes,Fiber optic,No,Yes,Yes,No,No,Yes,One year,Yes,Electronic check,73.86,3996.02,Yes
CUST-02663,Female,0,Yes,No,63,Yes,Yes,DSL,No,No,Yes,No,Yes,Yes,Two year,Yes,Credit card (automatic),51.28,3231.88,No
CUST-02664,Male,0,Yes,Yes,18,Yes,Yes,DSL,No,Yes,No,No,Yes,No,Month-to-month,No,Bank transfer (automatic),66.99,1199.41,No
CUST-02665,Female,0,No,No,17,Yes,No,DSL,No,No,No,No,Yes,No,Month-to-month,No,Bank transfer (automatic),56.97,968.53,No
CUST-02666,Male,0,No,No,4,Yes,No,DSL,Yes,No,No,Yes,No,No,One year,No,Electronic check,66.83,265.11,Yes
CUST-02667,Female,0,Yes,Yes,9,Yes,No,Fiber optic,No,Yes,No,No,Yes,Yes,Two year,Yes,Electronic check,66.92,606.55,Yes
CUST-02668,Female,0,No,No,31,Yes,No,DSL,No,No,Yes,No,Yes,No,Two year,No,Electronic check,49.98,1551.11,No
CUST-02669,Male,0,Yes,No,5,Yes,No,Fiber optic,No,No,No,No,No,Yes,Month-to-month,Yes,Mailed check,76.59,384.91,Yes
CUST-02670,Male,0,No,No,16,Yes,Yes,Fiber optic,No,Yes,Yes,Yes,No,Yes,One year,Yes,Electronic check,66.8,1069.76,Yes
CUST-02671,Male,0,Yes,No,42,Yes,Yes,Fiber optic,No,Yes,Yes,No,No,No,Month-to-month,Yes,Credit card (automatic),92.69,3897.71,Yes
CUST-02672,Female,1,No,No,41,No,No phone service,No,No internet service,No internet service,No internet service,No internet service,No internet service,No internet service,Two year,Yes,Bank transfer (automatic),23.63,963.27,Yes
CUST-02673,Female,0,Yes,No,30,Yes,Yes,DSL,Yes,No,No,No,No,No,One year,No,Credit card (automatic),63.45,1905.81,Yes
CUST-02674,Male,0,No,No,26,Yes,Yes,Fiber optic,No,Yes,Yes,No,No,Yes,Month-to-month,No,Mailed check,79.03,2049.74,Yes
CUST-02675,Male,0,Yes,Yes,49,No,No phone service,No,No internet service,No internet service,No internet service,No internet service,No internet service,No internet service,Month-to-month,No,Bank transfer (automatic),28.47,1386.38,No
CUST-02676,Male,1,Yes,No,31,Yes,Yes,No,No internet service,No internet service,No internet service,No internet service,No internet service,No internet service,Month-to-month,Yes,Credit card (automatic),40.44,1258.35,No
CUST-02677,Male,0,Yes,Yes,50,Yes,Yes,Fiber optic,No,No,No,Yes,Yes,No,Two year,No,Credit card (automatic),75.03,3746.46,No
CUST-02678,Female,1,No,No,15,Yes,No,DSL,No,No,Yes,No,No,No,Two year,Yes,Bank transfer (automatic),41.23,609.88,No
CUST-02679,Male,0,No,No,52,Yes,No,DSL,No,Yes,No,No,Yes,No,Month-to-month,No,Credit card (automatic),55.5,2879.93,No
CUST-02680,Male,0,Yes,Yes,38,Yes,Yes,DSL,No,Yes,No,Yes,No,No,Month-to-month,Yes,Electronic check,47.15,1801.56,No
CUST-02681,Male,1,Yes,No,38,No,No phone service,No,No internet service,No internet service,No internet service,No internet service,No internet service,No internet service,Two year,Yes,Bank transfer (automatic),25.34,969.65,No
CUST-02682,Male,0,Yes,Yes,60,Yes,No,Fiber optic,No,No,No,Yes,No,Yes,One year,No,Bank transfer (automatic),75.76,4546.93,No
CUST-02683,Female,0,Yes,No,20,Yes,Yes,Fiber optic,No,Yes,No,Yes,No,No,Month-to-month,No,Bank transfer (automatic),91.69,1830.6,Yes
CUST-02684,Male,0,No,No,44,Yes,Yes,Fiber optic,Yes,No,No,No,Yes,No,Two year,No,Credit card (automatic),91.06,4003.47,No
CUST-02685,Female,1,No,No,63,Yes,Yes,DSL,No,Yes,No,Yes,No,No,Month-to-month,No,Mailed check,68.02,4282.41,Yes
CUST-02686,Male,0,No,No,50,Yes,Yes,DSL,No,No,Yes,No,No,Yes,Two year,No,Credit card (automatic),57.28,2873.68,No
CUST-02687,Male,0,Yes,No,22,Yes,No,No,No internet service,No internet service,No internet service,No internet service,No internet service,No internet service,One year,No,Electronic check,32.82,727.15,Yes
CUST-02688,Female,0,Yes,No,72,Yes,Yes,Fiber optic,No,Yes,No,No,No,No,Month-to-month,Yes,Mailed check,79.73,5737.61,Yes
CUST-02689,Male,0,No,No,54,Yes,Yes,Fiber optic,Yes,No,No,No,Yes,No,Month-to-month,Yes,Electronic check,87.04,4690.51,Yes
CUST-02690,Female,1,No,No,9,Yes,No,Fiber optic,No,Yes,No,No,No,No,Two year,No,Bank transfer (automatic),92.68,829.4,No
CUST-02691,Female,0,No,No,15,Yes,Yes,Fiber optic,No,No,No,No,Yes,No,Month-to-month,Yes,Bank transfer (automatic),65.76,980.56,No
CUST-02692,Male,0,No,No,48,Yes,No,DSL,Yes,No,Yes,No,No,No,Month-to-month,No,Mailed check,48.19,2307.32,No
CUST-02693,Female,1,Yes,No,20,Yes,No,DSL,Yes,No,No,Yes,Yes,Yes,Month-to-month,No,Credit card (automatic),41.55,839.99,No
CUST-02694,Female,0,Yes,No,35,Yes,Yes,DSL,No,No,No,No,Yes,No,Month-to-month,Yes,Electronic check,50.21,1752.2,No
CUST-02695,Female,0,Yes,No,67,Yes,No,Fiber optic,Yes,Yes,Yes,No,No,No,Month-to-month,Yes,Mailed check,90.44,6052.72,No
CUST-02696,Female,0,No,No,60,Yes,Yes,DSL,No,No,No,Yes,No,Yes,Month-to-month,No,Bank transfer (automatic),54.48,3275.43,No
CUST-02697,Female,0,Yes,Yes,34,Yes,No,DSL,Yes,Yes,Yes,Yes,No,Yes,Month-to-month,Yes,Electronic check,66.72,2274.88,No
CUST-02698,Female,0,No,No,54,Yes,Yes,Fiber optic,No,Yes,Yes,No,Yes,No,Two year,No,Credit card (automatic),90.8,4901.83,No
CUST-02699,Female,0,No,No,12,Yes,Yes,No,No internet service,No internet service,No internet service,No internet service,No internet service,No internet service,Month-to-month,Yes,Mailed check,19.25,233.58,No
CUST-02700,Female,0,No,No,19,Yes,No,DSL,No,Yes,Yes,No,No,No,One year,Yes,Mailed check,48.51,931.31,No
CUST-02701,Male,0,No,No,26,Yes,Yes,DSL,Yes,No,No,No,No,No,Month-to-month,No,Mailed check,56.66,1482.16,No
CUST-02702,Male,0,No,No,23,Yes,No,Fiber optic,No,No,Yes,No,Yes,No,One year,Yes,Bank transfer (automatic),75.98,1742.97,Yes
CUST-02703,Female,0,Yes,No,33,Yes,No,No,No internet service,No internet service,No internet service,No internet service,No internet service,No internet service,One year,No,Credit card (automatic),33.58,1106.15,No
CUST-02704,Male,0,Yes,No,57,Yes,Yes,Fiber optic,No,Yes,Yes,Yes,No,Yes,Month-to-month,No,Electronic check,82.9,4721.45,Yes
CUST-02705,Female,0,Yes,No,30,Yes,No,Fiber optic,No,No,No,No,Yes,No,Two year,Yes,Electronic check,65.96,1972.72,No
CUST-02706,Female,1,No,Yes,23,Yes,Yes,DSL,No,No,Yes,No,No,Yes,Two year,Yes,Credit card (automatic),51.94,1189.03,No
CUST-02707,Male,0,Yes,No,36,Yes,No,No,No internet service,No internet service,No internet service,No internet service,No internet service,No internet service,Month-to-month,No,Credit card (automatic),28.47,1027.3,Yes
CUST-02708,Female,0,No,No,43,Yes,Yes,No,No internet service,No internet service,No internet service,No internet service,No internet service,No internet service,Two year,Yes,Electronic check,41.7,1793.97,No
CUST-02709,Female,0,Yes,No,66,Yes,No,Fiber optic,No,No,Yes,No,No,Yes,Month-to-month,Yes,Electronic check,86.34,5704.83,No
CUST-02710,Female,0,No,Yes,53,No,No phone service,No,No internet service,No internet service,No internet service,No internet service,No internet service,No internet service,Month-to-month,Yes,Electronic check,21.98,1162.54,Yes
CUST-02711,Female,0,No,Yes,60,Yes,No,DSL,Yes,No,No,No,Yes,Yes,Month-to-month,Yes,Electronic check,57.55,3456.87,Yes
CUST-02712,Male,0,Yes,Yes,37,No,No phone service,DSL,No,No,Yes,No,No,Yes,Two year,No,Mailed check,52.48,1951.7,No
CUST-02713,Female,0,No,Yes,61,Yes,No,Fiber optic,Yes,No,No,No,Yes,Yes,Two year,Yes,Electronic check,92.0,5610.92,No
CUST-02714,Female,1,Yes,No,53,Yes,Yes,DSL,No,Yes,No,No,No,No,One year,No,Electronic check,41.06,2177.98,Yes
CUST-02715,Female,0,Yes,No,12,Yes,Yes,No,No internet service,No internet service,No internet service,No internet service,No internet service,No internet service,Month-to-month,No,Credit card (automatic),44.9,542.44,No
CUST-02716,Male,0,Yes,No,35,Yes,No,Fiber optic,No,No,No,No,No,No,Month-to-month,Yes,Electronic check,69.04,2418.91,Yes
CUST-02717,Female,0,No,No,67,Yes,Yes,Fiber optic,No,No,Yes,No,No,Yes,Month-to-month,No,Credit card (automatic),83.93,5617.64,Yes
CUST-02718,Male,0,No,No,38,Yes,Yes,DSL,No,No,No,Yes,Yes,Yes,Month-to-month,Yes,Mailed check,48.91,1860.22,Yes
CUST-02719,Male,0,No,No,24,Yes,Yes,Fiber optic,No,Yes,No,Yes,Yes,Yes,Month-to-month,Yes,Electronic check,80.27,1917.09,Yes
CUST-02720,Female,0,No,No,40,Yes,No,DSL,No,Yes,No,Yes,No,No,Two year,No,Mailed check,49.11,1971.23,No
CUST-02721,Female,0,Yes,No,65,Yes,Yes,DSL,No,No,No,No,No,No,Two year,No,Electronic check,53.07,3448.41,No
CUST-02722,Male,0,No,No,57,Yes,Yes,Fiber optic,No,No,No,No,Yes,Yes,Month-to-month,Yes,Bank transfer (automatic),71.94,4100.13,Yes
CUST-02723,Female,0,Yes,No,72,Yes,No,DSL,No,Yes,No,No,No,No,Month-to-month,No,Electronic check,42.48,3050.25,No
CUST-02724,Male,0,Yes,Yes,45,Yes,No,No,No internet service,No internet service,No internet service,No internet service,No internet service,No internet service,Month-to-month,Yes,Bank transfer (automatic),33.69,1509.15,Yes
CUST-02725,Male,0,No,No,72,Yes,No,DSL,Yes,Yes,No,Yes,No,No,One year,No,Mailed check,66.27,4768.97,No
CUST-02726,Female,0,No,No,13,Yes,No,Fiber optic,No,Yes,Yes,No,No,No,Month-to-month,No,Electronic check,81.84,1071.46,Yes
CUST-02727,Female,0,Yes,No,6,Yes,No,No,No internet service,No internet service,No internet service,No internet service,No internet service,No internet service,Month-to-month,Yes,Credit card (automatic),28.94,166.44,Yes
CUST-02728,Male,0,No,No,71,Yes,Yes,Fiber optic,No,Yes,No,Yes,No,No,Two year,No,Electronic check,65.82,4670.28,No
CUST-02729,Male,0,Yes,No,47,Yes,Yes,Fiber optic,No,No,No,Yes,No,No,Month-to-month,Yes,Credit card (automatic),79.74,3755.08,No
CUST-02730,Male,1,No,Yes,44,Yes,Yes,Fiber optic,No,Yes,No,No,No,No,One year,No,Electronic check,87.09,3837.18,No
CUST-02731,Male,0,No,No,32,Yes,No,Fiber optic,No,No,No,No,No,No,Two year,Yes,Credit card (automatic),69.74,2228.8,Yes
CUST-02732,Female,0,Yes,Yes,3,Yes,Yes,Fiber optic,Yes,No,No,No,No,Yes,Two year,Yes,Credit card (automatic),87.93,255.74,No
CUST-02733,Female,0,Yes,No,54,Yes,No,No,No internet service,No internet service,No internet service,No internet service,No internet service,No internet service,One year,Yes,Electronic check,29.51,1594.71,No
CUST-02734,Female,0,Yes,No,38,Yes,Yes,No,No internet service,No internet service,No internet service,No internet service,No internet service,No internet service,Month-to-month,Yes,Electronic check,37.89,1434.79,Yes
CUST-02735,Female,0,No,Yes,4,Yes,Yes,Fiber optic,No,No,Yes,No,No,Yes,Two year,No,Credit card (automatic),69.46,279.71,No
CUST-02736,Female,1,No,No,17,Yes,No,Fiber optic,No,No,No,Yes,Yes,No,One year,Yes,Electronic check,71.05,1198.13,No
CUST-02737,Male,0,No,Yes,37,Yes,Yes,No,No internet service,No internet service,No internet service,No internet service,No internet service,No internet service,Two year,Yes,Electronic check,28.39,1046.1,No
CUST-02738,Female,1,Yes,Yes,36,Yes,Yes,Fiber optic,Yes,Yes,No,No,No,No,Two year,No,Bank transfer (automatic),79.3,2848.73,No
CUST-02739,Female,1,Yes,No,58,Yes,No,No,No internet service,No internet service,No internet service,No internet service,No internet service,No internet service,Month-to-month,Yes,Electronic check,44.82,2604.06,No
CUST-02740,Female,0,No,Yes,41,Yes,Yes,Fiber optic,No,No,No,Yes,No,No,Month-to-month,Yes,Mailed check,94.58,3882.63,Yes
CUST-02741,Female,0,Yes,No,8,Yes,Yes,No,No internet service,No internet service,No internet service,No internet service,No internet service,No internet service,Month-to-month,Yes,Mailed check,28.71,234.89,Yes
CUST-02742,Female,0,No,Yes,67,Yes,Yes,No,No internet service,No internet service,No internet service,No internet service,No internet service,No internet service,Two year,No,Electronic check,22.19,1496.23,No
CUST-02743,Male,0,Yes,Yes,30,Yes,No,No,No internet service,No internet service,No internet service,No internet service,No internet service,No internet service,One year,No,Electronic check,35.78,1075.62,Yes
CUST-02744,Male,1,No,No,52,Yes,No,Fiber optic,Yes,No,No,No,Yes,No,Month-to-month,No,Bank transfer (automatic),70.81,3689.0,No
CUST-02745,Male,0,No,No,25,Yes,Yes,Fiber optic,No,No,No,No,No,No,Month-to-month,Yes,Mailed check,73.29,1834.2,No
CUST-02746,Female,1,No,Yes,52,Yes,Yes,Fiber optic,Yes,No,Yes,No,No,No,Month-to-month,Yes,Bank transfer (automatic),81.17,4218.84,Yes
CUST-02747,Male,0,Yes,No,59,Yes,No,DSL,Yes,No,Yes,No,Yes,No,Month-to-month,Yes,Credit card (automatic),68.36,4039.03,No
CUST-02748,Male,1,Yes,No,30,Yes,No,DSL,No,No,Yes,No,Yes,Yes,Month-to-month,No,Electronic check,40.87,1224.86,Yes
CUST-02749,Female,1,No,No,67,Yes,No,No,No internet service,No internet service,No internet service,No internet service,No internet service,No internet service,Two year,Yes,Credit card (automatic),35.23,2369.38,No
CUST-02750,Female,0,No,Yes,4,No,No phone service,Fiber optic,Yes,No,No,No,Yes,No,Two year,No,Credit card (automatic),90.96,354.24,No
CUST-02751,Female,0,No,No,57,Yes,Yes,DSL,Yes,No,No,No,No,Yes,Two year,No,Electronic check,62.01,3537.22,No
CUST-02752,Male,0,No,No,63,Yes,No,Fiber optic,No,No,No,Yes,No,No,Month-to-month,Yes,Credit card (automatic),79.46,5015.13,No
CUST-02753,Male,0,No,Yes,32,No,No phone service,DSL,No,No,No,No,No,Yes,One year,Yes,Electronic check,65.72,2099.73,No
CUST-02754,Female,1,No,No,51,No,No phone service,Fiber optic,Yes,No,No,No,Yes,No,One year,Yes,Credit card (automatic),88.47,4504.65,No
CUST-02755,Female,0,Yes,No,63,Yes,No,No,No internet service,No internet service,No internet service,No internet service,No internet service,No internet service,One year,No,Credit card (automatic),37.01,2327.35,No
CUST-02756,Male,0,Yes,No,1,Yes,Yes,No,No internet service,No internet service,No internet service,No internet service,No internet service,No internet service,One year,Yes,Credit card (automatic),18.25,18.8,Yes
CUST-02757,Male,0,Yes,No,19,Yes,No,DSL,No,No,Yes,No,Yes,No,Month-to-month,No,Bank transfer (automatic),61.14,1158.47,No
CUST-02758,Female,1,Yes,No,35,Yes,No,DSL,No,No,Yes,No,No,Yes,Month-to-month,Yes,Mailed check,44.67,1567.37,Yes
CUST-02759,Female,0,No,No,63,Yes,Yes,DSL,No,No,No,No,Yes,No,Two year,No,Electronic check,66.94,4223.27,No
CUST-02760,Male,0,No,No,26,Yes,No,DSL,No,No,Yes,Yes,Yes,No,Month-to-month,Yes,Mailed check,59.44,1547.1,Yes
CUST-02761,Female,0,No,No,13,Yes,No,Fiber optic,No,No,No,No,No,Yes,Two year,Yes,Credit card (automatic),91.34,1191.79,No
CUST-02762,Male,0,Yes,No,23,Yes,Yes,Fiber optic,Yes,No,No,No,No,No,One year,Yes,Electronic check,70.13,1604.0,No
CUST-02763,Male,0,Yes,No,35,Yes,Yes,DSL,No,No,No,No,Yes,Yes,Month-to-month,Yes,Credit card (automatic),57.36,2001.51,No
CUST-02764,Male,0,No,No,12,Yes,Yes,DSL,Yes,Yes,No,No,No,No,Month-to-month,Yes,Bank transfer (automatic),40.42,482.74,Yes
CUST-02765,Male,0,Yes,No,9,Yes,Yes,DSL,No,No,No,Yes,Yes,Yes,Two year,Yes,Bank transfer (automatic),42.79,392.41,No
CUST-02766,Female,0,Yes,Yes,67,Yes,Yes,No,No internet service,No internet service,No internet service,No internet service,No internet service,No internet service,Month-to-month,No,Bank transfer (automatic),25.42,1699.52,No
CUST-02767,Female,0,No,No,44,Yes,No,DSL,No,No,Yes,No,Yes,No,Month-to-month,No,Credit card (automatic),48.49,2124.68,No
CUST-02768,Male,0,No,No,61,Yes,No,DSL,No,Yes,No,No,No,No,One year,No,Bank transfer (automatic),64.02,3899.5,No
CUST-02769,Male,0,No,No,21,No,No phone service,DSL,No,Yes,No,No,No,No,One year,No,Mailed check,56.31,1187.66,No
CUST-02770,Male,0,Yes,No,7,Yes,Yes,Fiber optic,No,No,Yes,No,No,No,One year,Yes,Credit card (automatic),92.15,650.64,No
CUST-02771,Male,1,No,No,11,Yes,No,Fiber optic,No,Yes,No,Yes,Yes,Yes,Month-to-month,No,Credit card (automatic),93.57,1031.2,No
CUST-02772,Male,0,No,Yes,45,Yes,Yes,Fiber optic,No,No,Yes,Yes,No,No,Month-to-month,Yes,Bank transfer (automatic),91.13,4110.63,No
CUST-02773,Female,1,No,No,32,Yes,Yes,Fiber optic,No,No,Yes,No,No,Yes,Month-to-month,No,Bank transfer (automatic),73.54,2356.16,Yes
CUST-02774,Female,0,Yes,Yes,36,Yes,Yes,DSL,Yes,No,No,No,No,No,Two year,Yes,Mailed check,58.34,2095.02,No
CUST-02775,Female,0,Yes,No,37,Yes,No,DSL,Yes,No,No,No,No,Yes,Month-to-month,No,Electronic check,62.85,2327.45,Yes
CUST-02776,Female,0,No,No,41,Yes,Yes,No,No internet service,No internet service,No internet service,No internet service,No internet service,No internet service,Month-to-month,Yes,Bank transfer (automatic),30.94,1259.46,Yes
CUST-02777,Male,0,No,Yes,49,Yes,No,No,No internet service,No internet service,No internet service,No internet service,No internet service,No internet service,Month-to-month,Yes,Mailed check,25.01,1228.73,No
CUST-02778,Male,0,Yes,No,15,Yes,No,Fiber optic,No,No,Yes,No,Yes,Yes,Month-to-month,Yes,Mailed check,70.47,1065.83,Yes
CUST-02779,Male,0,Yes,No,13,Yes,Yes,DSL,No,No,Yes,No,Yes,Yes,Two year,No,Mailed check,68.91,898.93,No
CUST-02780,Male,0,No,No,53,Yes,Yes,DSL,No,Yes,Yes,No,Yes,No,Month-to-month,Yes,Electronic check,46.19,2450.76,No
CUST-02781,Male,0,Yes,No,33,Yes,Yes,Fiber optic,No,No,Yes,No,No,No,One year,No,Credit card (automatic),89.35,2950.12,Yes
CUST-02782,Female,0,No,Yes,72,Yes,No,No,No internet service,No internet service,No internet service,No internet service,No internet service,No internet service,One year,Yes,Electronic check,19.0,1371.15,Yes
CUST-02783,Male,0,No,Yes,32,No,No phone service,Fiber optic,No,No,Yes,Yes,No,Yes,Month-to-month,Yes,Mailed check,94.65,3036.75,No
CUST-02784,Female,0,Yes,No,48,Yes,No,DSL,No,Yes,No,No,Yes,No,Month-to-month,No,Bank transfer (automatic),50.12,2396.63,No
CUST-02785,Female,0,No,No,68,No,No phone service,Fiber optic,Yes,No,Yes,No,No,No,Month-to-month,Yes,Mailed check,88.36,5999.42,No
CUST-02786,Female,0,No,No,57,Yes,No,No,No internet service,No internet service,No internet service,No internet service,No internet service,No internet service,Month-to-month,No,Electronic check,19.57,1106.22,No
CUST-02787,Female,0,Yes,Yes,62,Yes,Yes,Fiber optic,No,No,Yes,No,No,No,One year,Yes,Mailed check,86.51,5373.11,Yes
CUST-02788,Male,0,No,No,2,Yes,No,No,No internet service,No internet service,No internet service,No internet service,No internet service,No internet service,One year,No,Bank transfer (automatic),35.71,61.8,No
CUST-02789,Female,1,Yes,No,16,Yes,No,Fiber optic,No,No,No,No,Yes,No,Month-to-month,No,Electronic check,76.39,1218.07,Yes
CUST-02790,Female,1,No,No,8,Yes,Yes,DSL,No,No,Yes,Yes,No,No,Month-to-month,Yes,Credit card (automatic),41.21,338.38,Yes
CUST-02791,Female,0,No,Yes,19,Yes,Yes,DSL,No,No,No,No,No,Yes,Month-to-month,Yes,Mailed check,52.36,1002.87,No
CUST-02792,Male,0,Yes,No,32,Yes,Yes,DSL,No,No,No,No,Yes,No,Month-to-month,No,Mailed check,56.79,1809.55,Yes
CUST-02793,Male,0,Yes,Yes,67,Yes,No,Fiber optic,No,No,No,No,No,No,Month-to-month,No,Mailed check,66.66,4471.15,Yes
CUST-02794,Male,0,Yes,Yes,32,Yes,No,Fiber optic,Yes,Yes,No,No,No,No,Two year,Yes,Electronic check,73.07,2342.85,Yes
CUST-02795,Female,0,Yes,No,25,Yes,Yes,Fiber optic,Yes,No,Yes,Yes,No,No,Month-to-month,No,Mailed check,94.37,2363.03,Yes
CUST-02796,Female,0,Yes,No,53,Yes,No,DSL,No,Yes,Yes,No,No,Yes,Month-to-month,No,Bank transfer (automatic),67.6,3589.18,No
CUST-02797,Male,0,Yes,No,25,Yes,No,No,No internet service,No internet service,No internet service,No internet service,No internet service,No internet service,Two year,Yes,Mailed check,39.53,993.39,No
CUST-02798,Female,0,No,No,33,Yes,Yes,DSL,No,No,Yes,Yes,Yes,Yes,Two year,Yes,Credit card (automatic),44.5,1477.36,No
CUST-02799,Male,0,Yes,No,31,Yes,No,DSL,No,Yes,No,No,Yes,No,Two year,No,Credit card (automatic),52.17,1626.44,No
CUST-02800,Male,0,No,No,36,Yes,No,DSL,Yes,Yes,No,No,No,Yes,Month-to-month,Yes,Electronic check,46.22,1661.15,Yes
CUST-02801,Female,0,Yes,No,49,Yes,Yes,DSL,No,No,Yes,No,No,Yes,Month-to-month,Yes,Electronic check,46.46,2269.22,No
CUST-02802,Female,0,No,No,44,Yes,Yes,No,No internet service,No internet service,No internet service,No internet service,No internet service,No internet service,Month-to-month,Yes,Mailed check,41.41,1831.02,Yes
CUST-02803,Female,0,No,Yes,48,No,No phone service,DSL,Yes,No,Yes,No,Yes,No,Month-to-month,Yes,Bank transfer (automatic),52.37,2509.5,No
CUST-02804,Female,0,Yes,Yes,30,Yes,No,DSL,No,No,No,Yes,No,Yes,Month-to-month,Yes,Credit card (automatic),65.47,1954.15,Yes
CUST-02805,Male,0,No,No,13,No,No phone service,Fiber optic,No,No,No,No,No,No,Month-to-month,Yes,Electronic check,76.0,980.3,Yes
CUST-02806,Male,0,No,No,43,Yes,Yes,Fiber optic,No,No,Yes,Yes,No,Yes,Two year,No,Credit card (automatic),66.62,2866.21,No
CUST-02807,Male,0,No,Yes,16,Yes,Yes,DSL,No,No,No,No,No,No,Month-to-month,Yes,Electronic check,44.03,700.02,Yes
CUST-02808,Male,1,Yes,No,26,Yes,Yes,DSL,Yes,Yes,Yes,No,Yes,No,One year,No,Mailed check,41.35,1075.32,No
CUST-02809,Male,0,Yes,No,47,Yes,Yes,DSL,No,No,No,No,Yes,Yes,One year,No,Bank transfer (automatic),48.36,2278.07,No
CUST-02810,Female,1,No,No,37,Yes,Yes,No,No internet service,No internet service,No internet service,No internet service,No internet service,No internet service,Two year,Yes,Credit card (automatic),30.56,1124.17,No
CUST-02811,Male,0,Yes,Yes,3,Yes,Yes,Fiber optic,Yes,No,No,No,No,Yes,Month-to-month,Yes,Bank transfer (automatic),71.6,204.83,Yes
CUST-02812,Male,0,Yes,No,26,Yes,Yes,No,No internet service,No internet service,No internet service,No internet service,No internet service,No internet service,Month-to-month,No,Bank transfer (automatic),32.34,846.02,Yes
CUST-02813,Male,0,No,No,15,Yes,No,DSL,Yes,No,No,No,No,Yes,Month-to-month,Yes,Electronic check,48.83,735.55,No
CUST-02814,Female,0,No,No,66,Yes,Yes,Fiber optic,Yes,No,No,Yes,No,Yes,Month-to-month,Yes,Bank transfer (automatic),79.6,5250.42,No
CUST-02815,Female,0,Yes,Yes,28,Yes,Yes,Fiber optic,No,Yes,No,No,Yes,Yes,Two year,Yes,Bank transfer (automatic),74.41,2076.9,No
CUST-02816,Female,0,Yes,Yes,38,Yes,Yes,DSL,No,No,No,Yes,Yes,No,One year,Yes,Bank transfer (automatic),57.96,2193.1,No
CUST-02817,Female,0,Yes,No,44,No,No phone service,Fiber optic,Yes,No,Yes,No,No,No,Month-to-month,Yes,Electronic check,84.08,3694.82,No
CUST-02818,Male,1,No,No,53,Yes,No,Fiber optic,No,Yes,No,Yes,Yes,Yes,Month-to-month,Yes,Mailed check,90.78,4821.1,No
CUST-02819,Male,0,Yes,No,4,Yes,Yes,Fiber optic,Yes,Yes,No,Yes,No,Yes,Month-to-month,No,Electronic check,89.76,355.79,No
CUST-02820,Female,0,Yes,No,72,Yes,Yes,Fiber optic,No,No,No,No,Yes,No,Month-to-month,Yes,Credit card (automatic),81.51,5874.7,Yes
CUST-02821,Female,0,Yes,No,44,Yes,No,Fiber optic,No,Yes,No,Yes,No,No,One year,Yes,Mailed check,76.93,3389.97,No
CUST-02822,Male,0,No,Yes,46,Yes,Yes,No,No internet service,No internet service,No internet service,No internet service,No internet service,No internet service,One year,No,Credit card (automatic),21.33,973.12,Yes
CUST-02823,Male,0,No,No,26,Yes,No,No,No internet service,No internet service,No internet service,No internet service,No internet service,No internet service,One year,No,Electronic check,33.53,866.77,No
CUST-02824,Female,0,No,Yes,13,Yes,Yes,Fiber optic,Yes,No,Yes,No,No,Yes,Month-to-month,Yes,Bank transfer (automatic),81.37,1064.99,No
CUST-02825,Female,1,Yes,No,69,Yes,Yes,DSL,Yes,No,No,No,No,Yes,Month-to-month,Yes,Electronic check,41.13,2835.45,No
CUST-02826,Female,0,Yes,No,44,Yes,No,Fiber optic,No,No,Yes,No,No,Yes,Month-to-month,No,Bank transfer (automatic),66.12,2913.72,Yes
CUST-02827,Female,0,No,No,53,Yes,No,DSL,No,Yes,No,No,No,No,Two year,Yes,Bank transfer (automatic),44.5,2355.16,No
CUST-02828,Male,0,Yes,Yes,51,Yes,No,DSL,No,No,Yes,No,No,No,One year,Yes,Electronic check,61.52,3134.89,No
CUST-02829,Male,1,Yes,Yes,13,No,No phone service,Fiber optic,No,No,Yes,No,Yes,No,Two year,Yes,Mailed check,90.78,1182.2,No
CUST-02830,Male,0,Yes,No,41,Yes,No,Fiber optic,Yes,No,Yes,No,No,Yes,Month-to-month,Yes,Bank transfer (automatic),65.77,2691.28,Yes
CUST-02831,Female,0,No,No,11,No,No phone service,No,No internet service,No internet service,No internet service,No internet service,No internet service,No internet service,Two year,Yes,Mailed check,39.55,434.5,No
CUST-02832,Female,0,Yes,No,37,Yes,No,No,No internet service,No internet service,No internet service,No internet service,No internet service,No internet service,Month-to-month,No,Credit card (automatic),28.96,1076.0,No
CUST-02833,Male,0,Yes,No,60,Yes,No,No,No internet service,No internet service,No internet service,No internet service,No internet service,No internet service,One year,Yes,Electronic check,27.04,1612.68,Yes
CUST-02834,Male,0,No,No,32,Yes,No,No,No internet service,No internet service,No internet service,No internet service,No internet service,No internet service,One year,Yes,Credit card (automatic),31.34,1010.74,No
CUST-02835,Male,0,Yes,No,45,No,No phone service,Fiber optic,No,Yes,Yes,No,Yes,Yes,Month-to-month,Yes,Mailed check,93.11,4189.68,Yes
CUST-02836,Male,1,No,Yes,18,Yes,Yes,DSL,No,No,Yes,No,No,No,One year,No,Credit card (automatic),57.07,1029.48,Yes
CUST-02837,Female,1,Yes,No,20,No,No phone service,Fiber optic,No,No,Yes,No,No,Yes,Month-to-month,No,Mailed check,68.14,1367.6,Yes
CUST-02838,Male,0,No,No,44,Yes,Yes,Fiber optic,No,No,No,No,Yes,Yes,One year,Yes,Credit card (automatic),79.15,3475.34,No
CUST-02839,Male,0,No,No,36,Yes,Yes,Fiber optic,No,No,No,Yes,Yes,No,One year,No,Credit card (automatic),94.34,3403.37,Yes
CUST-02840,Male,1,Yes,No,69,Yes,No,Fiber optic,Yes,Yes,No,No,No,No,Two year,Yes,Mailed check,69.9,4820.35,No
CUST-02841,Male,1,Yes,Yes,37,Yes,Yes,No,No internet service,No internet service,No internet service,No internet service,No internet service,No internet service,One year,Yes,Bank transfer (automatic),28.87,1059.21,Yes
CUST-02842,Male,0,No,Yes,33,Yes,Yes,DSL,No,No,No,No,No,Yes,One year,Yes,Bank transfer (automatic),60.91,2018.21,No
CUST-02843,Male,0,Yes,Yes,19,Yes,Yes,DSL,No,No,No,No,Yes,Yes,One year,No,Electronic check,50.95,973.96,No
CUST-02844,Male,0,No,No,51,Yes,No,Fiber optic,Yes,No,No,Yes,Yes,Yes,Month-to-month,Yes,Bank transfer (automatic),88.07,4488.72,No
CUST-02845,Female,0,Yes,No,32,Yes,No,No,No internet service,No internet service,No internet service,No internet service,No internet service,No internet service,Month-to-month,Yes,Bank transfer (automatic),21.36,690.5,No
CUST-02846,Female,0,Yes,No,22,Yes,No,DSL,No,No,No,No,Yes,No,Month-to-month,Yes,Mailed check,42.81,944.69,No
CUST-02847,Female,0,Yes,Yes,1,Yes,Yes,No,No internet service,No internet service,No internet service,No internet service,No internet service,No internet service,Month-to-month,Yes,Electronic check,24.87,30.73,No
CUST-02848,Female,0,Yes,Yes,54,Yes,Yes,No,No internet service,No internet service,No internet service,No internet service,No internet service,No internet service,Month-to-month,Yes,Mailed check,41.06,2226.57,No
CUST-02849,Male,1,No,Yes,20,Yes,Yes,DSL,No,No,No,Yes,No,No,Month-to-month,Yes,Bank transfer (automatic),61.43,1219.87,No
CUST-02850,Female,0,No,No,58,Yes,Yes,No,No internet service,No internet service,No internet service,No internet service,No internet service,No internet service,Two year,No,Credit card (automatic),44.49,2586.03,No
CUST-02851,Female,0,Yes,Yes,35,Yes,Yes,DSL,No,Yes,No,Yes,No,No,One year,Yes,Mailed check,49.89,1737.47,No
CUST-02852,Male,0,Yes,Yes,70,Yes,Yes,Fiber optic,Yes,No,No,No,Yes,Yes,One year,No,Electronic check,80.07,5608.42,No
CUST-02853,Male,0,Yes,No,70,No,No phone service,Fiber optic,No,Yes,No,No,No,No,Month-to-month,No,Electronic check,77.7,5445.17,No
CUST-02854,Female,0,Yes,No,61,Yes,No,No,No internet service,No internet service,No internet service,No internet service,No internet service,No internet service,Two year,Yes,Mailed check,29.62,1804.69,No
CUST-02855,Female,0,Yes,No,63,Yes,No,Fiber optic,Yes,Yes,Yes,Yes,Yes,No,Month-to-month,No,Electronic check,69.25,4357.38,No
CUST-02856,Male,0,No,Yes,61,Yes,No,Fiber optic,Yes,Yes,No,No,Yes,Yes,Month-to-month,No,Electronic check,70.91,4320.0,No
CUST-02857,Female,1,No,No,57,Yes,Yes,Fiber optic,No,Yes,Yes,Yes,Yes,No,Two year,Yes,Mailed check,80.02,4557.47,No
CUST-02858,Male,0,Yes,No,3,Yes,Yes,Fiber optic,No,No,Yes,No,No,Yes,Two year,No,Mailed check,94.05,286.9,No
CUST-02859,Male,0,No,Yes,45,Yes,Yes,Fiber optic,Yes,No,Yes,No,Yes,No,Month-to-month,Yes,Bank transfer (automatic),93.34,4210.09,Yes
CUST-02860,Male,0,No,Yes,15,Yes,Yes,No,No internet service,No internet service,No internet service,No internet service,No internet service,No internet service,Month-to-month,No,Credit card (automatic),18.25,283.41,No
CUST-02861,Male,0,Yes,No,17,Yes,Yes,DSL,No,Yes,No,No,Yes,Yes,Month-to-month,Yes,Electronic check,57.48,971.48,No
CUST-02862,Female,0,No,No,15,Yes,Yes,Fiber optic,No,No,Yes,Yes,No,Yes,One year,No,Electronic check,83.61,1246.96,Yes
CUST-02863,Male,1,No,Yes,5,Yes,Yes,DSL,No,No,No,No,No,No,Month-to-month,Yes,Mailed check,59.08,288.6,Yes
CUST-02864,Male,0,No,No,46,Yes,Yes,No,No internet service,No internet service,No internet service,No internet service,No internet service,No internet service,Month-to-month,No,Credit card (automatic),34.26,1577.53,Yes
CUST-02865,Female,0,No,No,11,No,No phone service,DSL,No,No,No,No,No,Yes,Month-to-month,No,Electronic check,41.84,462.08,No
CUST-02866,Male,1,Yes,Yes,64,Yes,Yes,DSL,No,No,Yes,Yes,No,No,One year,Yes,Credit card (automatic),55.22,3542.08,No
CUST-02867,Female,0,No,No,14,Yes,No,No,No internet service,No internet service,No internet service,No internet service,No internet service,No internet service,Month-to-month,No,Mailed check,18.25,253.41,No
CUST-02868,Female,0,No,No,39,Yes,Yes,Fiber optic,No,No,Yes,No,No,No,Month-to-month,Yes,Credit card (automatic),92.54,3616.37,Yes
CUST-02869,Female,0,No,No,67,Yes,Yes,Fiber optic,No,Yes,No,Yes,Yes,Yes,One year,No,Electronic check,65.51,4382.35,No
CUST-02870,Male,0,Yes,No,55,Yes,No,No,No internet service,No internet service,No internet service,No internet service,No internet service,No internet service,Month-to-month,Yes,Electronic check,38.32,2114.23,Yes
CUST-02871,Female,0,No,Yes,42,Yes,Yes,Fiber optic,No,No,Yes,Yes,Yes,No,Month-to-month,Yes,Electronic check,72.2,3029.58,No
CUST-02872,Female,0,No,Yes,5,Yes,Yes,DSL,Yes,No,No,No,Yes,Yes,Month-to-month,No,Bank transfer (automatic),57.59,294.85,Yes
CUST-02873,Male,0,No,No,52,Yes,No,DSL,Yes,No,No,No,No,Yes,Month-to-month,Yes,Bank transfer (automatic),53.54,2780.38,No
CUST-02874,Female,0,Yes,No,22,Yes,Yes,Fiber optic,No,No,No,Yes,Yes,No,Two year,Yes,Electronic check,81.31,1793.6,Yes
CUST-02875,Female,0,Yes,No,44,Yes,No,DSL,Yes,No,No,No,Yes,No,One year,Yes,Electronic check,58.04,2560.86,No
CUST-02876,Female,1,Yes,No,59,Yes,Yes,Fiber optic,Yes,Yes,No,No,Yes,Yes,Month-to-month,Yes,Credit card (automatic),94.5,5567.92,Yes
CUST-02877,Female,0,Yes,No,25,Yes,Yes,DSL,No,No,No,Yes,No,No,Month-to-month,No,Bank transfer (automatic),63.45,1578.5,Yes
CUST-02878,Female,1,Yes,No,21,Yes,No,Fiber optic,No,No,No,No,No,No,One year,Yes,Credit card (automatic),89.05,1874.63,No
CUST-02879,Male,0,No,No,64,Yes,Yes,DSL,No,No,Yes,No,No,Yes,One year,No,Electronic check,66.9,4285.37,Yes
CUST-02880,Female,0,Yes,No,68,Yes,No,Fiber optic,No,No,Yes,Yes,No,Yes,Month-to-month,Yes,Bank transfer (automatic),92.33,6271.95,No
CUST-02881,Female,0,No,No,47,Yes,Yes,DSL,No,No,No,No,No,No,Month-to-month,No,Credit card (automatic),65.6,3093.18,No
CUST-02882,Male,0,Yes,Yes,35,Yes,Yes,DSL,No,No,No,No,Yes,Yes,Month-to-month,Yes,Electronic check,62.49,2179.96,Yes
CUST-02883,Male,1,Yes,No,7,Yes,No,Fiber optic,No,No,No,Yes,Yes,No,One year,Yes,Bank transfer (automatic),65.02,455.05,No
CUST-02884,Male,0,Yes,No,56,Yes,Yes,DSL,Yes,No,No,Yes,Yes,Yes,Month-to-month,Yes,Bank transfer (automatic),58.05,3245.41,Yes
CUST-02885,Female,0,No,Yes,52,Yes,No,No,No internet service,No internet service,No internet service,No internet service,No internet service,No internet service,Two year,Yes,Electronic check,18.25,940.67,No
CUST-02886,Male,0,No,No,46,Yes,Yes,Fiber optic,No,No,No,No,Yes,Yes,Month-to-month,No,Bank transfer (automatic),65.37,3006.02,No
CUST-02887,Female,0,No,No,9,Yes,No,DSL,Yes,No,No,No,No,No,Month-to-month,Yes,Bank transfer (automatic),40.61,375.45,Yes
CUST-02888,Female,0,Yes,No,58,Yes,No,No,No internet service,No internet service,No internet service,No internet service,No internet service,No internet service,Two year,Yes,Electronic check,43.03,2504.91,No
CUST-02889,Male,0,Yes,Yes,23,Yes,No,Fiber optic,No,No,No,Yes,No,Yes,Month-to-month,No,Electronic check,73.6,1690.29,No
CUST-02890,Male,0,Yes,No,3,Yes,No,Fiber optic,Yes,No,No,No,No,Yes,Month-to-month,Yes,Bank transfer (automatic),82.08,246.26,Yes
CUST-02891,Female,0,Yes,Yes,61,Yes,Yes,DSL,Yes,No,No,Yes,Yes,No,Two year,No,Electronic check,45.71,2796.38,No
CUST-02892,Male,0,Yes,No,9,Yes,No,DSL,No,No,No,Yes,Yes,Yes,Month-to-month,No,Bank transfer (automatic),62.71,572.64,No
CUST-02893,Female,0,Yes,Yes,53,No,No phone service,Fiber optic,Yes,No,No,No,Yes,Yes,Month-to-month,Yes,Electronic check,89.23,4734.76,No
CUST-02894,Male,0,No,No,68,Yes,Yes,DSL,No,No,No,No,No,Yes,One year,Yes,Credit card (automatic),50.62,3437.33,No
CUST-02895,Male,1,No,No,49,Yes,Yes,Fiber optic,No,Yes,No,Yes,Yes,No,One year,No,Bank transfer (automatic),65.34,3199.1,No
CUST-02896,Male,0,Yes,No,70,Yes,No,Fiber optic,No,No,Yes,Yes,No,No,One year,Yes,Bank transfer (automatic),84.08,5887.06,No
CUST-02897,Female,0,No,No,48,Yes,No,DSL,Yes,No,Yes,Yes,No,Yes,Month-to-month,Yes,Mailed check,66.24,3186.62,No
CUST-02898,Male,0,No,No,7,Yes,Yes,No,No internet service,No internet service,No internet service,No internet service,No internet service,No internet service,Month-to-month,Yes,Electronic check,18.83,130.63,No
CUST-02899,Female,0,No,Yes,31,No,No phone service,DSL,Yes,No,No,No,No,Yes,Two year,No,Credit card (automatic),61.05,1895.03,No
CUST-02900,Female,1,Yes,Yes,56,Yes,Yes,DSL,Yes,Yes,No,Yes,Yes,No,Two year,Yes,Mailed check,48.0,2686.21,No
CUST-02901,Female,0,Yes,Yes,61,Yes,No,No,No internet service,No internet service,No internet service,No internet service,No internet service,No internet service,One year,No,Mailed check,28.07,1714.05,No
CUST-02902,Female,0,Yes,Yes,5,Yes,No,DSL,Yes,Yes,No,No,Yes,No,Two year,Yes,Bank transfer (automatic),50.01,240.34,No
CUST-02903,Male,0,Yes,No,30,Yes,No,No,No internet service,No internet service,No internet service,No internet service,No internet service,No internet service,Month-to-month,Yes,Mailed check,42.2,1263.43,No
CUST-02904,Female,0,No,No,22,Yes,Yes,Fiber optic,Yes,No,No,No,No,No,Month-to-month,Yes,Electronic check,74.0,1633.33,No
CUST-02905,Female,0,Yes,Yes,17,Yes,No,Fiber optic,No,No,No,No,No,No,Two year,No,Electronic check,93.79,1584.92,No
CUST-02906,Male,0,Yes,No,10,Yes,No,Fiber optic,No,No,Yes,No,No,No,Two year,No,Electronic check,68.46,690.95,Yes
CUST-02907,Female,0,Yes,No,71,Yes,No,DSL,No,No,No,No,Yes,Yes,Two year,No,Electronic check,67.69,4815.7,No
CUST-02908,Male,0,No,Yes,68,Yes,No,Fiber optic,No,Yes,No,No,No,No,Month-to-month,Yes,Credit card (automatic),84.83,5768.21,No
CUST-02909,Female,0,No,No,42,No,No phone service,No,No internet service,No internet service,No internet service,No internet service,No internet service,No internet service,Two year,Yes,Electronic check,22.99,959.01,No
CUST-02910,Male,0,No,No,27,No,No phone service,DSL,No,No,No,Yes,No,Yes,Month-to-month,Yes,Credit card (automatic),40.78,1108.09,No
CUST-02911,Female,0,No,No,7,Yes,Yes,DSL,No,Yes,Yes,No,No,Yes,Month-to-month,No,Credit card (automatic),44.51,317.44,Yes
CUST-02912,Male,0,No,No,23,Yes,Yes,Fiber optic,No,No,Yes,Yes,Yes,No,Two year,No,Credit card (automatic),92.91,2146.51,No
CUST-02913,Female,0,Yes,No,8,Yes,No,DSL,Yes,Yes,No,No,Yes,No,Month-to-month,No,Credit card (automatic),54.97,434.68,Yes
CUST-02914,Female,0,No,Yes,8,Yes,Yes,Fiber optic,No,No,No,No,No,No,Month-to-month,No,Electronic check,82.31,652.22,Yes
CUST-02915,Male,0,No,No,5,Yes,Yes,Fiber optic,No,No,No,Yes,Yes,Yes,One year,Yes,Credit card (automatic),89.87,442.03,Yes
CUST-02916,Male,0,Yes,No,71,Yes,Yes,DSL,Yes,No,No,No,No,Yes,One year,Yes,Mailed check,58.72,4168.0,No
CUST-02917,Male,1,Yes,No,2,Yes,Yes,Fiber optic,Yes,No,No,No,Yes,No,One year,Yes,Credit card (automatic),71.02,146.58,Yes
CUST-02918,Male,1,Yes,No,51,Yes,Yes,Fiber optic,No,Yes,No,Yes,No,No,Two year,Yes,Mailed check,82.19,4184.56,No
CUST-02919,Female,0,No,No,66,Yes,No,DSL,No,No,Yes,Yes,Yes,No,Month-to-month,No,Electronic check,59.66,3936.09,Yes
CUST-02920,Female,0,Yes,No,12,Yes,Yes,No,No internet service,No internet service,No internet service,No internet service,No internet service,No internet service,One year,Yes,Credit card (automatic),22.12,260.42,No
CUST-02921,Male,0,No,No,47,Yes,No,DSL,No,No,Yes,No,No,Yes,Month-to-month,Yes,Mailed check,67.95,3191.57,No
CUST-02922,Female,0,Yes,No,55,Yes,No,Fiber optic,No,No,Yes,No,No,Yes,Month-to-month,Yes,Credit card (automatic),70.31,3858.08,Yes
CUST-02923,Male,0,No,No,26,No,No phone service,Fiber optic,No,Yes,No,No,No,No,Month-to-month,Yes,Credit card (automatic),86.36,2243.11,No
CUST-02924,Male,0,No,No,45,Yes,Yes,Fiber optic,No,Yes,No,No,Yes,Yes,Two year,No,Bank transfer (automatic),92.19,4140.01,No
CUST-02925,Female,1,No,No,62,Yes,Yes,DSL,No,Yes,Yes,No,No,No,Two year,Yes,Bank transfer (automatic),49.9,3099.21,No
CUST-02926,Female,0,No,No,70,Yes,No,No,No internet service,No internet service,No internet service,No internet service,No internet service,No internet service,Month-to-month,No,Bank transfer (automatic),40.54,2828.68,Yes
CUST-02927,Female,0,Yes,No,2,Yes,Yes,No,No internet service,No internet service,No internet service,No internet service,No internet service,No internet service,One year,Yes,Credit card (automatic),32.72,62.22,No
CUST-02928,Female,0,Yes,Yes,26,Yes,No,Fiber optic,No,Yes,No,No,No,No,Month-to-month,Yes,Bank transfer (automatic),74.13,1919.96,Yes
CUST-02929,Female,0,No,Yes,14,Yes,No,DSL,No,No,No,No,No,No,Month-to-month,No,Credit card (automatic),61.95,871.57,Yes
CUST-02930,Female,0,Yes,No,57,Yes,Yes,No,No internet service,No internet service,No internet service,No internet service,No internet service,No internet service,One year,Yes,Mailed check,27.39,1554.07,No
CUST-02931,Female,0,No,No,32,Yes,Yes,No,No internet service,No internet service,No internet service,No internet service,No internet service,No internet service,One year,Yes,Electronic check,21.06,676.96,No
CUST-02932,Male,0,Yes,Yes,62,Yes,No,Fiber optic,No,No,Yes,No,No,Yes,Two year,Yes,Bank transfer (automatic),92.51,5737.94,No
CUST-02933,Male,0,Yes,No,30,Yes,Yes,DSL,No,No,No,No,No,No,One year,Yes,Electronic check,55.13,1655.59,No
CUST-02934,Male,0,No,No,13,Yes,No,DSL,Yes,Yes,Yes,Yes,No,No,Two year,Yes,Mailed check,63.8,824.72,No
CUST-02935,Male,0,No,Yes,40,Yes,No,DSL,No,Yes,No,No,No,No,Two year,Yes,Mailed check,68.39,2743.36,No
CUST-02936,Male,0,Yes,Yes,31,No,No phone service,DSL,No,Yes,No,No,No,Yes,Month-to-month,Yes,Credit card (automatic),62.02,1916.41,No
CUST-02937,Female,0,No,No,37,Yes,No,DSL,Yes,No,No,No,No,Yes,Two year,Yes,Mailed check,54.09,1998.66,No
CUST-02938,Male,0,Yes,Yes,45,Yes,Yes,No,No internet service,No internet service,No internet service,No internet service,No internet service,No internet service,Month-to-month,Yes,Credit card (automatic),40.72,1836.96,No
CUST-02939,Male,1,Yes,No,59,Yes,Yes,Fiber optic,No,No,Yes,Yes,Yes,Yes,Month-to-month,Yes,Electronic check,82.66,4871.45,Yes
CUST-02940,Male,0,Yes,No,28,Yes,No,DSL,No,No,No,No,No,No,One year,Yes,Electronic check,43.02,1206.7,No
CUST-02941,Male,1,No,No,61,Yes,Yes,Fiber optic,No,No,No,No,Yes,Yes,Month-to-month,Yes,Mailed check,83.35,5088.65,Yes
CUST-02942,Male,1,No,No,19,Yes,No,DSL,No,Yes,No,No,No,No,One year,Yes,Bank transfer (automatic),40.16,764.06,No
CUST-02943,Male,0,Yes,No,43,Yes,Yes,Fiber optic,No,No,Yes,Yes,Yes,No,Month-to-month,No,Bank transfer (automatic),94.27,4050.08,No
CUST-02944,Male,0,No,No,59,No,No phone service,Fiber optic,No,No,No,No,No,Yes,Month-to-month,No,Electronic check,80.62,4762.32,No
CUST-02945,Female,1,No,No,16,Yes,No,DSL,Yes,No,No,No,No,No,Two year,No,Mailed check,42.77,676.47,No
CUST-02946,Female,0,Yes,No,69,Yes,No,DSL,No,Yes,No,Yes,No,No,One year,Yes,Mailed check,48.99,3374.88,No
CUST-02947,Male,0,No,No,44,Yes,Yes,Fiber optic,No,No,Yes,No,Yes,Yes,Month-to-month,Yes,Bank transfer (automatic),84.76,3726.86,Yes
CUST-02948,Female,1,No,No,66,Yes,No,Fiber optic,No,No,Yes,Yes,Yes,No,Month-to-month,No,Mailed check,73.66,4860.84,Yes
CUST-02949,Female,0,Yes,No,10,Yes,No,Fiber optic,No,No,No,Yes,No,No,One year,Yes,Bank transfer (automatic),77.63,766.77,No
CUST-02950,Female,0,No,No,47,Yes,No,No,No internet service,No internet service,No internet service,No internet service,No internet service,No internet service,One year,Yes,Mailed check,23.97,1130.45,No
CUST-02951,Female,0,Yes,Yes,19,Yes,Yes,Fiber optic,No,No,No,No,Yes,Yes,Month-to-month,Yes,Credit card (automatic),83.87,1587.1,Yes
CUST-02952,Male,0,No,Yes,51,Yes,No,Fiber optic,No,No,No,No,Yes,No,Month-to-month,Yes,Credit card (automatic),73.52,3757.35,Yes
CUST-02953,Female,0,No,No,13,Yes,No,No,No internet service,No internet service,No internet service,No internet service,No internet service,No internet service,One year,Yes,Bank transfer (automatic),39.39,508.18,No
CUST-02954,Female,0,Yes,No,63,Yes,No,DSL,No,No,No,Yes,Yes,Yes,Month-to-month,Yes,Credit card (automatic),61.74,3885.07,No
CUST-02955,Female,0,Yes,No,16,No,No phone service,DSL,No,Yes,Yes,Yes,Yes,Yes,Two year,No,Bank transfer (automatic),49.76,788.61,No
CUST-02956,Male,0,No,No,53,Yes,No,No,No internet service,No internet service,No internet service,No internet service,No internet service,No internet service,One year,No,Bank transfer (automatic),33.73,1792.74,Yes
CUST-02957,Male,0,Yes,Yes,35,Yes,Yes,No,No internet service,No internet service,No internet service,No internet service,No internet service,No internet service,Month-to-month,Yes,Mailed check,29.56,1043.22,No
CUST-02958,Male,0,Yes,No,59,Yes,Yes,DSL,Yes,Yes,Yes,Yes,Yes,No,Month-to-month,Yes,Mailed check,41.62,2461.32,No
CUST-02959,Male,0,No,Yes,39,Yes,Yes,No,No internet service,No internet service,No internet service,No internet service,No internet service,No internet service,Month-to-month,Yes,Mailed check,27.45,1077.8,No
CUST-02960,Male,0,Yes,No,67,Yes,Yes,DSL,No,No,No,Yes,Yes,No,Month-to-month,No,Electronic check,43.94,2946.75,Yes
CUST-02961,Male,0,No,No,61,Yes,Yes,No,No internet service,No internet service,No internet service,No internet service,No internet service,No internet service,Month-to-month,No,Credit card (automatic),18.57,1129.68,No
CUST-02962,Male,0,No,No,50,Yes,No,DSL,Yes,Yes,No,No,No,No,Month-to-month,Yes,Electronic check,44.79,2244.48,No
CUST-02963,Female,1,Yes,No,53,No,No phone service,DSL,No,Yes,No,No,No,No,Month-to-month,No,Mailed check,52.86,2795.51,No
CUST-02964,Female,0,No,Yes,46,Yes,Yes,Fiber optic,Yes,No,No,No,Yes,No,Month-to-month,Yes,Bank transfer (automatic),92.52,4246.07,Yes
CUST-02965,Female,0,Yes,No,52,Yes,Yes,No,No internet service,No internet service,No internet service,No internet service,No internet service,No internet service,Two year,No,Credit card (automatic),38.15,1981.02,No
CUST-02966,Male,0,No,Yes,29,Yes,No,No,No internet service,No internet service,No internet service,No internet service,No internet service,No internet service,One year,Yes,Mailed check,40.6,1179.15,No
CUST-02967,Male,0,Yes,Yes,5,Yes,No,No,No internet service,No internet service,No internet service,No internet service,No internet service,No internet service,Month-to-month,Yes,Bank transfer (automatic),37.07,188.56,No
CUST-02968,Male,0,Yes,Yes,67,No,No phone service,Fiber optic,No,No,No,No,No,Yes,Month-to-month,Yes,Mailed check,94.09,6302.71,No
CUST-02969,Male,0,No,No,40,Yes,Yes,Fiber optic,Yes,Yes,No,No,No,Yes,Month-to-month,Yes,Credit card (automatic),87.22,3495.86,Yes
CUST-02970,Male,0,Yes,Yes,72,Yes,No,DSL,No,No,No,Yes,Yes,No,Month-to-month,No,Bank transfer (automatic),63.73,4594.89,Yes
CUST-02971,Female,0,Yes,No,2,Yes,No,DSL,Yes,No,No,No,No,Yes,Month-to-month,No,Electronic check,64.4,118.94,Yes
CUST-02972,Female,0,Yes,No,68,Yes,Yes,Fiber optic,Yes,Yes,Yes,No,No,No,Two year,Yes,Bank transfer (automatic),85.66,5828.86,No
CUST-02973,Male,0,No,No,62,Yes,Yes,Fiber optic,No,No,Yes,No,No,No,Month-to-month,No,Bank transfer (automatic),71.12,4413.85,Yes
CUST-02974,Male,0,No,Yes,58,Yes,No,No,No internet service,No internet service,No internet service,No internet service,No internet service,No internet service,Month-to-month,Yes,Credit card (automatic),44.13,2564.96,Yes
CUST-02975,Male,1,Yes,Yes,69,Yes,No,DSL,No,No,Yes,Yes,No,No,Two year,Yes,Electronic check,54.42,3760.6,No
CUST-02976,Male,0,Yes,No,58,Yes,Yes,Fiber optic,No,No,Yes,No,No,Yes,One year,Yes,Bank transfer (automatic),89.88,5206.64,No
CUST-02977,Female,0,No,No,35,Yes,No,No,No internet service,No internet service,No internet service,No internet service,No internet service,No internet service,One year,Yes,Mailed check,38.97,1358.14,No
CUST-02978,Male,0,No,Yes,14,Yes,No,Fiber optic,Yes,No,No,Yes,No,No,Month-to-month,No,Bank transfer (automatic),77.83,1090.51,Yes
CUST-02979,Male,1,No,No,15,No,No phone service,Fiber optic,No,No,No,No,Yes,No,Month-to-month,Yes,Bank transfer (automatic),90.19,1349.23,Yes
CUST-02980,Male,0,Yes,No,6,Yes,No,Fiber optic,No,Yes,No,No,No,Yes,Two year,No,Electronic check,72.45,436.6,No
CUST-02981,Male,1,No,No,16,Yes,No,No,No internet service,No internet service,No internet service,No internet service,No internet service,No internet service,Two year,Yes,Mailed check,25.63,409.38,No
CUST-02982,Female,1,Yes,No,46,Yes,Yes,DSL,No,Yes,No,Yes,No,No,Month-to-month,No,Mailed check,46.87,2151.52,Yes
CUST-02983,Male,0,No,No,63,Yes,No,Fiber optic,Yes,No,Yes,Yes,Yes,Yes,One year,Yes,Mailed check,66.72,4207.03,Yes
CUST-02984,Male,0,Yes,No,12,Yes,No,DSL,No,No,No,No,Yes,No,Two year,No,Mailed check,47.04,563.64,No
CUST-02985,Female,0,No,No,41,Yes,Yes,No,No internet service,No internet service,No internet service,No internet service,No internet service,No internet service,Month-to-month,No,Credit card (automatic),34.46,1419.37,Yes
CUST-02986,Female,0,Yes,No,19,No,No phone service,DSL,Yes,Yes,Yes,Yes,No,No,Month-to-month,No,Electronic check,62.85,1185.03,No
CUST-02987,Female,0,No,No,2,Yes,No,Fiber optic,No,Yes,No,No,Yes,No,Two year,No,Mailed check,75.54,145.72,Yes
CUST-02988,Male,0,No,No,20,Yes,Yes,Fiber optic,Yes,No,Yes,Yes,Yes,Yes,Two year,Yes,Bank transfer (automatic),87.12,1732.41,No
CUST-02989,Male,1,Yes,No,9,Yes,Yes,Fiber optic,Yes,No,No,No,No,No,Month-to-month,Yes,Credit card (automatic),65.21,585.26,Yes
CUST-02990,Female,0,No,Yes,21,Yes,No,Fiber optic,No,No,Yes,No,Yes,No,Month-to-month,No,Bank transfer (automatic),87.77,1837.3,Yes
CUST-02991,Female,1,No,Yes,8,Yes,Yes,DSL,No,No,No,No,No,No,Month-to-month,Yes,Electronic check,65.19,515.93,No
CUST-02992,Female,0,No,No,39,Yes,No,DSL,No,No,No,No,No,Yes,Month-to-month,Yes,Bank transfer (automatic),69.76,2724.49,No
CUST-02993,Female,0,No,No,37,Yes,No,No,No internet service,No internet service,No internet service,No internet service,No internet service,No internet service,Two year,Yes,Electronic check,41.83,1553.49,No
CUST-02994,Female,1,Yes,No,29,Yes,Yes,Fiber optic,No,Yes,Yes,No,No,No,Month-to-month,No,Bank transfer (automatic),85.74,2481.59,Yes
CUST-02995,Female,0,Yes,No,35,Yes,Yes,No,No internet service,No internet service,No internet service,No internet service,No internet service,No internet service,Month-to-month,Yes,Bank transfer (automatic),25.41,,Yes
CUST-02996,Male,0,No,No,38,Yes,No,Fiber optic,No,No,No,No,No,Yes,One year,Yes,Electronic check,73.53,2795.74,Yes
CUST-02997,Male,0,Yes,Yes,35,Yes,No,DSL,Yes,No,No,Yes,Yes,No,Month-to-month,No,Credit card (automatic),43.51,1512.94,No
CUST-02998,Male,0,Yes,No,68,Yes,No,DSL,No,No,No,No,Yes,No,Month-to-month,Yes,Mailed check,48.61,3314.25,No
CUST-02999,Female,0,Yes,No,3,Yes,Yes,DSL,No,Yes,Yes,No,No,No,Two year,Yes,Mailed check,49.16,144.28,No
CUST-03000,Female,0,Yes,No,12,Yes,Yes,No,No internet service,No internet service,No internet service,No internet service,No internet service,No internet service,Two year,No,Electronic check,36.41,433.11,No
CUST-03001,Female,0,Yes,No,32,Yes,No,Fiber optic,No,No,Yes,No,No,No,Two year,No,Credit card (automatic),86.79,2779.03,No
CUST-03002,Female,1,No,Yes,47,Yes,No,Fiber optic,Yes,Yes,Yes,Yes,Yes,No,Two year,No,Electronic check,80.63,3786.86,No
CUST-03003,Female,0,Yes,No,63,Yes,No,No,No internet service,No internet service,No internet service,No internet service,No internet service,No internet service,Month-to-month,No,Credit card (automatic),38.17,2400.65,Yes
CUST-03004,Female,1,No,No,26,Yes,No,Fiber optic,No,Yes,No,No,Yes,No,Two year,Yes,Mailed check,75.26,1961.48,No
CUST-03005,Male,0,Yes,Yes,43,Yes,No,No,No internet service,No internet service,No internet service,No internet service,No internet service,No internet service,Two year,Yes,Mailed check,29.12,1256.93,No
CUST-03006,Male,0,No,No,44,Yes,No,DSL,Yes,Yes,No,No,Yes,Yes,Month-to-month,Yes,Mailed check,41.45,1827.51,No
CUST-03007,Female,0,No,No,38,Yes,No,No,No internet service,No internet service,No internet service,No internet service,No internet service,No internet service,One year,No,Credit card (automatic),31.1,1188.94,Yes
CUST-03008,Male,0,No,No,29,Yes,No,No,No internet service,No internet service,No internet service,No internet service,No internet service,No internet service,Month-to-month,Yes,Credit card (automatic),26.63,772.21,No
CUST-03009,Female,1,Yes,No,55,Yes,No,Fiber optic,Yes,No,Yes,No,No,No,Month-to-month,No,Bank transfer (automatic),67.0,3688.05,No
CUST-03010,Male,0,Yes,No,52,No,No phone service,Fiber optic,No,Yes,No,No,No,No,Two year,Yes,Mailed check,67.79,3534.98,No
CUST-03011,Female,0,No,No,19,Yes,Yes,No,No internet service,No internet service,No internet service,No internet service,No internet service,No internet service,Two year,Yes,Bank transfer (automatic),34.72,654.47,No
CUST-03012,Female,0,No,Yes,35,Yes,No,Fiber optic,No,No,Yes,No,Yes,No,Month-to-month,Yes,Electronic check,87.3,3062.42,Yes
CUST-03013,Male,0,Yes,No,48,No,No phone service,DSL,Yes,No,No,Yes,Yes,No,One year,Yes,Mailed check,42.95,2055.78,No
CUST-03014,Male,1,Yes,Yes,60,Yes,Yes,No,No internet service,No internet service,No internet service,No internet service,No internet service,No internet service,Two year,Yes,Electronic check,38.25,2293.99,No
CUST-03015,Female,1,No,No,31,Yes,Yes,Fiber optic,No,No,Yes,No,No,Yes,Month-to-month,Yes,Electronic check,90.91,2816.43,Yes
CUST-03016,Female,0,Yes,No,3,Yes,Yes,Fiber optic,No,Yes,No,Yes,No,No,One year,Yes,Bank transfer (automatic),81.98,250.92,No
CUST-03017,Male,0,Yes,No,35,Yes,Yes,DSL,No,No,Yes,Yes,Yes,No,Month-to-month,No,Credit card (automatic),54.66,1916.86,No
CUST-03018,Male,0,Yes,No,52,Yes,No,DSL,No,No,No,Yes,No,Yes,Month-to-month,Yes,Credit card (automatic),53.8,2802.99,No
CUST-03019,Female,0,Yes,Yes,71,Yes,No,Fiber optic,No,No,No,No,No,Yes,One year,Yes,Credit card (automatic),73.9,5247.88,No
CUST-03020,Male,1,Yes,No,51,Yes,Yes,Fiber optic,No,No,No,No,No,No,Month-to-month,Yes,Electronic check,91.91,4678.93,No
CUST-03021,Female,0,Yes,No,56,Yes,No,No,No internet service,No internet service,No internet service,No internet service,No internet service,No internet service,One year,Yes,Electronic check,41.06,2301.24,Yes
CUST-03022,Female,0,No,No,21,Yes,No,Fiber optic,No,No,No,No,No,No,Month-to-month,Yes,Mailed check,80.35,1682.49,Yes
CUST-03023,Female,0,No,No,1,Yes,No,No,No internet service,No internet service,No internet service,No internet service,No internet service,No internet service,Month-to-month,No,Mailed check,22.27,20.96,Yes
CUST-03024,Female,1,No,No,53,Yes,Yes,DSL,No,No,Yes,No,No,No,Month-to-month,No,Electronic check,67.31,3559.76,No
CUST-03025,Male,0,No,No,6,Yes,Yes,DSL,No,No,No,No,No,No,Month-to-month,No,Electronic check,61.94,365.75,No
CUST-03026,Male,0,No,No,62,Yes,No,Fiber optic,No,Yes,Yes,Yes,No,No,Month-to-month,Yes,Credit card (automatic),89.68,5559.03,No
CUST-03027,Male,0,No,No,47,No,No phone service,DSL,No,No,Yes,No,Yes,No,Month-to-month,No,Electronic check,64.83,3051.01,Yes
CUST-03028,Male,0,Yes,No,50,Yes,Yes,Fiber optic,No,Yes,Yes,No,No,Yes,Month-to-month,No,Credit card (automatic),70.67,3530.57,No
CUST-03029,Male,0,Yes,No,31,Yes,Yes,Fiber optic,Yes,Yes,Yes,No,No,No,Month-to-month,No,Mailed check,66.62,2063.1,Yes
CUST-03030,Male,0,No,No,64,Yes,No,Fiber optic,No,Yes,No,No,No,Yes,Month-to-month,Yes,Credit card (automatic),80.16,5133.1,No
CUST-03031,Male,0,No,Yes,29,Yes,No,DSL,No,No,No,Yes,No,Yes,Month-to-month,Yes,Electronic check,53.98,1559.51,Yes
CUST-03032,Female,0,No,Yes,15,Yes,No,DSL,No,No,No,No,No,No,Month-to-month,No,Electronic check,49.64,736.81,Yes
CUST-03033,Male,0,Yes,No,58,Yes,Yes,DSL,No,Yes,No,Yes,No,Yes,Month-to-month,Yes,Mailed check,61.7,3586.27,No
CUST-03034,Male,0,Yes,Yes,23,Yes,Yes,Fiber optic,Yes,No,No,No,No,No,Month-to-month,No,Electronic check,83.2,1909.92,No
CUST-03035,Female,0,Yes,Yes,38,Yes,No,DSL,No,Yes,Yes,No,Yes,No,Month-to-month,No,Electronic check,51.56,1956.56,Yes
CUST-03036,Male,0,Yes,No,41,Yes,Yes,No,No internet service,No internet service,No internet service,No internet service,No internet service,No internet service,One year,Yes,Mailed check,29.65,1221.7,No
CUST-03037,Male,0,No,Yes,15,Yes,Yes,Fiber optic,Yes,No,Yes,No,No,Yes,Month-to-month,Yes,Bank transfer (automatic),81.18,1212.26,No
CUST-03038,Female,0,No,No,3,Yes,Yes,No,No internet service,No internet service,No internet service,No internet service,No internet service,No internet service,One year,Yes,Bank transfer (automatic),43.22,136.52,No
CUST-03039,Male,1,No,No,1,Yes,Yes,Fiber optic,No,No,No,No,No,No,Month-to-month,Yes,Bank transfer (automatic),80.53,83.46,Yes
CUST-03040,Male,0,No,No,11,Yes,No,No,No internet service,No internet service,No internet service,No internet service,No internet service,No internet service,Month-to-month,Yes,Credit card (automatic),34.64,386.58,Yes
CUST-03041,Male,0,Yes,Yes,60,Yes,No,Fiber optic,No,No,Yes,No,Yes,No,Month-to-month,Yes,Bank transfer (automatic),92.3,5538.3,Yes
CUST-03042,Female,0,Yes,No,65,Yes,Yes,Fiber optic,No,No,No,No,No,No,Two year,Yes,Electronic check,86.5,5613.83,No
CUST-03043,Male,0,No,No,4,Yes,No,DSL,No,Yes,Yes,Yes,Yes,Yes,Month-to-month,No,Mailed check,56.33,230.31,No
CUST-03044,Male,0,Yes,No,25,No,No phone service,No,No internet service,No internet service,No internet service,No internet service,No internet service,No internet service,One year,Yes,Credit card (automatic),27.05,672.45,No
CUST-03045,Female,0,Yes,No,72,Yes,No,DSL,No,No,No,No,No,No,Month-to-month,Yes,Bank transfer (automatic),43.37,3125.42,No
CUST-03046,Male,0,Yes,Yes,43,Yes,Yes,DSL,No,No,No,Yes,No,No,One year,Yes,Bank transfer (automatic),63.58,2725.84,No
CUST-03047,Female,0,Yes,No,40,Yes,No,DSL,No,No,No,No,Yes,Yes,Month-to-month,Yes,Electronic check,63.62,2548.49,No
CUST-03048,Female,0,No,Yes,44,Yes,Yes,DSL,No,No,Yes,No,Yes,No,Month-to-month,Yes,Mailed check,69.16,3036.12,No
CUST-03049,Male,0,Yes,No,72,Yes,No,DSL,No,No,No,Yes,Yes,No,One year,Yes,Credit card (automatic),55.34,3977.99,No
CUST-03050,Female,0,No,No,59,No,No phone service,Fiber optic,No,No,Yes,No,Yes,Yes,Two year,Yes,Electronic check,86.06,5074.6,No
CUST-03051,Female,0,Yes,No,23,Yes,No,Fiber optic,Yes,No,Yes,No,Yes,No,Month-to-month,No,Credit card (automatic),94.34,2178.75,Yes
CUST-03052,Male,0,Yes,No,62,Yes,No,Fiber optic,No,No,No,Yes,No,No,Month-to-month,No,Bank transfer (automatic),83.37,5166.22,Yes
CUST-03053,Female,0,No,No,23,Yes,Yes,DSL,Yes,No,Yes,No,Yes,Yes,Two year,No,Mailed check,64.74,1485.22,No
CUST-03054,Female,1,No,No,58,Yes,No,DSL,No,No,No,No,Yes,No,Month-to-month,Yes,Credit card (automatic),52.32,3030.11,Yes
CUST-03055,Male,0,Yes,No,55,Yes,No,DSL,No,Yes,Yes,No,No,No,Two year,No,Electronic check,45.59,2511.34,No
CUST-03056,Male,0,Yes,No,33,Yes,No,No,No internet service,No internet service,No internet service,No internet service,No internet service,No internet service,Month-to-month,No,Credit card (automatic),40.29,1337.94,Yes
CUST-03057,Male,0,No,No,63,No,No phone service,DSL,No,No,Yes,No,Yes,No,Month-to-month,No,Credit card (automatic),52.91,3331.68,No
CUST-03058,Female,1,Yes,No,60,Yes,No,No,No internet service,No internet service,No internet service,No internet service,No internet service,No internet service,Month-to-month,No,Credit card (automatic),37.32,2240.7,No
CUST-03059,Male,0,Yes,No,61,No,No phone service,DSL,No,Yes,No,Yes,Yes,Yes,Month-to-month,Yes,Mailed check,55.78,3408.76,No
CUST-03060,Female,0,No,No,61,Yes,Yes,Fiber optic,No,No,No,Yes,No,Yes,Two year,Yes,Mailed check,78.71,4802.12,No
CUST-03061,Female,1,Yes,No,69,No,No phone service,Fiber optic,No,Yes,No,No,No,Yes,Two year,Yes,Bank transfer (automatic),66.55,4595.15,No
CUST-03062,Female,1,Yes,Yes,21,Yes,Yes,DSL,Yes,No,No,No,No,Yes,Month-to-month,No,Electronic check,63.07,1329.01,No
CUST-03063,Female,0,Yes,No,3,Yes,No,Fiber optic,No,No,Yes,Yes,Yes,No,One year,Yes,Electronic check,74.64,231.88,Yes
CUST-03064,Female,0,Yes,Yes,48,Yes,Yes,Fiber optic,No,No,No,No,No,No,Month-to-month,No,Mailed check,76.73,3678.62,Yes
CUST-03065,Female,0,Yes,No,10,Yes,Yes,Fiber optic,No,No,No,No,No,Yes,One year,No,Bank transfer (automatic),75.49,745.86,Yes
CUST-03066,Female,0,No,No,42,Yes,No,No,No internet service,No internet service,No internet service,No internet service,No internet service,No internet service,Month-to-month,Yes,Mailed check,35.82,1513.87,Yes
CUST-03067,Male,0,Yes,No,66,Yes,Yes,DSL,No,No,No,Yes,Yes,No,Month-to-month,Yes,Electronic check,61.4,4062.38,Yes
CUST-03068,Male,0,No,No,46,Yes,Yes,Fiber optic,Yes,No,No,Yes,Yes,No,Month-to-month,No,Electronic check,89.46,4123.06,Yes
CUST-03069,Female,0,No,No,9,Yes,No,DSL,No,Yes,No,No,Yes,Yes,Month-to-month,No,Bank transfer (automatic),60.3,538.92,No
CUST-03070,Female,0,Yes,No,49,Yes,Yes,Fiber optic,No,Yes,No,No,No,No,Month-to-month,Yes,Credit card (automatic),92.23,4518.89,No
CUST-03071,Male,0,No,No,4,Yes,Yes,DSL,No,Yes,No,No,Yes,No,Month-to-month,Yes,Mailed check,47.24,194.29,Yes
CUST-03072,Female,0,Yes,No,60,Yes,Yes,DSL,No,Yes,No,Yes,No,Yes,Month-to-month,Yes,Electronic check,54.85,3284.65,No
CUST-03073,Male,0,No,No,29,Yes,Yes,DSL,No,Yes,No,No,No,Yes,Month-to-month,Yes,Bank transfer (automatic),69.07,2011.23,No
CUST-03074,Male,0,No,Yes,47,Yes,No,Fiber optic,Yes,No,Yes,No,No,Yes,Month-to-month,Yes,Mailed check,72.48,3413.44,Yes
CUST-03075,Male,1,No,No,63,Yes,Yes,Fiber optic,Yes,No,No,Yes,Yes,Yes,Two year,Yes,Bank transfer (automatic),86.76,5469.91,No
CUST-03076,Female,0,Yes,No,31,No,No phone service,No,No internet service,No internet service,No internet service,No internet service,No internet service,No internet service,Month-to-month,No,Credit card (automatic),24.42,764.23,No
CUST-03077,Female,0,No,No,51,Yes,No,Fiber optic,No,Yes,Yes,No,No,Yes,One year,Yes,Mailed check,78.69,4014.28,No
CUST-03078,Male,1,No,No,41,Yes,No,Fiber optic,No,No,Yes,Yes,Yes,No,Month-to-month,No,Credit card (automatic),81.14,3319.12,Yes
CUST-03079,Male,0,No,No,36,Yes,No,DSL,Yes,No,No,No,No,No,One year,No,Mailed check,63.99,2298.43,No
CUST-03080,Male,0,Yes,No,40,Yes,Yes,DSL,No,No,Yes,No,No,No,Month-to-month,Yes,Mailed check,58.59,2345.41,No
CUST-03081,Male,1,Yes,No,60,Yes,Yes,No,No internet service,No internet service,No internet service,No internet service,No internet service,No internet service,Two year,Yes,Bank transfer (automatic),18.25,1104.4,No
CUST-03082,Male,0,No,No,15,Yes,Yes,Fiber optic,No,Yes,No,No,Yes,No,One year,No,Bank transfer (automatic),75.1,1116.83,No
CUST-03083,Female,0,No,No,30,Yes,No,Fiber optic,No,No,No,No,Yes,Yes,Two year,No,Mailed check,75.38,2264.56,Yes
CUST-03084,Male,0,No,Yes,30,Yes,No,DSL,Yes,No,No,No,No,Yes,Two year,Yes,Credit card (automatic),54.71,1646.62,No
CUST-03085,Female,0,No,No,27,Yes,No,DSL,No,No,Yes,No,No,Yes,Month-to-month,No,Bank transfer (automatic),67.21,1821.84,No
CUST-03086,Male,0,Yes,Yes,40,Yes,Yes,No,No internet service,No internet service,No internet service,No internet service,No internet service,No internet service,Month-to-month,No,Mailed check,42.39,1704.55,Yes
CUST-03087,Female,1,Yes,Yes,45,Yes,Yes,Fiber optic,Yes,Yes,Yes,No,Yes,No,Month-to-month,No,Bank transfer (automatic),78.8,3538.12,Yes
CUST-03088,Female,0,Yes,Yes,47,Yes,Yes,Fiber optic,No,No,Yes,No,No,No,Month-to-month,No,Electronic check,86.77,4071.73,Yes
CUST-03089,Female,0,No,Yes,56,Yes,Yes,No,No internet service,No internet service,No internet service,No internet service,No internet service,No internet service,Two year,No,Bank transfer (automatic),25.61,1426.61,No
CUST-03090,Female,0,Yes,No,54,Yes,Yes,Fiber optic,No,No,No,Yes,Yes,Yes,Month-to-month,No,Bank transfer (automatic),73.62,3982.84,Yes
CUST-03091,Female,0,No,No,9,No,No phone service,Fiber optic,Yes,Yes,Yes,Yes,Yes,No,One year,Yes,Electronic check,78.88,702.55,Yes
CUST-03092,Female,0,No,No,65,Yes,No,Fiber optic,No,No,No,Yes,Yes,No,One year,No,Bank transfer (automatic),90.39,5865.99,No
CUST-03093,Male,0,No,No,70,No,No phone service,Fiber optic,No,No,Yes,Yes,No,No,Month-to-month,Yes,Electronic check,80.63,5634.48,Yes
CUST-03094,Female,0,Yes,No,1,No,No phone service,DSL,No,No,No,No,No,Yes,Month-to-month,No,Electronic check,54.17,52.38,Yes
CUST-03095,Male,0,No,No,13,Yes,No,Fiber optic,No,No,No,No,Yes,No,Month-to-month,No,Bank transfer (automatic),69.73,908.74,No
CUST-03096,Female,0,Yes,No,38,Yes,Yes,DSL,No,No,No,Yes,Yes,No,Month-to-month,No,Electronic check,62.28,2361.2,No
CUST-03097,Female,0,No,No,45,Yes,No,Fiber optic,No,No,No,Yes,Yes,No,Two year,No,Electronic check,75.87,3409.94,No
CUST-03098,Male,0,Yes,No,40,Yes,Yes,DSL,Yes,No,No,No,Yes,Yes,Month-to-month,No,Credit card (automatic),62.66,2498.74,No
CUST-03099,Female,0,No,Yes,15,Yes,Yes,DSL,No,Yes,Yes,No,Yes,No,Month-to-month,Yes,Credit card (automatic),69.12,1036.01,No
CUST-03100,Male,0,Yes,Yes,50,Yes,Yes,No,No internet service,No internet service,No internet service,No internet service,No internet service,No internet service,One year,No,Electronic check,18.25,912.48,No
CUST-03101,Male,0,No,No,2,Yes,No,Fiber optic,No,No,No,No,No,No,Two year,No,Credit card (automatic),90.87,185.11,No
CUST-03102,Male,0,Yes,No,53,Yes,Yes,DSL,No,Yes,No,No,No,No,Two year,Yes,Bank transfer (automatic),45.01,2386.46,No
CUST-03103,Male,0,No,Yes,26,Yes,No,No,No internet service,No internet service,No internet service,No internet service,No internet service,No internet service,Month-to-month,No,Mailed check,41.07,1063.2,No
CUST-03104,Female,1,No,Yes,66,Yes,Yes,Fiber optic,No,No,No,No,Yes,Yes,Two year,Yes,Mailed check,86.82,5737.69,No
CUST-03105,Female,0,No,Yes,33,Yes,No,DSL,Yes,No,No,No,No,Yes,Two year,No,Electronic check,52.66,1734.56,No
CUST-03106,Male,0,Yes,No,59,Yes,No,Fiber optic,No,No,Yes,No,Yes,No,Month-to-month,Yes,Electronic check,78.68,4646.13,Yes
CUST-03107,Female,0,No,No,26,Yes,Yes,Fiber optic,No,Yes,No,No,No,No,Two year,Yes,Electronic check,73.73,1921.23,No
CUST-03108,Female,0,No,No,21,Yes,Yes,Fiber optic,Yes,Yes,Yes,No,Yes,Yes,Month-to-month,Yes,Electronic check,85.97,1797.58,No
CUST-03109,Male,0,No,Yes,49,Yes,Yes,No,No internet service,No internet service,No internet service,No internet service,No internet service,No internet service,Month-to-month,Yes,Bank transfer (automatic),41.91,2054.25,Yes
CUST-03110,Female,0,Yes,No,71,Yes,No,DSL,No,No,No,No,No,No,Two year,No,Credit card (automatic),57.49,4080.11,No
CUST-03111,Male,0,No,Yes,71,No,No phone service,DSL,No,No,No,No,Yes,Yes,Month-to-month,No,Mailed check,48.82,3473.81,No
CUST-03112,Male,1,No,No,66,Yes,Yes,DSL,No,Yes,Yes,Yes,Yes,No,Month-to-month,No,Mailed check,61.52,4058.19,Yes
CUST-03113,Female,1,Yes,Yes,37,Yes,No,DSL,No,No,Yes,No,No,No,Month-to-month,Yes,Credit card (automatic),47.61,1753.83,No
CUST-03114,Female,0,No,No,14,Yes,No,Fiber optic,No,No,No,No,No,Yes,Month-to-month,No,Bank transfer (automatic),72.97,1029.16,No
CUST-03115,Female,0,Yes,No,72,Yes,No,No,No internet service,No internet service,No internet service,No internet service,No internet service,No internet service,Month-to-month,Yes,Electronic check,34.14,2465.94,No
CUST-03116,Male,0,No,No,7,Yes,Yes,DSL,Yes,Yes,No,No,Yes,No,Month-to-month,No,Mailed check,42.85,304.47,No
CUST-03117,Male,0,Yes,No,38,Yes,Yes,DSL,No,No,No,No,No,No,One year,Yes,Credit card (automatic),51.88,1973.03,No
CUST-03118,Female,0,Yes,No,45,Yes,Yes,No,No internet service,No internet service,No internet service,No internet service,No internet service,No internet service,Two year,No,Bank transfer (automatic),26.05,1178.58,No
CUST-03119,Female,0,Yes,Yes,22,Yes,Yes,DSL,No,Yes,Yes,No,No,No,Month-to-month,No,Mailed check,41.59,908.1,No
CUST-03120,Female,0,No,No,44,No,No phone service,Fiber optic,No,No,Yes,Yes,Yes,No,Two year,No,Mailed check,92.54,4075.33,Yes
CUST-03121,Female,0,No,No,35,Yes,No,DSL,No,No,No,No,No,Yes,Two year,No,Credit card (automatic),68.13,2377.84,No
CUST-03122,Male,0,Yes,No,60,Yes,No,DSL,Yes,Yes,Yes,No,No,Yes,One year,Yes,Bank transfer (automatic),51.92,3120.45,No
CUST-03123,Female,0,No,No,3,Yes,Yes,DSL,No,No,No,No,No,Yes,Month-to-month,Yes,Mailed check,51.08,145.98,Yes
CUST-03124,Male,0,No,No,67,No,No phone service,DSL,No,Yes,No,Yes,No,No,Two year,Yes,Bank transfer (automatic),43.65,2929.12,No
CUST-03125,Male,0,Yes,No,72,Yes,Yes,Fiber optic,No,No,No,No,Yes,Yes,Month-to-month,No,Bank transfer (automatic),81.88,5887.72,Yes
CUST-03126,Female,0,Yes,Yes,55,Yes,No,DSL,No,Yes,Yes,No,Yes,No,Month-to-month,Yes,Mailed check,50.43,2779.43,No
CUST-03127,Female,0,Yes,No,9,Yes,No,DSL,No,No,No,Yes,Yes,No,One year,Yes,Bank transfer (automatic),65.29,580.77,No
CUST-03128,Female,1,Yes,Yes,69,Yes,Yes,Fiber optic,No,No,No,No,No,Yes,Two year,Yes,Mailed check,86.99,6001.02,No
CUST-03129,Male,0,No,No,28,Yes,No,No,No internet service,No internet service,No internet service,No internet service,No internet service,No internet service,One year,Yes,Mailed check,18.7,530.92,No
CUST-03130,Female,0,No,No,15,Yes,No,Fiber optic,No,No,Yes,Yes,Yes,Yes,Month-to-month,Yes,Electronic check,71.44,1076.38,Yes
CUST-03131,Female,0,No,Yes,31,Yes,Yes,DSL,Yes,Yes,Yes,No,No,Yes,Two year,No,Electronic check,43.54,1356.9,No
CUST-03132,Male,0,No,No,59,Yes,No,DSL,No,No,No,No,No,No,One year,No,Credit card (automatic),44.07,2603.22,No
CUST-03133,Female,0,No,No,54,Yes,Yes,Fiber optic,Yes,Yes,No,Yes,Yes,Yes,Two year,Yes,Electronic check,67.01,3616.18,No
CUST-03134,Male,0,No,No,68,Yes,No,Fiber optic,Yes,No,Yes,No,No,No,One year,No,Electronic check,75.98,5163.59,No
CUST-03135,Female,0,Yes,Yes,47,Yes,No,Fiber optic,No,Yes,No,No,No,Yes,Month-to-month,No,Mailed check,83.18,3902.36,No
CUST-03136,Male,0,No,No,42,Yes,Yes,DSL,No,No,Yes,No,No,No,Month-to-month,Yes,Mailed check,68.89,2892.2,No
CUST-03137,Female,0,No,No,23,Yes,Yes,DSL,No,No,Yes,No,No,No,One year,Yes,Electronic check,52.73,1220.79,No
CUST-03138,Female,0,No,No,65,Yes,Yes,No,No internet service,No internet service,No internet service,No internet service,No internet service,No internet service,Month-to-month,Yes,Credit card (automatic),43.56,2836.77,Yes
CUST-03139,Male,0,Yes,No,54,Yes,No,No,No internet service,No internet service,No internet service,No internet service,No internet service,No internet service,Month-to-month,Yes,Electronic check,18.25,976.23,Yes
CUST-03140,Male,0,Yes,Yes,11,Yes,No,Fiber optic,Yes,No,Yes,Yes,No,Yes,Month-to-month,Yes,Bank transfer (automatic),69.9,762.73,No
CUST-03141,Female,0,No,No,63,Yes,Yes,No,No internet service,No internet service,No internet service,No internet service,No internet service,No internet service,Month-to-month,Yes,Bank transfer (automatic),27.06,1708.09,No
CUST-03142,Male,0,Yes,No,22,Yes,Yes,DSL,Yes,Yes,No,Yes,Yes,Yes,Two year,Yes,Bank transfer (automatic),51.81,1134.22,No
CUST-03143,Male,0,Yes,No,54,Yes,Yes,No,No internet service,No internet service,No internet service,No internet service,No internet service,No internet service,One year,Yes,Credit card (automatic),18.25,983.66,No
CUST-03144,Male,0,No,Yes,36,Yes,Yes,Fiber optic,No,No,No,Yes,No,No,Two year,Yes,Credit card (automatic),66.78,2412.53,No
CUST-03145,Male,0,No,No,58,Yes,No,Fiber optic,No,No,Yes,Yes,No,Yes,Two year,Yes,Electronic check,74.77,4345.21,No
CUST-03146,Female,1,No,No,20,Yes,No,Fiber optic,No,Yes,No,No,No,No,Month-to-month,No,Credit card (automatic),74.4,1483.26,Yes
CUST-03147,Female,0,Yes,No,16,Yes,Yes,DSL,No,No,No,No,No,Yes,Month-to-month,Yes,Mailed check,48.58,778.96,No
CUST-03148,Male,0,Yes,No,56,Yes,Yes,DSL,No,Yes,No,No,No,Yes,Month-to-month,No,Bank transfer (automatic),55.69,3122.67,Yes
CUST-03149,Male,0,No,No,50,Yes,No,Fiber optic,No,No,Yes,Yes,No,Yes,Month-to-month,Yes,Electronic check,70.96,3542.35,Yes
CUST-03150,Male,0,Yes,No,66,No,No phone service,DSL,No,No,Yes,No,No,Yes,Two year,Yes,Bank transfer (automatic),55.18,3633.66,No
CUST-03151,Male,1,Yes,Yes,13,Yes,No,Fiber optic,No,No,Yes,Yes,Yes,Yes,Month-to-month,No,Credit card (automatic),66.52,861.31,Yes
CUST-03152,Female,0,Yes,No,15,Yes,No,Fiber optic,Yes,No,No,No,Yes,No,Month-to-month,No,Electronic check,79.94,1208.26,Yes
CUST-03153,Female,0,No,No,27,Yes,No,DSL,No,No,No,No,Yes,Yes,One year,Yes,Electronic check,62.44,1692.69,No
CUST-03154,Male,0,No,No,8,Yes,No,Fiber optic,Yes,Yes,No,Yes,No,No,Month-to-month,No,Mailed check,92.68,733.7,Yes
CUST-03155,Male,0,No,Yes,70,Yes,Yes,DSL,No,Yes,No,Yes,No,Yes,Month-to-month,Yes,Bank transfer (automatic),66.86,4687.72,No
CUST-03156,Male,0,No,No,50,Yes,Yes,DSL,Yes,No,No,No,Yes,Yes,Month-to-month,Yes,Mailed check,59.41,2973.74,Yes
CUST-03157,Female,1,No,No,67,Yes,No,Fiber optic,No,No,Yes,Yes,Yes,Yes,One year,No,Bank transfer (automatic),94.47,6329.37,No
CUST-03158,Male,0,Yes,Yes,26,Yes,Yes,Fiber optic,No,No,Yes,No,No,Yes,Month-to-month,Yes,Mailed check,75.99,1976.41,No
CUST-03159,Female,0,Yes,No,36,Yes,Yes,DSL,No,No,No,Yes,No,Yes,One year,Yes,Credit card (automatic),60.79,2193.23,No
CUST-03160,Male,1,Yes,No,21,Yes,No,DSL,No,No,Yes,No,Yes,No,Month-to-month,No,Mailed check,69.68,1463.31,Yes
CUST-03161,Female,0,Yes,Yes,52,Yes,No,Fiber optic,Yes,Yes,Yes,No,No,No,Two year,Yes,Mailed check,85.84,4464.17,No
CUST-03162,Male,0,Yes,No,11,Yes,Yes,DSL,No,No,Yes,No,Yes,Yes,Month-to-month,No,Mailed check,47.77,522.07,No
CUST-03163,Female,0,Yes,No,8,Yes,No,No,No internet service,No internet service,No internet service,No internet service,No internet service,No internet service,Two year,Yes,Bank transfer (automatic),39.38,320.17,No
CUST-03164,Male,0,No,No,57,Yes,No,No,No internet service,No internet service,No internet service,No internet service,No internet service,No internet service,One year,Yes,Credit card (automatic),25.51,1450.68,No
CUST-03165,Male,0,No,Yes,46,Yes,Yes,DSL,No,No,Yes,No,Yes,No,Month-to-month,Yes,Credit card (automatic),48.46,2236.74,Yes
CUST-03166,Male,0,Yes,No,2,Yes,Yes,No,No internet service,No internet service,No internet service,No internet service,No internet service,No internet service,Two year,Yes,Electronic check,39.82,84.93,No
CUST-03167,Female,0,No,No,64,Yes,Yes,Fiber optic,Yes,Yes,Yes,No,Yes,Yes,Month-to-month,Yes,Credit card (automatic),77.03,4929.55,Yes
CUST-03168,Male,0,Yes,No,52,Yes,No,Fiber optic,No,No,No,No,No,No,One year,Yes,Electronic check,84.37,4388.74,Yes
CUST-03169,Female,0,Yes,No,65,Yes,Yes,DSL,No,Yes,No,No,No,Yes,Two year,No,Credit card (automatic),66.04,4301.47,No
CUST-03170,Female,0,No,No,11,No,No phone service,DSL,No,No,No,No,No,Yes,Month-to-month,No,Credit card (automatic),44.58,490.33,Yes
CUST-03171,Male,0,No,Yes,6,Yes,No,No,No internet service,No internet service,No internet service,No internet service,No internet service,No internet service,Month-to-month,No,Mailed check,33.45,206.19,Yes
CUST-03172,Male,0,Yes,No,64,No,No phone service,Fiber optic,No,No,No,No,Yes,No,Two year,Yes,Credit card (automatic),70.39,4498.67,No
CUST-03173,Male,0,No,No,55,Yes,Yes,Fiber optic,No,No,No,No,Yes,No,Month-to-month,Yes,Bank transfer (automatic),83.11,4566.95,No
CUST-03174,Female,0,Yes,No,44,Yes,No,DSL,No,No,Yes,No,Yes,Yes,One year,Yes,Electronic check,54.72,2400.27,Yes
CUST-03175,Male,0,Yes,No,14,No,No phone service,No,No internet service,No internet service,No internet service,No internet service,No internet service,No internet service,Two year,Yes,Electronic check,41.2,574.5,No
CUST-03176,Female,0,Yes,No,5,Yes,No,Fiber optic,No,No,No,No,No,Yes,Month-to-month,Yes,Electronic check,92.03,468.77,Yes
CUST-03177,Female,0,Yes,No,25,Yes,No,Fiber optic,No,No,No,Yes,No,No,Month-to-month,Yes,Credit card (automatic),88.11,2193.92,Yes
CUST-03178,Male,0,Yes,No,50,Yes,Yes,DSL,Yes,Yes,No,No,No,Yes,One year,Yes,Bank transfer (automatic),58.86,2947.74,No
CUST-03179,Male,0,No,No,71,Yes,Yes,No,No internet service,No internet service,No internet service,No internet service,No internet service,No internet service,Month-to-month,No,Mailed check,23.49,1674.71,Yes
CUST-03180,Male,0,Yes,Yes,2,Yes,Yes,Fiber optic,Yes,No,No,No,Yes,No,One year,Yes,Electronic check,79.64,159.77,Yes
CUST-03181,Male,0,No,Yes,10,Yes,Yes,DSL,No,No,No,Yes,No,Yes,Two year,Yes,Credit card (automatic),44.64,450.77,No
CUST-03182,Male,0,Yes,No,2,Yes,No,Fiber optic,No,Yes,Yes,No,No,Yes,Two year,Yes,Electronic check,65.24,138.8,No
CUST-03183,Male,0,No,No,60,Yes,No,No,No internet service,No internet service,No internet service,No internet service,No internet service,No internet service,Month-to-month,No,Mailed check,32.01,1923.2,Yes
CUST-03184,Female,1,Yes,No,45,Yes,Yes,Fiber optic,No,No,No,No,Yes,No,Two year,No,Electronic check,72.86,3287.08,No
CUST-03185,Female,0,No,No,8,Yes,Yes,Fiber optic,No,No,No,No,Yes,No,One year,Yes,Bank transfer (automatic),73.38,582.22,Yes
CUST-03186,Female,0,Yes,No,58,No,No phone service,DSL,Yes,No,No,No,Yes,No,One year,Yes,Electronic check,45.35,2620.66,No
CUST-03187,Male,0,Yes,No,7,Yes,No,Fiber optic,Yes,No,Yes,No,No,No,One year,No,Bank transfer (automatic),67.33,464.79,No
CUST-03188,Female,0,No,No,72,Yes,No,Fiber optic,No,No,No,No,Yes,No,Month-to-month,No,Bank transfer (automatic),72.46,5225.88,No
CUST-03189,Female,0,No,Yes,21,Yes,Yes,Fiber optic,No,No,No,No,Yes,No,Two year,No,Credit card (automatic),72.04,1512.51,Yes
CUST-03190,Female,0,No,No,47,Yes,Yes,Fiber optic,No,No,Yes,No,No,No,Month-to-month,Yes,Bank transfer (automatic),77.38,3636.19,No
CUST-03191,Female,0,No,No,1,Yes,No,DSL,No,Yes,No,No,No,No,Two year,No,Mailed check,42.29,49.25,No
CUST-03192,Female,0,No,No,12,No,No phone service,No,No internet service,No internet service,No internet service,No internet service,No internet service,No internet service,Month-to-month,No,Mailed check,28.92,353.34,No
CUST-03193,Male,0,No,Yes,48,Yes,No,Fiber optic,Yes,No,Yes,No,No,No,Two year,No,Electronic check,66.65,3198.28,No
CUST-03194,Male,0,Yes,Yes,4,Yes,Yes,Fiber optic,Yes,Yes,No,Yes,No,No,Month-to-month,No,Bank transfer (automatic),70.87,288.32,Yes
CUST-03195,Female,0,Yes,No,34,No,No phone service,DSL,No,Yes,Yes,No,No,Yes,Month-to-month,Yes,Electronic check,65.3,2220.38,Yes
CUST-03196,Female,0,Yes,No,32,No,No phone service,No,No internet service,No internet service,No internet service,No internet service,No internet service,No internet service,Month-to-month,Yes,Electronic check,18.25,580.61,No
CUST-03197,Female,0,No,No,3,Yes,No,Fiber optic,Yes,No,No,Yes,No,Yes,Month-to-month,Yes,Electronic check,68.14,202.94,No
CUST-03198,Male,0,No,No,68,Yes,Yes,DSL,Yes,No,No,Yes,Yes,Yes,One year,Yes,Bank transfer (automatic),57.53,3915.87,No
CUST-03199,Male,0,No,No,57,Yes,No,No,No internet service,No internet service,No internet service,No internet service,No internet service,No internet service,One year,No,Bank transfer (automatic),22.89,1299.99,No
CUST-03200,Female,1,Yes,No,24,Yes,No,DSL,No,No,Yes,No,Yes,No,Month-to-month,Yes,Electronic check,63.2,1510.06,No
CUST-03201,Male,1,No,No,33,Yes,No,Fiber optic,No,No,No,Yes,Yes,No,Month-to-month,Yes,Electronic check,77.82,2562.96,No
CUST-03202,Male,0,Yes,Yes,3,Yes,No,Fiber optic,Yes,No,Yes,No,Yes,Yes,One year,No,Credit card (automatic),82.18,254.33,Yes
CUST-03203,Female,0,No,No,4,Yes,Yes,No,No internet service,No internet service,No internet service,No internet service,No internet service,No internet service,Two year,No,Bank transfer (automatic),18.32,75.53,No
CUST-03204,Male,0,No,No,30,Yes,No,DSL,No,Yes,Yes,No,Yes,No,Two year,Yes,Electronic check,60.92,1823.93,No
CUST-03205,Male,0,No,No,70,Yes,No,Fiber optic,No,No,No,No,No,No,Two year,No,Mailed check,93.4,6540.21,No
CUST-03206,Female,0,Yes,No,49,No,No phone service,Fiber optic,No,No,No,Yes,Yes,No,Month-to-month,Yes,Electronic check,93.82,4604.1,Yes
CUST-03207,Male,0,No,Yes,30,Yes,Yes,DSL,Yes,No,No,No,Yes,Yes,Two year,Yes,Electronic check,59.48,1782.45,No
CUST-03208,Male,1,Yes,No,72,Yes,No,No,No internet service,No internet service,No internet service,No internet service,No internet service,No internet service,Month-to-month,No,Mailed check,18.25,1307.71,No
CUST-03209,Female,0,No,No,16,Yes,Yes,No,No internet service,No internet service,No internet service,No internet service,No internet service,No internet service,One year,Yes,Credit card (automatic),40.76,647.21,Yes
CUST-03210,Male,0,No,No,53,Yes,No,Fiber optic,Yes,Yes,No,No,No,No,Two year,No,Credit card (automatic),94.8,5029.22,No
CUST-03211,Male,0,No,No,6,No,No phone service,No,No internet service,No internet service,No internet service,No internet service,No internet service,No internet service,Month-to-month,Yes,Bank transfer (automatic),19.04,108.93,Yes
CUST-03212,Female,0,No,No,24,Yes,No,Fiber optic,No,No,Yes,Yes,No,Yes,Month-to-month,Yes,Mailed check,89.87,2152.95,Yes
CUST-03213,Female,0,Yes,No,28,Yes,No,Fiber optic,Yes,Yes,No,No,Yes,No,Two year,Yes,Bank transfer (automatic),69.67,1959.12,No
CUST-03214,Female,0,No,No,21,No,No phone service,Fiber optic,Yes,No,No,No,No,No,One year,No,Credit card (automatic),78.42,1649.01,No
CUST-03215,Male,0,Yes,No,8,No,No phone service,Fiber optic,Yes,No,No,No,Yes,Yes,Month-to-month,No,Credit card (automatic),92.74,734.12,Yes
CUST-03216,Female,0,No,No,36,Yes,No,Fiber optic,Yes,Yes,No,No,No,Yes,Month-to-month,No,Electronic check,92.96,3352.39,Yes
CUST-03217,Male,1,No,Yes,9,Yes,No,Fiber optic,Yes,No,Yes,No,Yes,Yes,Two year,Yes,Mailed check,81.58,728.75,No
CUST-03218,Female,0,No,Yes,40,Yes,No,Fiber optic,No,No,Yes,No,No,No,Month-to-month,Yes,Bank transfer (automatic),93.09,3723.18,Yes
CUST-03219,Male,0,Yes,No,51,Yes,Yes,Fiber optic,No,No,No,Yes,No,Yes,One year,No,Credit card (automatic),66.13,3362.87,No
CUST-03220,Female,0,No,Yes,1,No,No phone service,No,No internet service,No internet service,No internet service,No internet service,No internet service,No internet service,Month-to-month,Yes,Electronic check,35.59,44.73,Yes
CUST-03221,Female,0,Yes,Yes,63,Yes,Yes,Fiber optic,Yes,No,Yes,No,Yes,No,One year,Yes,Bank transfer (automatic),77.85,4911.13,No
CUST-03222,Female,0,Yes,No,68,Yes,Yes,DSL,No,No,No,No,Yes,No,Month-to-month,No,Electronic check,56.61,3859.17,No
CUST-03223,Female,1,No,Yes,26,Yes,No,Fiber optic,No,No,No,No,Yes,No,Month-to-month,Yes,Electronic check,70.81,1843.82,Yes
CUST-03224,Male,0,Yes,Yes,40,Yes,Yes,Fiber optic,No,Yes,No,No,No,No,Month-to-month,No,Credit card (automatic),71.05,2847.31,No
CUST-03225,Female,1,No,No,3,Yes,No,DSL,No,No,No,Yes,No,No,Month-to-month,No,Bank transfer (automatic),61.88,178.04,No
CUST-03226,Female,0,Yes,No,9,Yes,Yes,No,No internet service,No internet service,No internet service,No internet service,No internet service,No internet service,Two year,No,Bank transfer (automatic),38.04,339.52,No
CUST-03227,Male,0,Yes,No,32,Yes,No,DSL,No,No,No,No,No,Yes,Month-to-month,Yes,Electronic check,59.21,1891.52,Yes
CUST-03228,Female,1,Yes,No,67,No,No phone service,Fiber optic,No,No,No,Yes,Yes,Yes,Month-to-month,Yes,Electronic check,75.37,5041.91,No
CUST-03229,Male,0,Yes,No,4,Yes,No,No,No internet service,No internet service,No internet service,No internet service,No internet service,No internet service,Two year,No,Mailed check,36.18,141.51,No
CUST-03230,Female,0,No,No,6,Yes,No,Fiber optic,No,No,Yes,No,No,No,Month-to-month,Yes,Credit card (automatic),80.54,486.17,Yes
CUST-03231,Female,0,Yes,No,26,Yes,No,Fiber optic,Yes,No,Yes,Yes,No,No,Two year,No,Mailed check,86.03,2230.73,No
CUST-03232,Female,0,No,No,2,Yes,No,No,No internet service,No internet service,No internet service,No internet service,No internet service,No internet service,One year,Yes,Mailed check,21.46,38.57,Yes
CUST-03233,Male,0,Yes,No,66,Yes,Yes,No,No internet service,No internet service,No internet service,No internet service,No internet service,No internet service,Month-to-month,Yes,Electronic check,29.76,1960.68,No
CUST-03234,Female,1,No,No,3,Yes,Yes,No,No internet service,No internet service,No internet service,No internet service,No internet service,No internet service,Two year,No,Credit card (automatic),18.77,65.18,No
CUST-03235,Female,0,No,No,35,Yes,Yes,Fiber optic,No,No,No,Yes,Yes,Yes,Month-to-month,Yes,Bank transfer (automatic),93.87,3291.1,Yes
CUST-03236,Female,0,Yes,Yes,59,Yes,No,Fiber optic,No,No,Yes,No,No,No,Month-to-month,Yes,Mailed check,94.81,5586.43,No
CUST-03237,Male,1,Yes,No,38,Yes,No,Fiber optic,No,Yes,No,No,No,No,Month-to-month,No,Electronic check,77.88,2967.7,Yes
CUST-03238,Male,0,No,Yes,33,Yes,No,DSL,No,No,No,No,No,Yes,One year,Yes,Mailed check,51.89,1718.1,No
CUST-03239,Female,0,Yes,No,15,Yes,No,No,No internet service,No internet service,No internet service,No internet service,No internet service,No internet service,Month-to-month,Yes,Electronic check,27.84,415.92,No
CUST-03240,Male,0,Yes,No,14,Yes,No,No,No internet service,No internet service,No internet service,No internet service,No internet service,No internet service,Two year,Yes,Mailed check,20.6,283.37,No
CUST-03241,Female,0,Yes,No,66,Yes,No,Fiber optic,Yes,Yes,No,No,No,No,Month-to-month,Yes,Electronic check,71.24,4698.45,No
CUST-03242,Female,0,Yes,Yes,45,Yes,Yes,DSL,Yes,No,Yes,No,Yes,No,Month-to-month,No,Electronic check,69.25,3116.05,No
CUST-03243,Female,1,Yes,No,48,Yes,No,DSL,No,No,No,No,Yes,Yes,Month-to-month,No,Credit card (automatic),50.17,2411.56,Yes
CUST-03244,Female,0,Yes,Yes,44,Yes,No,DSL,No,No,No,Yes,Yes,No,One year,Yes,Mailed check,66.11,2916.42,No
CUST-03245,Female,0,Yes,No,37,Yes,No,Fiber optic,No,Yes,Yes,No,No,No,Month-to-month,Yes,Credit card (automatic),65.23,2405.09,Yes
CUST-03246,Female,0,Yes,No,29,Yes,No,Fiber optic,No,Yes,No,Yes,Yes,No,Month-to-month,No,Electronic check,82.89,2401.4,No
CUST-03247,Female,0,Yes,Yes,34,Yes,No,No,No internet service,No internet service,No internet service,No internet service,No internet service,No internet service,Month-to-month,Yes,Bank transfer (automatic),21.83,743.92,No
CUST-03248,Male,0,No,No,59,Yes,Yes,No,No internet service,No internet service,No internet service,No internet service,No internet service,No internet service,Two year,Yes,Mailed check,32.1,1897.0,No
CUST-03249,Male,0,Yes,Yes,43,Yes,No,Fiber optic,No,No,No,No,No,No,Month-to-month,Yes,Credit card (automatic),85.1,3656.62,Yes
CUST-03250,Male,0,Yes,No,33,Yes,No,No,No internet service,No internet service,No internet service,No internet service,No internet service,No internet service,Month-to-month,No,Credit card (automatic),39.39,1296.17,No
CUST-03251,Male,0,Yes,Yes,19,Yes,Yes,Fiber optic,No,No,Yes,No,Yes,Yes,Two year,Yes,Mailed check,72.36,1374.16,No
CUST-03252,Male,0,Yes,Yes,8,Yes,Yes,DSL,No,No,No,Yes,Yes,Yes,Two year,Yes,Credit card (automatic),59.17,470.43,No
CUST-03253,Male,0,Yes,Yes,31,Yes,No,No,No internet service,No internet service,No internet service,No internet service,No internet service,No internet service,Month-to-month,No,Mailed check,18.25,568.53,No
CUST-03254,Male,0,No,Yes,11,Yes,Yes,DSL,Yes,No,No,No,Yes,No,One year,No,Bank transfer (automatic),69.98,762.67,No
CUST-03255,Female,0,No,No,8,No,No phone service,No,No internet service,No internet service,No internet service,No internet service,No internet service,No internet service,Month-to-month,Yes,Electronic check,27.55,214.82,No
CUST-03256,Female,0,Yes,No,25,Yes,No,Fiber optic,No,No,Yes,Yes,No,Yes,Two year,Yes,Mailed check,70.95,1765.13,No
CUST-03257,Female,0,No,No,20,Yes,Yes,Fiber optic,Yes,No,Yes,No,No,No,Month-to-month,No,Bank transfer (automatic),84.34,1681.68,No
CUST-03258,Female,0,Yes,Yes,38,Yes,No,No,No internet service,No internet service,No internet service,No internet service,No internet service,No internet service,Month-to-month,Yes,Mailed check,31.02,1182.95,No
CUST-03259,Male,0,Yes,No,7,Yes,Yes,Fiber optic,No,Yes,No,No,No,No,Month-to-month,No,Mailed check,65.1,446.75,Yes
CUST-03260,Male,0,No,No,39,Yes,No,No,No internet service,No internet service,No internet service,No internet service,No internet service,No internet service,Month-to-month,No,Credit card (automatic),27.06,1056.96,No
CUST-03261,Female,0,No,No,72,Yes,No,Fiber optic,Yes,No,No,No,Yes,No,Month-to-month,Yes,Mailed check,89.84,6466.76,No
CUST-03262,Female,0,No,No,20,Yes,Yes,No,No internet service,No internet service,No internet service,No internet service,No internet service,No internet service,Month-to-month,No,Bank transfer (automatic),22.78,461.51,No
CUST-03263,Male,0,No,No,11,Yes,Yes,Fiber optic,No,No,No,No,No,No,Month-to-month,No,Mailed check,93.8,1038.48,No
CUST-03264,Female,0,No,Yes,16,Yes,No,Fiber optic,No,No,No,Yes,No,Yes,Month-to-month,Yes,Bank transfer (automatic),90.94,1463.91,Yes
CUST-03265,Female,0,Yes,No,42,No,No phone service,Fiber optic,No,No,No,Yes,No,No,Two year,No,Credit card (automatic),76.13,3196.24,Yes
CUST-03266,Female,1,Yes,No,52,Yes,Yes,Fiber optic,Yes,No,No,No,Yes,No,Month-to-month,Yes,Mailed check,77.03,4014.39,Yes
CUST-03267,Female,1,Yes,No,37,No,No phone service,No,No internet service,No internet service,No internet service,No internet service,No internet service,No internet service,One year,No,Electronic check,28.57,1049.46,No
CUST-03268,Male,0,No,Yes,52,Yes,Yes,No,No internet service,No internet service,No internet service,No internet service,No internet service,No internet service,Two year,No,Mailed check,34.11,1765.67,No
CUST-03269,Female,0,Yes,Yes,9,Yes,Yes,Fiber optic,No,No,No,Yes,No,No,Two year,Yes,Credit card (automatic),74.83,669.02,No
CUST-03270,Female,0,No,No,35,No,No phone service,No,No internet service,No internet service,No internet service,No internet service,No internet service,No internet service,Two year,Yes,Electronic check,18.25,645.45,No
CUST-03271,Male,0,Yes,Yes,67,Yes,No,Fiber optic,No,No,No,No,No,Yes,Month-to-month,Yes,Bank transfer (automatic),78.1,5224.1,Yes
CUST-03272,Male,0,No,Yes,7,Yes,No,DSL,No,No,No,Yes,Yes,No,Month-to-month,Yes,Electronic check,54.84,380.13,Yes
CUST-03273,Female,0,No,No,2,Yes,Yes,Fiber optic,Yes,No,No,No,No,No,Month-to-month,No,Mailed check,86.28,180.97,Yes
CUST-03274,Male,0,Yes,No,25,Yes,Yes,Fiber optic,No,No,Yes,No,Yes,Yes,Month-to-month,Yes,Bank transfer (automatic),65.54,1639.71,No
CUST-03275,Female,0,Yes,No,41,No,No phone service,DSL,No,Yes,No,Yes,No,No,Month-to-month,No,Mailed check,58.96,2408.11,No
CUST-03276,Female,1,Yes,Yes,52,Yes,No,Fiber optic,Yes,No,No,No,Yes,Yes,One year,Yes,Electronic check,67.29,3494.76,No
CUST-03277,Male,0,Yes,No,65,Yes,No,Fiber optic,No,Yes,No,No,No,Yes,One year,Yes,Credit card (automatic),80.76,5252.34,No
CUST-03278,Female,0,No,Yes,38,Yes,Yes,DSL,Yes,Yes,Yes,No,Yes,No,One year,Yes,Credit card (automatic),46.03,1739.53,No
CUST-03279,Female,0,Yes,No,67,Yes,Yes,Fiber optic,No,No,Yes,No,Yes,No,Two year,No,Credit card (automatic),91.38,6122.22,No
CUST-03280,Female,0,No,No,42,Yes,No,DSL,No,Yes,No,No,Yes,Yes,Two year,Yes,Electronic check,52.81,2227.91,No
CUST-03281,Female,0,Yes,No,71,Yes,Yes,DSL,No,No,No,No,No,No,One year,Yes,Bank transfer (automatic),43.74,3102.21,No
CUST-03282,Male,0,Yes,No,54,Yes,Yes,No,No internet service,No internet service,No internet service,No internet service,No internet service,No internet service,Two year,No,Electronic check,18.25,980.09,No
CUST-03283,Male,0,Yes,No,67,Yes,No,DSL,Yes,Yes,No,No,No,Yes,One year,No,Bank transfer (automatic),65.56,4384.17,No
CUST-03284,Female,0,Yes,Yes,64,Yes,Yes,Fiber optic,No,Yes,No,No,Yes,Yes,Two year,Yes,Mailed check,93.13,5950.84,No
CUST-03285,Male,0,Yes,Yes,4,Yes,No,Fiber optic,No,Yes,No,No,Yes,Yes,Month-to-month,Yes,Electronic check,86.79,353.38,Yes
CUST-03286,Female,1,No,No,31,Yes,No,No,No internet service,No internet service,No internet service,No internet service,No internet service,No internet service,Two year,Yes,Bank transfer (automatic),34.92,1078.03,No
CUST-03287,Female,0,Yes,Yes,13,Yes,No,Fiber optic,No,No,No,No,Yes,Yes,Month-to-month,No,Bank transfer (automatic),72.46,932.6,No
CUST-03288,Female,0,No,No,27,Yes,No,DSL,No,Yes,No,No,No,Yes,One year,No,Mailed check,61.76,1669.01,No
CUST-03289,Female,0,Yes,Yes,59,Yes,Yes,No,No internet service,No internet service,No internet service,No internet service,No internet service,No internet service,Month-to-month,Yes,Electronic check,19.61,1151.25,No
CUST-03290,Female,0,No,No,65,Yes,No,Fiber optic,No,No,No,Yes,Yes,No,One year,No,Mailed check,89.46,5806.94,No
CUST-03291,Male,0,Yes,No,64,Yes,No,Fiber optic,Yes,No,No,No,No,Yes,Two year,No,Bank transfer (automatic),78.11,4997.07,No
CUST-03292,Female,0,Yes,No,25,Yes,No,DSL,No,No,No,No,No,Yes,Two year,No,Credit card (automatic),66.24,1648.09,No
CUST-03293,Male,0,Yes,No,37,Yes,Yes,No,No internet service,No internet service,No internet service,No internet service,No internet service,No internet service,Two year,No,Electronic check,25.29,927.68,No
CUST-03294,Male,0,No,Yes,71,Yes,Yes,Fiber optic,No,Yes,No,No,No,No,Month-to-month,No,Electronic check,65.34,4638.3,No
CUST-03295,Female,0,No,No,14,Yes,Yes,No,No internet service,No internet service,No internet service,No internet service,No internet service,No internet service,Two year,Yes,Credit card (automatic),39.36,543.57,No
CUST-03296,Female,0,Yes,No,24,Yes,Yes,DSL,Yes,No,No,No,Yes,No,Month-to-month,No,Bank transfer (automatic),66.44,1595.24,Yes
CUST-03297,Female,1,Yes,Yes,67,No,No phone service,Fiber optic,No,No,No,Yes,No,Yes,One year,Yes,Bank transfer (automatic),65.57,4397.25,Yes
CUST-03298,Female,0,Yes,No,48,Yes,Yes,DSL,No,No,Yes,No,No,No,Two year,No,Electronic check,47.7,2284.39,No
CUST-03299,Female,0,No,No,65,No,No phone service,Fiber optic,Yes,No,Yes,No,No,No,Two year,Yes,Electronic check,74.52,4848.84,No
CUST-03300,Male,0,Yes,No,38,Yes,Yes,No,No internet service,No internet service,No internet service,No internet service,No internet service,No internet service,Two year,Yes,Bank transfer (automatic),32.94,1246.12,No
CUST-03301,Female,1,No,No,70,Yes,No,DSL,No,No,No,No,No,Yes,Month-to-month,Yes,Credit card (automatic),47.08,3302.89,No
CUST-03302,Female,0,Yes,No,59,Yes,No,DSL,No,Yes,No,No,Yes,Yes,Month-to-month,No,Electronic check,67.78,3990.42,Yes
CUST-03303,Male,0,No,No,12,Yes,No,Fiber optic,No,Yes,No,No,No,Yes,Month-to-month,Yes,Electronic check,93.9,1134.48,Yes
CUST-03304,Male,0,No,Yes,54,Yes,No,DSL,No,No,No,Yes,No,Yes,One year,Yes,Credit card (automatic),57.56,3104.07,No
CUST-03305,Female,0,No,No,51,Yes,Yes,Fiber optic,Yes,Yes,Yes,Yes,Yes,Yes,Two year,Yes,Electronic check,94.57,4825.83,No
CUST-03306,Male,0,Yes,No,38,Yes,Yes,DSL,No,Yes,Yes,No,Yes,No,Month-to-month,No,Bank transfer (automatic),45.12,1709.34,No
CUST-03307,Female,0,No,No,46,Yes,Yes,No,No internet service,No internet service,No internet service,No internet service,No internet service,No internet service,Two year,Yes,Mailed check,18.46,845.29,No
CUST-03308,Male,1,Yes,No,10,Yes,Yes,DSL,No,Yes,No,No,No,No,Month-to-month,Yes,Mailed check,52.17,519.49,No
CUST-03309,Male,0,No,No,9,Yes,Yes,No,No internet service,No internet service,No internet service,No internet service,No internet service,No internet service,Two year,No,Credit card (automatic),38.87,348.64,Yes
CUST-03310,Female,1,Yes,No,52,Yes,No,Fiber optic,No,No,Yes,No,Yes,Yes,Month-to-month,Yes,Electronic check,82.68,4290.95,No
CUST-03311,Male,0,No,No,51,Yes,Yes,DSL,No,Yes,No,Yes,Yes,No,Two year,Yes,Electronic check,58.9,2994.68,No
CUST-03312,Male,0,No,No,22,Yes,No,DSL,No,Yes,No,No,Yes,No,Month-to-month,No,Electronic check,68.76,1519.4,No
CUST-03313,Male,1,Yes,Yes,72,Yes,No,No,No internet service,No internet service,No internet service,No internet service,No internet service,No internet service,Month-to-month,Yes,Mailed check,32.94,2372.54,No
CUST-03314,Male,0,Yes,No,68,No,No phone service,Fiber optic,Yes,No,Yes,No,No,Yes,Two year,Yes,Bank transfer (automatic),78.01,5297.57,No
CUST-03315,Male,0,No,No,5,Yes,Yes,Fiber optic,No,No,No,No,Yes,No,Two year,Yes,Electronic check,88.54,438.89,No
CUST-03316,Male,0,No,No,29,Yes,Yes,DSL,No,No,No,No,No,Yes,Month-to-month,No,Electronic check,62.95,1817.21,Yes
CUST-03317,Female,0,Yes,Yes,6,Yes,No,DSL,No,No,No,No,No,No,Month-to-month,Yes,Electronic check,68.41,403.7,No
CUST-03318,Female,0,No,No,69,Yes,Yes,Fiber optic,Yes,Yes,No,No,No,No,Month-to-month,Yes,Bank transfer (automatic),83.43,5754.56,Yes
CUST-03319,Male,0,No,No,58,Yes,Yes,Fiber optic,Yes,Yes,Yes,No,No,No,One year,Yes,Bank transfer (automatic),65.44,3796.88,No
CUST-03320,Female,0,Yes,No,43,Yes,Yes,Fiber optic,No,No,No,No,No,No,Two year,Yes,Credit card (automatic),75.01,3228.47,No
CUST-03321,Female,0,Yes,Yes,69,No,No phone service,No,No internet service,No internet service,No internet service,No internet service,No internet service,No internet service,One year,No,Electronic check,27.64,1909.44,No
CUST-03322,Female,0,Yes,No,72,Yes,No,Fiber optic,No,Yes,Yes,No,No,No,Month-to-month,Yes,Bank transfer (automatic),86.77,6240.76,No
CUST-03323,Male,0,No,Yes,37,Yes,Yes,DSL,No,Yes,No,Yes,Yes,No,Month-to-month,Yes,Electronic check,57.84,2137.32,Yes
CUST-03324,Female,0,No,No,58,No,No phone service,No,No internet service,No internet service,No internet service,No internet service,No internet service,No internet service,Two year,No,Bank transfer (automatic),34.06,1978.41,No
CUST-03325,Male,0,No,Yes,37,Yes,Yes,Fiber optic,Yes,Yes,No,No,Yes,Yes,Month-to-month,Yes,Bank transfer (automatic),72.95,2698.13,Yes
CUST-03326,Female,0,Yes,No,26,Yes,No,No,No internet service,No internet service,No internet service,No internet service,No internet service,No internet service,Two year,Yes,Mailed check,39.88,1039.54,No
CUST-03327,Male,0,No,Yes,42,Yes,No,No,No internet service,No internet service,No internet service,No internet service,No internet service,No internet service,Month-to-month,Yes,Bank transfer (automatic),24.6,1036.88,Yes
CUST-03328,Male,0,Yes,Yes,16,Yes,Yes,DSL,No,No,Yes,No,Yes,Yes,Month-to-month,Yes,Credit card (automatic),61.47,979.91,Yes
CUST-03329,Female,1,Yes,Yes,22,Yes,Yes,Fiber optic,No,Yes,No,Yes,Yes,No,One year,Yes,Electronic check,72.87,1598.41,Yes
CUST-03330,Female,0,No,No,23,Yes,Yes,DSL,No,No,No,No,No,Yes,Month-to-month,Yes,Bank transfer (automatic),58.98,1355.73,Yes
CUST-03331,Male,0,Yes,No,47,Yes,Yes,Fiber optic,Yes,Yes,No,No,Yes,No,Month-to-month,Yes,Credit card (automatic),80.25,3770.72,Yes
CUST-03332,Female,0,No,No,67,Yes,No,Fiber optic,No,Yes,No,No,No,Yes,One year,Yes,Credit card (automatic),68.87,4622.53,No
CUST-03333,Female,0,Yes,No,3,Yes,No,Fiber optic,No,Yes,No,Yes,No,Yes,One year,Yes,Electronic check,74.13,230.77,Yes
CUST-03334,Female,0,Yes,No,12,Yes,No,Fiber optic,No,No,No,No,No,Yes,One year,Yes,Bank transfer (automatic),81.24,970.1,No
CUST-03335,Male,0,Yes,No,23,Yes,No,No,No internet service,No internet service,No internet service,No internet service,No internet service,No internet service,Two year,Yes,Mailed check,28.17,639.08,No
CUST-03336,Male,0,No,Yes,11,Yes,No,DSL,No,No,Yes,No,No,Yes,Month-to-month,No,Bank transfer (automatic),52.11,576.73,Yes
CUST-03337,Female,1,Yes,Yes,52,No,No phone service,DSL,No,Yes,No,Yes,No,No,Month-to-month,No,Electronic check,61.71,3199.49,Yes
CUST-03338,Female,0,No,No,50,Yes,Yes,Fiber optic,Yes,No,No,No,No,No,Month-to-month,Yes,Credit card (automatic),86.5,4324.48,No
CUST-03339,Female,0,Yes,No,57,Yes,No,Fiber optic,Yes,No,Yes,No,No,Yes,Month-to-month,Yes,Credit card (automatic),94.79,5405.41,No
CUST-03340,Male,0,Yes,Yes,64,No,No phone service,Fiber optic,No,Yes,Yes,Yes,Yes,No,Two year,Yes,Mailed check,68.67,4388.49,No
CUST-03341,Male,1,Yes,Yes,46,Yes,No,Fiber optic,Yes,No,No,No,No,No,Month-to-month,Yes,Mailed check,72.45,3328.57,Yes
CUST-03342,Female,0,No,Yes,29,No,No phone service,Fiber optic,No,Yes,No,Yes,No,Yes,One year,Yes,Electronic check,73.65,2145.59,No
CUST-03343,Female,0,No,No,70,Yes,No,DSL,No,Yes,No,No,No,Yes,Two year,Yes,Bank transfer (automatic),49.27,3443.01,No
CUST-03344,Female,0,No,Yes,46,Yes,No,DSL,Yes,No,No,No,Yes,Yes,One year,Yes,Electronic check,49.94,2287.69,No
CUST-03345,Female,0,No,No,16,Yes,No,Fiber optic,Yes,Yes,No,No,No,No,Month-to-month,Yes,Mailed check,81.99,1305.29,No
CUST-03346,Female,0,No,No,51,Yes,No,DSL,No,Yes,No,No,No,No,Two year,No,Mailed check,41.43,2106.07,No
CUST-03347,Female,0,Yes,No,11,Yes,Yes,DSL,Yes,No,No,No,No,Yes,Month-to-month,Yes,Electronic check,53.97,591.18,Yes
CUST-03348,Male,0,Yes,Yes,11,Yes,Yes,DSL,No,No,No,No,No,No,Month-to-month,Yes,Credit card (automatic),61.25,679.9,Yes
CUST-03349,Female,0,No,Yes,63,Yes,Yes,Fiber optic,No,No,Yes,Yes,No,No,One year,No,Bank transfer (automatic),86.75,5465.28,Yes
CUST-03350,Male,0,No,No,53,Yes,No,No,No internet service,No internet service,No internet service,No internet service,No internet service,No internet service,Month-to-month,Yes,Electronic check,31.58,1679.25,No
CUST-03351,Female,0,No,No,58,Yes,Yes,No,No internet service,No internet service,No internet service,No internet service,No internet service,No internet service,Two year,Yes,Mailed check,42.63,2481.14,No
CUST-03352,Female,0,No,No,19,Yes,Yes,No,No internet service,No internet service,No internet service,No internet service,No internet service,No internet service,Month-to-month,Yes,Electronic check,20.74,385.12,Yes
CUST-03353,Male,0,Yes,No,32,Yes,Yes,DSL,No,No,No,No,Yes,No,Two year,Yes,Electronic check,69.58,2223.79,No
CUST-03354,Male,0,No,No,50,No,No phone service,No,No internet service,No internet service,No internet service,No internet service,No internet service,No internet service,Month-to-month,Yes,Electronic check,20.04,1002.49,Yes
CUST-03355,Male,0,No,No,72,Yes,Yes,Fiber optic,Yes,Yes,No,No,No,No,Month-to-month,No,Electronic check,75.31,5422.28,Yes
CUST-03356,Male,0,No,No,55,Yes,No,No,No internet service,No internet service,No internet service,No internet service,No internet service,No internet service,Month-to-month,Yes,Electronic check,18.25,1010.14,Yes
CUST-03357,Female,0,No,No,41,Yes,No,No,No internet service,No internet service,No internet service,No internet service,No internet service,No internet service,Month-to-month,Yes,Bank transfer (automatic),43.86,1795.07,No
CUST-03358,Male,0,Yes,Yes,70,Yes,No,Fiber optic,No,No,No,Yes,No,No,Month-to-month,No,Electronic check,82.43,5760.52,No
CUST-03359,Female,0,Yes,Yes,21,Yes,No,DSL,Yes,No,No,No,Yes,Yes,Two year,Yes,Bank transfer (automatic),60.26,1265.14,No
CUST-03360,Male,0,No,Yes,26,Yes,No,Fiber optic,No,No,No,Yes,No,No,Two year,Yes,Bank transfer (automatic),93.81,2439.52,Yes
CUST-03361,Female,0,Yes,Yes,1,Yes,No,DSL,Yes,No,Yes,Yes,Yes,Yes,Month-to-month,Yes,Electronic check,62.69,65.89,Yes
CUST-03362,Female,0,Yes,No,27,Yes,Yes,DSL,No,No,No,No,No,No,Month-to-month,No,Electronic check,69.38,1876.07,No
CUST-03363,Female,1,No,No,50,Yes,Yes,DSL,No,No,Yes,No,No,No,Month-to-month,Yes,Bank transfer (automatic),56.01,2810.03,No
CUST-03364,Female,0,No,No,66,Yes,No,Fiber optic,No,No,No,Yes,No,No,Month-to-month,No,Electronic check,86.61,5722.52,Yes
CUST-03365,Female,1,Yes,No,65,Yes,No,DSL,No,No,No,No,No,No,Month-to-month,No,Electronic check,44.7,2908.28,No
CUST-03366,Female,0,Yes,Yes,10,Yes,No,No,No internet service,No internet service,No internet service,No internet service,No internet service,No internet service,Two year,Yes,Bank transfer (automatic),18.25,191.17,Yes
CUST-03367,Male,1,Yes,No,37,Yes,No,DSL,No,Yes,No,No,No,Yes,Month-to-month,Yes,Credit card (automatic),53.35,1964.72,Yes
CUST-03368,Female,0,Yes,Yes,69,Yes,Yes,Fiber optic,Yes,No,No,Yes,No,No,Month-to-month,No,Bank transfer (automatic),67.7,4672.46,No
CUST-03369,Male,0,Yes,No,41,Yes,Yes,DSL,No,No,No,No,Yes,No,One year,No,Electronic check,55.05,2254.31,No
CUST-03370,Male,0,No,No,46,Yes,No,No,No internet service,No internet service,No internet service,No internet service,No internet service,No internet service,One year,Yes,Credit card (automatic),25.6,1186.8,No
CUST-03371,Female,0,Yes,No,45,Yes,No,Fiber optic,No,Yes,Yes,No,No,Yes,Two year,Yes,Mailed check,70.57,3170.91,No
CUST-03372,Male,0,Yes,No,27,Yes,No,DSL,Yes,No,No,No,No,No,Month-to-month,Yes,Electronic check,69.55,1872.52,Yes
CUST-03373,Female,0,Yes,Yes,65,Yes,No,Fiber optic,No,No,No,No,No,No,Month-to-month,Yes,Electronic check,93.2,6048.63,No
CUST-03374,Male,0,Yes,No,8,Yes,No,DSL,Yes,Yes,No,No,Yes,No,Two year,Yes,Credit card (automatic),48.36,380.16,No
CUST-03375,Female,0,Yes,Yes,67,Yes,No,Fiber optic,No,No,Yes,No,No,Yes,One year,No,Mailed check,77.83,5211.33,Yes
CUST-03376,Male,0,Yes,Yes,49,Yes,Yes,Fiber optic,No,No,No,No,Yes,Yes,Month-to-month,Yes,Mailed check,85.06,4165.2,No
CUST-03377,Female,0,Yes,No,14,Yes,Yes,DSL,No,Yes,No,No,No,No,Month-to-month,No,Credit card (automatic),55.82,772.42,No
CUST-03378,Female,0,Yes,Yes,62,Yes,Yes,Fiber optic,Yes,Yes,No,No,No,Yes,Month-to-month,Yes,Mailed check,92.36,5733.32,No
CUST-03379,Female,0,No,No,43,Yes,Yes,DSL,No,Yes,No,Yes,No,No,One year,No,Mailed check,69.63,2989.63,No
CUST-03380,Female,0,No,No,27,Yes,No,Fiber optic,Yes,No,No,No,No,Yes,One year,Yes,Bank transfer (automatic),66.87,1808.45,No
CUST-03381,Male,1,Yes,No,27,Yes,Yes,Fiber optic,Yes,No,Yes,No,Yes,No,One year,Yes,Credit card (automatic),78.48,2126.32,No
CUST-03382,Female,0,No,Yes,68,Yes,Yes,Fiber optic,Yes,No,Yes,No,No,Yes,One year,Yes,Credit card (automatic),76.32,5196.96,No
CUST-03383,Male,0,No,No,48,Yes,No,No,No internet service,No internet service,No internet service,No internet service,No internet service,No internet service,Two year,No,Bank transfer (automatic),18.25,873.79,No
CUST-03384,Male,0,No,No,67,Yes,Yes,Fiber optic,No,No,No,Yes,Yes,Yes,Two year,Yes,Credit card (automatic),92.35,6185.45,No
CUST-03385,Male,0,No,No,25,Yes,Yes,Fiber optic,Yes,Yes,No,Yes,No,Yes,One year,Yes,Credit card (automatic),69.68,1742.71,No
CUST-03386,Female,0,No,No,64,Yes,Yes,No,No internet service,No internet service,No internet service,No internet service,No internet service,No internet service,One year,No,Bank transfer (automatic),18.25,1161.56,No
CUST-03387,Male,0,No,No,24,Yes,No,No,No internet service,No internet service,No internet service,No internet service,No internet service,No internet service,Month-to-month,Yes,Mailed check,18.25,439.52,No
CUST-03388,Male,0,Yes,No,9,No,No phone service,No,No internet service,No internet service,No internet service,No internet service,No internet service,No internet service,Month-to-month,Yes,Electronic check,28.13,263.05,No
CUST-03389,Male,1,Yes,No,8,Yes,No,No,No internet service,No internet service,No internet service,No internet service,No internet service,No internet service,One year,No,Bank transfer (automatic),27.32,219.64,No
CUST-03390,Female,0,No,Yes,59,Yes,No,No,No internet service,No internet service,No internet service,No internet service,No internet service,No internet service,Two year,Yes,Mailed check,42.15,2489.18,No
CUST-03391,Female,0,Yes,No,17,No,No phone service,DSL,No,Yes,No,Yes,Yes,No,Month-to-month,Yes,Credit card (automatic),40.58,680.64,No
CUST-03392,Male,1,No,No,43,Yes,No,DSL,Yes,No,No,No,No,No,One year,No,Electronic check,67.74,2910.18,No
CUST-03393,Female,0,Yes,No,68,Yes,No,Fiber optic,No,No,Yes,Yes,Yes,Yes,One year,No,Credit card (automatic),77.13,5240.87,Yes
CUST-03394,Female,0,Yes,Yes,4,Yes,No,No,No internet service,No internet service,No internet service,No internet service,No internet service,No internet service,Two year,No,Credit card (automatic),21.59,85.67,No
CUST-03395,Male,0,Yes,No,8,Yes,Yes,DSL,Yes,No,Yes,No,No,No,One year,Yes,Electronic check,69.32,556.39,No
CUST-03396,Male,0,No,No,42,Yes,Yes,Fiber optic,Yes,No,No,Yes,Yes,No,Two year,Yes,Credit card (automatic),92.43,3874.86,No
CUST-03397,Female,0,Yes,No,49,Yes,Yes,No,No internet service,No internet service,No internet service,No internet service,No internet service,No internet service,One year,Yes,Bank transfer (automatic),33.87,1652.11,No
CUST-03398,Male,0,Yes,Yes,6,Yes,Yes,No,No internet service,No internet service,No internet service,No internet service,No internet service,No internet service,One year,Yes,Electronic check,18.25,106.94,No
CUST-03399,Female,0,No,No,42,Yes,No,Fiber optic,No,Yes,No,No,No,No,Month-to-month,Yes,Bank transfer (automatic),88.16,3709.61,Yes
CUST-03400,Female,1,No,No,72,Yes,Yes,Fiber optic,Yes,No,No,No,No,No,One year,Yes,Credit card (automatic),67.32,4838.96,No
CUST-03401,Female,0,Yes,No,32,Yes,No,DSL,Yes,Yes,Yes,No,No,Yes,One year,No,Mailed check,47.81,1527.56,No
CUST-03402,Female,1,No,No,15,Yes,Yes,No,No internet service,No internet service,No internet service,No internet service,No internet service,No internet service,Two year,No,Bank transfer (automatic),33.13,498.43,No
CUST-03403,Female,1,Yes,No,69,Yes,No,No,No internet service,No internet service,No internet service,No internet service,No internet service,No internet service,Month-to-month,No,Electronic check,18.25,1252.48,Yes
CUST-03404,Female,0,Yes,No,27,Yes,Yes,No,No internet service,No internet service,No internet service,No internet service,No internet service,No internet service,Month-to-month,Yes,Electronic check,23.93,639.58,No
CUST-03405,Male,0,No,No,66,Yes,Yes,No,No internet service,No internet service,No internet service,No internet service,No internet service,No internet service,Two year,Yes,Credit card (automatic),25.75,1701.22,No
CUST-03406,Male,0,No,Yes,59,Yes,Yes,DSL,Yes,No,No,No,No,No,Month-to-month,No,Electronic check,41.54,2452.02,No
CUST-03407,Female,0,Yes,No,28,Yes,Yes,Fiber optic,No,No,No,No,Yes,No,Month-to-month,Yes,Mailed check,81.97,2300.22,Yes
CUST-03408,Female,0,No,Yes,24,Yes,No,DSL,No,No,No,Yes,No,No,One year,Yes,Electronic check,60.26,1441.51,No
CUST-03409,Female,1,Yes,Yes,51,Yes,Yes,Fiber optic,No,No,No,No,No,Yes,One year,No,Credit card (automatic),67.83,3460.6,No
CUST-03410,Male,0,No,No,21,Yes,No,DSL,Yes,Yes,No,No,No,No,Month-to-month,No,Bank transfer (automatic),51.26,1084.24,Yes
CUST-03411,Female,0,No,No,31,Yes,No,DSL,No,Yes,No,Yes,Yes,Yes,Two year,No,Electronic check,49.57,1535.26,No
CUST-03412,Male,0,No,No,50,Yes,Yes,No,No internet service,No internet service,No internet service,No internet service,No internet service,No internet service,Month-to-month,No,Credit card (automatic),29.74,1484.42,No
CUST-03413,Female,0,No,No,40,No,No phone service,Fiber optic,Yes,No,No,No,No,Yes,Month-to-month,Yes,Mailed check,92.98,3725.72,No
CUST-03414,Female,0,No,No,68,No,No phone service,No,No internet service,No internet service,No internet service,No internet service,No internet service,No internet service,One year,Yes,Credit card (automatic),29.67,2023.17,No
CUST-03415,Male,0,Yes,Yes,16,Yes,Yes,Fiber optic,No,No,Yes,No,No,No,Month-to-month,No,Electronic check,65.08,1037.71,No
CUST-03416,Male,0,Yes,Yes,63,Yes,No,DSL,No,Yes,No,No,Yes,Yes,Month-to-month,No,Mailed check,41.09,2583.99,Yes
CUST-03417,Female,0,Yes,No,56,Yes,No,Fiber optic,No,No,Yes,No,No,Yes,Month-to-month,Yes,Electronic check,75.24,4216.14,No
CUST-03418,Female,0,No,Yes,24,Yes,Yes,No,No internet service,No internet service,No internet service,No internet service,No internet service,No internet service,Two year,Yes,Bank transfer (automatic),18.25,433.29,No
CUST-03419,Female,0,Yes,No,28,Yes,No,Fiber optic,No,No,Yes,No,No,No,Month-to-month,No,Electronic check,73.94,2068.89,No
CUST-03420,Male,0,Yes,No,31,Yes,Yes,No,No internet service,No internet service,No internet service,No internet service,No internet service,No internet service,Month-to-month,Yes,Bank transfer (automatic),34.21,1060.34,Yes
CUST-03421,Male,0,No,No,15,Yes,No,DSL,No,No,No,Yes,Yes,No,Month-to-month,No,Bank transfer (automatic),47.76,722.87,No
CUST-03422,Male,0,No,No,42,Yes,Yes,Fiber optic,No,No,Yes,No,No,No,Month-to-month,Yes,Electronic check,68.44,2883.31,Yes
CUST-03423,Male,0,No,Yes,50,Yes,No,No,No internet service,No internet service,No internet service,No internet service,No internet service,No internet service,Month-to-month,Yes,Electronic check,36.04,1802.7,No
CUST-03424,Male,0,Yes,No,5,Yes,Yes,DSL,No,No,No,No,Yes,Yes,Month-to-month,Yes,Bank transfer (automatic),67.52,339.52,Yes
CUST-03425,Male,1,Yes,Yes,48,Yes,Yes,Fiber optic,No,No,No,No,No,No,Two year,No,Mailed check,92.32,4428.91,Yes
CUST-03426,Female,0,No,No,13,Yes,Yes,Fiber optic,Yes,No,No,No,No,Yes,Month-to-month,No,Bank transfer (automatic),84.58,1097.54,No
CUST-03427,Female,0,Yes,Yes,32,Yes,Yes,Fiber optic,Yes,No,No,No,Yes,No,Month-to-month,Yes,Mailed check,70.55,2261.62,Yes
CUST-03428,Male,1,Yes,No,67,Yes,No,DSL,No,Yes,No,No,No,Yes,One year,Yes,Mailed check,66.2,4444.85,No
CUST-03429,Female,0,No,No,30,No,No phone service,Fiber optic,No,No,No,Yes,No,Yes,Month-to-month,Yes,Electronic check,87.85,2626.65,Yes
CUST-03430,Female,0,Yes,No,6,Yes,Yes,No,No internet service,No internet service,No internet service,No internet service,No internet service,No internet service,Month-to-month,No,Bank transfer (automatic),40.17,246.43,No
CUST-03431,Male,1,No,No,25,Yes,No,DSL,Yes,Yes,No,No,Yes,Yes,Month-to-month,No,Bank transfer (automatic),44.46,1109.04,No
CUST-03432,Female,0,Yes,No,28,Yes,No,Fiber optic,No,No,Yes,No,No,Yes,Month-to-month,Yes,Bank transfer (automatic),79.52,2224.8,No
CUST-03433,Male,0,No,No,62,Yes,Yes,DSL,Yes,No,No,No,No,Yes,One year,Yes,Mailed check,55.99,3467.86,No
CUST-03434,Male,1,Yes,No,22,Yes,No,Fiber optic,No,Yes,No,Yes,Yes,No,Month-to-month,Yes,Mailed check,88.25,1942.32,Yes
CUST-03435,Female,0,Yes,No,68,Yes,No,Fiber optic,No,No,No,Yes,Yes,Yes,Two year,No,Credit card (automatic),74.77,5086.07,No
CUST-03436,Male,0,No,No,15,No,No phone service,Fiber optic,Yes,Yes,No,No,No,No,Month-to-month,Yes,Electronic check,75.4,1134.3,Yes
CUST-03437,Male,0,No,No,26,Yes,Yes,DSL,No,No,Yes,No,No,No,Month-to-month,Yes,Mailed check,66.58,1733.29,No
CUST-03438,Male,0,No,No,63,Yes,Yes,DSL,No,No,Yes,Yes,Yes,Yes,Two year,Yes,Electronic check,62.21,3924.72,Yes
CUST-03439,Male,0,No,Yes,18,Yes,Yes,Fiber optic,No,Yes,Yes,No,No,No,Month-to-month,No,Bank transfer (automatic),84.17,1517.52,Yes
CUST-03440,Male,0,Yes,No,63,Yes,Yes,No,No internet service,No internet service,No internet service,No internet service,No internet service,No internet service,Month-to-month,No,Credit card (automatic),18.63,1183.3,No
CUST-03441,Male,1,No,No,62,Yes,No,DSL,Yes,No,No,Yes,Yes,No,Month-to-month,Yes,Mailed check,42.07,2604.75,No
CUST-03442,Male,1,No,No,68,No,No phone service,Fiber optic,No,No,No,No,Yes,Yes,Month-to-month,No,Bank transfer (automatic),84.37,5739.8,Yes
CUST-03443,Male,1,No,No,48,Yes,Yes,Fiber optic,Yes,No,No,No,Yes,No,Month-to-month,No,Mailed check,80.39,3850.96,No
CUST-03444,Female,0,No,No,50,Yes,Yes,DSL,Yes,Yes,No,No,Yes,No,One year,No,Bank transfer (automatic),69.54,3474.75,No
CUST-03445,Female,0,No,No,63,Yes,Yes,Fiber optic,Yes,No,No,No,No,No,Month-to-month,Yes,Bank transfer (automatic),90.56,5697.75,Yes
CUST-03446,Female,1,Yes,No,69,Yes,Yes,Fiber optic,No,No,No,Yes,Yes,No,One year,No,Bank transfer (automatic),82.1,5666.35,No
CUST-03447,Male,1,No,No,6,Yes,No,Fiber optic,No,No,No,Yes,No,Yes,Month-to-month,Yes,Electronic check,68.58,419.34,Yes
CUST-03448,Male,0,No,No,58,Yes,No,DSL,No,No,No,Yes,Yes,No,Two year,Yes,Electronic check,42.95,2494.79,No
CUST-03449,Female,0,No,No,51,Yes,Yes,No,No internet service,No internet service,No internet service,No internet service,No internet service,No internet service,Two year,Yes,Bank transfer (automatic),28.85,1481.19,No
CUST-03450,Female,0,Yes,No,12,Yes,No,DSL,No,Yes,No,Yes,No,Yes,Month-to-month,Yes,Electronic check,44.48,540.27,Yes
CUST-03451,Female,0,Yes,Yes,47,Yes,No,DSL,No,Yes,No,No,No,No,Month-to-month,No,Electronic check,60.56,2853.96,No
CUST-03452,Male,0,Yes,No,9,Yes,Yes,Fiber optic,No,No,Yes,Yes,Yes,Yes,Month-to-month,Yes,Electronic check,66.41,602.21,Yes
CUST-03453,Female,1,No,No,7,Yes,Yes,DSL,No,Yes,No,No,No,Yes,One year,Yes,Mailed check,69.82,483.34,Yes
CUST-03454,Female,0,No,No,29,Yes,No,DSL,Yes,No,Yes,No,Yes,Yes,Two year,Yes,Electronic check,68.38,1981.02,No
CUST-03455,Male,0,Yes,No,51,Yes,No,Fiber optic,Yes,Yes,No,No,No,No,One year,Yes,Credit card (automatic),83.12,4242.97,No
CUST-03456,Female,0,Yes,No,55,Yes,No,Fiber optic,Yes,No,Yes,No,No,No,Two year,No,Bank transfer (automatic),70.94,3903.67,No
CUST-03457,Male,0,No,No,59,Yes,No,Fiber optic,Yes,Yes,No,Yes,No,No,Month-to-month,Yes,Electronic check,73.47,4335.74,No
CUST-03458,Male,0,No,No,56,Yes,Yes,Fiber optic,Yes,No,No,Yes,Yes,No,One year,Yes,Credit card (automatic),73.83,4128.91,No
CUST-03459,Male,0,No,No,22,Yes,No,No,No internet service,No internet service,No internet service,No internet service,No internet service,No internet service,Two year,No,Electronic check,20.59,461.92,No
CUST-03460,Female,0,Yes,No,18,Yes,Yes,No,No internet service,No internet service,No internet service,No internet service,No internet service,No internet service,One year,No,Credit card (automatic),18.3,320.37,Yes
CUST-03461,Female,0,No,No,58,Yes,No,DSL,No,No,No,Yes,Yes,No,Month-to-month,No,Mailed check,59.89,3482.63,No
CUST-03462,Male,0,No,No,40,Yes,No,Fiber optic,No,Yes,Yes,No,Yes,Yes,One year,Yes,Mailed check,87.44,3492.42,No
CUST-03463,Female,0,Yes,No,31,Yes,Yes,DSL,Yes,No,No,No,No,Yes,Month-to-month,No,Mailed check,47.33,1467.23,Yes
CUST-03464,Female,0,Yes,No,56,Yes,Yes,No,No internet service,No internet service,No internet service,No internet service,No internet service,No internet service,Month-to-month,Yes,Electronic check,37.75,2113.68,Yes
CUST-03465,Female,1,Yes,No,35,Yes,No,No,No internet service,No internet service,No internet service,No internet service,No internet service,No internet service,Two year,Yes,Bank transfer (automatic),19.95,689.35,No
CUST-03466,Female,0,No,Yes,26,Yes,No,DSL,Yes,No,No,No,Yes,No,Month-to-month,Yes,Mailed check,46.99,1228.25,Yes
CUST-03467,Male,0,Yes,No,68,Yes,Yes,Fiber optic,No,Yes,No,No,No,Yes,Month-to-month,Yes,Electronic check,88.53,6011.69,Yes
CUST-03468,Female,0,Yes,No,34,Yes,No,No,No internet service,No internet service,No internet service,No internet service,No internet service,No internet service,One year,No,Electronic check,44.33,1499.49,No
CUST-03469,Male,1,No,No,16,Yes,Yes,Fiber optic,Yes,No,No,Yes,Yes,No,Two year,Yes,Bank transfer (automatic),88.34,1407.32,Yes
CUST-03470,Male,0,No,Yes,42,Yes,Yes,Fiber optic,Yes,No,No,No,Yes,Yes,Month-to-month,No,Electronic check,70.92,2979.99,No
CUST-03471,Female,0,Yes,No,5,Yes,No,No,No internet service,No internet service,No internet service,No internet service,No internet service,No internet service,Month-to-month,Yes,Bank transfer (automatic),23.94,119.86,No
CUST-03472,Male,0,No,Yes,61,Yes,No,No,No internet service,No internet service,No internet service,No internet service,No internet service,No internet service,Month-to-month,No,Electronic check,34.19,2091.63,No
CUST-03473,Female,0,Yes,No,44,Yes,Yes,Fiber optic,No,No,Yes,No,Yes,No,Month-to-month,Yes,Bank transfer (automatic),93.64,4121.02,No
CUST-03474,Female,1,No,No,35,Yes,Yes,No,No internet service,No internet service,No internet service,No internet service,No internet service,No internet service,Two year,No,Mailed check,44.84,1569.75,No
CUST-03475,Male,0,No,No,1,Yes,Yes,Fiber optic,Yes,No,No,No,No,No,Month-to-month,Yes,Electronic check,82.63,76.59,Yes
CUST-03476,Male,0,Yes,No,43,Yes,Yes,DSL,Yes,No,Yes,Yes,No,No,One year,Yes,Bank transfer (automatic),53.09,2278.61,No
CUST-03477,Male,0,Yes,No,32,Yes,Yes,Fiber optic,No,Yes,Yes,No,Yes,Yes,Month-to-month,No,Bank transfer (automatic),72.25,2311.43,Yes
CUST-03478,Male,0,Yes,Yes,63,Yes,Yes,DSL,Yes,No,No,No,Yes,Yes,Month-to-month,Yes,Bank transfer (automatic),42.29,2670.94,No
CUST-03479,Female,0,No,No,33,Yes,No,Fiber optic,No,No,No,No,Yes,No,Two year,No,Credit card (automatic),74.22,2447.87,No
CUST-03480,Female,0,Yes,No,66,Yes,No,No,No internet service,No internet service,No internet service,No internet service,No internet service,No internet service,Month-to-month,Yes,Mailed check,31.8,2096.12,Yes
CUST-03481,Female,0,No,No,30,Yes,Yes,No,No internet service,No internet service,No internet service,No internet service,No internet service,No internet service,Month-to-month,No,Credit card (automatic),34.17,1030.14,Yes
CUST-03482,Male,0,No,No,10,Yes,No,No,No internet service,No internet service,No internet service,No internet service,No internet service,No internet service,Month-to-month,Yes,Electronic check,24.93,254.05,Yes
CUST-03483,Male,0,Yes,No,23,Yes,Yes,DSL,No,No,Yes,Yes,Yes,No,One year,No,Credit card (automatic),68.79,1588.67,No
CUST-03484,Male,0,No,No,39,Yes,Yes,Fiber optic,No,Yes,No,No,No,Yes,One year,No,Mailed check,67.83,2651.76,No
CUST-03485,Female,0,No,No,45,Yes,Yes,No,No internet service,No internet service,No internet service,No internet service,No internet service,No internet service,One year,Yes,Mailed check,36.28,1629.81,Yes
CUST-03486,Male,0,Yes,No,29,Yes,No,No,No internet service,No internet service,No internet service,No internet service,No internet service,No internet service,Month-to-month,No,Credit card (automatic),26.31,758.1,No
CUST-03487,Female,0,No,No,30,Yes,No,No,No internet service,No internet service,No internet service,No internet service,No internet service,No internet service,One year,Yes,Bank transfer (automatic),38.39,1159.38,Yes
CUST-03488,Male,0,No,Yes,34,Yes,Yes,Fiber optic,No,No,Yes,No,No,Yes,Month-to-month,Yes,Mailed check,90.04,3065.42,Yes
CUST-03489,Female,0,Yes,No,52,Yes,Yes,No,No internet service,No internet service,No internet service,No internet service,No internet service,No internet service,One year,Yes,Mailed check,36.75,1901.44,No
CUST-03490,Female,0,Yes,No,22,Yes,No,No,No internet service,No internet service,No internet service,No internet service,No internet service,No internet service,One year,Yes,Bank transfer (automatic),32.13,703.89,Yes
CUST-03491,Male,0,No,Yes,5,No,No phone service,DSL,Yes,No,No,No,No,No,Month-to-month,No,Electronic check,42.32,213.18,Yes
CUST-03492,Male,0,No,Yes,11,Yes,Yes,DSL,No,No,No,Yes,Yes,No,Month-to-month,No,Electronic check,44.22,494.72,No
CUST-03493,Female,0,No,Yes,32,Yes,Yes,No,No internet service,No internet service,No internet service,No internet service,No internet service,No internet service,One year,No,Electronic check,32.91,1047.81,No
CUST-03494,Female,0,No,No,24,Yes,No,Fiber optic,No,Yes,No,No,No,Yes,One year,Yes,Mailed check,93.93,2248.76,No
CUST-03495,Male,0,Yes,No,11,Yes,No,DSL,No,No,No,No,Yes,Yes,Two year,Yes,Electronic check,55.89,618.9,No
CUST-03496,Male,1,No,No,11,Yes,Yes,DSL,No,Yes,No,No,No,No,Month-to-month,No,Credit card (automatic),67.01,739.81,Yes
CUST-03497,Female,0,No,Yes,17,Yes,Yes,Fiber optic,No,No,No,No,Yes,No,Month-to-month,No,Electronic check,92.77,1578.77,No
CUST-03498,Male,1,No,No,32,Yes,Yes,DSL,No,No,No,No,Yes,No,Two year,No,Bank transfer (automatic),43.6,1393.61,No
CUST-03499,Female,0,No,No,27,No,No phone service,DSL,No,No,No,Yes,No,Yes,Month-to-month,Yes,Electronic check,53.69,1457.21,Yes
CUST-03500,Female,0,Yes,Yes,32,Yes,Yes,DSL,No,Yes,No,No,No,No,Month-to-month,Yes,Bank transfer (automatic),62.58,2000.25,Yes
CUST-03501,Male,0,No,No,61,No,No phone service,No,No internet service,No internet service,No internet service,No internet service,No internet service,No internet service,Month-to-month,No,Mailed check,27.26,1663.21,No
CUST-03502,Male,1,Yes,No,25,Yes,No,DSL,Yes,No,No,No,Yes,No,One year,Yes,Mailed check,48.81,1211.06,No
CUST-03503,Male,0,Yes,No,64,Yes,No,Fiber optic,No,No,Yes,No,No,Yes,Two year,Yes,Mailed check,92.42,5907.03,No
CUST-03504,Male,0,Yes,No,64,No,No phone service,Fiber optic,No,No,No,Yes,Yes,Yes,One year,Yes,Electronic check,82.92,5316.25,No
CUST-03505,Male,0,Yes,Yes,28,Yes,Yes,Fiber optic,No,Yes,No,Yes,No,No,Month-to-month,Yes,Electronic check,83.84,2339.23,Yes
CUST-03506,Female,0,Yes,No,40,Yes,Yes,DSL,No,No,Yes,No,No,Yes,Two year,No,Mailed check,60.96,2441.37,No
CUST-03507,Female,0,No,Yes,14,Yes,No,DSL,Yes,No,Yes,No,No,Yes,One year,No,Bank transfer (automatic),69.19,958.94,No
CUST-03508,Male,0,Yes,Yes,42,Yes,No,DSL,No,No,No,No,No,No,Two year,Yes,Electronic check,58.46,2464.48,No
CUST-03509,Male,0,Yes,No,39,No,No phone service,No,No internet service,No internet service,No internet service,No internet service,No internet service,No internet service,Month-to-month,Yes,Credit card (automatic),18.25,711.5,No
CUST-03510,Male,0,Yes,No,2,Yes,No,Fiber optic,No,No,No,No,No,No,Month-to-month,Yes,Credit card (automatic),93.99,193.16,No
CUST-03511,Female,0,No,Yes,1,Yes,No,DSL,No,No,No,Yes,Yes,No,Month-to-month,No,Electronic check,46.82,41.69,No
CUST-03512,Male,0,Yes,Yes,32,Yes,Yes,No,No internet service,No internet service,No internet service,No internet service,No internet service,No internet service,Two year,No,Electronic check,43.84,1409.04,No
CUST-03513,Male,0,No,No,64,Yes,No,DSL,No,No,No,No,No,No,Month-to-month,Yes,Electronic check,51.91,3321.76,Yes
CUST-03514,Female,1,Yes,No,31,Yes,No,Fiber optic,Yes,Yes,No,No,Yes,No,Two year,Yes,Mailed check,90.78,2821.43,Yes
CUST-03515,Female,1,Yes,No,58,Yes,No,Fiber optic,No,No,No,Yes,No,No,Month-to-month,No,Credit card (automatic),77.03,4460.22,Yes
CUST-03516,Male,1,No,No,14,Yes,Yes,Fiber optic,No,No,Yes,No,No,Yes,Month-to-month,No,Bank transfer (automatic),83.9,1174.96,No
CUST-03517,Male,0,No,Yes,69,Yes,Yes,Fiber optic,No,Yes,No,No,Yes,No,Month-to-month,No,Credit card (automatic),77.05,5312.66,No
CUST-03518,Male,1,No,No,16,No,No phone service,DSL,No,No,Yes,Yes,Yes,No,Month-to-month,No,Electronic check,62.17,987.05,Yes
CUST-03519,Female,0,Yes,Yes,69,Yes,No,Fiber optic,No,No,Yes,No,Yes,No,Month-to-month,Yes,Bank transfer (automatic),89.16,6148.12,Yes
CUST-03520,Male,0,No,No,54,Yes,Yes,Fiber optic,No,Yes,No,No,No,No,Month-to-month,Yes,Mailed check,90.46,4878.92,No
CUST-03521,Male,0,No,Yes,13,Yes,Yes,DSL,No,No,No,No,No,Yes,Month-to-month,Yes,Bank transfer (automatic),46.69,604.91,No
CUST-03522,Male,0,No,No,31,Yes,Yes,Fiber optic,No,No,Yes,No,No,Yes,Month-to-month,No,Bank transfer (automatic),89.92,2791.08,No
CUST-03523,Female,1,No,No,69,Yes,Yes,No,No internet service,No internet service,No internet service,No internet service,No internet service,No internet service,One year,Yes,Electronic check,27.12,1861.91,No
CUST-03524,Female,0,No,No,21,Yes,Yes,Fiber optic,Yes,No,Yes,No,No,No,One year,Yes,Electronic check,83.21,1756.51,Yes
CUST-03525,Male,0,Yes,Yes,30,Yes,No,Fiber optic,Yes,Yes,No,No,No,Yes,Month-to-month,Yes,Electronic check,66.87,2007.37,Yes
CUST-03526,Male,0,No,No,23,Yes,Yes,Fiber optic,No,Yes,No,No,Yes,Yes,Two year,Yes,Electronic check,82.99,1918.49,No
CUST-03527,Female,0,Yes,No,38,Yes,No,No,No internet service,No internet service,No internet service,No internet service,No internet service,No internet service,Month-to-month,Yes,Bank transfer (automatic),39.74,1519.51,Yes
CUST-03528,Female,0,No,No,29,Yes,No,DSL,Yes,No,No,No,No,Yes,Month-to-month,No,Bank transfer (automatic),48.49,1407.48,No
CUST-03529,Female,0,No,No,32,Yes,Yes,Fiber optic,No,No,No,No,No,Yes,Two year,No,Electronic check,78.85,2513.67,No
CUST-03530,Female,0,Yes,No,62,Yes,Yes,Fiber optic,No,No,No,Yes,Yes,Yes,Month-to-month,Yes,Credit card (automatic),89.64,5563.18,No
CUST-03531,Female,0,Yes,No,45,Yes,Yes,DSL,No,No,Yes,Yes,Yes,No,Month-to-month,Yes,Bank transfer (automatic),49.01,2214.32,Yes
CUST-03532,Female,0,Yes,No,49,Yes,No,Fiber optic,Yes,No,No,No,Yes,No,Two year,Yes,Credit card (automatic),92.58,4544.2,No
CUST-03533,Female,0,Yes,No,33,No,No phone service,Fiber optic,No,No,No,No,No,No,Month-to-month,Yes,Bank transfer (automatic),69.63,2302.14,Yes
CUST-03534,Female,0,No,Yes,4,Yes,No,No,No internet service,No internet service,No internet service,No internet service,No internet service,No internet service,One year,No,Bank transfer (automatic),29.27,107.97,No
CUST-03535,Female,1,Yes,Yes,18,Yes,Yes,Fiber optic,No,No,Yes,No,No,Yes,Two year,No,Credit card (automatic),84.02,1508.75,No
CUST-03536,Male,0,No,No,70,Yes,No,DSL,No,No,Yes,No,No,Yes,One year,Yes,Credit card (automatic),54.14,3790.69,No
CUST-03537,Male,0,No,No,64,Yes,No,DSL,Yes,No,Yes,No,Yes,Yes,Month-to-month,Yes,Electronic check,52.38,3361.66,No
CUST-03538,Male,0,No,No,28,Yes,Yes,Fiber optic,No,No,No,Yes,No,No,Two year,No,Bank transfer (automatic),84.1,2351.66,No
CUST-03539,Female,0,Yes,No,58,No,No phone service,Fiber optic,No,No,No,No,No,Yes,Month-to-month,No,Mailed check,91.64,5324.14,No
CUST-03540,Male,0,Yes,No,56,Yes,No,DSL,Yes,Yes,No,Yes,Yes,No,One year,No,Electronic check,59.88,3352.89,No
CUST-03541,Female,0,Yes,No,20,No,No phone service,Fiber optic,No,No,Yes,No,Yes,No,One year,No,Electronic check,83.72,1665.35,No
CUST-03542,Female,0,No,No,34,Yes,Yes,No,No internet service,No internet service,No internet service,No internet service,No internet service,No internet service,One year,No,Electronic check,37.35,1261.7,No
CUST-03543,Male,0,Yes,No,10,Yes,No,DSL,No,No,Yes,No,Yes,Yes,Month-to-month,Yes,Credit card (automatic),52.12,515.13,No
CUST-03544,Female,0,Yes,No,22,Yes,No,Fiber optic,No,No,Yes,No,Yes,Yes,Two year,Yes,Electronic check,65.52,1448.79,No
CUST-03545,Male,0,No,No,5,Yes,Yes,Fiber optic,No,No,No,No,No,No,Month-to-month,No,Credit card (automatic),93.17,464.43,Yes
CUST-03546,Male,0,Yes,No,44,Yes,Yes,Fiber optic,No,No,No,No,No,No,Month-to-month,No,Credit card (automatic),74.19,3270.73,Yes
CUST-03547,Male,0,No,No,9,Yes,No,Fiber optic,No,No,Yes,Yes,Yes,No,Month-to-month,Yes,Mailed check,88.05,791.48,Yes
CUST-03548,Female,1,Yes,No,43,Yes,No,Fiber optic,No,Yes,No,No,Yes,No,Two year,No,Bank transfer (automatic),82.68,3556.58,No
CUST-03549,Male,0,Yes,No,4,Yes,Yes,No,No internet service,No internet service,No internet service,No internet service,No internet service,No internet service,Month-to-month,Yes,Mailed check,35.83,145.96,No
CUST-03550,Female,0,Yes,No,42,Yes,Yes,DSL,No,No,No,No,No,Yes,Month-to-month,No,Electronic check,64.53,2710.59,No
CUST-03551,Male,0,Yes,Yes,65,Yes,Yes,Fiber optic,No,No,Yes,Yes,No,Yes,One year,Yes,Bank transfer (automatic),79.78,5186.37,No
CUST-03552,Male,1,Yes,Yes,41,No,No phone service,Fiber optic,No,No,No,Yes,Yes,Yes,Two year,Yes,Mailed check,66.02,2706.95,No
CUST-03553,Male,0,No,No,64,Yes,Yes,DSL,No,No,Yes,No,No,No,Month-to-month,No,Credit card (automatic),68.9,4407.86,No
CUST-03554,Female,0,Yes,No,55,Yes,No,Fiber optic,No,Yes,No,No,No,No,One year,Yes,Credit card (automatic),89.09,4907.87,No
CUST-03555,Female,0,Yes,Yes,18,Yes,Yes,DSL,Yes,Yes,No,No,No,Yes,Month-to-month,Yes,Credit card (automatic),59.27,1061.64,No
CUST-03556,Female,1,Yes,No,16,Yes,Yes,Fiber optic,No,No,Yes,No,Yes,No,Month-to-month,Yes,Bank transfer (automatic),91.66,1476.01,Yes
CUST-03557,Male,1,Yes,No,46,Yes,No,Fiber optic,No,Yes,No,No,No,No,Month-to-month,Yes,Mailed check,92.72,4270.65,No
CUST-03558,Male,0,Yes,Yes,36,Yes,Yes,Fiber optic,No,Yes,No,No,No,No,One year,No,Mailed check,91.32,3288.59,No
CUST-03559,Female,0,Yes,No,66,Yes,No,No,No internet service,No internet service,No internet service,No internet service,No internet service,No internet service,Month-to-month,No,Mailed check,19.27,1266.69,No
CUST-03560,Female,0,Yes,No,44,Yes,Yes,DSL,No,No,No,No,No,No,Two year,No,Bank transfer (automatic),61.86,2716.16,No
CUST-03561,Female,0,No,Yes,5,Yes,Yes,No,No internet service,No internet service,No internet service,No internet service,No internet service,No internet service,Two year,Yes,Electronic check,24.57,127.24,No
CUST-03562,Female,0,No,No,29,No,No phone service,No,No internet service,No internet service,No internet service,No internet service,No internet service,No internet service,Month-to-month,No,Credit card (automatic),18.25,520.64,Yes
CUST-03563,Female,0,Yes,No,4,Yes,Yes,DSL,No,No,No,No,No,Yes,Month-to-month,No,Electronic check,48.37,192.21,No
CUST-03564,Female,0,No,No,49,Yes,Yes,No,No internet service,No internet service,No internet service,No internet service,No internet service,No internet service,Month-to-month,Yes,Bank transfer (automatic),34.64,1692.55,Yes
CUST-03565,Male,0,Yes,No,72,No,No phone service,Fiber optic,No,No,No,No,Yes,Yes,Two year,No,Electronic check,92.38,6643.07,No
CUST-03566,Female,0,No,Yes,8,Yes,No,No,No internet service,No internet service,No internet service,No internet service,No internet service,No internet service,Month-to-month,No,Credit card (automatic),35.72,295.11,Yes
CUST-03567,Male,0,Yes,No,52,Yes,No,No,No internet service,No internet service,No internet service,No internet service,No internet service,No internet service,Month-to-month,No,Bank transfer (automatic),32.45,1684.06,No
CUST-03568,Male,0,Yes,No,69,Yes,Yes,No,No internet service,No internet service,No internet service,No internet service,No internet service,No internet service,Month-to-month,Yes,Bank transfer (automatic),25.01,1721.09,Yes
CUST-03569,Female,1,No,Yes,21,Yes,Yes,Fiber optic,No,No,No,Yes,No,Yes,One year,Yes,Bank transfer (automatic),71.65,1495.9,No
CUST-03570,Female,0,Yes,No,27,Yes,Yes,Fiber optic,No,No,Yes,No,No,Yes,Month-to-month,Yes,Electronic check,81.55,2209.32,Yes
CUST-03571,Male,0,No,Yes,38,No,No phone service,Fiber optic,Yes,No,No,Yes,No,Yes,One year,No,Electronic check,79.51,3012.52,Yes
CUST-03572,Female,0,Yes,No,5,Yes,No,Fiber optic,No,Yes,No,Yes,Yes,Yes,Month-to-month,No,Mailed check,85.56,418.26,Yes
CUST-03573,Female,0,Yes,Yes,61,Yes,No,DSL,Yes,Yes,No,No,No,No,Month-to-month,Yes,Electronic check,56.13,3419.85,Yes
CUST-03574,Male,0,Yes,No,8,No,No phone service,Fiber optic,Yes,Yes,No,No,No,No,Two year,No,Electronic check,77.48,618.42,No
CUST-03575,Male,0,Yes,No,18,No,No phone service,No,No internet service,No internet service,No internet service,No internet service,No internet service,No internet service,One year,Yes,Electronic check,40.42,729.56,No
CUST-03576,Male,0,No,No,4,Yes,Yes,No,No internet service,No internet service,No internet service,No internet service,No internet service,No internet service,One year,Yes,Mailed check,38.85,156.8,Yes
CUST-03577,Female,0,Yes,No,4,Yes,Yes,No,No internet service,No internet service,No internet service,No internet service,No internet service,No internet service,Month-to-month,Yes,Electronic check,39.4,154.4,Yes
CUST-03578,Male,0,No,No,37,Yes,Yes,DSL,No,Yes,No,No,No,No,Month-to-month,No,Bank transfer (automatic),42.73,1584.57,No
CUST-03579,Female,1,No,No,15,Yes,No,Fiber optic,Yes,No,Yes,No,No,No,Two year,No,Electronic check,69.48,1040.62,No
CUST-03580,Male,0,Yes,Yes,38,Yes,Yes,Fiber optic,No,No,No,No,No,No,Month-to-month,Yes,Credit card (automatic),71.01,2700.13,No
CUST-03581,Male,1,Yes,No,27,Yes,No,DSL,Yes,Yes,Yes,No,No,No,Month-to-month,No,Mailed check,67.3,1824.33,Yes
CUST-03582,Male,1,No,No,48,Yes,No,Fiber optic,Yes,No,Yes,No,Yes,No,Month-to-month,Yes,Mailed check,75.85,3649.38,No
CUST-03583,Female,0,No,No,46,Yes,Yes,Fiber optic,No,No,No,No,No,Yes,Month-to-month,No,Electronic check,84.65,3900.73,No
CUST-03584,Female,0,Yes,No,46,Yes,No,No,No internet service,No internet service,No internet service,No internet service,No internet service,No internet service,Month-to-month,Yes,Mailed check,18.25,842.39,Yes
CUST-03585,Male,0,No,Yes,48,Yes,Yes,No,No internet service,No internet service,No internet service,No internet service,No internet service,No internet service,One year,Yes,Credit card (automatic),37.0,1766.13,No
CUST-03586,Male,0,No,No,59,Yes,No,No,No internet service,No internet service,No internet service,No internet service,No internet service,No internet service,Two year,Yes,Bank transfer (automatic),37.89,2231.34,No
CUST-03587,Male,0,No,No,4,No,No phone service,Fiber optic,Yes,No,No,No,Yes,No,Two year,Yes,Credit card (automatic),87.37,342.08,Yes
CUST-03588,Female,1,Yes,Yes,19,Yes,Yes,DSL,Yes,Yes,No,Yes,No,No,Month-to-month,No,Credit card (automatic),41.3,789.25,No
CUST-03589,Male,0,No,No,57,Yes,Yes,No,No internet service,No internet service,No internet service,No internet service,No internet service,No internet service,Month-to-month,Yes,Bank transfer (automatic),18.25,1034.04,No
CUST-03590,Female,0,No,No,19,No,No phone service,DSL,Yes,No,No,No,Yes,Yes,Month-to-month,Yes,Electronic check,62.28,1178.7,No
CUST-03591,Male,0,No,No,42,Yes,Yes,Fiber optic,No,No,No,No,No,No,One year,No,Electronic check,83.81,3517.42,No
CUST-03592,Male,0,No,Yes,5,Yes,No,DSL,No,Yes,No,No,No,Yes,One year,No,Bank transfer (automatic),50.92,252.25,No
CUST-03593,Male,0,Yes,No,48,Yes,Yes,No,No internet service,No internet service,No internet service,No internet service,No internet service,No internet service,Two year,Yes,Bank transfer (automatic),31.63,1511.84,No
CUST-03594,Male,0,Yes,Yes,25,Yes,Yes,DSL,No,Yes,No,No,Yes,Yes,Month-to-month,Yes,Bank transfer (automatic),40.11,1006.86,No
CUST-03595,Male,0,No,No,67,Yes,No,DSL,No,No,No,No,No,No,Month-to-month,No,Bank transfer (automatic),52.94,3544.12,No
CUST-03596,Male,0,No,No,26,No,No phone service,Fiber optic,No,Yes,No,No,No,Yes,Month-to-month,No,Credit card (automatic),70.01,1821.63,No
CUST-03597,Female,0,No,No,62,Yes,Yes,DSL,Yes,Yes,No,No,No,Yes,Two year,No,Mailed check,68.98,4269.41,No
CUST-03598,Male,0,Yes,Yes,7,Yes,No,No,No internet service,No internet service,No internet service,No internet service,No internet service,No internet service,Month-to-month,Yes,Bank transfer (automatic),24.51,161.76,Yes
CUST-03599,Female,0,Yes,No,44,Yes,Yes,DSL,Yes,No,Yes,No,Yes,No,Month-to-month,No,Electronic check,63.91,2814.16,No
CUST-03600,Male,0,No,No,27,Yes,No,No,No internet service,No internet service,No internet service,No internet service,No internet service,No internet service,Month-to-month,Yes,Mailed check,18.82,512.89,No
CUST-03601,Male,0,No,Yes,42,Yes,No,Fiber optic,No,No,Yes,No,No,No,Month-to-month,Yes,Electronic check,70.4,2959.76,Yes
CUST-03602,Female,0,Yes,No,56,Yes,No,Fiber optic,No,No,Yes,No,No,Yes,Month-to-month,No,Credit card (automatic),85.94,4802.97,No
CUST-03603,Male,0,No,No,3,Yes,Yes,No,No internet service,No internet service,No internet service,No internet service,No internet service,No internet service,Month-to-month,No,Electronic check,38.19,111.36,Yes
CUST-03604,Female,0,No,No,13,Yes,No,Fiber optic,No,No,No,No,Yes,Yes,One year,Yes,Electronic check,91.96,1203.69,No
CUST-03605,Female,0,Yes,Yes,70,Yes,Yes,Fiber optic,No,No,Yes,No,No,No,Month-to-month,Yes,Electronic check,85.83,6011.94,Yes
CUST-03606,Male,0,Yes,Yes,59,No,No phone service,DSL,Yes,Yes,No,No,No,Yes,One year,No,Bank transfer (automatic),61.23,3618.24,Yes
CUST-03607,Female,0,Yes,No,38,Yes,No,DSL,No,Yes,Yes,Yes,No,No,Two year,No,Electronic check,46.98,1775.61,No
CUST-03608,Female,0,Yes,No,68,Yes,No,No,No internet service,No internet service,No internet service,No internet service,No internet service,No internet service,Month-to-month,Yes,Electronic check,43.38,2948.34,Yes
CUST-03609,Male,0,Yes,Yes,69,Yes,Yes,DSL,Yes,No,No,No,No,No,Month-to-month,Yes,Bank transfer (automatic),,4243.77,No
CUST-03610,Female,1,No,No,1,Yes,No,Fiber optic,Yes,Yes,Yes,No,Yes,No,Month-to-month,Yes,Mailed check,70.32,64.02,Yes
CUST-03611,Male,0,Yes,Yes,50,Yes,Yes,Fiber optic,No,No,Yes,No,No,No,One year,Yes,Credit card (automatic),84.47,4230.18,No
CUST-03612,Male,0,Yes,No,9,Yes,No,Fiber optic,Yes,Yes,Yes,No,Yes,No,Month-to-month,No,Credit card (automatic),89.29,794.33,Yes
CUST-03613,Male,0,Yes,No,53,No,No phone service,DSL,No,Yes,No,No,No,No,Month-to-month,Yes,Mailed check,53.9,2851.8,No
CUST-03614,Male,0,Yes,No,10,Yes,Yes,No,No internet service,No internet service,No internet service,No internet service,No internet service,No internet service,Month-to-month,Yes,Electronic check,25.13,245.74,Yes
CUST-03615,Female,1,Yes,No,29,No,No phone service,DSL,No,Yes,No,No,Yes,No,Month-to-month,Yes,Mailed check,65.79,1898.2,No
CUST-03616,Male,0,Yes,Yes,36,No,No phone service,No,No internet service,No internet service,No internet service,No internet service,No internet service,No internet service,One year,No,Credit card (automatic),40.64,1466.86,No
CUST-03617,Male,1,No,No,27,Yes,Yes,No,No internet service,No internet service,No internet service,No internet service,No internet service,No internet service,Month-to-month,Yes,Bank transfer (automatic),38.56,1047.56,Yes
CUST-03618,Female,0,Yes,No,18,Yes,Yes,DSL,No,Yes,No,Yes,Yes,No,One year,Yes,Credit card (automatic),46.15,827.21,No
CUST-03619,Male,0,No,No,18,Yes,No,No,No internet service,No internet service,No internet service,No internet service,No internet service,No internet service,Two year,Yes,Mailed check,31.8,574.41,No
CUST-03620,Male,0,No,No,9,Yes,No,Fiber optic,No,No,Yes,Yes,Yes,Yes,Two year,Yes,Electronic check,78.2,698.05,No
CUST-03621,Female,0,Yes,No,67,Yes,No,No,No internet service,No internet service,No internet service,No internet service,No internet service,No internet service,Month-to-month,Yes,Credit card (automatic),35.93,2400.82,Yes
CUST-03622,Female,0,Yes,Yes,7,Yes,Yes,Fiber optic,No,No,No,No,No,Yes,Month-to-month,No,Electronic check,91.85,641.12,Yes
CUST-03623,Female,0,No,No,58,Yes,Yes,DSL,Yes,Yes,Yes,No,Yes,No,Month-to-month,Yes,Electronic check,47.41,2743.11,No
CUST-03624,Female,0,No,Yes,30,Yes,No,No,No internet service,No internet service,No internet service,No internet service,No internet service,No internet service,Month-to-month,Yes,Electronic check,24.3,734.95,No
CUST-03625,Female,0,No,Yes,61,Yes,Yes,No,No internet service,No internet service,No internet service,No internet service,No internet service,No internet service,Two year,Yes,Electronic check,22.09,1342.46,No
CUST-03626,Female,1,Yes,No,17,Yes,Yes,DSL,Yes,No,Yes,Yes,No,No,Month-to-month,Yes,Mailed check,62.7,1056.94,Yes
CUST-03627,Female,0,No,No,53,Yes,No,No,No internet service,No internet service,No internet service,No internet service,No internet service,No internet service,Month-to-month,No,Credit card (automatic),29.91,1592.59,Yes
CUST-03628,Male,0,Yes,No,6,Yes,Yes,No,No internet service,No internet service,No internet service,No internet service,No internet service,No internet service,Month-to-month,Yes,Electronic check,29.29,183.92,Yes
CUST-03629,Female,0,Yes,Yes,39,Yes,Yes,Fiber optic,No,Yes,No,Yes,Yes,No,One year,Yes,Bank transfer (automatic),79.87,3117.52,Yes
CUST-03630,Female,0,No,No,25,No,No phone service,DSL,Yes,Yes,Yes,No,No,No,Month-to-month,No,Electronic check,49.24,1223.43,Yes
CUST-03631,Female,0,Yes,No,42,Yes,Yes,Fiber optic,Yes,No,No,Yes,Yes,Yes,Two year,Yes,Electronic check,71.87,3022.84,No
CUST-03632,Male,0,Yes,No,42,No,No phone service,No,No internet service,No internet service,No internet service,No internet service,No internet service,No internet service,Month-to-month,Yes,Electronic check,39.11,1635.85,No
CUST-03633,Male,0,No,Yes,59,Yes,No,DSL,No,No,Yes,No,No,No,Two year,Yes,Mailed check,58.89,3469.28,No
CUST-03634,Female,0,No,No,38,Yes,Yes,Fiber optic,No,No,Yes,No,Yes,No,Month-to-month,No,Credit card (automatic),86.62,3286.48,No
CUST-03635,Female,0,Yes,No,31,Yes,Yes,Fiber optic,No,No,No,Yes,No,No,Month-to-month,Yes,Bank transfer (automatic),73.97,2298.53,Yes
CUST-03636,Female,0,No,No,29,Yes,Yes,DSL,Yes,Yes,No,No,No,No,Two year,Yes,Credit card (automatic),45.17,1301.22,No
CUST-03637,Male,0,Yes,Yes,9,Yes,Yes,Fiber optic,No,Yes,No,No,No,Yes,Month-to-month,Yes,Credit card (automatic),73.13,661.18,Yes
CUST-03638,Male,0,No,No,1,Yes,No,DSL,No,No,No,No,Yes,Yes,Two year,No,Electronic check,66.78,60.59,No
CUST-03639,Female,0,No,No,72,No,No phone service,Fiber optic,No,No,No,No,No,No,Month-to-month,Yes,Mailed check,75.1,5408.44,No
CUST-03640,Male,0,No,No,47,Yes,Yes,Fiber optic,No,Yes,Yes,Yes,Yes,Yes,One year,Yes,Bank transfer (automatic),66.92,3141.2,Yes
CUST-03641,Female,1,No,Yes,10,No,No phone service,DSL,Yes,No,No,No,No,No,Month-to-month,No,Credit card (automatic),54.7,541.06,No
CUST-03642,Male,0,Yes,Yes,16,Yes,Yes,No,No internet service,No internet service,No internet service,No internet service,No internet service,No internet service,One year,Yes,Bank transfer (automatic),24.87,402.13,No
CUST-03643,Male,0,No,No,47,No,No phone service,Fiber optic,No,Yes,No,No,No,Yes,Month-to-month,Yes,Credit card (automatic),79.38,3737.66,Yes
CUST-03644,Female,0,Yes,No,43,Yes,Yes,Fiber optic,No,No,No,No,Yes,No,One year,Yes,Mailed check,85.68,3692.19,Yes
CUST-03645,Female,0,Yes,No,24,Yes,Yes,No,No internet service,No internet service,No internet service,No internet service,No internet service,No internet service,Two year,Yes,Bank transfer (automatic),43.65,1045.52,No
CUST-03646,Female,0,No,No,8,Yes,No,DSL,Yes,No,Yes,Yes,Yes,Yes,Month-to-month,Yes,Mailed check,63.37,504.53,Yes
CUST-03647,Female,0,No,Yes,26,No,No phone service,DSL,No,No,No,Yes,Yes,No,Month-to-month,No,Electronic check,54.84,1430.71,Yes
CUST-03648,Male,0,No,No,7,Yes,No,DSL,No,Yes,No,No,No,Yes,One year,No,Electronic check,63.2,450.83,Yes
CUST-03649,Male,1,No,No,15,Yes,Yes,DSL,No,No,No,No,Yes,No,Month-to-month,Yes,Credit card (automatic),47.18,714.09,No
CUST-03650,Male,0,No,No,48,Yes,No,No,No internet service,No internet service,No internet service,No internet service,No internet service,No internet service,Month-to-month,Yes,Electronic check,39.82,1910.46,No
CUST-03651,Female,0,Yes,No,3,Yes,No,Fiber optic,No,Yes,No,No,Yes,No,Month-to-month,Yes,Credit card (automatic),81.55,245.46,No
CUST-03652,Male,0,No,No,16,Yes,No,No,No internet service,No internet service,No internet service,No internet service,No internet service,No internet service,Month-to-month,Yes,Mailed check,39.37,622.42,Yes
CUST-03653,Female,0,Yes,No,14,Yes,No,Fiber optic,Yes,No,No,No,No,No,Two year,Yes,Mailed check,82.19,1147.03,Yes
CUST-03654,Male,0,Yes,No,3,Yes,Yes,DSL,No,No,No,No,Yes,No,Two year,No,Electronic check,49.95,142.17,Yes
CUST-03655,Female,1,Yes,No,70,Yes,Yes,Fiber optic,No,No,No,No,Yes,No,One year,No,Electronic check,68.27,4775.22,No
CUST-03656,Female,0,Yes,Yes,31,No,No phone service,DSL,No,Yes,Yes,No,No,Yes,Month-to-month,No,Bank transfer (automatic),53.96,1672.31,Yes
CUST-03657,Male,0,No,No,17,No,No phone service,DSL,Yes,No,No,Yes,No,No,Month-to-month,Yes,Mailed check,62.11,1056.27,No
CUST-03658,Female,0,No,No,49,Yes,Yes,Fiber optic,No,Yes,Yes,Yes,No,No,Month-to-month,Yes,Electronic check,73.89,3618.75,No
CUST-03659,Female,0,Yes,No,3,Yes,Yes,Fiber optic,No,Yes,No,No,Yes,Yes,Two year,Yes,Electronic check,73.89,211.98,No
CUST-03660,Male,1,Yes,Yes,55,Yes,No,Fiber optic,No,No,No,Yes,Yes,Yes,One year,Yes,Electronic check,88.06,4843.97,No
CUST-03661,Female,0,No,No,72,Yes,No,DSL,No,Yes,No,No,Yes,Yes,Month-to-month,Yes,Credit card (automatic),45.6,3280.49,No
CUST-03662,Female,0,Yes,Yes,40,Yes,Yes,Fiber optic,Yes,No,Yes,Yes,No,No,Month-to-month,No,Bank transfer (automatic),77.21,3087.78,No
CUST-03663,Female,0,No,Yes,66,Yes,Yes,DSL,No,No,No,Yes,No,No,Two year,No,Electronic check,58.55,3855.89,No
CUST-03664,Male,0,Yes,No,40,Yes,No,Fiber optic,Yes,No,No,Yes,No,No,Month-to-month,No,Bank transfer (automatic),76.09,3044.74,No
CUST-03665,Male,0,No,No,30,Yes,Yes,Fiber optic,No,No,No,Yes,Yes,No,Month-to-month,Yes,Mailed check,93.93,2824.27,No
CUST-03666,Female,0,Yes,Yes,25,Yes,Yes,DSL,No,No,Yes,No,No,No,One year,Yes,Bank transfer (automatic),67.59,1681.89,No
CUST-03667,Male,0,Yes,No,7,Yes,Yes,DSL,No,Yes,No,No,No,No,Two year,No,Electronic check,68.47,474.88,No
CUST-03668,Female,0,Yes,No,50,Yes,No,DSL,Yes,Yes,No,Yes,Yes,No,Month-to-month,Yes,Electronic check,69.47,3469.94,No
CUST-03669,Female,1,No,Yes,1,Yes,No,DSL,Yes,Yes,Yes,No,No,No,Two year,No,Mailed check,69.2,59.94,Yes
CUST-03670,Female,0,No,No,44,Yes,No,DSL,Yes,No,Yes,No,No,Yes,Two year,Yes,Bank transfer (automatic),49.48,2175.99,No
CUST-03671,Female,0,No,No,49,Yes,Yes,No,No internet service,No internet service,No internet service,No internet service,No internet service,No internet service,Month-to-month,No,Bank transfer (automatic),30.83,1503.25,Yes
CUST-03672,Female,0,Yes,No,7,Yes,Yes,DSL,No,Yes,No,No,No,Yes,Two year,No,Mailed check,63.51,437.7,No
CUST-03673,Male,0,Yes,Yes,3,Yes,Yes,No,No internet service,No internet service,No internet service,No internet service,No internet service,No internet service,Two year,Yes,Mailed check,36.59,111.8,No
CUST-03674,Female,1,Yes,Yes,1,Yes,No,Fiber optic,No,No,Yes,Yes,No,No,Month-to-month,Yes,Mailed check,72.87,71.1,Yes
CUST-03675,Male,0,Yes,No,51,Yes,No,Fiber optic,No,No,No,Yes,Yes,No,Two year,Yes,Mailed check,75.9,3876.74,No
CUST-03676,Male,0,Yes,No,38,Yes,No,No,No internet service,No internet service,No internet service,No internet service,No internet service,No internet service,Month-to-month,Yes,Credit card (automatic),43.14,1629.37,No
CUST-03677,Female,0,Yes,No,43,Yes,Yes,Fiber optic,No,Yes,No,No,No,No,Month-to-month,Yes,Mailed check,93.0,4006.58,Yes
CUST-03678,Female,0,No,No,55,Yes,No,DSL,No,Yes,No,Yes,Yes,No,Two year,Yes,Electronic check,61.78,3399.19,No
CUST-03679,Male,0,No,Yes,57,Yes,Yes,DSL,Yes,No,Yes,No,No,Yes,Month-to-month,Yes,Electronic check,40.2,2295.04,Yes
CUST-03680,Male,0,No,No,53,Yes,Yes,Fiber optic,No,Yes,Yes,No,No,Yes,Month-to-month,No,Electronic check,80.49,4262.83,No
CUST-03681,Male,1,Yes,Yes,33,No,No phone service,DSL,No,No,Yes,No,No,No,Month-to-month,Yes,Electronic check,46.29,1518.49,Yes
CUST-03682,Female,0,No,No,62,Yes,Yes,Fiber optic,No,No,No,No,No,Yes,Two year,No,Mailed check,88.24,5466.23,No
CUST-03683,Male,1,Yes,No,11,Yes,Yes,No,No internet service,No internet service,No internet service,No internet service,No internet service,No internet service,Month-to-month,No,Mailed check,18.25,196.86,Yes
CUST-03684,Female,0,Yes,No,72,Yes,No,Fiber optic,No,No,Yes,Yes,No,Yes,Month-to-month,Yes,Electronic check,89.23,6422.36,Yes
CUST-03685,Female,0,No,No,52,Yes,Yes,DSL,No,Yes,No,No,No,No,Month-to-month,Yes,Electronic check,49.18,2561.76,Yes
CUST-03686,Female,0,Yes,No,1,Yes,No,DSL,No,No,No,No,No,No,One year,No,Credit card (automatic),51.15,56.65,No
CUST-03687,Male,0,Yes,Yes,14,Yes,No,DSL,No,No,No,No,Yes,Yes,Month-to-month,No,Credit card (automatic),60.82,859.66,No
CUST-03688,Female,0,Yes,Yes,21,Yes,No,Fiber optic,No,Yes,No,No,No,Yes,Two year,No,Credit card (automatic),71.88,1501.2,No
CUST-03689,Female,1,Yes,No,34,Yes,Yes,Fiber optic,No,No,Yes,No,No,Yes,One year,No,Bank transfer (automatic),90.27,3071.17,Yes
CUST-03690,Female,1,Yes,No,14,Yes,No,Fiber optic,No,No,Yes,No,No,No,One year,No,Mailed check,92.9,1293.04,No
CUST-03691,Female,1,No,No,40,Yes,No,DSL,No,No,No,No,Yes,No,Two year,No,Credit card (automatic),69.65,2792.15,No
CUST-03692,Female,0,No,Yes,35,Yes,No,DSL,No,No,Yes,Yes,Yes,Yes,Month-to-month,No,Mailed check,60.78,2124.26,Yes
CUST-03693,Male,1,Yes,No,42,Yes,Yes,No,No internet service,No internet service,No internet service,No internet service,No internet service,No internet service,One year,Yes,Electronic check,31.83,1329.24,No
CUST-03694,Female,0,Yes,No,20,Yes,Yes,DSL,No,No,Yes,No,Yes,Yes,Two year,No,Electronic check,66.74,1333.03,No
CUST-03695,Female,0,No,Yes,60,Yes,Yes,Fiber optic,Yes,No,No,No,Yes,No,One year,Yes,Electronic check,73.5,4411.62,No
CUST-03696,Male,0,No,No,9,Yes,No,DSL,Yes,No,No,No,Yes,No,Month-to-month,No,Mailed check,55.98,511.12,Yes
CUST-03697,Female,0,No,No,33,No,No phone service,DSL,Yes,No,No,No,No,No,Month-to-month,Yes,Bank transfer (automatic),46.51,1538.44,No
CUST-03698,Male,0,Yes,Yes,49,Yes,No,No,No internet service,No internet service,No internet service,No internet service,No internet service,No internet service,Month-to-month,No,Electronic check,24.78,1218.29,Yes
CUST-03699,Female,0,No,Yes,68,Yes,Yes,DSL,No,Yes,No,No,Yes,No,Two year,Yes,Electronic check,61.07,4155.64,No
CUST-03700,Male,1,No,Yes,4,Yes,No,Fiber optic,Yes,No,No,Yes,Yes,No,Two year,No,Electronic check,67.92,267.69,Yes
CUST-03701,Male,0,Yes,Yes,48,Yes,No,Fiber optic,No,No,No,Yes,Yes,Yes,Month-to-month,Yes,Electronic check,79.58,3810.09,Yes
CUST-03702,Female,0,Yes,No,16,Yes,Yes,Fiber optic,No,Yes,Yes,No,Yes,No,Two year,Yes,Bank transfer (automatic),90.24,1446.07,Yes
CUST-03703,Female,1,No,Yes,47,Yes,Yes,No,No internet service,No internet service,No internet service,No internet service,No internet service,No internet service,Month-to-month,No,Electronic check,29.88,1402.68,Yes
CUST-03704,Female,0,Yes,Yes,26,Yes,No,DSL,Yes,Yes,No,No,Yes,No,Month-to-month,Yes,Mailed check,47.23,1222.21,No
CUST-03705,Male,1,No,No,70,Yes,No,DSL,Yes,Yes,Yes,No,Yes,No,Month-to-month,No,Electronic check,50.66,3555.45,No
CUST-03706,Male,0,No,No,37,Yes,No,DSL,No,No,No,No,No,No,Two year,No,Credit card (automatic),57.37,2120.52,No
CUST-03707,Male,0,Yes,No,22,Yes,Yes,Fiber optic,No,No,No,No,No,Yes,Two year,Yes,Credit card (automatic),83.68,1836.05,No
CUST-03708,Female,0,Yes,No,7,Yes,Yes,Fiber optic,Yes,Yes,No,Yes,No,Yes,Month-to-month,No,Mailed check,65.24,446.83,Yes
CUST-03709,Male,0,No,No,42,Yes,No,No,No internet service,No internet service,No internet service,No internet service,No internet service,No internet service,Month-to-month,Yes,Credit card (automatic),20.37,861.02,Yes
CUST-03710,Male,0,Yes,Yes,30,Yes,Yes,DSL,Yes,Yes,No,No,No,No,Two year,Yes,Credit card (automatic),60.75,1816.06,No
CUST-03711,Female,0,Yes,No,6,Yes,Yes,Fiber optic,No,No,Yes,No,No,No,Month-to-month,No,Bank transfer (automatic),67.49,403.01,Yes
CUST-03712,Male,0,Yes,No,24,No,No phone service,DSL,Yes,No,No,No,No,Yes,Month-to-month,Yes,Mailed check,65.53,1574.74,No
CUST-03713,Male,1,Yes,No,66,No,No phone service,DSL,No,No,No,No,No,No,Two year,Yes,Electronic check,49.16,3235.93,No
CUST-03714,Female,0,Yes,No,40,Yes,Yes,Fiber optic,No,Yes,No,Yes,No,Yes,One year,Yes,Mailed check,88.63,3544.01,No
CUST-03715,Male,0,Yes,No,15,Yes,Yes,No,No internet service,No internet service,No internet service,No internet service,No internet service,No internet service,One year,Yes,Credit card (automatic),40.25,594.65,No
CUST-03716,Female,0,Yes,No,53,Yes,Yes,DSL,No,No,Yes,No,Yes,No,Month-to-month,No,Mailed check,68.15,3610.16,No
CUST-03717,Female,0,No,Yes,5,Yes,Yes,DSL,Yes,Yes,No,No,Yes,Yes,Month-to-month,Yes,Mailed check,61.26,299.18,No
CUST-03718,Female,0,Yes,Yes,36,Yes,No,Fiber optic,No,Yes,No,No,No,No,Month-to-month,Yes,Mailed check,90.85,3261.03,Yes
CUST-03719,Female,1,No,No,46,Yes,Yes,Fiber optic,No,Yes,Yes,Yes,No,Yes,One year,No,Bank transfer (automatic),73.18,3360.31,No
CUST-03720,Female,0,Yes,No,23,Yes,No,No,No internet service,No internet service,No internet service,No internet service,No internet service,No internet service,Two year,No,Mailed check,18.25,422.6,No
CUST-03721,Male,0,No,Yes,45,Yes,Yes,DSL,Yes,No,Yes,No,No,No,One year,No,Mailed check,60.38,2723.37,No
CUST-03722,Male,0,Yes,No,10,Yes,No,Fiber optic,Yes,No,No,No,No,No,Month-to-month,No,Electronic check,72.68,,No
CUST-03723,Female,0,No,Yes,54,Yes,Yes,DSL,No,Yes,No,No,No,No,One year,Yes,Bank transfer (automatic),62.49,3366.14,Yes
CUST-03724,Female,0,Yes,Yes,70,Yes,No,Fiber optic,Yes,No,Yes,No,No,No,Month-to-month,Yes,Mailed check,76.26,5328.71,Yes
CUST-03725,Male,0,No,No,32,Yes,No,DSL,No,Yes,Yes,No,Yes,Yes,Month-to-month,Yes,Bank transfer (automatic),63.04,2026.65,No
CUST-03726,Female,0,Yes,Yes,43,Yes,No,DSL,No,No,No,No,No,No,Two year,No,Bank transfer (automatic),62.85,2710.83,No
CUST-03727,Female,0,Yes,Yes,15,Yes,Yes,No,No internet service,No internet service,No internet service,No internet service,No internet service,No internet service,Month-to-month,Yes,Electronic check,28.25,429.61,Yes
CUST-03728,Female,0,No,Yes,66,Yes,Yes,Fiber optic,Yes,Yes,Yes,No,No,Yes,One year,Yes,Bank transfer (automatic),90.78,5992.08,No
CUST-03729,Male,0,No,No,15,Yes,Yes,DSL,No,No,No,No,Yes,Yes,Month-to-month,No,Bank transfer (automatic),54.08,808.06,No
CUST-03730,Male,0,Yes,Yes,20,Yes,Yes,No,No internet service,No internet service,No internet service,No internet service,No internet service,No internet service,Month-to-month,Yes,Bank transfer (automatic),43.77,882.22,Yes
CUST-03731,Female,0,No,No,50,Yes,No,Fiber optic,Yes,Yes,No,No,No,Yes,Month-to-month,No,Mailed check,66.2,3315.41,No
CUST-03732,Female,1,No,No,6,No,No phone service,DSL,No,Yes,No,No,No,Yes,Month-to-month,Yes,Bank transfer (automatic),56.26,335.85,No
CUST-03733,Male,0,Yes,No,17,Yes,No,Fiber optic,No,Yes,No,No,No,No,Month-to-month,Yes,Mailed check,65.56,1112.64,No
CUST-03734,Male,0,No,Yes,26,Yes,No,Fiber optic,No,Yes,No,No,Yes,No,Two year,No,Electronic check,74.46,1935.32,No
CUST-03735,Female,0,Yes,No,22,Yes,Yes,DSL,No,No,No,No,No,No,Month-to-month,Yes,Bank transfer (automatic),53.86,1177.03,No
CUST-03736,Female,1,No,Yes,64,Yes,No,No,No internet service,No internet service,No internet service,No internet service,No internet service,No internet service,One year,Yes,Electronic check,20.12,1292.1,No
CUST-03737,Male,1,Yes,No,58,Yes,No,Fiber optic,No,Yes,Yes,No,Yes,No,One year,Yes,Electronic check,89.42,5181.24,Yes
CUST-03738,Male,1,No,No,37,No,No phone service,No,No internet service,No internet service,No internet service,No internet service,No internet service,No internet service,Month-to-month,Yes,Electronic check,27.58,1030.17,Yes
CUST-03739,Male,0,Yes,Yes,72,Yes,Yes,Fiber optic,No,Yes,No,No,No,No,Month-to-month,Yes,Credit card (automatic),69.33,4988.62,Yes
CUST-03740,Female,0,Yes,No,28,Yes,No,Fiber optic,Yes,No,No,No,No,Yes,Month-to-month,No,Electronic check,73.75,2061.45,Yes
CUST-03741,Male,0,No,Yes,49,Yes,Yes,DSL,No,Yes,Yes,No,No,Yes,Month-to-month,No,Mailed check,44.02,2160.7,Yes
CUST-03742,Female,0,No,Yes,67,Yes,No,Fiber optic,No,Yes,Yes,No,Yes,No,Month-to-month,Yes,Mailed check,81.3,5451.99,Yes
CUST-03743,Male,0,Yes,No,67,No,No phone service,Fiber optic,No,Yes,No,No,No,Yes,Month-to-month,No,Electronic check,79.03,5297.77,No
CUST-03744,Male,0,Yes,No,41,Yes,Yes,DSL,No,Yes,No,No,Yes,No,Month-to-month,Yes,Electronic check,46.33,1899.65,No
CUST-03745,Male,0,No,Yes,46,Yes,No,Fiber optic,No,No,No,No,No,Yes,One year,No,Electronic check,94.15,4327.47,No
CUST-03746,Male,0,No,Yes,55,Yes,Yes,DSL,No,Yes,Yes,No,Yes,No,Month-to-month,Yes,Electronic check,59.79,3282.65,No
CUST-03747,Female,0,No,Yes,11,Yes,Yes,No,No internet service,No internet service,No internet service,No internet service,No internet service,No internet service,One year,Yes,Electronic check,24.59,272.51,No
CUST-03748,Female,0,No,No,26,Yes,Yes,No,No internet service,No internet service,No internet service,No internet service,No internet service,No internet service,Month-to-month,Yes,Bank transfer (automatic),26.05,671.69,No
CUST-03749,Male,1,No,No,72,Yes,No,Fiber optic,No,No,No,Yes,No,Yes,Month-to-month,Yes,Electronic check,93.27,6713.2,No
CUST-03750,Female,0,No,Yes,13,Yes,No,DSL,No,No,No,No,No,Yes,Two year,No,Credit card (automatic),57.34,746.72,No
CUST-03751,Male,0,Yes,Yes,36,Yes,Yes,Fiber optic,No,No,Yes,No,No,Yes,Month-to-month,Yes,Mailed check,68.36,2462.79,No
CUST-03752,Male,0,No,No,64,Yes,No,Fiber optic,No,No,Yes,Yes,Yes,No,Two year,No,Electronic check,89.19,5716.79,No
CUST-03753,Male,0,No,No,51,No,No phone service,No,No internet service,No internet service,No internet service,No internet service,No internet service,No internet service,One year,Yes,Electronic check,41.36,2102.54,No
CUST-03754,Male,0,No,No,22,Yes,No,DSL,No,No,No,Yes,No,No,Month-to-month,Yes,Bank transfer (automatic),59.51,1308.74,Yes
CUST-03755,Female,0,No,No,60,Yes,Yes,Fiber optic,No,No,Yes,No,No,No,One year,No,Electronic check,66.42,3992.48,Yes
CUST-03756,Male,0,Yes,Yes,2,Yes,Yes,DSL,No,No,No,Yes,Yes,No,Month-to-month,Yes,Electronic check,48.86,93.32,Yes
CUST-03757,Male,0,Yes,No,56,Yes,Yes,No,No internet service,No internet service,No internet service,No internet service,No internet service,No internet service,Two year,Yes,Credit card (automatic),36.97,2070.78,No
CUST-03758,Female,1,Yes,No,40,Yes,No,No,No internet service,No internet service,No internet service,No internet service,No internet service,No internet service,Month-to-month,No,Mailed check,22.59,905.8,No
CUST-03759,Male,0,Yes,No,28,Yes,No,No,No internet service,No internet service,No internet service,No internet service,No internet service,No internet service,Month-to-month,No,Credit card (automatic),28.17,792.43,Yes
CUST-03760,Male,0,No,Yes,3,Yes,Yes,Fiber optic,No,Yes,No,No,No,No,Month-to-month,Yes,Credit card (automatic),73.48,223.2,No
CUST-03761,Male,0,Yes,No,63,Yes,Yes,Fiber optic,Yes,No,No,Yes,No,Yes,One year,No,Mailed check,68.05,4287.56,Yes
CUST-03762,Female,1,No,No,23,Yes,Yes,No,No internet service,No internet service,No internet service,No internet service,No internet service,No internet service,Two year,Yes,Electronic check,28.61,652.61,No
CUST-03763,Male,0,No,No,55,Yes,Yes,Fiber optic,No,No,Yes,Yes,Yes,No,One year,Yes,Mailed check,83.82,4615.89,Yes
CUST-03764,Female,0,Yes,No,32,Yes,No,DSL,Yes,No,No,Yes,No,No,Two year,Yes,Credit card (automatic),48.68,1566.36,No
CUST-03765,Male,1,Yes,No,28,Yes,Yes,No,No internet service,No internet service,No internet service,No internet service,No internet service,No internet service,Month-to-month,Yes,Credit card (automatic),21.8,613.93,No
CUST-03766,Male,1,No,No,8,Yes,No,Fiber optic,Yes,Yes,No,Yes,No,No,Month-to-month,Yes,Mailed check,68.74,546.62,Yes
CUST-03767,Female,1,Yes,No,3,Yes,Yes,Fiber optic,No,Yes,No,No,No,No,One year,Yes,Credit card (automatic),85.45,266.28,No
CUST-03768,Male,0,Yes,No,53,Yes,Yes,DSL,Yes,No,Yes,No,No,Yes,Month-to-month,No,Mailed check,46.83,2476.53,No
CUST-03769,Male,0,No,Yes,29,Yes,No,DSL,Yes,No,Yes,No,Yes,No,One year,Yes,Electronic check,52.93,1544.96,No
CUST-03770,Female,1,No,No,59,Yes,Yes,Fiber optic,No,Yes,No,No,Yes,No,Month-to-month,No,Electronic check,70.05,4133.16,No
CUST-03771,Female,0,No,No,24,Yes,Yes,Fiber optic,No,Yes,No,No,No,No,Month-to-month,Yes,Mailed check,83.48,2004.22,Yes
CUST-03772,Female,0,No,No,38,Yes,No,Fiber optic,No,No,No,No,No,No,Month-to-month,Yes,Mailed check,83.73,3183.4,Yes
CUST-03773,Female,0,No,No,28,Yes,No,DSL,Yes,No,Yes,Yes,No,Yes,One year,Yes,Credit card (automatic),65.69,1831.99,No
CUST-03774,Female,0,Yes,No,62,Yes,Yes,Fiber optic,No,Yes,No,Yes,No,Yes,Month-to-month,No,Bank transfer (automatic),94.56,5866.68,Yes
CUST-03775,Male,1,No,No,51,No,No phone service,No,No internet service,No internet service,No internet service,No internet service,No internet service,No internet service,Month-to-month,No,Electronic check,42.04,2143.35,Yes
CUST-03776,Female,0,No,Yes,7,Yes,No,Fiber optic,Yes,No,No,Yes,No,Yes,Month-to-month,Yes,Electronic check,89.68,623.96,No
CUST-03777,Male,0,No,Yes,23,Yes,Yes,No,No internet service,No internet service,No internet service,No internet service,No internet service,No internet service,Month-to-month,Yes,Bank transfer (automatic),41.5,959.43,No
CUST-03778,Male,1,Yes,Yes,46,Yes,Yes,DSL,No,No,Yes,Yes,No,Yes,Two year,Yes,Mailed check,41.61,1918.44,No
CUST-03779,Male,0,No,No,28,Yes,Yes,No,No internet service,No internet service,No internet service,No internet service,No internet service,No internet service,Month-to-month,No,Electronic check,37.85,1050.65,No
CUST-03780,Female,0,No,Yes,24,Yes,No,Fiber optic,No,No,No,No,No,No,Two year,No,Electronic check,76.09,1821.61,Yes
CUST-03781,Female,0,Yes,Yes,7,Yes,No,Fiber optic,No,Yes,No,No,Yes,Yes,Month-to-month,Yes,Electronic check,70.65,489.31,Yes
CUST-03782,Male,0,No,Yes,49,Yes,Yes,DSL,No,No,Yes,Yes,No,No,Month-to-month,Yes,Credit card (automatic),52.97,2592.36,Yes
CUST-03783,Female,0,No,No,3,Yes,Yes,No,No internet service,No internet service,No internet service,No internet service,No internet service,No internet service,Month-to-month,Yes,Electronic check,18.46,53.82,Yes
CUST-03784,Female,0,No,No,2,Yes,Yes,No,No internet service,No internet service,No internet service,No internet service,No internet service,No internet service,One year,Yes,Mailed check,23.04,52.97,No
CUST-03785,Female,0,Yes,Yes,7,No,No phone service,No,No internet service,No internet service,No internet service,No internet service,No internet service,No internet service,Month-to-month,No,Electronic check,27.38,195.74,Yes
CUST-03786,Female,0,Yes,No,21,Yes,No,Fiber optic,No,No,Yes,No,No,No,One year,Yes,Credit card (automatic),82.62,1742.59,No
CUST-03787,Male,0,No,No,9,Yes,Yes,DSL,No,No,No,Yes,Yes,No,Month-to-month,No,Mailed check,68.03,615.9,Yes
CUST-03788,Male,0,No,Yes,12,Yes,No,DSL,No,No,No,Yes,No,Yes,Month-to-month,Yes,Credit card (automatic),42.21,498.92,No
CUST-03789,Female,0,No,No,24,No,No phone service,DSL,No,No,Yes,No,Yes,Yes,Month-to-month,Yes,Electronic check,58.63,1406.06,No
CUST-03790,Male,0,Yes,No,33,Yes,Yes,DSL,No,No,No,No,No,No,Two year,Yes,Mailed check,42.3,1398.83,No
CUST-03791,Female,0,Yes,Yes,43,Yes,No,Fiber optic,Yes,Yes,No,Yes,Yes,No,Month-to-month,Yes,Bank transfer (automatic),82.8,3559.85,Yes
CUST-03792,Female,0,Yes,Yes,5,Yes,No,Fiber optic,No,No,No,Yes,No,No,Month-to-month,Yes,Credit card (automatic),83.11,407.95,Yes
CUST-03793,Male,0,Yes,No,71,Yes,No,Fiber optic,No,No,No,Yes,Yes,No,Month-to-month,No,Electronic check,76.69,5436.08,No
CUST-03794,Male,0,Yes,No,14,Yes,Yes,DSL,No,No,Yes,Yes,No,No,Month-to-month,Yes,Mailed check,41.56,578.9,No
CUST-03795,Male,1,Yes,Yes,36,Yes,Yes,DSL,No,Yes,No,No,Yes,No,Month-to-month,Yes,Credit card (automatic),64.63,2333.16,No
CUST-03796,Female,0,No,No,35,Yes,Yes,Fiber optic,No,No,No,No,No,Yes,Month-to-month,No,Electronic check,75.11,2634.3,Yes
CUST-03797,Male,0,Yes,No,50,Yes,Yes,No,No internet service,No internet service,No internet service,No internet service,No internet service,No internet service,One year,No,Credit card (automatic),18.25,921.03,No
CUST-03798,Female,0,No,No,11,Yes,Yes,No,No internet service,No internet service,No internet service,No internet service,No internet service,No internet service,Two year,Yes,Bank transfer (automatic),18.25,201.92,No
CUST-03799,Male,1,Yes,Yes,24,Yes,Yes,DSL,No,Yes,No,Yes,Yes,Yes,Month-to-month,Yes,Mailed check,42.63,1022.01,No
CUST-03800,Male,0,No,No,44,Yes,No,Fiber optic,Yes,Yes,Yes,No,Yes,No,Month-to-month,Yes,Electronic check,90.97,4008.58,No
CUST-03801,Female,0,Yes,No,51,Yes,No,Fiber optic,No,No,Yes,No,Yes,No,Month-to-month,Yes,Mailed check,79.22,4040.24,Yes
CUST-03802,Female,0,No,No,17,No,No phone service,Fiber optic,No,No,No,Yes,Yes,No,Two year,Yes,Bank transfer (automatic),91.18,1544.43,No
CUST-03803,Female,0,No,No,70,Yes,No,DSL,No,No,No,No,Yes,Yes,One year,No,Bank transfer (automatic),62.46,4382.19,No
CUST-03804,Female,0,No,No,8,Yes,No,Fiber optic,No,No,Yes,No,No,Yes,Month-to-month,No,Electronic check,65.42,514.58,Yes
CUST-03805,Female,0,Yes,No,28,Yes,No,DSL,No,No,Yes,No,No,No,Month-to-month,No,Bank transfer (automatic),49.14,1384.25,Yes
CUST-03806,Female,0,Yes,No,12,Yes,No,Fiber optic,No,No,Yes,Yes,No,No,One year,Yes,Credit card (automatic),80.67,961.8,No
CUST-03807,Female,0,Yes,No,43,Yes,No,Fiber optic,No,No,No,No,No,No,One year,Yes,Mailed check,65.89,2841.04,No
CUST-03808,Female,0,No,No,37,Yes,Yes,Fiber optic,Yes,No,No,No,Yes,No,One year,Yes,Electronic check,93.75,3477.43,Yes
CUST-03809,Male,0,No,Yes,63,Yes,Yes,Fiber optic,No,No,No,No,Yes,No,Month-to-month,Yes,Bank transfer (automatic),92.28,5819.23,Yes
CUST-03810,Female,0,No,No,63,Yes,No,No,No internet service,No internet service,No internet service,No internet service,No internet service,No internet service,Month-to-month,No,Electronic check,22.08,1399.88,Yes
CUST-03811,Female,0,Yes,Yes,10,Yes,No,DSL,No,No,Yes,No,Yes,Yes,One year,No,Credit card (automatic),50.98,513.66,No
CUST-03812,Male,0,Yes,No,37,Yes,Yes,Fiber optic,Yes,No,Yes,Yes,No,Yes,Month-to-month,Yes,Mailed check,86.8,3208.59,No
CUST-03813,Female,0,No,No,11,Yes,Yes,No,No internet service,No internet service,No internet service,No internet service,No internet service,No internet service,Month-to-month,No,Bank transfer (automatic),18.25,209.08,Yes
CUST-03814,Male,1,Yes,No,19,Yes,Yes,DSL,Yes,No,No,Yes,Yes,Yes,Month-to-month,Yes,Mailed check,46.75,879.01,No
CUST-03815,Male,0,Yes,Yes,52,Yes,No,Fiber optic,Yes,Yes,No,No,No,Yes,Month-to-month,Yes,Mailed check,80.39,4174.85,No
CUST-03816,Female,1,Yes,No,18,Yes,No,DSL,No,No,Yes,No,Yes,No,Two year,Yes,Bank transfer (automatic),50.89,923.61,No
CUST-03817,Male,0,Yes,No,32,Yes,Yes,Fiber optic,No,No,No,No,Yes,No,Month-to-month,Yes,Credit card (automatic),68.31,2189.13,Yes
CUST-03818,Female,1,No,Yes,23,Yes,No,DSL,No,No,Yes,Yes,Yes,Yes,Month-to-month,No,Bank transfer (automatic),56.65,1309.31,No
CUST-03819,Male,0,Yes,No,12,Yes,No,Fiber optic,Yes,No,No,No,No,No,One year,No,Credit card (automatic),89.67,1075.52,Yes
CUST-03820,Male,0,Yes,No,58,Yes,Yes,Fiber optic,Yes,No,No,Yes,No,No,Month-to-month,No,Credit card (automatic),71.93,4177.79,No
CUST-03821,Male,0,No,No,21,No,No phone service,DSL,Yes,No,No,No,Yes,No,Two year,Yes,Bank transfer (automatic),46.68,978.19,No
CUST-03822,Female,0,No,No,21,Yes,Yes,Fiber optic,Yes,No,No,No,No,No,Two year,No,Electronic check,67.12,1404.58,No
CUST-03823,Female,0,Yes,No,29,Yes,No,Fiber optic,No,Yes,Yes,No,No,Yes,Month-to-month,Yes,Electronic check,81.63,2372.11,Yes
CUST-03824,Male,0,Yes,No,47,No,No phone service,Fiber optic,No,No,Yes,No,No,No,One year,Yes,Credit card (automatic),77.14,3619.8,Yes
CUST-03825,Male,0,Yes,Yes,12,Yes,Yes,DSL,No,No,No,No,No,No,Two year,Yes,Electronic check,58.96,702.65,No
CUST-03826,Female,0,Yes,Yes,58,Yes,Yes,Fiber optic,Yes,No,No,No,Yes,No,Month-to-month,Yes,Mailed check,66.04,3821.96,Yes
CUST-03827,Female,0,No,No,41,Yes,No,DSL,No,No,No,Yes,Yes,No,Month-to-month,Yes,Bank transfer (automatic),59.2,2429.53,No
CUST-03828,Male,0,No,No,19,Yes,No,DSL,No,No,No,No,No,Yes,Month-to-month,No,Credit card (automatic),67.95,1289.77,No
CUST-03829,Male,0,No,Yes,12,Yes,No,No,No internet service,No internet service,No internet service,No internet service,No internet service,No internet service,Month-to-month,Yes,Mailed check,39.65,481.77,No
CUST-03830,Female,0,Yes,Yes,23,Yes,Yes,Fiber optic,No,Yes,No,Yes,No,Yes,One year,Yes,Credit card (automatic),75.36,1723.32,Yes
CUST-03831,Female,0,Yes,No,5,Yes,No,DSL,Yes,No,No,No,No,No,Month-to-month,No,Mailed check,43.32,208.46,No
CUST-03832,Female,0,No,No,26,Yes,No,DSL,Yes,No,No,No,No,Yes,One year,No,Electronic check,56.15,1463.44,No
CUST-03833,Female,1,Yes,Yes,63,Yes,Yes,DSL,Yes,No,No,No,No,No,Month-to-month,Yes,Mailed check,48.51,3050.2,No
CUST-03834,Female,0,No,No,52,Yes,No,No,No internet service,No internet service,No internet service,No internet service,No internet service,No internet service,One year,No,Mailed check,18.25,948.11,No
CUST-03835,Male,0,No,Yes,10,Yes,No,Fiber optic,Yes,No,No,No,Yes,No,Month-to-month,No,Mailed check,77.26,771.13,Yes
CUST-03836,Female,0,No,No,39,Yes,No,Fiber optic,No,No,Yes,No,No,Yes,One year,Yes,Credit card (automatic),81.2,3157.88,No
CUST-03837,Male,0,No,No,23,Yes,No,No,No internet service,No internet service,No internet service,No internet service,No internet service,No internet service,Month-to-month,No,Bank transfer (automatic),38.26,887.73,No
CUST-03838,Female,0,No,No,11,Yes,No,No,No internet service,No internet service,No internet service,No internet service,No internet service,No internet service,Month-to-month,No,Electronic check,44.39,490.54,Yes
CUST-03839,Male,0,No,No,72,Yes,No,No,No internet service,No internet service,No internet service,No internet service,No internet service,No internet service,Month-to-month,No,Mailed check,41.0,2946.08,Yes
CUST-03840,Female,0,No,No,48,Yes,No,No,No internet service,No internet service,No internet service,No internet service,No internet service,No internet service,Month-to-month,Yes,Mailed check,31.25,1490.96,Yes
CUST-03841,Female,0,Yes,Yes,16,Yes,No,No,No internet service,No internet service,No internet service,No internet service,No internet service,No internet service,Two year,Yes,Credit card (automatic),39.2,617.84,No
CUST-03842,Male,0,No,Yes,46,Yes,Yes,DSL,No,No,No,No,No,No,Month-to-month,Yes,Mailed check,64.88,2988.45,No
CUST-03843,Male,0,No,No,47,Yes,Yes,DSL,No,No,No,No,No,No,Month-to-month,Yes,Mailed check,69.0,3251.55,No
CUST-03844,Female,0,Yes,No,48,Yes,Yes,No,No internet service,No internet service,No internet service,No internet service,No internet service,No internet service,Month-to-month,Yes,Electronic check,22.41,1080.93,Yes
CUST-03845,Female,0,No,No,69,Yes,Yes,DSL,No,No,Yes,No,No,No,Month-to-month,No,Bank transfer (automatic),47.56,3280.3,Yes
CUST-03846,Female,1,Yes,No,25,Yes,Yes,DSL,No,Yes,No,No,No,Yes,Month-to-month,No,Bank transfer (automatic),46.56,1173.5,Yes
CUST-03847,Female,0,No,No,37,Yes,Yes,DSL,No,Yes,Yes,No,No,No,Month-to-month,No,Electronic check,67.04,2472.93,No
CUST-03848,Female,0,Yes,Yes,63,No,No phone service,Fiber optic,No,No,No,Yes,No,No,Month-to-month,No,Bank transfer (automatic),85.52,5381.39,No
CUST-03849,Male,0,Yes,No,29,Yes,No,Fiber optic,No,Yes,No,No,Yes,No,Month-to-month,Yes,Electronic check,69.2,2013.41,No
CUST-03850,Male,0,Yes,No,58,No,No phone service,DSL,No,No,No,No,No,No,One year,Yes,Bank transfer (automatic),68.84,3985.9,No
CUST-03851,Female,0,No,No,31,Yes,No,Fiber optic,No,Yes,Yes,No,Yes,Yes,Month-to-month,Yes,Mailed check,83.16,2571.0,Yes
CUST-03852,Male,0,Yes,No,68,Yes,No,No,No internet service,No internet service,No internet service,No internet service,No internet service,No internet service,Two year,Yes,Electronic check,18.25,1242.0,No
CUST-03853,Male,0,No,No,41,Yes,No,Fiber optic,Yes,No,No,Yes,No,Yes,Month-to-month,Yes,Bank transfer (automatic),78.1,3208.58,No
CUST-03854,Male,0,No,No,50,Yes,Yes,Fiber optic,No,No,Yes,Yes,Yes,No,Two year,No,Electronic check,88.18,4406.71,No
CUST-03855,Female,0,No,No,44,Yes,Yes,DSL,Yes,No,No,No,No,No,Month-to-month,Yes,Credit card (automatic),49.31,2169.72,Yes
CUST-03856,Male,0,No,No,9,Yes,No,DSL,No,No,Yes,Yes,No,Yes,Month-to-month,Yes,Electronic check,60.13,550.39,No
CUST-03857,Female,0,No,No,59,Yes,No,Fiber optic,Yes,No,No,No,No,No,Month-to-month,Yes,Mailed check,86.54,5100.72,No
CUST-03858,Male,0,No,No,27,Yes,No,No,No internet service,No internet service,No internet service,No internet service,No internet service,No internet service,One year,Yes,Credit card (automatic),39.86,1072.58,No
CUST-03859,Female,0,No,No,59,Yes,Yes,No,No internet service,No internet service,No internet service,No internet service,No internet service,No internet service,Month-to-month,Yes,Electronic check,32.41,1907.07,No
CUST-03860,Male,0,Yes,No,3,Yes,Yes,Fiber optic,No,No,Yes,No,Yes,No,Month-to-month,Yes,Credit card (automatic),70.75,211.99,Yes
CUST-03861,Female,0,No,No,7,No,No phone service,Fiber optic,No,Yes,Yes,No,No,Yes,Month-to-month,Yes,Bank transfer (automatic),90.27,626.23,Yes
CUST-03862,Female,1,No,No,16,Yes,Yes,Fiber optic,No,No,No,Yes,Yes,No,Month-to-month,Yes,Electronic check,70.5,1123.48,Yes
CUST-03863,Male,0,Yes,No,49,Yes,No,DSL,No,Yes,Yes,No,No,Yes,One year,No,Credit card (automatic),53.76,2642.96,No
CUST-03864,Female,0,No,Yes,32,Yes,No,DSL,No,No,No,No,No,No,Two year,Yes,Credit card (automatic),42.7,1360.59,No
CUST-03865,Female,0,Yes,No,44,Yes,Yes,No,No internet service,No internet service,No internet service,No internet service,No internet service,No internet service,Month-to-month,Yes,Bank transfer (automatic),19.78,875.93,No
CUST-03866,Female,1,Yes,No,19,Yes,No,Fiber optic,No,No,No,No,Yes,Yes,Month-to-month,Yes,Credit card (automatic),70.75,1343.06,No
CUST-03867,Female,0,No,Yes,3,Yes,Yes,No,No internet service,No internet service,No internet service,No internet service,No internet service,No internet service,Two year,Yes,Electronic check,36.58,105.05,No
CUST-03868,Female,0,No,No,60,Yes,No,Fiber optic,Yes,Yes,Yes,No,No,No,One year,Yes,Mailed check,71.59,4290.58,No
CUST-03869,Female,0,Yes,No,35,Yes,No,No,No internet service,No internet service,No internet service,No internet service,No internet service,No internet service,One year,Yes,Credit card (automatic),30.36,1056.55,No
CUST-03870,Female,0,No,No,29,No,No phone service,DSL,Yes,No,No,Yes,Yes,Yes,Two year,No,Electronic check,60.32,1747.98,No
CUST-03871,Female,0,Yes,No,70,Yes,Yes,DSL,No,No,Yes,No,Yes,Yes,One year,No,Mailed check,56.5,3951.62,No
CUST-03872,Male,0,Yes,No,45,Yes,Yes,No,No internet service,No internet service,No internet service,No internet service,No internet service,No internet service,Two year,No,Credit card (automatic),34.82,1566.19,No
CUST-03873,Male,0,No,Yes,27,Yes,No,Fiber optic,Yes,No,No,No,No,Yes,One year,Yes,Bank transfer (automatic),91.98,2484.1,Yes
CUST-03874,Female,0,Yes,No,69,Yes,No,DSL,Yes,No,Yes,No,Yes,No,Month-to-month,Yes,Electronic check,68.98,4749.81,Yes
CUST-03875,Female,0,No,Yes,35,No,No phone service,No,No internet service,No internet service,No internet service,No internet service,No internet service,No internet service,Two year,Yes,Credit card (automatic),35.52,1249.22,No
CUST-03876,Male,0,No,Yes,19,No,No phone service,No,No internet service,No internet service,No internet service,No internet service,No internet service,No internet service,Month-to-month,Yes,Electronic check,20.6,396.29,No
CUST-03877,Male,0,Yes,No,17,Yes,No,Fiber optic,No,No,No,No,Yes,Yes,Month-to-month,Yes,Electronic check,94.38,,Yes
CUST-03878,Male,0,Yes,No,35,Yes,Yes,Fiber optic,No,No,No,No,No,Yes,Month-to-month,Yes,Credit card (automatic),67.11,2346.34,No
CUST-03879,Female,0,No,No,30,Yes,Yes,No,No internet service,No internet service,No internet service,No internet service,No internet service,No internet service,Month-to-month,Yes,Bank transfer (automatic),42.83,1294.27,Yes
CUST-03880,Male,0,No,No,48,Yes,No,Fiber optic,No,No,Yes,No,Yes,Yes,Month-to-month,Yes,Mailed check,78.55,3775.42,Yes
CUST-03881,Female,0,No,No,57,Yes,Yes,No,No internet service,No internet service,No internet service,No internet service,No internet service,No internet service,Month-to-month,Yes,Mailed check,40.27,2287.95,No
CUST-03882,Female,0,Yes,No,17,Yes,Yes,Fiber optic,No,No,No,Yes,No,No,One year,Yes,Bank transfer (automatic),75.21,1270.12,Yes
CUST-03883,Male,0,No,No,15,Yes,No,DSL,No,No,No,No,No,Yes,Month-to-month,No,Bank transfer (automatic),56.84,861.86,No
CUST-03884,Female,0,Yes,Yes,14,Yes,Yes,Fiber optic,No,No,Yes,Yes,Yes,No,Two year,No,Electronic check,69.25,973.85,No
CUST-03885,Female,0,Yes,Yes,14,Yes,No,Fiber optic,No,No,No,No,Yes,No,Month-to-month,No,Credit card (automatic),92.15,1298.23,No
CUST-03886,Female,0,Yes,No,45,Yes,No,DSL,Yes,No,No,No,No,No,One year,No,Mailed check,48.99,2203.2,Yes
CUST-03887,Female,0,No,Yes,38,Yes,Yes,DSL,Yes,Yes,No,No,No,Yes,One year,Yes,Credit card (automatic),47.87,1817.88,No
CUST-03888,Male,0,Yes,No,63,Yes,Yes,DSL,No,Yes,Yes,Yes,Yes,No,Month-to-month,Yes,Electronic check,53.37,3352.35,No
CUST-03889,Male,0,No,No,11,Yes,No,DSL,No,No,Yes,No,No,Yes,One year,No,Electronic check,50.97,570.48,No
CUST-03890,Female,0,Yes,Yes,48,Yes,No,Fiber optic,Yes,No,No,No,Yes,Yes,One year,No,Electronic check,69.14,3323.94,No
CUST-03891,Female,0,No,No,26,Yes,No,Fiber optic,Yes,No,Yes,No,No,No,One year,No,Credit card (automatic),65.74,1705.71,No
CUST-03892,Male,0,No,Yes,67,Yes,Yes,Fiber optic,No,No,No,No,No,Yes,Two year,Yes,Credit card (automatic),74.63,5000.32,No
CUST-03893,Female,0,Yes,No,25,Yes,No,Fiber optic,No,No,No,No,No,No,Month-to-month,Yes,Bank transfer (automatic),86.59,2160.66,Yes
CUST-03894,Male,0,No,No,61,Yes,No,Fiber optic,No,No,No,No,Yes,No,Two year,Yes,Bank transfer (automatic),70.67,4302.59,No
CUST-03895,Female,1,Yes,No,26,No,No phone service,DSL,No,Yes,No,Yes,No,No,Month-to-month,No,Mailed check,45.17,1176.12,No
CUST-03896,Female,0,Yes,Yes,34,No,No phone service,Fiber optic,No,No,No,No,Yes,No,Month-to-month,No,Electronic check,80.97,2754.01,No
CUST-03897,Male,0,Yes,No,9,Yes,Yes,Fiber optic,No,No,No,No,No,Yes,Two year,No,Bank transfer (automatic),85.15,766.23,No
CUST-03898,Male,0,Yes,Yes,40,Yes,No,No,No internet service,No internet service,No internet service,No internet service,No internet service,No internet service,One year,No,Credit card (automatic),44.6,1793.99,No
CUST-03899,Male,0,Yes,No,7,No,No phone service,DSL,No,Yes,No,Yes,Yes,No,One year,No,Credit card (automatic),42.5,305.55,No
CUST-03900,Male,0,Yes,No,30,Yes,No,Fiber optic,Yes,No,No,Yes,Yes,No,Month-to-month,Yes,Electronic check,78.91,2369.76,No
CUST-03901,Female,0,Yes,No,66,Yes,No,Fiber optic,Yes,No,No,No,No,No,Two year,No,Bank transfer (automatic),94.06,6204.22,No
CUST-03902,Male,0,No,No,30,Yes,No,Fiber optic,Yes,No,No,No,Yes,No,One year,Yes,Credit card (automatic),84.3,2521.94,No
CUST-03903,Female,0,Yes,No,68,No,No phone service,No,No internet service,No internet service,No internet service,No internet service,No internet service,No internet service,Month-to-month,No,Credit card (automatic),34.52,2354.25,No
CUST-03904,Male,0,Yes,Yes,58,Yes,Yes,Fiber optic,No,Yes,No,No,No,No,Month-to-month,Yes,Electronic check,91.97,5327.41,Yes
CUST-03905,Male,0,No,Yes,55,Yes,Yes,Fiber optic,No,Yes,No,No,No,No,Month-to-month,Yes,Mailed check,75.2,4127.17,No
CUST-03906,Female,0,No,No,14,Yes,Yes,Fiber optic,No,No,Yes,Yes,Yes,No,Month-to-month,Yes,Electronic check,81.44,1144.42,No
CUST-03907,Male,0,Yes,Yes,37,Yes,No,No,No internet service,No internet service,No internet service,No internet service,No internet service,No internet service,One year,Yes,Credit card (automatic),29.05,1069.91,No
CUST-03908,Male,1,Yes,No,44,Yes,No,No,No internet service,No internet service,No internet service,No internet service,No internet service,No internet service,Two year,No,Bank transfer (automatic),25.26,1119.41,No
CUST-03909,Male,0,Yes,No,6,No,No phone service,No,No internet service,No internet service,No internet service,No internet service,No internet service,No internet service,Two year,No,Bank transfer (automatic),41.49,256.74,No
CUST-03910,Male,0,No,No,26,Yes,Yes,DSL,No,No,No,No,Yes,No,Month-to-month,No,Electronic check,52.56,1368.03,Yes
CUST-03911,Female,0,Yes,No,14,Yes,Yes,Fiber optic,No,No,No,No,No,No,One year,No,Bank transfer (automatic),69.24,974.15,No
CUST-03912,Female,0,No,No,8,No,No phone service,Fiber optic,Yes,Yes,No,Yes,No,No,One year,Yes,Electronic check,69.66,549.65,No
CUST-03913,Male,0,Yes,No,24,Yes,No,Fiber optic,Yes,Yes,No,No,No,No,Month-to-month,No,Credit card (automatic),68.44,1644.75,No
CUST-03914,Male,1,Yes,No,39,Yes,Yes,DSL,Yes,Yes,Yes,No,No,Yes,Month-to-month,Yes,Credit card (automatic),62.36,2432.04,No
CUST-03915,Male,0,No,No,49,Yes,Yes,No,No internet service,No internet service,No internet service,No internet service,No internet service,No internet service,Two year,Yes,Electronic check,43.83,2142.72,No
CUST-03916,Female,1,Yes,No,63,Yes,Yes,Fiber optic,Yes,Yes,Yes,Yes,No,Yes,Two year,Yes,Bank transfer (automatic),72.25,4559.66,No
CUST-03917,Female,0,Yes,No,26,Yes,No,Fiber optic,No,Yes,No,Yes,No,No,Two year,Yes,Electronic check,66.49,1736.24,No
CUST-03918,Female,0,Yes,No,10,No,No phone service,Fiber optic,No,No,Yes,Yes,Yes,No,Month-to-month,No,Bank transfer (automatic),68.8,694.38,No
CUST-03919,Female,1,No,No,58,Yes,No,Fiber optic,No,Yes,No,No,No,Yes,Two year,No,Electronic check,87.15,5062.17,No
CUST-03920,Male,0,Yes,Yes,14,Yes,No,No,No internet service,No internet service,No internet service,No internet service,No internet service,No internet service,One year,Yes,Electronic check,38.92,553.53,Yes
CUST-03921,Male,0,Yes,No,71,Yes,No,Fiber optic,Yes,Yes,No,No,No,Yes,Month-to-month,Yes,Electronic check,75.45,5358.13,Yes
CUST-03922,Male,0,No,No,39,Yes,Yes,Fiber optic,No,Yes,No,Yes,Yes,No,One year,Yes,Mailed check,65.25,2545.11,No
CUST-03923,Female,1,No,No,31,Yes,Yes,DSL,Yes,No,No,No,No,Yes,Month-to-month,Yes,Bank transfer (automatic),66.02,2055.53,No
CUST-03924,Male,0,Yes,Yes,50,Yes,No,Fiber optic,No,No,No,No,No,No,Month-to-month,Yes,Credit card (automatic),67.73,3394.37,Yes
CUST-03925,Female,1,Yes,No,16,Yes,Yes,DSL,No,No,No,No,No,Yes,Two year,Yes,Electronic check,44.6,715.35,Yes
CUST-03926,Female,0,No,No,72,Yes,No,DSL,No,No,No,No,No,Yes,Month-to-month,No,Credit card (automatic),47.4,3405.39,Yes
CUST-03927,Male,0,Yes,No,51,Yes,Yes,Fiber optic,No,Yes,No,Yes,No,No,Month-to-month,Yes,Credit card (automatic),84.07,4292.76,No
CUST-03928,Male,0,Yes,No,15,Yes,Yes,DSL,No,No,Yes,No,No,Yes,Month-to-month,Yes,Bank transfer (automatic),50.48,750.68,Yes
CUST-03929,Male,0,No,Yes,38,Yes,Yes,No,No internet service,No internet service,No internet service,No internet service,No internet service,No internet service,Month-to-month,No,Credit card (automatic),18.25,700.64,No
CUST-03930,Female,1,Yes,No,71,Yes,No,Fiber optic,No,Yes,Yes,Yes,Yes,Yes,Two year,No,Electronic check,87.8,6237.77,No
CUST-03931,Female,0,Yes,No,72,Yes,Yes,Fiber optic,Yes,No,No,No,No,Yes,Two year,No,Credit card (automatic),81.61,5876.71,No
CUST-03932,Male,0,No,No,21,Yes,No,DSL,No,Yes,No,No,No,No,Month-to-month,Yes,Electronic check,64.91,1372.15,Yes
CUST-03933,Male,0,Yes,No,16,Yes,Yes,DSL,No,No,No,Yes,No,No,Month-to-month,Yes,Bank transfer (automatic),41.97,674.84,No
CUST-03934,Female,0,Yes,Yes,67,Yes,Yes,Fiber optic,No,Yes,Yes,No,No,Yes,Month-to-month,No,Mailed check,93.54,6261.77,Yes
CUST-03935,Male,0,Yes,No,65,Yes,Yes,No,No internet service,No internet service,No internet service,No internet service,No internet service,No internet service,Two year,No,Bank transfer (automatic),18.25,1181.59,No
CUST-03936,Female,1,No,Yes,13,Yes,Yes,DSL,Yes,No,No,No,Yes,Yes,Month-to-month,No,Mailed check,56.74,731.1,No
CUST-03937,Female,1,Yes,No,64,Yes,Yes,Fiber optic,Yes,No,Yes,No,No,No,Two year,Yes,Credit card (automatic),80.6,5166.12,No
CUST-03938,Male,0,No,No,61,No,No phone service,DSL,No,Yes,No,No,Yes,Yes,Month-to-month,Yes,Electronic check,66.76,4068.04,No
CUST-03939,Male,1,No,No,32,Yes,No,No,No internet service,No internet service,No internet service,No internet service,No internet service,No internet service,Month-to-month,Yes,Bank transfer (automatic),31.86,1028.61,Yes
CUST-03940,Male,1,Yes,No,12,Yes,No,Fiber optic,No,Yes,Yes,No,Yes,No,Month-to-month,Yes,Electronic check,73.36,879.45,Yes
CUST-03941,Male,0,No,No,41,Yes,No,DSL,No,No,No,No,No,Yes,Month-to-month,Yes,Credit card (automatic),45.16,1858.82,Yes
CUST-03942,Female,0,Yes,No,66,Yes,No,Fiber optic,No,No,No,No,Yes,No,One year,No,Electronic check,72.79,4802.97,Yes
CUST-03943,Female,1,Yes,No,8,Yes,No,No,No internet service,No internet service,No internet service,No internet service,No internet service,No internet service,One year,Yes,Bank transfer (automatic),23.11,194.04,Yes
CUST-03944,Female,0,Yes,No,59,Yes,No,Fiber optic,Yes,Yes,Yes,No,Yes,No,Two year,Yes,Bank transfer (automatic),71.35,4215.39,No
CUST-03945,Male,1,No,No,25,Yes,Yes,DSL,No,No,No,No,No,No,Two year,Yes,Credit card (automatic),47.02,1184.24,No
CUST-03946,Female,0,Yes,No,5,Yes,Yes,DSL,No,Yes,No,Yes,Yes,Yes,Month-to-month,Yes,Credit card (automatic),65.71,335.07,Yes
CUST-03947,Male,0,Yes,No,45,Yes,Yes,No,No internet service,No internet service,No internet service,No internet service,No internet service,No internet service,Two year,Yes,Credit card (automatic),41.12,1853.81,No
CUST-03948,Male,0,Yes,Yes,2,Yes,No,Fiber optic,No,No,No,Yes,No,No,Month-to-month,No,Bank transfer (automatic),80.93,169.77,Yes
CUST-03949,Male,0,No,No,42,Yes,No,Fiber optic,No,No,Yes,Yes,Yes,Yes,Month-to-month,No,Mailed check,92.45,3874.89,Yes
CUST-03950,Male,0,No,No,38,Yes,Yes,DSL,No,No,No,Yes,No,No,Month-to-month,Yes,Electronic check,55.14,2093.77,Yes
CUST-03951,Male,0,Yes,No,3,Yes,Yes,No,No internet service,No internet service,No internet service,No internet service,No internet service,No internet service,Month-to-month,Yes,Bank transfer (automatic),33.0,98.02,Yes
CUST-03952,Male,0,Yes,No,46,Yes,Yes,Fiber optic,No,No,No,No,No,Yes,Month-to-month,Yes,Bank transfer (automatic),94.82,4368.83,No
CUST-03953,Female,0,Yes,No,22,Yes,Yes,DSL,Yes,Yes,No,No,No,No,Month-to-month,Yes,Credit card (automatic),51.2,1127.33,No
CUST-03954,Male,0,Yes,No,33,Yes,No,DSL,No,Yes,No,No,Yes,No,Month-to-month,No,Electronic check,58.83,1942.0,Yes
CUST-03955,Female,1,No,No,32,Yes,Yes,No,No internet service,No internet service,No internet service,No internet service,No internet service,No internet service,Two year,Yes,Mailed check,35.52,1132.25,No
CUST-03956,Female,0,No,No,17,Yes,No,Fiber optic,Yes,No,No,No,Yes,Yes,Month-to-month,No,Mailed check,82.87,1409.71,Yes
CUST-03957,Male,0,No,No,56,Yes,No,DSL,Yes,No,No,Yes,No,No,One year,Yes,Bank transfer (automatic),49.46,2778.01,No
CUST-03958,Male,0,No,Yes,3,Yes,Yes,Fiber optic,No,Yes,Yes,No,Yes,No,Month-to-month,No,Credit card (automatic),92.65,283.8,No
CUST-03959,Male,0,No,No,70,Yes,No,Fiber optic,No,Yes,No,No,Yes,No,Month-to-month,Yes,Electronic check,91.88,6436.46,Yes
CUST-03960,Female,0,No,No,49,Yes,No,No,No internet service,No internet service,No internet service,No internet service,No internet service,No internet service,Month-to-month,No,Mailed check,43.55,2137.8,Yes
CUST-03961,Male,0,No,No,55,No,No phone service,DSL,No,No,Yes,No,No,Yes,Month-to-month,Yes,Electronic check,51.4,2825.13,No
CUST-03962,Female,0,Yes,Yes,31,Yes,No,Fiber optic,No,No,No,Yes,No,Yes,Month-to-month,No,Mailed check,91.65,2847.09,Yes
CUST-03963,Male,0,Yes,Yes,21,Yes,No,DSL,No,Yes,No,No,No,Yes,One year,Yes,Credit card (automatic),58.96,1234.57,No
CUST-03964,Male,0,Yes,No,16,Yes,Yes,DSL,No,No,No,No,No,No,One year,Yes,Credit card (automatic),69.88,1124.92,Yes
CUST-03965,Female,1,Yes,Yes,17,Yes,Yes,DSL,No,Yes,No,Yes,No,Yes,Two year,Yes,Mailed check,52.27,897.86,No
CUST-03966,Female,0,Yes,No,1,Yes,Yes,DSL,Yes,No,No,No,Yes,No,Month-to-month,Yes,Mailed check,40.15,36.69,Yes
CUST-03967,Male,1,Yes,No,72,Yes,Yes,DSL,No,No,No,No,No,No,One year,Yes,Mailed check,55.13,3973.96,No
CUST-03968,Female,1,No,No,65,Yes,Yes,No,No internet service,No internet service,No internet service,No internet service,No internet service,No internet service,Two year,No,Bank transfer (automatic),31.17,2033.81,No
CUST-03969,Female,1,Yes,Yes,66,Yes,No,No,No internet service,No internet service,No internet service,No internet service,No internet service,No internet service,Two year,No,Electronic check,28.91,1908.71,No
CUST-03970,Female,1,No,No,37,Yes,Yes,DSL,No,No,No,No,No,No,Month-to-month,Yes,Electronic check,52.18,1936.46,Yes
CUST-03971,Female,0,Yes,No,24,Yes,Yes,Fiber optic,No,No,No,No,No,No,One year,No,Electronic check,71.6,1720.52,Yes
CUST-03972,Female,0,No,No,62,No,No phone service,Fiber optic,No,No,Yes,No,Yes,No,Two year,Yes,Electronic check,86.92,5396.31,No
CUST-03973,Male,0,No,No,21,Yes,No,DSL,Yes,No,No,No,No,No,Month-to-month,Yes,Bank transfer (automatic),55.96,1182.79,No
CUST-03974,Male,0,Yes,No,37,Yes,No,DSL,Yes,No,No,No,Yes,No,Two year,No,Mailed check,43.13,1598.74,No
CUST-03975,Female,0,Yes,Yes,35,Yes,Yes,Fiber optic,No,No,No,Yes,Yes,No,One year,Yes,Bank transfer (automatic),68.02,2375.87,No
CUST-03976,Male,0,Yes,No,38,No,No phone service,Fiber optic,No,Yes,Yes,Yes,No,No,Month-to-month,No,Mailed check,88.32,3358.41,No
CUST-03977,Male,1,Yes,No,53,No,No phone service,Fiber optic,No,No,Yes,No,No,No,Month-to-month,Yes,Bank transfer (automatic),82.57,4372.09,Yes
CUST-03978,Female,1,Yes,No,15,Yes,No,Fiber optic,No,No,No,No,No,No,One year,Yes,Mailed check,80.16,1192.84,Yes
CUST-03979,Male,0,No,No,42,Yes,Yes,DSL,No,Yes,Yes,No,No,No,Two year,Yes,Mailed check,46.63,1968.31,No
CUST-03980,Female,0,Yes,No,4,Yes,No,Fiber optic,No,No,No,No,No,No,Month-to-month,No,Credit card (automatic),74.4,296.45,Yes
CUST-03981,Female,1,No,Yes,39,Yes,No,DSL,No,No,Yes,Yes,No,Yes,Month-to-month,Yes,Bank transfer (automatic),64.46,2513.14,No
CUST-03982,Male,0,No,No,23,Yes,No,DSL,Yes,Yes,No,No,No,No,Two year,Yes,Electronic check,48.37,1113.46,No
CUST-03983,Female,0,No,No,15,Yes,No,Fiber optic,No,Yes,Yes,No,Yes,No,Two year,No,Mailed check,70.29,1059.48,No
CUST-03984,Female,0,Yes,No,12,Yes,No,Fiber optic,Yes,No,No,Yes,Yes,No,One year,No,Electronic check,84.77,1022.39,No
CUST-03985,Female,0,Yes,No,70,Yes,No,Fiber optic,No,No,Yes,No,No,No,One year,Yes,Bank transfer (automatic),88.1,6168.06,No
CUST-03986,Female,0,Yes,No,54,Yes,Yes,DSL,No,No,No,No,No,Yes,Month-to-month,No,Bank transfer (automatic),45.25,2449.76,No
CUST-03987,Female,1,Yes,No,38,Yes,No,Fiber optic,No,Yes,No,Yes,No,Yes,Two year,Yes,Electronic check,72.57,2751.9,No
CUST-03988,Male,0,Yes,No,28,Yes,Yes,No,No internet service,No internet service,No internet service,No internet service,No internet service,No internet service,Two year,Yes,Electronic check,18.25,517.98,No
CUST-03989,Male,0,Yes,Yes,19,No,No phone service,No,No internet service,No internet service,No internet service,No internet service,No internet service,No internet service,Two year,Yes,Electronic check,18.25,339.11,No
CUST-03990,Female,0,No,No,69,Yes,No,DSL,No,No,No,Yes,No,Yes,Month-to-month,Yes,Credit card (automatic),41.64,2876.28,Yes
CUST-03991,Female,0,Yes,No,64,No,No phone service,DSL,Yes,No,No,No,Yes,No,Two year,Yes,Electronic check,41.72,2660.27,No
CUST-03992,Male,1,No,No,4,Yes,No,No,No internet service,No internet service,No internet service,No internet service,No internet service,No internet service,Month-to-month,No,Bank transfer (automatic),38.34,163.13,Yes
CUST-03993,Female,0,No,Yes,10,Yes,No,Fiber optic,No,No,No,No,Yes,No,One year,Yes,Electronic check,82.64,829.29,No
CUST-03994,Male,0,Yes,No,12,Yes,No,DSL,No,No,No,No,Yes,Yes,Two year,Yes,Credit card (automatic),48.1,585.57,No
CUST-03995,Female,0,Yes,No,69,Yes,No,Fiber optic,No,Yes,Yes,No,Yes,No,Month-to-month,Yes,Electronic check,68.42,4722.3,Yes
CUST-03996,Female,0,Yes,No,7,Yes,Yes,DSL,No,Yes,Yes,Yes,Yes,No,Month-to-month,Yes,Electronic check,68.56,489.81,Yes
CUST-03997,Female,0,Yes,No,44,Yes,No,Fiber optic,No,No,No,No,No,No,Month-to-month,Yes,Bank transfer (automatic),76.18,3352.66,No
CUST-03998,Female,0,Yes,No,23,No,No phone service,DSL,No,No,No,Yes,No,Yes,Two year,No,Credit card (automatic),40.41,927.82,No
CUST-03999,Female,0,Yes,No,2,Yes,No,No,No internet service,No internet service,No internet service,No internet service,No internet service,No internet service,Month-to-month,No,Bank transfer (automatic),18.25,41.63,Yes
CUST-04000,Female,0,No,No,37,Yes,No,Fiber optic,Yes,No,No,No,No,No,Month-to-month,Yes,Mailed check,71.39,2633.51,No
CUST-04001,Female,0,No,No,69,Yes,Yes,Fiber optic,No,No,Yes,No,No,Yes,Month-to-month,No,Electronic check,89.17,6147.94,No
CUST-04002,Male,1,No,Yes,20,Yes,Yes,Fiber optic,No,Yes,No,Yes,No,Yes,Two year,No,Mailed check,88.74,1776.06,No
CUST-04003,Male,1,No,No,44,Yes,No,Fiber optic,No,Yes,No,No,No,Yes,Month-to-month,No,Credit card (automatic),65.71,2889.34,Yes
CUST-04004,Male,0,No,Yes,70,Yes,Yes,No,No internet service,No internet service,No internet service,No internet service,No internet service,No internet service,Month-to-month,No,Credit card (automatic),21.03,1471.89,No
CUST-04005,Female,0,No,No,51,Yes,No,DSL,Yes,No,No,No,No,No,Two year,Yes,Electronic check,62.13,3175.7,No
CUST-04006,Female,0,Yes,No,31,Yes,Yes,Fiber optic,Yes,Yes,No,No,Yes,No,One year,Yes,Credit card (automatic),67.2,2077.12,No
CUST-04007,Female,1,Yes,Yes,41,Yes,Yes,DSL,No,Yes,Yes,No,Yes,Yes,Month-to-month,No,Electronic check,52.47,2143.51,No
CUST-04008,Female,0,Yes,No,58,Yes,Yes,Fiber optic,No,No,Yes,No,No,No,Month-to-month,No,Credit card (automatic),93.82,5440.92,Yes
CUST-04009,Female,0,No,No,5,Yes,Yes,Fiber optic,No,No,No,No,Yes,No,Two year,No,Bank transfer (automatic),82.36,406.17,No
CUST-04010,Female,0,No,No,33,Yes,Yes,DSL,No,No,Yes,No,No,No,One year,No,Bank transfer (automatic),52.93,1737.05,No
CUST-04011,Female,0,No,Yes,43,No,No phone service,Fiber optic,No,No,Yes,No,Yes,No,Month-to-month,No,Bank transfer (automatic),93.82,4038.58,Yes
CUST-04012,Male,0,Yes,No,19,Yes,Yes,Fiber optic,No,No,No,No,No,No,Month-to-month,No,Credit card (automatic),80.19,1522.18,Yes
CUST-04013,Female,0,Yes,Yes,32,Yes,Yes,DSL,No,No,Yes,No,Yes,No,Month-to-month,No,Credit card (automatic),58.05,1861.92,Yes
CUST-04014,Male,0,Yes,Yes,3,No,No phone service,DSL,No,No,No,No,No,No,Two year,No,Electronic check,55.37,160.23,No
CUST-04015,Male,0,No,Yes,1,Yes,No,DSL,Yes,No,No,No,No,Yes,Two year,Yes,Credit card (automatic),62.51,58.56,No
CUST-04016,Female,0,No,No,41,Yes,No,Fiber optic,No,Yes,Yes,No,Yes,Yes,Month-to-month,Yes,Electronic check,74.97,3076.82,No
CUST-04017,Female,0,No,Yes,48,Yes,Yes,Fiber optic,Yes,No,No,No,No,Yes,One year,No,Mailed check,69.56,3342.33,No
CUST-04018,Male,0,Yes,Yes,39,Yes,No,No,No internet service,No internet service,No internet service,No internet service,No internet service,No internet service,Two year,Yes,Credit card (automatic),29.16,1142.2,No
CUST-04019,Male,0,No,No,5,Yes,No,DSL,No,Yes,No,Yes,No,No,Month-to-month,No,Electronic check,61.98,301.98,Yes
CUST-04020,Female,1,Yes,No,11,Yes,No,Fiber optic,Yes,No,Yes,Yes,Yes,No,Two year,No,Mailed check,79.0,875.47,No
CUST-04021,Female,0,Yes,Yes,22,Yes,Yes,Fiber optic,No,No,No,No,Yes,No,One year,Yes,Mailed check,71.07,1565.32,No
CUST-04022,Male,0,Yes,No,64,Yes,Yes,Fiber optic,Yes,No,Yes,No,No,Yes,Month-to-month,Yes,Bank transfer (automatic),69.49,4439.75,No
CUST-04023,Female,0,Yes,No,12,Yes,No,Fiber optic,No,Yes,No,No,Yes,Yes,Two year,No,Credit card (automatic),94.13,1128.33,No
CUST-04024,Female,1,Yes,Yes,53,Yes,No,DSL,No,Yes,No,No,Yes,No,Month-to-month,Yes,Mailed check,67.65,3583.02,Yes
CUST-04025,Female,0,Yes,No,55,Yes,Yes,DSL,No,Yes,Yes,Yes,No,Yes,Month-to-month,Yes,Credit card (automatic),49.33,2706.57,No
CUST-04026,Male,0,Yes,Yes,53,Yes,Yes,No,No internet service,No internet service,No internet service,No internet service,No internet service,No internet service,Month-to-month,Yes,Credit card (automatic),43.9,2334.12,No
CUST-04027,Male,1,No,Yes,21,Yes,No,DSL,No,Yes,Yes,No,No,Yes,Month-to-month,No,Bank transfer (automatic),58.59,1231.49,Yes
CUST-04028,Male,0,Yes,No,19,Yes,Yes,Fiber optic,Yes,Yes,Yes,Yes,Yes,No,Month-to-month,No,Mailed check,74.24,1409.71,No
CUST-04029,Female,0,No,Yes,69,Yes,No,DSL,No,No,No,Yes,No,No,Month-to-month,No,Electronic check,49.15,3384.75,No
CUST-04030,Female,0,Yes,Yes,72,Yes,Yes,Fiber optic,No,Yes,No,Yes,No,No,One year,No,Bank transfer (automatic),92.0,6626.11,No
CUST-04031,Male,0,Yes,No,66,Yes,Yes,Fiber optic,Yes,No,No,No,No,No,Month-to-month,No,Credit card (automatic),76.12,5016.38,No
CUST-04032,Male,1,Yes,No,59,Yes,Yes,DSL,Yes,No,Yes,Yes,Yes,No,Month-to-month,No,Mailed check,42.34,2498.63,No
CUST-04033,Male,0,No,No,49,Yes,Yes,DSL,Yes,No,Yes,Yes,No,No,Month-to-month,No,Credit card (automatic),62.19,3043.65,Yes
CUST-04034,Female,0,Yes,No,59,Yes,No,DSL,No,No,Yes,No,No,Yes,One year,No,Electronic check,44.42,2622.34,No
CUST-04035,Male,0,Yes,No,23,Yes,Yes,No,No internet service,No internet service,No internet service,No internet service,No internet service,No internet service,Month-to-month,Yes,Credit card (automatic),35.73,825.4,Yes
CUST-04036,Male,0,No,No,3,Yes,Yes,No,No internet service,No internet service,No internet service,No internet service,No internet service,No internet service,One year,No,Bank transfer (automatic),35.78,116.28,No
CUST-04037,Female,0,No,No,56,Yes,Yes,No,No internet service,No internet service,No internet service,No internet service,No internet service,No internet service,One year,No,Electronic check,32.11,1800.39,No
CUST-04038,Female,0,No,No,58,Yes,Yes,DSL,No,No,No,Yes,Yes,Yes,Month-to-month,Yes,Mailed check,57.19,3313.78,No
CUST-04039,Female,0,No,No,62,Yes,Yes,DSL,No,Yes,No,Yes,No,No,Month-to-month,Yes,Electronic check,50.51,3138.38,No
CUST-04040,Male,0,Yes,Yes,18,Yes,No,DSL,No,No,No,Yes,Yes,Yes,One year,Yes,Credit card (automatic),52.33,945.55,No
CUST-04041,Female,0,Yes,No,61,Yes,No,DSL,No,No,Yes,No,No,Yes,One year,No,Bank transfer (automatic),43.63,2659.78,No
CUST-04042,Female,0,No,No,37,Yes,Yes,Fiber optic,Yes,Yes,No,No,No,No,Month-to-month,No,Bank transfer (automatic),81.64,3011.79,Yes
CUST-04043,Male,0,Yes,No,54,No,No phone service,No,No internet service,No internet service,No internet service,No internet service,No internet service,No internet service,Two year,No,Credit card (automatic),39.5,2139.41,No
CUST-04044,Female,0,No,No,65,Yes,Yes,DSL,No,No,Yes,No,Yes,Yes,One year,Yes,Credit card (automatic),40.91,2663.81,No
CUST-04045,Male,0,No,No,14,Yes,No,DSL,No,No,Yes,No,No,No,Two year,Yes,Credit card (automatic),61.27,857.07,No
CUST-04046,Male,0,No,No,5,Yes,Yes,Fiber optic,Yes,Yes,No,No,No,No,Month-to-month,No,Electronic check,69.03,346.44,Yes
CUST-04047,Female,0,Yes,No,62,Yes,Yes,No,No internet service,No internet service,No internet service,No internet service,No internet service,No internet service,Month-to-month,No,Electronic check,38.96,2420.99,No
CUST-04048,Female,0,No,No,1,Yes,No,Fiber optic,Yes,No,Yes,No,No,No,Two year,No,Bank transfer (automatic),65.03,64.49,No
CUST-04049,Female,0,Yes,No,63,Yes,Yes,No,No internet service,No internet service,No internet service,No internet service,No internet service,No internet service,Month-to-month,Yes,Electronic check,18.25,1152.77,No
CUST-04050,Female,1,Yes,No,67,Yes,Yes,Fiber optic,Yes,No,Yes,Yes,Yes,No,One year,No,Electronic check,89.66,6006.81,No
CUST-04051,Female,0,Yes,No,20,Yes,Yes,Fiber optic,No,No,Yes,No,No,Yes,Two year,Yes,Electronic check,73.08,1464.09,Yes
CUST-04052,Female,0,No,No,43,Yes,Yes,DSL,No,Yes,Yes,No,No,Yes,Month-to-month,No,Electronic check,66.81,2873.04,No
CUST-04053,Male,0,Yes,Yes,42,No,No phone service,No,No internet service,No internet service,No internet service,No internet service,No internet service,No internet service,Month-to-month,No,Bank transfer (automatic),38.43,1609.33,Yes
CUST-04054,Male,0,No,No,69,Yes,No,Fiber optic,Yes,No,No,No,No,Yes,Month-to-month,No,Electronic check,84.24,5815.16,No
CUST-04055,Female,0,Yes,No,39,Yes,No,Fiber optic,No,No,No,No,No,No,Two year,Yes,Mailed check,73.99,2885.15,No
CUST-04056,Male,1,Yes,No,62,Yes,No,Fiber optic,No,No,No,No,No,No,Two year,No,Electronic check,90.19,5587.18,No
CUST-04057,Female,0,Yes,No,48,Yes,No,DSL,Yes,Yes,No,No,No,No,Month-to-month,No,Bank transfer (automatic),45.81,2206.28,No
CUST-04058,Male,0,No,No,6,Yes,Yes,DSL,No,No,No,Yes,Yes,Yes,Month-to-month,No,Credit card (automatic),66.76,397.57,Yes
CUST-04059,Male,0,No,Yes,42,Yes,Yes,DSL,No,No,No,Yes,Yes,No,Month-to-month,Yes,Bank transfer (automatic),62.69,2629.27,Yes
CUST-04060,Male,0,No,No,58,Yes,No,No,No internet service,No internet service,No internet service,No internet service,No internet service,No internet service,Month-to-month,No,Mailed check,25.45,1467.09,Yes
CUST-04061,Female,0,No,No,43,Yes,Yes,No,No internet service,No internet service,No internet service,No internet service,No internet service,No internet service,Two year,No,Electronic check,20.23,862.71,No
CUST-04062,Male,0,Yes,No,10,Yes,No,No,No internet service,No internet service,No internet service,No internet service,No internet service,No internet service,Two year,No,Electronic check,28.25,280.72,No
CUST-04063,Female,0,Yes,No,39,Yes,Yes,Fiber optic,No,No,Yes,No,No,Yes,Month-to-month,No,Mailed check,68.93,2689.66,Yes
CUST-04064,Male,0,No,No,13,Yes,Yes,Fiber optic,No,Yes,No,No,Yes,Yes,Month-to-month,Yes,Credit card (automatic),79.56,1025.64,No
CUST-04065,Male,0,No,No,39,Yes,No,DSL,Yes,No,No,No,Yes,No,Two year,Yes,Credit card (automatic),46.81,1827.48,No
CUST-04066,Male,0,No,No,11,Yes,No,DSL,No,No,No,Yes,Yes,Yes,Two year,Yes,Credit card (automatic),40.13,442.91,No
CUST-04067,Male,0,No,No,16,Yes,No,No,No internet service,No internet service,No internet service,No internet service,No internet service,No internet service,Two year,No,Mailed check,30.95,486.23,No
CUST-04068,Male,0,Yes,Yes,33,Yes,No,DSL,No,No,Yes,No,Yes,No,Month-to-month,No,Mailed check,49.0,1620.15,No
CUST-04069,Female,0,No,No,60,Yes,No,Fiber optic,No,No,No,No,No,Yes,Month-to-month,No,Electronic check,83.33,5005.41,Yes
CUST-04070,Female,1,No,No,59,Yes,No,Fiber optic,No,No,No,Yes,No,Yes,Two year,Yes,Mailed check,74.38,4392.61,No
CUST-04071,Male,0,Yes,No,51,Yes,No,Fiber optic,Yes,Yes,No,Yes,Yes,Yes,Month-to-month,No,Credit card (automatic),85.53,4358.58,Yes
CUST-04072,Male,1,No,Yes,15,Yes,Yes,No,No internet service,No internet service,No internet service,No internet service,No internet service,No internet service,Month-to-month,Yes,Credit card (automatic),35.0,516.01,No
CUST-04073,Male,1,Yes,No,43,Yes,No,DSL,No,Yes,No,No,No,No,Month-to-month,Yes,Electronic check,40.75,1753.66,Yes
CUST-04074,Male,1,No,No,27,No,No phone service,No,No internet service,No internet service,No internet service,No internet service,No internet service,No internet service,Month-to-month,No,Mailed check,35.66,966.45,Yes
CUST-04075,Female,0,Yes,No,56,Yes,No,Fiber optic,No,No,No,Yes,Yes,Yes,Month-to-month,Yes,Bank transfer (automatic),70.49,3954.51,No
CUST-04076,Male,0,No,No,60,Yes,Yes,No,No internet service,No internet service,No internet service,No internet service,No internet service,No internet service,Two year,No,Electronic check,39.62,2367.86,No
CUST-04077,Female,0,No,No,70,Yes,Yes,No,No internet service,No internet service,No internet service,No internet service,No internet service,No internet service,Month-to-month,Yes,Mailed check,18.57,1295.61,No
CUST-04078,Male,0,No,No,47,No,No phone service,DSL,Yes,Yes,Yes,No,No,Yes,Month-to-month,No,Bank transfer (automatic),47.42,2218.96,Yes
CUST-04079,Female,0,No,No,8,Yes,No,DSL,No,Yes,Yes,No,Yes,Yes,Two year,No,Mailed check,57.21,455.8,No
CUST-04080,Male,0,No,No,63,Yes,Yes,No,No internet service,No internet service,No internet service,No internet service,No internet service,No internet service,One year,No,Credit card (automatic),27.59,1732.88,No
CUST-04081,Male,0,Yes,No,7,Yes,No,DSL,No,No,No,No,No,No,Month-to-month,Yes,Bank transfer (automatic),69.74,479.66,No
CUST-04082,Female,0,No,No,2,No,No phone service,Fiber optic,No,No,No,No,No,Yes,One year,No,Bank transfer (automatic),86.59,178.33,Yes
CUST-04083,Male,1,Yes,Yes,17,Yes,Yes,Fiber optic,No,Yes,No,No,No,Yes,Month-to-month,No,Mailed check,71.61,1220.29,No
CUST-04084,Male,1,Yes,Yes,4,No,No phone service,Fiber optic,No,Yes,No,No,No,No,Two year,Yes,Electronic check,87.0,346.49,Yes
CUST-04085,Male,1,Yes,No,26,Yes,Yes,Fiber optic,No,No,Yes,No,Yes,No,One year,No,Bank transfer (automatic),75.69,1961.23,No
CUST-04086,Female,0,Yes,No,72,No,No phone service,Fiber optic,Yes,No,Yes,No,No,No,Two year,Yes,Credit card (automatic),65.68,4729.95,No
CUST-04087,Male,1,No,Yes,69,Yes,Yes,Fiber optic,Yes,Yes,Yes,No,Yes,No,Month-to-month,Yes,Electronic check,73.45,5062.59,No
CUST-04088,Male,0,No,Yes,5,Yes,Yes,Fiber optic,No,No,No,No,Yes,No,Two year,Yes,Bank transfer (automatic),93.23,460.43,No
CUST-04089,Female,0,No,No,5,Yes,No,No,No internet service,No internet service,No internet service,No internet service,No internet service,No internet service,Two year,No,Bank transfer (automatic),18.84,93.57,No
CUST-04090,Female,0,No,No,69,Yes,Yes,Fiber optic,No,Yes,No,No,No,No,One year,No,Bank transfer (automatic),82.17,5664.49,No
CUST-04091,Female,1,Yes,Yes,3,Yes,Yes,DSL,Yes,No,Yes,No,No,No,Two year,No,Mailed check,69.33,208.78,No
CUST-04092,Male,1,Yes,No,38,Yes,No,Fiber optic,Yes,Yes,Yes,Yes,No,Yes,Month-to-month,No,Electronic check,80.62,3054.33,Yes
CUST-04093,Male,0,Yes,No,1,Yes,No,No,No internet service,No internet service,No internet service,No internet service,No internet service,No internet service,Two year,No,Credit card (automatic),24.9,19.9,No
CUST-04094,Male,0,No,No,8,No,No phone service,DSL,No,No,No,No,No,Yes,Month-to-month,Yes,Electronic check,57.96,467.62,No
CUST-04095,Female,0,No,No,13,Yes,Yes,Fiber optic,No,Yes,No,No,No,No,Month-to-month,No,Mailed check,72.7,938.39,Yes
CUST-04096,Male,0,No,Yes,70,Yes,Yes,Fiber optic,No,No,No,Yes,Yes,No,Two year,No,Credit card (automatic),88.27,6181.34,No
CUST-04097,Male,1,No,Yes,50,Yes,Yes,No,No internet service,No internet service,No internet service,No internet service,No internet service,No internet service,One year,Yes,Credit card (automatic),40.88,2034.41,No
CUST-04098,Female,1,Yes,Yes,8,Yes,No,No,No internet service,No internet service,No internet service,No internet service,No internet service,No internet service,Two year,No,Bank transfer (automatic),25.57,207.56,Yes
CUST-04099,Female,0,No,Yes,30,Yes,Yes,No,No internet service,No internet service,No internet service,No internet service,No internet service,No internet service,Two year,Yes,Mailed check,38.19,1148.82,No
CUST-04100,Female,0,No,Yes,40,Yes,No,DSL,Yes,No,No,No,No,No,One year,No,Bank transfer (automatic),65.06,2598.15,No
CUST-04101,Female,0,Yes,Yes,33,Yes,No,DSL,No,Yes,No,No,No,No,Two year,Yes,Mailed check,52.24,1728.39,No
CUST-04102,Female,0,Yes,No,52,Yes,No,DSL,Yes,No,No,Yes,No,No,One year,Yes,Electronic check,68.49,3555.2,Yes
CUST-04103,Male,0,No,Yes,33,No,No phone service,DSL,No,No,Yes,No,Yes,No,One year,Yes,Electronic check,60.69,2000.7,No
CUST-04104,Female,0,No,No,37,Yes,Yes,DSL,Yes,Yes,No,Yes,No,Yes,Two year,Yes,Bank transfer (automatic),53.7,1995.02,No
CUST-04105,Male,0,Yes,No,70,Yes,No,Fiber optic,No,No,Yes,No,Yes,Yes,Month-to-month,Yes,Electronic check,83.32,5837.88,Yes
CUST-04106,Male,0,No,No,69,Yes,Yes,DSL,No,No,No,No,Yes,No,Month-to-month,Yes,Electronic check,54.91,3795.83,No
CUST-04107,Female,0,Yes,Yes,4,Yes,No,Fiber optic,No,No,Yes,No,No,No,Month-to-month,Yes,Electronic check,69.95,277.38,Yes
CUST-04108,Female,0,Yes,Yes,60,Yes,No,No,No internet service,No internet service,No internet service,No internet service,No internet service,No internet service,Two year,No,Electronic check,28.87,1741.75,No
CUST-04109,Female,0,No,No,31,Yes,Yes,Fiber optic,No,Yes,Yes,No,Yes,No,Month-to-month,No,Electronic check,81.73,2536.77,Yes
CUST-04110,Male,0,Yes,No,14,Yes,Yes,No,No internet service,No internet service,No internet service,No internet service,No internet service,No internet service,Month-to-month,Yes,Bank transfer (automatic),19.82,267.51,No
CUST-04111,Female,0,No,No,60,Yes,No,DSL,No,No,No,Yes,Yes,No,Month-to-month,Yes,Mailed check,66.75,3996.47,Yes
CUST-04112,Female,1,No,No,68,Yes,No,DSL,Yes,No,No,No,No,No,One year,Yes,Electronic check,57.9,3941.16,No
CUST-04113,Female,0,No,No,26,Yes,No,DSL,No,No,Yes,No,No,Yes,Month-to-month,No,Electronic check,53.92,1410.83,Yes
CUST-04114,Female,1,No,No,24,Yes,Yes,No,No internet service,No internet service,No internet service,No internet service,No internet service,No internet service,Two year,Yes,Mailed check,38.53,929.58,No
CUST-04115,Female,1,Yes,No,56,No,No phone service,Fiber optic,No,No,No,No,No,No,One year,Yes,Bank transfer (automatic),87.99,4927.86,No
CUST-04116,Male,0,No,No,9,Yes,Yes,No,No internet service,No internet service,No internet service,No internet service,No internet service,No internet service,Two year,No,Credit card (automatic),26.61,233.49,No
CUST-04117,Male,0,No,No,35,Yes,No,DSL,No,No,Yes,Yes,No,No,Month-to-month,No,Mailed check,53.4,1875.04,No
CUST-04118,Male,0,Yes,No,24,Yes,Yes,No,No internet service,No internet service,No internet service,No internet service,No internet service,No internet service,Month-to-month,Yes,Electronic check,29.09,699.64,Yes
CUST-04119,Female,1,No,Yes,31,Yes,No,DSL,No,Yes,No,No,Yes,No,Month-to-month,Yes,Bank transfer (automatic),44.46,1371.62,No
CUST-04120,Female,1,No,No,66,Yes,No,Fiber optic,Yes,No,No,No,Yes,Yes,One year,Yes,Bank transfer (automatic),86.75,5719.86,Yes
CUST-04121,Female,0,No,No,66,Yes,Yes,No,No internet service,No internet service,No internet service,No internet service,No internet service,No internet service,Month-to-month,No,Mailed check,20.32,1338.84,No
CUST-04122,Male,0,No,No,41,Yes,No,No,No internet service,No internet service,No internet service,No internet service,No internet service,No internet service,Month-to-month,No,Bank transfer (automatic),18.25,745.38,No
CUST-04123,Female,0,Yes,No,36,Yes,No,No,No internet service,No internet service,No internet service,No internet service,No internet service,No internet service,Two year,Yes,Credit card (automatic),35.15,1263.53,No
CUST-04124,Female,0,Yes,No,34,Yes,No,DSL,No,No,Yes,Yes,No,Yes,Month-to-month,No,Electronic check,42.47,1441.87,Yes
CUST-04125,Female,0,No,Yes,39,Yes,Yes,Fiber optic,Yes,No,No,No,No,No,Month-to-month,Yes,Electronic check,91.0,3555.01,Yes
CUST-04126,Male,0,Yes,Yes,23,Yes,No,No,No internet service,No internet service,No internet service,No internet service,No internet service,No internet service,Two year,Yes,Electronic check,24.94,568.2,Yes
CUST-04127,Female,0,Yes,Yes,44,Yes,No,Fiber optic,Yes,No,Yes,Yes,Yes,No,One year,Yes,Bank transfer (automatic),71.98,3161.82,No
CUST-04128,Male,0,Yes,No,70,Yes,Yes,Fiber optic,No,No,Yes,No,Yes,No,Month-to-month,Yes,Bank transfer (automatic),77.83,5439.14,No
CUST-04129,Female,0,Yes,No,58,Yes,No,DSL,No,No,No,No,No,No,Month-to-month,Yes,Electronic check,54.49,3165.76,Yes
CUST-04130,Male,0,No,No,59,Yes,Yes,DSL,No,No,Yes,Yes,No,Yes,Month-to-month,Yes,Electronic check,44.26,2612.5,No
CUST-04131,Male,1,Yes,No,26,No,No phone service,Fiber optic,Yes,No,No,No,No,No,Two year,No,Credit card (automatic),91.75,2381.88,No
CUST-04132,Male,0,No,Yes,22,Yes,No,Fiber optic,No,Yes,Yes,Yes,No,No,Month-to-month,Yes,Bank transfer (automatic),70.33,1548.16,Yes
CUST-04133,Female,0,No,Yes,40,Yes,No,DSL,No,Yes,No,No,Yes,No,Two year,Yes,Mailed check,55.32,2217.82,No
CUST-04134,Female,0,Yes,No,11,No,No phone service,DSL,No,Yes,No,No,Yes,No,Two year,No,Mailed check,58.03,638.81,No
CUST-04135,Male,0,No,No,9,Yes,No,Fiber optic,No,No,No,No,Yes,No,Month-to-month,Yes,Electronic check,84.52,762.56,Yes
CUST-04136,Male,0,Yes,No,12,Yes,No,Fiber optic,Yes,No,No,No,No,No,Month-to-month,No,Mailed check,80.28,956.93,Yes
CUST-04137,Female,0,No,No,26,Yes,No,DSL,No,Yes,Yes,No,Yes,No,Month-to-month,Yes,Bank transfer (automatic),47.81,1252.52,No
CUST-04138,Female,0,No,No,38,Yes,No,No,No internet service,No internet service,No internet service,No internet service,No internet service,No internet service,Month-to-month,No,Mailed check,18.25,700.7,No
CUST-04139,Male,1,Yes,Yes,3,Yes,Yes,DSL,Yes,No,Yes,No,No,Yes,Two year,No,Mailed check,68.3,200.86,No
CUST-04140,Female,0,No,No,15,Yes,Yes,Fiber optic,No,Yes,Yes,No,No,Yes,Month-to-month,No,Electronic check,88.97,1325.89,Yes
CUST-04141,Female,1,Yes,No,47,Yes,No,DSL,No,Yes,No,Yes,No,Yes,Two year,No,Mailed check,48.28,2269.56,No
CUST-04142,Female,0,No,No,5,Yes,Yes,Fiber optic,Yes,Yes,No,No,No,No,Two year,No,Bank transfer (automatic),68.06,348.02,No
CUST-04143,Female,0,No,No,54,No,No phone service,Fiber optic,No,No,Yes,No,No,Yes,Month-to-month,No,Credit card (automatic),94.32,5083.57,No
CUST-04144,Male,0,Yes,Yes,24,No,No phone service,Fiber optic,No,Yes,Yes,Yes,Yes,Yes,One year,Yes,Credit card (automatic),91.32,2192.98,No
CUST-04145,Female,0,Yes,Yes,11,No,No phone service,Fiber optic,No,No,Yes,No,No,Yes,Two year,No,Credit card (automatic),83.31,906.85,No
CUST-04146,Female,0,Yes,No,33,Yes,Yes,No,No internet service,No internet service,No internet service,No internet service,No internet service,No internet service,Month-to-month,No,Bank transfer (automatic),30.51,997.24,No
CUST-04147,Male,0,No,No,57,Yes,Yes,DSL,Yes,No,No,No,Yes,Yes,Two year,No,Mailed check,48.61,2769.41,No
CUST-04148,Male,0,Yes,No,52,Yes,Yes,Fiber optic,No,No,No,No,No,No,Month-to-month,Yes,Mailed check,75.53,3933.44,Yes
CUST-04149,Female,0,Yes,Yes,64,Yes,Yes,Fiber optic,No,Yes,Yes,No,No,No,Month-to-month,Yes,Bank transfer (automatic),91.0,5814.51,No
CUST-04150,Female,0,Yes,No,43,Yes,Yes,No,No internet service,No internet service,No internet service,No internet service,No internet service,No internet service,Month-to-month,No,Electronic check,32.37,1392.22,No
CUST-04151,Female,0,Yes,Yes,44,Yes,No,Fiber optic,No,Yes,No,Yes,No,No,Month-to-month,No,Credit card (automatic),91.9,4048.05,Yes
CUST-04152,Female,1,No,Yes,36,Yes,No,DSL,No,Yes,No,Yes,No,Yes,Two year,No,Electronic check,66.01,2371.67,No
CUST-04153,Male,1,No,Yes,12,No,No phone service,Fiber optic,Yes,No,No,Yes,No,No,Month-to-month,Yes,Electronic check,77.63,932.81,Yes
CUST-04154,Male,0,No,No,56,Yes,No,No,No internet service,No internet service,No internet service,No internet service,No internet service,No internet service,Month-to-month,No,Electronic check,19.34,1090.73,No
CUST-04155,Male,1,No,No,3,Yes,Yes,DSL,No,No,No,No,No,Yes,Month-to-month,No,Electronic check,68.3,211.31,Yes
CUST-04156,Female,0,No,No,50,Yes,No,Fiber optic,No,No,No,No,No,No,One year,No,Electronic check,89.12,4459.07,No
CUST-04157,Female,0,No,Yes,29,Yes,No,Fiber optic,No,No,Yes,No,No,No,One year,Yes,Electronic check,75.97,2197.8,No
CUST-04158,Female,0,Yes,Yes,16,Yes,No,DSL,Yes,Yes,No,No,No,Yes,Two year,Yes,Electronic check,66.57,1057.24,No
CUST-04159,Female,1,No,Yes,40,Yes,No,Fiber optic,No,No,No,No,No,No,Month-to-month,Yes,Mailed check,75.91,3029.23,Yes
CUST-04160,Male,0,Yes,No,27,Yes,No,DSL,No,No,No,No,No,No,Two year,No,Mailed check,59.47,1615.57,No
CUST-04161,Male,0,Yes,Yes,70,Yes,No,No,No internet service,No internet service,No internet service,No internet service,No internet service,No internet service,Month-to-month,Yes,Electronic check,24.41,1713.14,Yes
CUST-04162,Female,0,Yes,No,42,Yes,No,Fiber optic,No,No,No,Yes,No,No,One year,Yes,Bank transfer (automatic),92.23,3867.95,No
CUST-04163,Male,0,Yes,Yes,57,Yes,Yes,No,No internet service,No internet service,No internet service,No internet service,No internet service,No internet service,Month-to-month,No,Electronic check,18.25,1042.09,Yes
CUST-04164,Female,0,No,Yes,10,Yes,Yes,Fiber optic,No,Yes,No,No,Yes,No,Month-to-month,Yes,Mailed check,85.39,844.28,No
CUST-04165,Female,0,No,Yes,38,Yes,Yes,DSL,No,Yes,Yes,No,No,No,Month-to-month,Yes,Mailed check,45.75,1745.07,No
CUST-04166,Male,0,No,Yes,8,Yes,Yes,Fiber optic,No,No,Yes,No,Yes,No,One year,No,Mailed check,67.86,548.85,Yes
CUST-04167,Female,0,Yes,No,18,Yes,Yes,Fiber optic,No,No,No,No,No,Yes,Month-to-month,Yes,Electronic check,82.44,1487.07,No
CUST-04168,Female,0,No,No,17,Yes,No,No,No internet service,No internet service,No internet service,No internet service,No internet service,No internet service,One year,No,Electronic check,36.96,622.52,No
CUST-04169,Male,0,No,No,58,Yes,No,No,No internet service,No internet service,No internet service,No internet service,No internet service,No internet service,One year,No,Electronic check,44.74,2594.93,No
CUST-04170,Female,0,No,Yes,66,Yes,No,Fiber optic,No,Yes,Yes,Yes,No,No,Two year,No,Credit card (automatic),68.71,4538.47,No
CUST-04171,Female,0,No,Yes,44,Yes,Yes,Fiber optic,No,No,Yes,Yes,No,Yes,Two year,No,Mailed check,71.91,3161.48,No
CUST-04172,Male,1,No,No,9,Yes,No,No,No internet service,No internet service,No internet service,No internet service,No internet service,No internet service,Two year,Yes,Bank transfer (automatic),44.39,401.57,No
CUST-04173,Female,0,No,No,48,Yes,No,No,No internet service,No internet service,No internet service,No internet service,No internet service,No internet service,One year,Yes,Bank transfer (automatic),21.86,1045.65,No
CUST-04174,Male,0,Yes,No,39,Yes,Yes,Fiber optic,Yes,Yes,Yes,No,No,Yes,Month-to-month,Yes,Electronic check,83.63,3261.75,Yes
CUST-04175,Female,0,Yes,No,6,Yes,Yes,Fiber optic,Yes,Yes,Yes,No,Yes,No,Two year,Yes,Mailed check,85.03,505.81,No
CUST-04176,Male,1,No,No,30,Yes,No,Fiber optic,No,No,Yes,Yes,Yes,No,Two year,Yes,Electronic check,89.28,2682.61,No
CUST-04177,Male,1,Yes,Yes,18,No,No phone service,Fiber optic,No,No,Yes,No,Yes,No,One year,Yes,Bank transfer (automatic),75.93,1359.67,No
CUST-04178,Male,0,Yes,No,43,Yes,No,No,No internet service,No internet service,No internet service,No internet service,No internet service,No internet service,Month-to-month,No,Electronic check,18.91,810.22,Yes
CUST-04179,Female,0,No,No,33,No,No phone service,DSL,No,No,No,Yes,Yes,No,Month-to-month,No,Credit card (automatic),41.42,1370.98,Yes
CUST-04180,Male,0,Yes,No,53,Yes,Yes,Fiber optic,No,Yes,No,Yes,Yes,No,Month-to-month,No,Credit card (automatic),67.66,3589.87,Yes
CUST-04181,Male,0,No,No,56,Yes,Yes,Fiber optic,No,No,No,No,No,No,Month-to-month,No,Electronic check,81.79,4580.68,Yes
CUST-04182,Male,0,Yes,No,19,Yes,Yes,Fiber optic,No,No,Yes,Yes,Yes,No,Two year,No,Electronic check,75.92,1434.25,No
CUST-04183,Male,0,No,Yes,69,Yes,No,Fiber optic,No,Yes,No,Yes,No,No,Month-to-month,No,Electronic check,89.76,6193.14,No
CUST-04184,Male,0,Yes,No,26,No,No phone service,DSL,No,No,No,No,Yes,Yes,Month-to-month,No,Mailed check,52.18,1348.99,No
CUST-04185,Female,0,Yes,Yes,29,No,No phone service,Fiber optic,Yes,Yes,No,No,No,Yes,Month-to-month,Yes,Bank transfer (automatic),80.61,2334.93,No
CUST-04186,Female,0,Yes,No,24,Yes,No,Fiber optic,No,Yes,No,No,Yes,No,Month-to-month,Yes,Credit card (automatic),93.51,2239.47,Yes
CUST-04187,Female,0,Yes,No,6,No,No phone service,Fiber optic,Yes,Yes,No,Yes,No,No,Two year,Yes,Mailed check,80.96,493.9,No
CUST-04188,Female,0,No,No,54,Yes,Yes,No,No internet service,No internet service,No internet service,No internet service,No internet service,No internet service,Month-to-month,No,Credit card (automatic),38.9,2099.92,No
CUST-04189,Female,0,Yes,No,39,Yes,Yes,Fiber optic,No,Yes,No,No,No,No,One year,No,Credit card (automatic),87.88,3432.83,No
CUST-04190,Female,0,No,No,4,Yes,No,No,No internet service,No internet service,No internet service,No internet service,No internet service,No internet service,Month-to-month,Yes,Bank transfer (automatic),22.66,89.48,No
CUST-04191,Female,0,No,Yes,58,Yes,Yes,DSL,No,No,Yes,No,No,Yes,Month-to-month,No,Mailed check,56.16,3253.37,No
CUST-04192,Male,0,Yes,No,48,Yes,No,Fiber optic,No,No,No,No,No,No,One year,Yes,Bank transfer (automatic),69.46,3332.75,No
CUST-04193,Female,0,Yes,Yes,60,Yes,No,Fiber optic,No,No,No,No,No,No,One year,No,Bank transfer (automatic),71.95,4324.86,No
CUST-04194,Male,0,No,No,26,Yes,No,DSL,No,Yes,No,No,No,Yes,Month-to-month,Yes,Mailed check,68.9,1783.39,No
CUST-04195,Male,0,Yes,No,40,Yes,No,DSL,Yes,No,No,Yes,No,Yes,Month-to-month,No,Bank transfer (automatic),45.03,1798.79,No
CUST-04196,Female,0,No,Yes,56,Yes,No,Fiber optic,Yes,No,Yes,No,No,No,Two year,No,Credit card (automatic),93.83,5249.39,No
CUST-04197,Male,0,Yes,Yes,39,Yes,No,Fiber optic,Yes,Yes,No,No,No,Yes,Month-to-month,Yes,Bank transfer (automatic),86.06,3356.08,Yes
CUST-04198,Male,0,No,No,39,Yes,Yes,DSL,No,No,No,No,No,Yes,Two year,No,Electronic check,65.96,2574.26,No
CUST-04199,Male,0,Yes,No,48,Yes,Yes,Fiber optic,No,Yes,Yes,Yes,No,No,Month-to-month,No,Mailed check,71.42,3432.39,Yes
CUST-04200,Male,0,Yes,No,25,Yes,No,DSL,No,Yes,No,No,No,No,One year,Yes,Mailed check,51.59,1282.42,No
CUST-04201,Female,0,No,Yes,34,Yes,No,No,No internet service,No internet service,No internet service,No internet service,No internet service,No internet service,One year,Yes,Credit card (automatic),40.1,1365.22,Yes
CUST-04202,Female,0,No,No,21,Yes,No,Fiber optic,Yes,No,No,No,No,Yes,Month-to-month,Yes,Mailed check,88.57,1865.46,No
CUST-04203,Female,0,No,No,25,Yes,Yes,DSL,No,No,No,Yes,No,Yes,One year,Yes,Mailed check,61.49,1540.9,Yes
CUST-04204,Female,1,Yes,Yes,22,Yes,No,Fiber optic,No,No,No,No,No,Yes,Two year,Yes,Electronic check,73.93,1626.07,No
CUST-04205,Female,0,Yes,No,23,Yes,Yes,No,No internet service,No internet service,No internet service,No internet service,No internet service,No internet service,Month-to-month,Yes,Bank transfer (automatic),29.18,673.04,No
CUST-04206,Female,0,Yes,No,25,Yes,Yes,No,No internet service,No internet service,No internet service,No internet service,No internet service,No internet service,Month-to-month,Yes,Electronic check,29.13,736.25,Yes
CUST-04207,Female,0,Yes,No,26,Yes,No,Fiber optic,No,Yes,No,Yes,No,No,One year,Yes,Credit card (automatic),93.37,2427.62,No
CUST-04208,Female,0,No,No,30,Yes,Yes,Fiber optic,Yes,Yes,No,No,No,Yes,Two year,No,Bank transfer (automatic),84.41,2538.72,No
CUST-04209,Female,0,No,No,38,Yes,Yes,No,No internet service,No internet service,No internet service,No internet service,No internet service,No internet service,Two year,Yes,Electronic check,25.27,969.41,No
CUST-04210,Female,0,Yes,No,34,Yes,Yes,No,No internet service,No internet service,No internet service,No internet service,No internet service,No internet service,Month-to-month,No,Electronic check,30.37,1023.77,Yes
CUST-04211,Male,1,Yes,Yes,15,Yes,No,DSL,No,Yes,No,No,Yes,No,One year,Yes,Credit card (automatic),66.62,1006.54,No
CUST-04212,Female,0,Yes,No,44,Yes,Yes,Fiber optic,No,Yes,No,No,No,No,One year,No,Electronic check,86.65,3804.8,No
CUST-04213,Male,0,No,Yes,10,Yes,No,Fiber optic,No,Yes,Yes,No,No,Yes,Month-to-month,No,Electronic check,83.28,824.13,Yes
CUST-04214,Male,1,No,No,37,Yes,Yes,DSL,No,No,Yes,Yes,Yes,Yes,Two year,Yes,Electronic check,56.22,2078.68,No
CUST-04215,Male,0,Yes,No,7,No,No phone service,No,No internet service,No internet service,No internet service,No internet service,No internet service,No internet service,One year,Yes,Bank transfer (automatic),30.21,211.3,No
CUST-04216,Male,0,No,Yes,32,Yes,Yes,Fiber optic,No,Yes,No,No,No,No,Two year,Yes,Electronic check,78.6,2506.91,Yes
CUST-04217,Female,0,Yes,Yes,11,Yes,Yes,Fiber optic,No,Yes,No,No,No,No,One year,No,Electronic check,91.73,1018.23,Yes
CUST-04218,Male,0,Yes,No,48,Yes,Yes,DSL,Yes,No,No,No,No,No,Month-to-month,Yes,Mailed check,41.16,1966.78,No
CUST-04219,Female,0,No,No,68,Yes,No,DSL,Yes,No,No,No,No,No,Month-to-month,Yes,Bank transfer (automatic),49.11,3343.45,No
CUST-04220,Female,0,No,No,48,Yes,No,DSL,Yes,Yes,No,Yes,No,Yes,Month-to-month,Yes,Electronic check,61.27,2937.93,Yes
CUST-04221,Male,0,No,No,45,Yes,Yes,No,No internet service,No internet service,No internet service,No internet service,No internet service,No internet service,Month-to-month,Yes,Electronic check,41.29,1850.63,No
CUST-04222,Female,0,No,No,33,Yes,Yes,Fiber optic,No,No,No,No,No,No,One year,No,Bank transfer (automatic),94.05,3109.84,No
CUST-04223,Male,1,Yes,No,4,Yes,Yes,DSL,No,No,No,No,No,No,One year,No,Bank transfer (automatic),68.54,280.21,Yes
CUST-04224,Male,0,No,Yes,47,Yes,Yes,DSL,No,No,Yes,No,Yes,No,Month-to-month,No,Electronic check,51.28,2418.3,Yes
CUST-04225,Female,0,No,No,53,Yes,No,Fiber optic,Yes,No,Yes,No,Yes,No,Two year,Yes,Credit card (automatic),91.27,4844.07,No
CUST-04226,Female,0,No,No,31,Yes,No,Fiber optic,No,No,No,Yes,Yes,Yes,Two year,Yes,Mailed check,81.45,2525.52,No
CUST-04227,Male,0,No,No,31,Yes,Yes,Fiber optic,No,No,No,No,No,No,Two year,Yes,Mailed check,76.14,2352.45,No
CUST-04228,Female,1,Yes,Yes,27,Yes,No,No,No internet service,No internet service,No internet service,No internet service,No internet service,No internet service,Month-to-month,Yes,Credit card (automatic),42.2,1145.53,No
CUST-04229,Female,0,Yes,No,48,Yes,Yes,Fiber optic,Yes,No,No,No,Yes,Yes,Month-to-month,No,Electronic check,83.23,3985.76,Yes
CUST-04230,Female,0,No,No,36,Yes,Yes,Fiber optic,No,No,No,No,No,No,One year,Yes,Electronic check,88.08,3174.89,No
CUST-04231,Male,0,No,Yes,49,Yes,No,Fiber optic,Yes,No,Yes,Yes,Yes,Yes,Month-to-month,Yes,Credit card (automatic),72.55,3545.95,No
CUST-04232,Male,1,Yes,No,31,Yes,No,Fiber optic,Yes,No,Yes,No,No,No,Month-to-month,No,Mailed check,76.87,2377.76,Yes
CUST-04233,Female,0,Yes,No,44,Yes,Yes,Fiber optic,No,No,Yes,No,No,No,One year,No,Bank transfer (automatic),66.46,2923.68,Yes
CUST-04234,Female,0,No,Yes,59,Yes,Yes,Fiber optic,No,No,No,No,No,No,Month-to-month,No,Electronic check,68.81,4061.56,No
CUST-04235,Female,0,Yes,Yes,23,Yes,Yes,Fiber optic,Yes,No,No,No,Yes,No,Month-to-month,No,Mailed check,84.49,1951.37,No
CUST-04236,Female,1,Yes,No,68,Yes,No,DSL,Yes,No,Yes,No,Yes,No,Month-to-month,Yes,Credit card (automatic),46.65,3181.96,Yes
CUST-04237,Female,0,Yes,No,42,Yes,Yes,Fiber optic,No,No,No,No,No,No,Month-to-month,No,Credit card (automatic),77.47,3258.66,No
CUST-04238,Male,0,Yes,Yes,42,No,No phone service,DSL,No,No,No,No,No,No,Two year,No,Mailed check,52.37,2209.54,No
CUST-04239,Female,0,No,Yes,13,Yes,Yes,DSL,Yes,No,No,No,Yes,No,Month-to-month,No,Electronic check,63.03,813.64,Yes
CUST-04240,Male,0,Yes,No,1,Yes,No,Fiber optic,No,No,No,No,No,Yes,Two year,Yes,Mailed check,82.01,81.15,No
CUST-04241,Female,0,Yes,No,53,Yes,No,Fiber optic,No,No,No,No,No,No,Month-to-month,Yes,Mailed check,85.32,4527.9,Yes
CUST-04242,Male,1,No,Yes,40,Yes,No,DSL,No,No,No,No,No,No,One year,Yes,Mailed check,43.65,1736.14,Yes
CUST-04243,Female,1,No,Yes,46,No,No phone service,DSL,No,No,No,No,Yes,No,One year,Yes,Electronic check,58.2,2677.41,No
CUST-04244,Male,1,No,No,22,Yes,Yes,Fiber optic,Yes,Yes,No,No,No,No,One year,No,Mailed check,83.55,1845.47,No
CUST-04245,Female,0,Yes,No,52,Yes,Yes,DSL,Yes,No,No,No,No,No,Month-to-month,No,Credit card (automatic),55.99,2913.92,No
CUST-04246,Male,0,No,No,28,No,No phone service,No,No internet service,No internet service,No internet service,No internet service,No internet service,No internet service,One year,No,Electronic check,18.25,515.65,No
CUST-04247,Male,1,Yes,No,53,Yes,No,No,No internet service,No internet service,No internet service,No internet service,No internet service,No internet service,Month-to-month,No,Bank transfer (automatic),38.14,2028.52,No
CUST-04248,Male,0,No,No,63,Yes,No,No,No internet service,No internet service,No internet service,No internet service,No internet service,No internet service,Month-to-month,No,Credit card (automatic),31.34,1982.12,Yes
CUST-04249,Male,0,Yes,No,17,Yes,No,Fiber optic,Yes,Yes,Yes,No,Yes,No,One year,Yes,Mailed check,81.26,1379.09,No
CUST-04250,Male,0,No,No,64,Yes,No,No,No internet service,No internet service,No internet service,No internet service,No internet service,No internet service,Month-to-month,Yes,Mailed check,40.49,2586.4,No
CUST-04251,Male,1,No,No,6,Yes,No,Fiber optic,Yes,No,No,No,No,Yes,Month-to-month,No,Electronic check,72.29,431.49,Yes
CUST-04252,Female,0,Yes,Yes,14,Yes,No,DSL,No,Yes,Yes,No,No,No,One year,No,Bank transfer (automatic),55.2,768.93,No
CUST-04253,Male,1,No,No,17,No,No phone service,Fiber optic,No,Yes,No,No,No,Yes,Two year,Yes,Mailed check,87.21,1482.55,No
CUST-04254,Female,0,No,No,38,Yes,No,Fiber optic,No,Yes,Yes,No,No,Yes,Two year,No,Bank transfer (automatic),92.35,3507.22,No
CUST-04255,Female,0,No,No,69,Yes,No,Fiber optic,No,No,Yes,No,Yes,No,Month-to-month,No,Mailed check,90.5,6236.65,Yes
CUST-04256,Female,0,No,No,13,Yes,No,No,No internet service,No internet service,No internet service,No internet service,No internet service,No internet service,Two year,Yes,Electronic check,38.19,503.73,No
CUST-04257,Female,0,No,No,53,Yes,No,Fiber optic,No,Yes,No,Yes,No,No,Two year,Yes,Electronic check,91.21,4828.58,No
CUST-04258,Female,0,Yes,No,9,Yes,No,Fiber optic,No,Yes,No,No,No,No,Month-to-month,Yes,Credit card (automatic),73.03,664.81,No
CUST-04259,Male,1,Yes,No,44,No,No phone service,DSL,No,No,No,Yes,Yes,Yes,Month-to-month,Yes,Bank transfer (automatic),53.38,2342.4,No
CUST-04260,Male,0,No,No,26,Yes,No,No,No internet service,No internet service,No internet service,No internet service,No internet service,No internet service,Month-to-month,No,Electronic check,44.4,1159.42,Yes
CUST-04261,Male,0,No,No,19,Yes,No,DSL,No,No,No,No,No,No,One year,Yes,Electronic check,40.45,762.0,Yes
CUST-04262,Female,0,Yes,No,48,Yes,No,No,No internet service,No internet service,No internet service,No internet service,No internet service,No internet service,Month-to-month,Yes,Bank transfer (automatic),44.7,2146.54,No
CUST-04263,Male,0,Yes,No,30,Yes,Yes,Fiber optic,No,No,Yes,Yes,Yes,No,Month-to-month,Yes,Bank transfer (automatic),68.15,2053.43,Yes
CUST-04264,Male,0,No,Yes,32,Yes,No,Fiber optic,Yes,Yes,Yes,No,No,No,One year,No,Credit card (automatic),92.31,2957.09,No
CUST-04265,Male,0,Yes,Yes,69,Yes,No,DSL,Yes,No,Yes,No,Yes,No,One year,No,Electronic check,56.86,3914.22,No
CUST-04266,Male,1,No,No,11,Yes,Yes,Fiber optic,Yes,No,Yes,No,Yes,No,Two year,Yes,Credit card (automatic),73.89,816.13,Yes
CUST-04267,Male,0,No,No,26,Yes,No,No,No internet service,No internet service,No internet service,No internet service,No internet service,No internet service,Month-to-month,No,Mailed check,43.5,1123.16,No
CUST-04268,Female,0,No,No,26,Yes,No,DSL,No,No,Yes,No,No,No,Month-to-month,No,Credit card (automatic),58.11,1502.15,Yes
CUST-04269,Male,0,No,Yes,17,Yes,Yes,DSL,Yes,No,No,Yes,No,Yes,Month-to-month,Yes,Credit card (automatic),66.65,1132.96,Yes
CUST-04270,Female,0,Yes,No,44,No,No phone service,DSL,No,Yes,No,No,Yes,Yes,One year,No,Credit card (automatic),51.48,2272.57,No
CUST-04271,Female,1,Yes,Yes,23,No,No phone service,Fiber optic,No,Yes,No,Yes,No,Yes,Month-to-month,Yes,Credit card (automatic),84.63,1954.02,Yes
CUST-04272,Female,0,Yes,No,25,Yes,No,Fiber optic,No,No,No,No,No,No,One year,Yes,Bank transfer (automatic),75.57,1892.65,No
CUST-04273,Female,1,No,Yes,37,No,No phone service,Fiber optic,No,No,No,No,No,No,Month-to-month,Yes,Credit card (automatic),94.75,3502.08,No
CUST-04274,Female,0,Yes,Yes,65,Yes,No,No,No internet service,No internet service,No internet service,No internet service,No internet service,No internet service,One year,No,Mailed check,31.56,2058.07,No
CUST-04275,Male,0,No,Yes,2,Yes,No,No,No internet service,No internet service,No internet service,No internet service,No internet service,No internet service,Month-to-month,No,Mailed check,36.16,78.11,No
CUST-04276,Male,1,No,No,32,Yes,No,No,No internet service,No internet service,No internet service,No internet service,No internet service,No internet service,Two year,No,Mailed check,24.2,784.31,No
CUST-04277,Male,0,Yes,No,55,Yes,Yes,Fiber optic,No,No,No,Yes,No,No,One year,No,Mailed check,88.1,4845.34,Yes
CUST-04278,Female,0,No,Yes,50,Yes,No,DSL,No,Yes,No,Yes,Yes,Yes,Month-to-month,Yes,Mailed check,52.95,2654.7,No
CUST-04279,Male,0,No,No,65,Yes,Yes,Fiber optic,No,No,No,No,No,No,Month-to-month,No,Bank transfer (automatic),92.05,5985.74,Yes
CUST-04280,Male,0,No,Yes,32,Yes,No,DSL,No,No,No,No,Yes,No,Month-to-month,No,Mailed check,56.39,1810.83,Yes
CUST-04281,Female,0,Yes,No,37,Yes,Yes,DSL,No,No,No,No,No,No,One year,No,Bank transfer (automatic),51.47,1895.38,No
CUST-04282,Female,0,No,No,13,Yes,Yes,Fiber optic,Yes,Yes,No,No,No,Yes,Month-to-month,Yes,Electronic check,89.73,1162.96,Yes
CUST-04283,Female,0,Yes,No,54,Yes,No,No,No internet service,No internet service,No internet service,No internet service,No internet service,No internet service,Two year,Yes,Bank transfer (automatic),33.08,1786.39,No
CUST-04284,Female,0,No,No,3,No,No phone service,Fiber optic,No,No,Yes,No,No,No,Two year,Yes,Bank transfer (automatic),88.55,258.71,No
CUST-04285,Male,1,Yes,No,42,Yes,No,No,No internet service,No internet service,No internet service,No internet service,No internet service,No internet service,Two year,Yes,Mailed check,36.04,1512.11,No
CUST-04286,Female,0,No,No,40,Yes,No,DSL,Yes,Yes,No,Yes,Yes,No,Month-to-month,Yes,Mailed check,54.22,2163.87,Yes
CUST-04287,Female,0,Yes,No,66,Yes,Yes,Fiber optic,Yes,No,No,No,No,No,Month-to-month,Yes,Electronic check,84.72,5584.95,Yes
CUST-04288,Male,1,Yes,No,60,Yes,Yes,No,No internet service,No internet service,No internet service,No internet service,No internet service,No internet service,Month-to-month,No,Mailed check,37.74,2263.42,No
CUST-04289,Male,0,No,Yes,11,Yes,No,Fiber optic,Yes,Yes,No,Yes,No,No,Two year,No,Credit card (automatic),85.94,945.06,No
CUST-04290,Female,0,No,No,1,Yes,No,Fiber optic,Yes,No,No,No,No,Yes,Month-to-month,Yes,Electronic check,74.66,69.15,Yes
CUST-04291,Male,0,No,No,26,Yes,No,No,No internet service,No internet service,No internet service,No internet service,No internet service,No internet service,Month-to-month,Yes,Electronic check,26.85,696.48,No
CUST-04292,Female,0,No,No,42,Yes,No,Fiber optic,Yes,Yes,No,No,No,No,Month-to-month,Yes,Bank transfer (automatic),93.55,3927.96,Yes
CUST-04293,Female,0,Yes,No,62,Yes,Yes,No,No internet service,No internet service,No internet service,No internet service,No internet service,No internet service,Month-to-month,Yes,Electronic check,24.3,1510.64,No
CUST-04294,Male,0,No,No,61,Yes,No,DSL,No,Yes,Yes,No,Yes,No,Month-to-month,No,Mailed check,64.37,3934.94,No
CUST-04295,Male,0,Yes,Yes,62,No,No phone service,No,No internet service,No internet service,No internet service,No internet service,No internet service,No internet service,Two year,Yes,Credit card (automatic),20.57,1274.4,No
CUST-04296,Female,0,No,Yes,12,Yes,No,DSL,No,No,No,Yes,No,Yes,One year,No,Electronic check,51.76,630.98,No
CUST-04297,Female,0,Yes,No,27,Yes,No,DSL,Yes,Yes,No,No,No,No,Month-to-month,Yes,Credit card (automatic),50.15,1346.88,No
CUST-04298,Female,0,Yes,No,67,No,No phone service,Fiber optic,Yes,No,No,No,Yes,Yes,One year,No,Electronic check,83.47,5597.27,No
CUST-04299,Male,0,Yes,No,28,Yes,Yes,Fiber optic,No,No,Yes,No,No,Yes,Two year,Yes,Electronic check,92.85,2594.94,No
CUST-04300,Female,1,No,No,66,Yes,Yes,Fiber optic,Yes,No,Yes,Yes,No,Yes,Month-to-month,No,Bank transfer (automatic),86.69,5712.7,Yes
CUST-04301,Female,0,No,No,28,Yes,Yes,No,No internet service,No internet service,No internet service,No internet service,No internet service,No internet service,One year,No,Electronic check,19.49,536.57,No
CUST-04302,Female,0,Yes,Yes,21,Yes,No,No,No internet service,No internet service,No internet service,No internet service,No internet service,No internet service,Month-to-month,Yes,Electronic check,36.68,761.05,No
CUST-04303,Female,0,Yes,No,7,Yes,No,DSL,No,No,Yes,No,Yes,Yes,Month-to-month,Yes,Electronic check,40.57,286.39,Yes
CUST-04304,Female,1,Yes,No,14,Yes,Yes,Fiber optic,No,No,Yes,No,Yes,Yes,Month-to-month,No,Bank transfer (automatic),84.91,1187.82,Yes
CUST-04305,Male,1,Yes,Yes,39,Yes,No,Fiber optic,Yes,No,No,Yes,No,Yes,Month-to-month,Yes,Credit card (automatic),91.35,3569.27,Yes
CUST-04306,Female,0,Yes,No,62,Yes,Yes,DSL,No,Yes,Yes,Yes,Yes,No,Month-to-month,No,Electronic check,50.95,3167.92,No
CUST-04307,Female,0,No,Yes,12,Yes,Yes,Fiber optic,Yes,Yes,No,Yes,No,Yes,One year,No,Mailed check,86.53,1031.4,No
CUST-04308,Female,0,Yes,No,38,Yes,No,DSL,No,No,No,Yes,Yes,No,Two year,Yes,Bank transfer (automatic),58.96,2244.9,No
CUST-04309,Female,0,No,Yes,58,Yes,Yes,No,No internet service,No internet service,No internet service,No internet service,No internet service,No internet service,Month-to-month,No,Electronic check,18.25,1060.21,No
CUST-04310,Male,0,No,No,56,Yes,No,Fiber optic,No,Yes,No,Yes,Yes,Yes,Month-to-month,Yes,Electronic check,74.3,4169.06,Yes
CUST-04311,Male,0,No,No,39,Yes,No,Fiber optic,No,No,No,No,Yes,Yes,Month-to-month,Yes,Credit card (automatic),85.45,3327.4,No
CUST-04312,Male,0,Yes,No,4,Yes,Yes,No,No internet service,No internet service,No internet service,No internet service,No internet service,No internet service,Two year,No,Bank transfer (automatic),18.25,64.95,Yes
CUST-04313,Female,0,Yes,No,48,Yes,No,DSL,No,Yes,No,Yes,No,No,Month-to-month,Yes,Credit card (automatic),56.47,2708.39,No
CUST-04314,Female,0,Yes,Yes,7,Yes,Yes,Fiber optic,No,Yes,No,No,No,No,Month-to-month,No,Bank transfer (automatic),81.36,562.97,No
CUST-04315,Male,0,Yes,No,60,Yes,Yes,DSL,No,Yes,No,No,No,No,Month-to-month,No,Mailed check,63.44,3814.38,No
CUST-04316,Male,1,No,No,40,Yes,Yes,Fiber optic,No,Yes,Yes,Yes,Yes,No,Two year,Yes,Electronic check,94.31,3773.96,No
CUST-04317,Male,0,No,No,8,Yes,No,Fiber optic,No,No,No,Yes,Yes,No,Two year,No,Mailed check,66.48,536.24,No
CUST-04318,Female,0,No,No,58,Yes,Yes,DSL,Yes,Yes,No,No,No,No,One year,Yes,Mailed check,42.76,2473.78,Yes
CUST-04319,Female,0,Yes,Yes,57,Yes,No,Fiber optic,No,Yes,No,No,No,No,One year,Yes,Mailed check,74.23,4236.71,No
CUST-04320,Male,0,Yes,Yes,35,Yes,Yes,Fiber optic,No,No,No,No,Yes,No,Month-to-month,Yes,Electronic check,82.24,2879.46,No
CUST-04321,Male,0,Yes,No,13,Yes,No,Fiber optic,Yes,No,Yes,No,Yes,Yes,Month-to-month,No,Mailed check,65.57,861.45,Yes
CUST-04322,Male,0,Yes,No,39,Yes,Yes,No,No internet service,No internet service,No internet service,No internet service,No internet service,No internet service,Month-to-month,No,Mailed check,23.74,926.12,No
CUST-04323,Female,0,Yes,No,21,Yes,Yes,Fiber optic,No,No,No,No,No,No,Month-to-month,Yes,Bank transfer (automatic),68.6,1430.8,No
CUST-04324,Female,1,Yes,No,47,Yes,No,Fiber optic,No,No,Yes,No,No,No,One year,No,Electronic check,83.82,3930.01,No
CUST-04325,Female,0,No,No,2,Yes,Yes,Fiber optic,No,Yes,Yes,No,No,Yes,Month-to-month,Yes,Credit card (automatic),86.4,167.32,Yes
CUST-04326,Male,1,No,No,44,Yes,Yes,Fiber optic,No,Yes,Yes,No,No,No,Month-to-month,Yes,Credit card (automatic),65.66,2894.54,No
CUST-04327,Male,0,Yes,No,30,No,No phone service,Fiber optic,No,Yes,Yes,Yes,Yes,No,One year,No,Electronic check,93.06,2785.73,No
CUST-04328,Female,1,No,No,55,Yes,No,No,No internet service,No internet service,No internet service,No internet service,No internet service,No internet service,Two year,Yes,Bank transfer (automatic),37.1,2037.07,No
CUST-04329,Male,0,No,No,40,Yes,Yes,DSL,No,No,Yes,No,Yes,Yes,Month-to-month,Yes,Bank transfer (automatic),49.89,1993.72,No
CUST-04330,Female,0,No,No,24,Yes,Yes,DSL,No,No,No,No,No,No,One year,No,Mailed check,61.67,1472.32,No
CUST-04331,Male,0,No,Yes,42,Yes,No,Fiber optic,No,Yes,Yes,No,No,No,Two year,No,Electronic check,78.67,3309.84,No
CUST-04332,Male,0,Yes,No,28,Yes,Yes,DSL,No,No,No,No,No,Yes,Month-to-month,No,Bank transfer (automatic),60.35,1690.61,No
CUST-04333,Male,0,No,No,51,Yes,No,DSL,No,No,Yes,No,Yes,Yes,Month-to-month,Yes,Mailed check,52.66,2680.69,No
CUST-04334,Male,0,Yes,No,22,Yes,No,DSL,No,Yes,Yes,No,No,No,Month-to-month,No,Electronic check,53.26,1171.08,No
CUST-04335,Female,0,Yes,No,8,Yes,Yes,No,No internet service,No internet service,No internet service,No internet service,No internet service,No internet service,Month-to-month,No,Electronic check,20.67,169.47,No
CUST-04336,Male,0,No,Yes,14,Yes,No,DSL,Yes,Yes,No,No,No,Yes,One year,No,Credit card (automatic),66.01,928.23,Yes
CUST-04337,Female,0,Yes,No,45,Yes,No,DSL,No,Yes,No,No,No,Yes,Month-to-month,No,Mailed check,67.39,3027.27,Yes
CUST-04338,Female,1,No,No,38,Yes,Yes,Fiber optic,No,No,No,No,No,Yes,One year,No,Bank transfer (automatic),76.97,2923.47,No
CUST-04339,Female,0,Yes,Yes,32,Yes,Yes,No,No internet service,No internet service,No internet service,No internet service,No internet service,No internet service,Month-to-month,Yes,Electronic check,26.61,842.1,Yes
CUST-04340,Male,0,Yes,No,62,Yes,Yes,Fiber optic,No,No,No,No,No,No,Month-to-month,Yes,Bank transfer (automatic),69.74,4322.35,No
CUST-04341,Female,0,No,No,67,Yes,Yes,No,No internet service,No internet service,No internet service,No internet service,No internet service,No internet service,Month-to-month,Yes,Electronic check,24.73,1648.04,Yes
CUST-04342,Female,0,No,No,61,Yes,No,No,No internet service,No internet service,No internet service,No internet service,No internet service,No internet service,One year,No,Mailed check,39.06,2373.1,No
CUST-04343,Female,0,Yes,No,13,Yes,No,Fiber optic,No,Yes,No,Yes,Yes,Yes,Month-to-month,Yes,Electronic check,77.49,1009.18,No
CUST-04344,Male,0,No,Yes,47,Yes,No,DSL,No,No,Yes,No,No,No,Month-to-month,Yes,Electronic check,63.58,2989.17,Yes
CUST-04345,Male,0,Yes,No,54,Yes,Yes,Fiber optic,No,No,Yes,Yes,Yes,Yes,One year,Yes,Bank transfer (automatic),90.63,4901.69,Yes
CUST-04346,Female,0,No,No,71,Yes,No,Fiber optic,No,No,No,No,No,Yes,One year,Yes,Mailed check,75.29,5350.88,No
CUST-04347,Male,1,Yes,Yes,52,Yes,Yes,DSL,Yes,No,Yes,No,No,No,Two year,Yes,Electronic check,69.65,3627.11,No
CUST-04348,Female,0,Yes,No,72,Yes,No,No,No internet service,No internet service,No internet service,No internet service,No internet service,No internet service,Month-to-month,Yes,Bank transfer (automatic),32.84,2372.29,Yes
CUST-04349,Female,0,Yes,No,25,Yes,Yes,Fiber optic,Yes,Yes,Yes,No,No,No,Month-to-month,Yes,Mailed check,75.08,1870.1,No
CUST-04350,Male,0,Yes,Yes,23,Yes,Yes,No,No internet service,No internet service,No internet service,No internet service,No internet service,No internet service,Month-to-month,No,Bank transfer (automatic),18.46,414.81,No
CUST-04351,Female,0,Yes,No,30,Yes,No,Fiber optic,No,No,No,No,Yes,No,Month-to-month,Yes,Mailed check,74.59,2235.14,Yes
CUST-04352,Male,0,No,No,11,Yes,Yes,Fiber optic,Yes,Yes,No,No,Yes,Yes,Month-to-month,Yes,Electronic check,69.46,759.54,Yes
CUST-04353,Male,0,Yes,No,35,Yes,No,No,No internet service,No internet service,No internet service,No internet service,No internet service,No internet service,Two year,Yes,Electronic check,37.99,1321.69,No
CUST-04354,Female,1,No,No,27,Yes,No,No,No internet service,No internet service,No internet service,No internet service,No internet service,No internet service,One year,No,Credit card (automatic),22.85,611.12,No
CUST-04355,Male,0,No,No,67,Yes,No,Fiber optic,No,Yes,No,Yes,No,No,Month-to-month,Yes,Bank transfer (automatic),75.35,5040.29,Yes
CUST-04356,Male,0,Yes,Yes,47,Yes,No,No,No internet service,No internet service,No internet service,No internet service,No internet service,No internet service,Month-to-month,No,Electronic check,24.56,1159.17,Yes
CUST-04357,Female,0,Yes,No,50,Yes,Yes,DSL,Yes,No,No,No,Yes,Yes,Month-to-month,Yes,Bank transfer (automatic),58.08,2904.49,No
CUST-04358,Female,0,No,Yes,8,Yes,No,Fiber optic,Yes,No,No,No,Yes,Yes,Month-to-month,Yes,Electronic check,75.62,599.64,Yes
CUST-04359,Male,0,Yes,No,55,Yes,No,DSL,No,No,No,No,Yes,No,One year,No,Electronic check,44.31,2444.61,No
CUST-04360,Male,0,Yes,Yes,42,No,No phone service,No,No internet service,No internet service,No internet service,No internet service,No internet service,No internet service,Month-to-month,No,Credit card (automatic),33.77,1427.82,No
CUST-04361,Female,0,No,No,67,No,No phone service,Fiber optic,No,Yes,Yes,No,No,No,Month-to-month,Yes,Credit card (automatic),80.23,5373.79,No
CUST-04362,Male,0,No,No,20,Yes,No,DSL,Yes,Yes,No,Yes,No,Yes,Month-to-month,No,Credit card (automatic),62.75,1259.79,Yes
CUST-04363,Male,0,No,Yes,45,Yes,Yes,DSL,No,No,No,Yes,No,No,One year,No,Mailed check,47.67,2149.95,No
CUST-04364,Male,0,No,No,35,No,No phone service,Fiber optic,Yes,No,Yes,Yes,Yes,No,Two year,No,Mailed check,90.85,3180.99,No
CUST-04365,Male,0,No,Yes,20,Yes,No,Fiber optic,No,No,No,No,No,No,Month-to-month,No,Electronic check,76.45,1528.25,Yes
CUST-04366,Male,0,No,No,24,Yes,No,DSL,No,Yes,No,No,Yes,No,Two year,Yes,Credit card (automatic),58.7,1411.68,No
CUST-04367,Male,1,Yes,No,57,No,No phone service,No,No internet service,No internet service,No internet service,No internet service,No internet service,No internet service,Month-to-month,Yes,Bank transfer (automatic),44.74,2543.56,No
CUST-04368,Male,0,No,Yes,55,Yes,No,No,No internet service,No internet service,No internet service,No internet service,No internet service,No internet service,Month-to-month,Yes,Mailed check,35.69,1967.47,No
CUST-04369,Female,0,No,No,9,No,No phone service,Fiber optic,No,Yes,No,No,No,Yes,Month-to-month,Yes,Electronic check,80.51,716.8,Yes
CUST-04370,Female,0,Yes,Yes,16,Yes,Yes,DSL,No,No,No,No,Yes,No,Two year,Yes,Electronic check,48.08,771.39,No
CUST-04371,Female,0,Yes,Yes,55,Yes,No,No,No internet service,No internet service,No internet service,No internet service,No internet service,No internet service,Two year,No,Electronic check,26.97,1473.89,No
CUST-04372,Female,0,Yes,No,72,Yes,No,No,No internet service,No internet service,No internet service,No internet service,No internet service,No internet service,Month-to-month,Yes,Bank transfer (automatic),18.25,1321.82,No
CUST-04373,Female,0,Yes,No,58,Yes,No,DSL,No,No,No,No,No,No,Two year,Yes,Bank transfer (automatic),47.55,2762.39,No
CUST-04374,Male,0,Yes,No,64,Yes,Yes,Fiber optic,No,No,Yes,Yes,No,Yes,One year,No,Electronic check,75.2,4812.2,No
CUST-04375,Male,1,Yes,Yes,49,Yes,No,No,No internet service,No internet service,No internet service,No internet service,No internet service,No internet service,Month-to-month,No,Electronic check,40.21,1972.45,Yes
CUST-04376,Male,1,No,No,29,Yes,Yes,Fiber optic,No,No,Yes,No,Yes,Yes,One year,No,Electronic check,67.78,1968.4,Yes
CUST-04377,Male,0,Yes,No,7,Yes,No,No,No internet service,No internet service,No internet service,No internet service,No internet service,No internet service,One year,Yes,Electronic check,27.3,199.3,No
CUST-04378,Female,0,Yes,Yes,69,Yes,No,No,No internet service,No internet service,No internet service,No internet service,No internet service,No internet service,One year,Yes,Mailed check,30.36,2094.72,No
CUST-04379,Male,0,Yes,No,2,Yes,No,Fiber optic,Yes,Yes,Yes,Yes,No,No,Two year,No,Mailed check,93.73,189.26,Yes
CUST-04380,Male,0,Yes,No,33,Yes,Yes,No,No internet service,No internet service,No internet service,No internet service,No internet service,No internet service,Two year,Yes,Bank transfer (automatic),26.25,872.85,No
CUST-04381,Female,0,No,No,48,Yes,No,DSL,Yes,No,No,No,No,No,Two year,No,Mailed check,69.41,3330.61,No
CUST-04382,Male,0,Yes,Yes,37,Yes,Yes,DSL,No,Yes,No,No,Yes,No,Month-to-month,Yes,Electronic check,54.94,2027.93,Yes
CUST-04383,Male,0,Yes,No,30,Yes,No,DSL,No,Yes,Yes,No,Yes,No,One year,No,Bank transfer (automatic),61.33,1836.14,Yes
CUST-04384,Female,0,No,Yes,41,Yes,Yes,Fiber optic,No,Yes,No,No,No,No,Two year,Yes,Credit card (automatic),67.77,2771.91,No
CUST-04385,Male,0,No,No,4,No,No phone service,DSL,No,No,Yes,No,No,Yes,One year,Yes,Electronic check,60.64,247.49,No
CUST-04386,Male,0,No,No,39,Yes,No,Fiber optic,No,Yes,No,No,Yes,No,Month-to-month,Yes,Electronic check,67.92,2657.69,Yes
CUST-04387,Male,0,Yes,No,24,Yes,Yes,DSL,No,No,No,No,No,Yes,Month-to-month,Yes,Credit card (automatic),56.02,1335.13,No
CUST-04388,Male,0,No,No,50,Yes,No,Fiber optic,No,Yes,No,No,No,Yes,One year,Yes,Electronic check,75.05,3756.37,Yes
CUST-04389,Male,0,No,No,37,Yes,No,No,No internet service,No internet service,No internet service,No internet service,No internet service,No internet service,Month-to-month,Yes,Mailed check,24.66,910.47,No
CUST-04390,Female,0,No,No,53,Yes,No,Fiber optic,Yes,No,Yes,No,Yes,Yes,Month-to-month,No,Electronic check,67.51,3575.29,Yes
CUST-04391,Female,0,Yes,No,25,Yes,No,No,No internet service,No internet service,No internet service,No internet service,No internet service,No internet service,Two year,Yes,Bank transfer (automatic),35.71,894.09,No
CUST-04392,Female,0,Yes,Yes,31,Yes,Yes,DSL,Yes,No,No,No,No,No,Month-to-month,Yes,Mailed check,56.61,1750.71,No
CUST-04393,Female,0,No,No,38,No,No phone service,Fiber optic,No,No,No,No,Yes,No,Month-to-month,No,Mailed check,76.78,2927.13,Yes
CUST-04394,Female,0,Yes,No,58,Yes,Yes,DSL,Yes,No,Yes,No,No,Yes,Month-to-month,Yes,Electronic check,69.3,4024.46,Yes
CUST-04395,Female,0,Yes,No,53,Yes,No,Fiber optic,No,No,No,No,Yes,Yes,Two year,No,Credit card (automatic),65.91,3492.48,No
CUST-04396,Male,0,Yes,No,50,Yes,Yes,Fiber optic,No,No,No,Yes,No,No,Month-to-month,No,Electronic check,84.4,4221.19,No
CUST-04397,Female,0,Yes,No,4,Yes,No,Fiber optic,No,No,No,No,Yes,No,Month-to-month,No,Electronic check,79.24,309.17,Yes
CUST-04398,Female,0,Yes,No,52,Yes,Yes,DSL,No,No,No,No,Yes,No,Month-to-month,No,Mailed check,65.63,3416.54,No
CUST-04399,Male,0,No,No,31,Yes,No,DSL,Yes,No,No,No,Yes,No,Month-to-month,Yes,Credit card (automatic),63.34,1965.6,No
CUST-04400,Male,0,No,No,14,Yes,No,DSL,Yes,No,Yes,Yes,No,Yes,Two year,No,Credit card (automatic),44.7,634.85,No
CUST-04401,Female,1,No,Yes,1,Yes,No,Fiber optic,Yes,No,Yes,No,No,No,Month-to-month,Yes,Electronic check,76.13,77.37,Yes
CUST-04402,Male,0,No,No,43,Yes,Yes,DSL,No,No,No,No,Yes,No,One year,Yes,Credit card (automatic),61.19,2621.51,No
CUST-04403,Female,0,Yes,No,59,No,No phone service,Fiber optic,No,No,No,Yes,No,No,One year,No,Credit card (automatic),77.4,4570.94,No
CUST-04404,Male,0,No,No,61,No,No phone service,DSL,Yes,No,No,No,No,Yes,Month-to-month,Yes,Credit card (automatic),60.57,3688.28,No
CUST-04405,Female,0,No,No,41,Yes,Yes,No,No internet service,No internet service,No internet service,No internet service,No internet service,No internet service,Month-to-month,Yes,Credit card (automatic),40.99,1682.43,Yes
CUST-04406,Male,0,Yes,Yes,18,Yes,Yes,Fiber optic,No,No,Yes,No,No,Yes,Month-to-month,Yes,Credit card (automatic),86.69,1562.36,Yes
CUST-04407,Male,0,Yes,No,60,Yes,No,DSL,No,No,Yes,No,No,No,Month-to-month,Yes,Electronic check,56.22,3381.55,Yes
CUST-04408,Female,0,Yes,No,69,Yes,Yes,Fiber optic,Yes,Yes,Yes,No,No,Yes,Month-to-month,No,Credit card (automatic),88.8,6127.42,No
CUST-04409,Female,0,Yes,No,59,No,No phone service,Fiber optic,No,Yes,No,No,No,No,Month-to-month,No,Mailed check,91.32,5392.87,Yes
CUST-04410,Female,0,No,No,42,Yes,No,No,No internet service,No internet service,No internet service,No internet service,No internet service,No internet service,Month-to-month,No,Mailed check,27.1,1130.28,No
CUST-04411,Female,0,Yes,No,36,Yes,Yes,Fiber optic,No,No,No,No,No,No,Two year,Yes,Electronic check,90.7,3275.01,No
CUST-04412,Female,1,Yes,Yes,40,Yes,Yes,Fiber optic,No,Yes,No,No,No,No,Two year,No,Mailed check,89.12,3562.94,No
CUST-04413,Male,0,Yes,Yes,30,No,No phone service,Fiber optic,No,No,Yes,Yes,No,Yes,Month-to-month,Yes,Electronic check,77.32,2326.82,Yes
CUST-04414,Female,0,Yes,Yes,11,Yes,No,Fiber optic,Yes,No,Yes,No,No,Yes,Month-to-month,No,Electronic check,66.74,739.56,Yes
CUST-04415,Female,0,Yes,No,25,Yes,Yes,No,No internet service,No internet service,No internet service,No internet service,No internet service,No internet service,Two year,Yes,Mailed check,42.02,1045.62,No
CUST-04416,Male,0,Yes,No,45,No,No phone service,DSL,No,No,No,No,No,Yes,Two year,No,Bank transfer (automatic),46.98,2120.97,No
CUST-04417,Male,1,No,No,51,Yes,No,Fiber optic,No,No,Yes,No,No,Yes,Month-to-month,No,Electronic check,91.3,4651.83,Yes
CUST-04418,Female,1,No,No,43,Yes,Yes,Fiber optic,No,No,No,Yes,No,Yes,One year,Yes,Bank transfer (automatic),86.14,3712.48,Yes
CUST-04419,Male,0,No,No,66,Yes,No,Fiber optic,No,No,No,Yes,No,No,Two year,Yes,Electronic check,94.7,6241.35,No
CUST-04420,Male,0,Yes,No,47,Yes,No,DSL,No,No,Yes,No,No,No,Two year,Yes,Credit card (automatic),46.23,2175.71,No
CUST-04421,Female,0,Yes,No,24,Yes,No,DSL,No,Yes,No,Yes,Yes,Yes,Month-to-month,Yes,Credit card (automatic),48.67,1165.51,No
CUST-04422,Male,0,No,No,37,Yes,No,Fiber optic,No,Yes,No,No,No,Yes,Month-to-month,No,Electronic check,67.78,2507.65,Yes
CUST-04423,Male,0,No,Yes,56,Yes,Yes,Fiber optic,No,No,No,No,Yes,No,Two year,Yes,Credit card (automatic),94.67,5300.1,No
CUST-04424,Female,1,No,No,46,Yes,No,DSL,No,No,No,Yes,No,Yes,One year,Yes,Mailed check,58.59,2701.01,No
CUST-04425,Female,1,No,No,28,Yes,No,DSL,No,No,No,No,No,Yes,Two year,Yes,Electronic check,48.07,1355.64,Yes
CUST-04426,Male,1,Yes,No,52,Yes,No,Fiber optic,No,Yes,No,No,No,Yes,One year,Yes,Electronic check,79.51,4127.33,No
CUST-04427,Male,0,No,No,15,Yes,Yes,DSL,No,Yes,No,No,Yes,Yes,Month-to-month,No,Bank transfer (automatic),69.13,1037.23,No
CUST-04428,Female,0,Yes,No,45,Yes,Yes,No,No internet service,No internet service,No internet service,No internet service,No internet service,No internet service,Month-to-month,Yes,Mailed check,25.42,1149.98,Yes
CUST-04429,Male,0,Yes,No,58,No,No phone service,DSL,No,No,Yes,No,No,Yes,Two year,Yes,Bank transfer (automatic),64.25,3731.01,No
CUST-04430,Male,0,Yes,No,67,Yes,No,DSL,No,No,Yes,Yes,Yes,Yes,Month-to-month,No,Mailed check,43.91,2942.32,Yes
CUST-04431,Male,0,No,No,72,Yes,Yes,DSL,No,No,No,Yes,Yes,No,Month-to-month,No,Electronic check,61.81,4447.83,No
CUST-04432,Female,0,No,No,41,Yes,Yes,DSL,Yes,Yes,Yes,No,Yes,Yes,Month-to-month,Yes,Mailed check,51.46,2111.4,Yes
CUST-04433,Male,0,No,Yes,65,Yes,Yes,No,No internet service,No internet service,No internet service,No internet service,No internet service,No internet service,Two year,No,Credit card (automatic),20.82,1350.98,No
CUST-04434,Male,0,Yes,No,40,Yes,No,DSL,Yes,No,No,Yes,Yes,No,One year,Yes,Mailed check,66.42,2659.94,No
CUST-04435,Female,1,Yes,Yes,5,Yes,Yes,DSL,No,Yes,No,No,No,No,Month-to-month,No,Electronic check,56.5,289.46,Yes
CUST-04436,Male,1,No,No,28,Yes,Yes,No,No internet service,No internet service,No internet service,No internet service,No internet service,No internet service,Month-to-month,No,Electronic check,26.26,737.75,No
CUST-04437,Male,1,Yes,No,38,No,No phone service,DSL,No,No,Yes,No,No,Yes,Two year,No,Electronic check,52.13,1973.44,No
CUST-04438,Female,0,No,No,18,Yes,No,DSL,Yes,No,Yes,No,No,Yes,Month-to-month,No,Mailed check,42.19,761.1,Yes
CUST-04439,Female,0,Yes,No,37,Yes,Yes,DSL,No,No,No,Yes,No,No,Two year,No,Bank transfer (automatic),54.78,2026.04,No
CUST-04440,Female,0,Yes,No,27,Yes,No,Fiber optic,No,No,No,No,Yes,No,Month-to-month,No,Electronic check,86.76,2351.17,No
CUST-04441,Female,0,Yes,Yes,25,Yes,No,Fiber optic,No,Yes,No,No,Yes,No,Month-to-month,No,Credit card (automatic),89.69,2244.01,Yes
CUST-04442,Male,1,Yes,Yes,69,Yes,No,No,No internet service,No internet service,No internet service,No internet service,No internet service,No internet service,Month-to-month,Yes,Mailed check,39.95,2761.35,No
CUST-04443,Male,1,Yes,No,27,Yes,Yes,Fiber optic,No,Yes,No,No,Yes,No,One year,No,Bank transfer (automatic),90.31,2440.71,No
CUST-04444,Female,0,Yes,No,54,No,No phone service,Fiber optic,No,No,No,Yes,No,Yes,Two year,Yes,Mailed check,90.44,4893.71,No
CUST-04445,Female,0,Yes,Yes,7,Yes,No,No,No internet service,No internet service,No internet service,No internet service,No internet service,No internet service,One year,Yes,Electronic check,29.07,209.65,Yes
CUST-04446,Male,0,No,Yes,27,Yes,No,Fiber optic,No,Yes,Yes,No,Yes,No,Two year,No,Electronic check,77.99,2111.51,No
CUST-04447,Female,0,Yes,No,59,Yes,No,DSL,Yes,No,No,No,No,Yes,Two year,Yes,Mailed check,43.33,2555.93,No
CUST-04448,Male,1,Yes,No,72,Yes,No,Fiber optic,No,No,Yes,No,Yes,No,Month-to-month,No,Mailed check,73.75,5317.97,Yes
CUST-04449,Female,0,No,No,31,Yes,No,Fiber optic,Yes,No,No,No,No,Yes,One year,Yes,Bank transfer (automatic),71.76,2226.37,No
CUST-04450,Male,0,No,No,68,Yes,No,DSL,Yes,Yes,Yes,No,No,No,Month-to-month,Yes,Mailed check,58.31,3965.85,No
CUST-04451,Female,0,No,Yes,4,No,No phone service,DSL,No,No,No,Yes,No,No,One year,Yes,Mailed check,49.71,200.74,No
CUST-04452,Female,0,No,No,18,Yes,No,Fiber optic,No,No,No,No,No,No,Month-to-month,No,Bank transfer (automatic),80.99,1462.87,No
CUST-04453,Male,0,Yes,Yes,63,Yes,Yes,DSL,No,No,No,No,No,Yes,Month-to-month,Yes,Electronic check,51.33,3224.07,No
CUST-04454,Female,1,Yes,No,52,Yes,No,Fiber optic,No,No,No,No,No,No,One year,Yes,Mailed check,91.7,4770.07,Yes
CUST-04455,Male,0,No,No,63,Yes,No,DSL,No,No,Yes,No,No,No,Two year,Yes,Electronic check,52.74,3329.75,No
CUST-04456,Male,0,Yes,No,45,Yes,No,Fiber optic,No,No,No,No,No,Yes,Month-to-month,No,Credit card (automatic),90.14,4053.65,Yes
CUST-04457,Male,0,No,No,12,Yes,No,DSL,No,No,No,No,Yes,No,Month-to-month,No,Credit card (automatic),41.24,488.81,No
CUST-04458,Male,0,Yes,No,8,Yes,No,Fiber optic,No,Yes,Yes,No,No,Yes,One year,No,Credit card (automatic),65.98,520.18,No
CUST-04459,Male,0,Yes,No,22,Yes,No,Fiber optic,Yes,No,Yes,No,Yes,No,Month-to-month,Yes,Electronic check,86.92,1913.78,No
CUST-04460,Female,0,Yes,No,41,Yes,Yes,No,No internet service,No internet service,No internet service,No internet service,No internet service,No internet service,One year,No,Credit card (automatic),36.29,1485.08,No
CUST-04461,Female,0,Yes,No,41,Yes,No,Fiber optic,No,Yes,Yes,No,No,Yes,Two year,No,Electronic check,65.7,2698.87,No
CUST-04462,Male,0,Yes,No,57,Yes,No,Fiber optic,No,Yes,No,No,No,Yes,Month-to-month,Yes,Mailed check,79.63,4545.38,Yes
CUST-04463,Female,0,No,No,32,Yes,Yes,No,No internet service,No internet service,No internet service,No internet service,No internet service,No internet service,Month-to-month,No,Electronic check,18.25,591.96,Yes
CUST-04464,Male,0,Yes,Yes,55,Yes,Yes,DSL,No,No,No,No,No,No,Month-to-month,Yes,Credit card (automatic),45.0,2465.17,Yes
CUST-04465,Female,0,Yes,No,6,Yes,Yes,DSL,Yes,Yes,Yes,No,No,No,Two year,Yes,Credit card (automatic),68.88,419.56,No
CUST-04466,Female,0,Yes,No,39,Yes,No,Fiber optic,Yes,No,Yes,No,No,No,Two year,No,Mailed check,75.2,2935.24,No
CUST-04467,Female,0,Yes,No,9,Yes,No,DSL,No,No,No,No,No,No,Two year,Yes,Credit card (automatic),54.08,483.15,No
CUST-04468,Female,0,Yes,No,32,Yes,No,No,No internet service,No internet service,No internet service,No internet service,No internet service,No internet service,Month-to-month,Yes,Electronic check,35.48,1132.06,Yes
CUST-04469,Male,0,No,No,36,Yes,No,Fiber optic,Yes,No,No,No,No,Yes,One year,Yes,Credit card (automatic),92.61,3335.2,No
CUST-04470,Male,0,Yes,No,16,Yes,No,Fiber optic,No,No,No,Yes,No,No,Two year,Yes,Mailed check,69.46,1101.46,No
CUST-04471,Female,1,No,Yes,12,Yes,No,Fiber optic,No,No,No,No,No,Yes,Month-to-month,No,Bank transfer (automatic),71.81,858.36,Yes
CUST-04472,Female,0,Yes,No,41,Yes,Yes,No,No internet service,No internet service,No internet service,No internet service,No internet service,No internet service,Month-to-month,Yes,Mailed check,31.79,1311.36,Yes
CUST-04473,Male,0,Yes,No,67,Yes,No,DSL,Yes,No,No,No,No,Yes,One year,Yes,Bank transfer (automatic),59.83,4011.61,No
CUST-04474,Female,1,No,No,58,Yes,No,Fiber optic,No,No,No,No,No,No,Month-to-month,Yes,Electronic check,78.05,4520.02,No
CUST-04475,Male,0,Yes,No,9,Yes,Yes,DSL,No,Yes,No,No,No,No,Month-to-month,No,Bank transfer (automatic),59.6,543.05,No
CUST-04476,Male,0,Yes,No,17,Yes,No,No,No internet service,No internet service,No internet service,No internet service,No internet service,No internet service,One year,Yes,Mailed check,18.25,314.82,No
CUST-04477,Male,0,No,Yes,5,Yes,Yes,Fiber optic,No,No,No,Yes,No,No,Month-to-month,Yes,Mailed check,70.93,345.95,Yes
CUST-04478,Female,0,Yes,No,26,Yes,Yes,No,No internet service,No internet service,No internet service,No internet service,No internet service,No internet service,Two year,Yes,Mailed check,40.11,1052.15,No
CUST-04479,Male,0,No,Yes,1,Yes,Yes,Fiber optic,No,No,No,No,Yes,Yes,One year,No,Mailed check,87.68,94.13,Yes
CUST-04480,Female,0,No,No,1,Yes,Yes,DSL,No,No,Yes,No,No,No,Two year,No,Mailed check,59.07,51.92,Yes
CUST-04481,Male,0,No,No,35,Yes,No,No,No internet service,No internet service,No internet service,No internet service,No internet service,No internet service,Month-to-month,No,Electronic check,31.46,1108.55,Yes
CUST-04482,Female,1,Yes,No,9,Yes,No,No,No internet service,No internet service,No internet service,No internet service,No internet service,No internet service,One year,Yes,Bank transfer (automatic),21.01,197.61,Yes
CUST-04483,Female,0,Yes,No,38,Yes,No,DSL,No,No,Yes,No,No,No,Month-to-month,No,Bank transfer (automatic),48.15,1829.89,Yes
CUST-04484,Female,0,No,No,4,Yes,No,DSL,No,Yes,No,Yes,No,No,Two year,No,Bank transfer (automatic),68.93,271.51,No
CUST-04485,Male,0,Yes,Yes,52,Yes,No,DSL,No,No,No,No,Yes,Yes,One year,Yes,Electronic check,40.06,2084.4,No
CUST-04486,Male,0,No,No,19,Yes,No,Fiber optic,No,Yes,Yes,No,Yes,No,Month-to-month,Yes,Bank transfer (automatic),78.24,1490.41,Yes
CUST-04487,Female,0,Yes,Yes,5,Yes,Yes,No,No internet service,No internet service,No internet service,No internet service,No internet service,No internet service,Two year,Yes,Bank transfer (automatic),18.25,86.34,No
CUST-04488,Female,0,No,No,48,Yes,Yes,DSL,Yes,No,No,No,No,No,Month-to-month,Yes,Credit card (automatic),50.27,2408.58,No
CUST-04489,Female,0,Yes,Yes,63,Yes,Yes,Fiber optic,No,No,No,No,Yes,No,Month-to-month,No,Bank transfer (automatic),74.75,4714.65,No
CUST-04490,Male,0,No,No,38,Yes,Yes,Fiber optic,No,No,No,Yes,No,No,Month-to-month,No,Mailed check,68.48,2605.63,Yes
CUST-04491,Male,1,Yes,No,52,Yes,Yes,DSL,No,Yes,No,Yes,No,No,Two year,Yes,Credit card (automatic),42.08,2185.24,No
CUST-04492,Male,0,No,No,46,No,No phone service,DSL,No,No,No,No,Yes,No,Month-to-month,No,Bank transfer (automatic),65.56,3013.17,No
CUST-04493,Male,0,Yes,Yes,9,Yes,No,Fiber optic,No,No,No,No,Yes,Yes,Two year,No,Electronic check,74.73,677.21,Yes
CUST-04494,Female,0,No,No,50,Yes,Yes,No,No internet service,No internet service,No internet service,No internet service,No internet service,No internet service,One year,Yes,Mailed check,31.79,1586.4,Yes
CUST-04495,Female,0,Yes,No,66,Yes,Yes,Fiber optic,No,No,Yes,No,Yes,No,Month-to-month,No,Bank transfer (automatic),87.71,5785.03,Yes
CUST-04496,Male,0,Yes,No,38,No,No phone service,Fiber optic,No,Yes,No,No,Yes,Yes,Month-to-month,No,Mailed check,81.16,3089.42,No
CUST-04497,Male,0,No,Yes,27,Yes,No,DSL,Yes,Yes,No,No,No,No,Month-to-month,No,Credit card (automatic),53.12,1432.58,No
CUST-04498,Female,0,Yes,No,20,Yes,No,DSL,No,No,Yes,No,No,Yes,Month-to-month,No,Mailed check,54.67,1099.23,No
CUST-04499,Male,0,Yes,No,62,Yes,No,DSL,No,No,No,No,No,No,Month-to-month,No,Mailed check,65.06,4039.76,No
CUST-04500,Male,0,Yes,Yes,16,Yes,No,DSL,Yes,Yes,Yes,No,Yes,Yes,Month-to-month,No,Mailed check,55.92,903.82,No
CUST-04501,Male,0,Yes,No,13,Yes,Yes,Fiber optic,No,No,No,No,No,No,Two year,Yes,Electronic check,70.52,919.52,No
CUST-04502,Male,0,No,No,20,Yes,Yes,Fiber optic,Yes,Yes,No,No,No,Yes,One year,Yes,Mailed check,70.57,1415.51,No
CUST-04503,Male,0,Yes,No,24,Yes,Yes,DSL,No,Yes,Yes,No,Yes,Yes,Month-to-month,Yes,Bank transfer (automatic),55.04,1319.51,No
CUST-04504,Male,0,Yes,Yes,50,Yes,No,Fiber optic,No,No,No,Yes,Yes,No,Month-to-month,Yes,Credit card (automatic),71.05,3554.71,Yes
CUST-04505,Female,0,No,Yes,7,Yes,Yes,DSL,No,No,Yes,No,Yes,Yes,One year,Yes,Bank transfer (automatic),63.73,440.24,No
CUST-04506,Male,0,Yes,Yes,29,Yes,Yes,No,No internet service,No internet service,No internet service,No internet service,No internet service,No internet service,Month-to-month,Yes,Electronic check,41.21,1198.23,Yes
CUST-04507,Male,0,No,No,5,Yes,Yes,Fiber optic,No,Yes,No,No,No,Yes,Two year,Yes,Mailed check,69.84,357.4,Yes
CUST-04508,Female,0,Yes,No,35,Yes,No,Fiber optic,Yes,No,No,No,Yes,Yes,One year,Yes,Electronic check,78.17,2729.57,Yes
CUST-04509,Female,0,No,No,65,Yes,No,Fiber optic,No,No,No,Yes,Yes,Yes,Month-to-month,No,Electronic check,87.5,5688.09,Yes
CUST-04510,Female,0,Yes,No,70,Yes,No,Fiber optic,Yes,No,No,Yes,Yes,No,Month-to-month,No,Bank transfer (automatic),67.51,4720.3,Yes
CUST-04511,Male,0,No,Yes,7,Yes,No,Fiber optic,No,No,No,Yes,No,Yes,Month-to-month,No,Electronic check,82.83,571.45,Yes
CUST-04512,Female,0,No,Yes,44,Yes,Yes,No,No internet service,No internet service,No internet service,No internet service,No internet service,No internet service,Month-to-month,No,Electronic check,31.5,1377.69,No
CUST-04513,Male,1,No,No,72,Yes,Yes,Fiber optic,No,No,Yes,No,Yes,No,Month-to-month,No,Mailed check,88.31,6352.72,Yes
CUST-04514,Male,1,Yes,Yes,13,No,No phone service,Fiber optic,No,No,Yes,No,Yes,Yes,One year,No,Electronic check,93.58,1213.38,No
CUST-04515,Male,0,No,No,38,Yes,No,Fiber optic,No,Yes,Yes,No,No,No,Month-to-month,Yes,Mailed check,79.6,3019.2,No
CUST-04516,Female,0,Yes,No,13,Yes,No,Fiber optic,No,No,Yes,Yes,Yes,No,One year,Yes,Mailed check,73.46,960.77,Yes
CUST-04517,Female,0,No,Yes,54,Yes,Yes,No,No internet service,No internet service,No internet service,No internet service,No internet service,No internet service,One year,Yes,Electronic check,18.25,976.96,No
CUST-04518,Female,0,No,No,44,No,No phone service,Fiber optic,Yes,No,Yes,No,No,No,Month-to-month,Yes,Bank transfer (automatic),89.63,3934.57,Yes
CUST-04519,Female,0,No,No,13,No,No phone service,DSL,Yes,No,Yes,No,No,No,One year,Yes,Electronic check,45.32,582.8,Yes
CUST-04520,Female,0,Yes,No,25,Yes,No,Fiber optic,No,No,Yes,No,No,Yes,One year,No,Bank transfer (automatic),90.61,2259.87,No
CUST-04521,Male,1,Yes,No,24,Yes,No,No,No internet service,No internet service,No internet service,No internet service,No internet service,No internet service,Month-to-month,Yes,Bank transfer (automatic),33.49,807.06,Yes
CUST-04522,Male,1,No,Yes,29,Yes,No,No,No internet service,No internet service,No internet service,No internet service,No internet service,No internet service,One year,Yes,Credit card (automatic),20.1,573.0,No
CUST-04523,Male,0,No,No,70,Yes,Yes,Fiber optic,No,No,No,Yes,No,No,Two year,No,Credit card (automatic),79.37,5564.18,No
CUST-04524,Male,0,No,No,18,Yes,No,DSL,No,No,No,No,Yes,No,Month-to-month,No,Bank transfer (automatic),59.06,1058.75,Yes
CUST-04525,Female,0,No,No,5,Yes,Yes,Fiber optic,No,Yes,No,Yes,No,No,Month-to-month,No,Bank transfer (automatic),83.26,408.36,Yes
CUST-04526,Female,0,No,Yes,18,Yes,Yes,DSL,Yes,No,No,Yes,No,Yes,Month-to-month,No,Bank transfer (automatic),40.58,739.51,No
CUST-04527,Male,0,No,No,63,Yes,No,Fiber optic,No,Yes,No,No,No,Yes,One year,Yes,Mailed check,82.66,5215.66,No
CUST-04528,Female,0,No,No,37,No,No phone service,Fiber optic,Yes,Yes,Yes,Yes,No,No,Two year,No,Bank transfer (automatic),92.31,3407.18,No
CUST-04529,Female,0,No,No,71,Yes,No,No,No internet service,No internet service,No internet service,No internet service,No internet service,No internet service,Two year,No,Credit card (automatic),33.94,2408.61,No
CUST-04530,Male,0,Yes,No,55,Yes,No,DSL,No,No,Yes,No,No,No,Month-to-month,Yes,Bank transfer (automatic),57.05,3140.37,Yes
CUST-04531,Male,0,No,No,12,Yes,No,No,No internet service,No internet service,No internet service,No internet service,No internet service,No internet service,One year,Yes,Electronic check,37.69,457.99,No
CUST-04532,Female,1,Yes,No,52,Yes,No,DSL,Yes,Yes,Yes,No,No,No,Month-to-month,No,Bank transfer (automatic),55.7,2906.04,No
CUST-04533,Female,0,No,No,57,Yes,Yes,Fiber optic,No,Yes,Yes,No,Yes,No,Month-to-month,Yes,Electronic check,87.28,4980.13,No
CUST-04534,Male,0,Yes,Yes,46,Yes,Yes,DSL,No,No,No,Yes,Yes,Yes,Month-to-month,Yes,Mailed check,45.21,2080.53,Yes
CUST-04535,Male,0,Yes,No,44,Yes,No,No,No internet service,No internet service,No internet service,No internet service,No internet service,No internet service,Two year,No,Mailed check,42.61,1865.53,No
CUST-04536,Male,0,No,No,24,Yes,No,Fiber optic,No,No,No,No,No,No,One year,No,Electronic check,78.05,1867.3,No
CUST-04537,Female,0,Yes,No,9,Yes,Yes,DSL,No,Yes,No,Yes,No,Yes,One year,No,Bank transfer (automatic),51.48,470.69,No
CUST-04538,Male,0,Yes,No,12,Yes,Yes,DSL,No,No,No,No,Yes,Yes,One year,Yes,Electronic check,62.35,746.08,No
CUST-04539,Male,1,No,No,9,No,No phone service,Fiber optic,No,No,Yes,Yes,Yes,Yes,Month-to-month,No,Credit card (automatic),82.6,735.44,Yes
CUST-04540,Female,0,No,No,22,Yes,Yes,DSL,No,No,No,No,Yes,No,Month-to-month,No,Electronic check,47.27,1045.87,Yes
CUST-04541,Female,0,No,Yes,17,No,No phone service,DSL,No,No,No,No,No,Yes,Two year,Yes,Bank transfer (automatic),48.13,810.64,No
CUST-04542,Female,0,Yes,Yes,33,Yes,Yes,Fiber optic,No,No,No,Yes,No,No,Month-to-month,Yes,Mailed check,84.12,2771.63,No
CUST-04543,Female,1,No,No,47,Yes,Yes,Fiber optic,No,No,No,No,No,No,Month-to-month,No,Electronic check,76.72,3596.42,No
CUST-04544,Female,0,Yes,No,15,Yes,No,DSL,No,No,No,Yes,Yes,No,Month-to-month,Yes,Mailed check,52.35,781.2,No
CUST-04545,Male,0,No,No,33,Yes,No,Fiber optic,Yes,No,Yes,Yes,Yes,No,Month-to-month,Yes,Mailed check,85.25,2819.61,No
CUST-04546,Male,0,No,No,15,Yes,Yes,Fiber optic,No,No,No,No,No,Yes,Two year,Yes,Bank transfer (automatic),83.54,1251.98,No
CUST-04547,Female,0,Yes,No,27,Yes,No,No,No internet service,No internet service,No internet service,No internet service,No internet service,No internet service,Month-to-month,No,Bank transfer (automatic),20.06,535.79,No
CUST-04548,Female,0,Yes,No,61,Yes,Yes,No,No internet service,No internet service,No internet service,No internet service,No internet service,No internet service,Two year,No,Credit card (automatic),41.44,2527.43,No
CUST-04549,Female,0,Yes,Yes,68,Yes,No,Fiber optic,No,No,No,No,No,No,Month-to-month,Yes,Electronic check,74.85,5079.87,No
CUST-04550,Female,0,No,No,48,Yes,Yes,No,No internet service,No internet service,No internet service,No internet service,No internet service,No internet service,One year,Yes,Credit card (automatic),35.1,1688.81,No
CUST-04551,Female,0,No,No,8,Yes,No,Fiber optic,No,Yes,No,No,No,Yes,Month-to-month,Yes,Mailed check,92.7,731.71,No
CUST-04552,Male,0,No,No,6,Yes,Yes,DSL,No,No,No,No,Yes,No,Month-to-month,No,Electronic check,53.2,315.48,Yes
CUST-04553,Male,0,Yes,No,63,Yes,No,Fiber optic,No,No,No,Yes,Yes,No,Month-to-month,No,Electronic check,79.75,5017.91,No
CUST-04554,Male,0,Yes,No,2,Yes,Yes,No,No internet service,No internet service,No internet service,No internet service,No internet service,No internet service,Month-to-month,Yes,Mailed check,35.25,79.4,Yes
CUST-04555,Male,0,Yes,No,22,Yes,No,No,No internet service,No internet service,No internet service,No internet service,No internet service,No internet service,Two year,Yes,Mailed check,24.86,539.41,No
CUST-04556,Female,0,Yes,No,21,Yes,No,No,No internet service,No internet service,No internet service,No internet service,No internet service,No internet service,Month-to-month,Yes,Electronic check,25.6,539.84,Yes
CUST-04557,Male,0,No,No,6,No,No phone service,Fiber optic,No,No,No,No,Yes,Yes,Month-to-month,Yes,Bank transfer (automatic),82.74,493.9,No
CUST-04558,Female,1,Yes,No,70,Yes,No,Fiber optic,Yes,Yes,No,No,No,No,Two year,Yes,Electronic check,74.42,5213.83,No
CUST-04559,Female,1,Yes,No,13,Yes,No,DSL,No,No,No,No,No,No,One year,No,Mailed check,49.39,638.79,No
CUST-04560,Female,0,No,No,1,Yes,Yes,DSL,Yes,No,No,No,Yes,Yes,Month-to-month,Yes,Mailed check,64.04,56.15,Yes
CUST-04561,Male,0,No,Yes,22,Yes,No,Fiber optic,No,No,No,No,No,No,One year,No,Credit card (automatic),66.01,1443.03,No
CUST-04562,Female,0,Yes,No,24,Yes,No,Fiber optic,No,No,No,No,No,Yes,Two year,No,Electronic check,65.77,1588.29,No
CUST-04563,Male,1,Yes,Yes,64,Yes,Yes,DSL,Yes,No,Yes,No,No,Yes,Month-to-month,No,Mailed check,48.84,3135.03,Yes
CUST-04564,Male,0,Yes,No,41,Yes,Yes,Fiber optic,Yes,No,No,No,No,Yes,Month-to-month,Yes,Electronic check,85.7,3508.0,Yes
CUST-04565,Female,0,Yes,No,22,Yes,No,Fiber optic,No,Yes,No,No,Yes,Yes,One year,Yes,Bank transfer (automatic),74.17,1623.51,Yes
CUST-04566,Female,0,Yes,Yes,61,Yes,No,No,No internet service,No internet service,No internet service,No internet service,No internet service,No internet service,Month-to-month,No,Electronic check,33.88,2068.83,No
CUST-04567,Female,1,Yes,No,12,Yes,No,DSL,No,No,No,No,Yes,Yes,Month-to-month,Yes,Credit card (automatic),48.59,586.89,No
CUST-04568,Male,0,No,No,4,Yes,Yes,Fiber optic,No,No,Yes,Yes,No,No,Month-to-month,Yes,Credit card (automatic),65.92,268.37,Yes
CUST-04569,Female,0,No,No,12,Yes,No,Fiber optic,Yes,No,Yes,No,No,Yes,Two year,Yes,Mailed check,86.82,1050.1,No
CUST-04570,Male,0,No,No,33,Yes,Yes,DSL,No,No,Yes,Yes,Yes,No,One year,No,Bank transfer (automatic),56.3,1852.98,No
CUST-04571,Female,0,No,No,21,Yes,Yes,Fiber optic,No,No,No,Yes,No,No,Two year,No,Electronic check,84.33,1765.36,No
CUST-04572,Female,0,Yes,No,72,Yes,Yes,DSL,No,No,No,No,No,Yes,Two year,Yes,Bank transfer (automatic),45.32,3254.53,No
CUST-04573,Male,0,Yes,No,72,Yes,No,Fiber optic,No,Yes,No,No,No,No,One year,Yes,Mailed check,83.52,6006.44,No
CUST-04574,Male,0,Yes,No,52,Yes,No,Fiber optic,No,No,No,No,No,Yes,Month-to-month,Yes,Electronic check,89.27,4645.03,Yes
CUST-04575,Male,1,Yes,Yes,47,Yes,No,No,No internet service,No internet service,No internet service,No internet service,No internet service,No internet service,Month-to-month,Yes,Electronic check,19.21,902.59,Yes
CUST-04576,Male,0,No,No,59,Yes,No,No,No internet service,No internet service,No internet service,No internet service,No internet service,No internet service,Month-to-month,No,Electronic check,23.49,1390.25,Yes
CUST-04577,Male,0,Yes,No,47,Yes,Yes,DSL,No,No,Yes,No,No,No,Two year,Yes,Bank transfer (automatic),63.75,2998.69,No
CUST-04578,Male,0,Yes,No,56,Yes,No,No,No internet service,No internet service,No internet service,No internet service,No internet service,No internet service,Two year,Yes,Bank transfer (automatic),34.31,1925.49,No
CUST-04579,Female,0,Yes,Yes,13,Yes,Yes,No,No internet service,No internet service,No internet service,No internet service,No internet service,No internet service,Two year,Yes,Mailed check,20.65,269.07,No
CUST-04580,Female,0,Yes,No,44,Yes,No,Fiber optic,Yes,No,Yes,No,Yes,No,Two year,No,Electronic check,73.16,3228.01,No
CUST-04581,Male,0,No,No,35,Yes,Yes,DSL,Yes,No,Yes,No,No,Yes,Month-to-month,Yes,Mailed check,67.16,2354.09,Yes
CUST-04582,Female,0,Yes,No,29,Yes,No,DSL,Yes,No,No,No,No,No,Two year,Yes,Bank transfer (automatic),51.34,1492.98,No
CUST-04583,Male,1,No,No,56,No,No phone service,No,No internet service,No internet service,No internet service,No internet service,No internet service,No internet service,Month-to-month,Yes,Bank transfer (automatic),18.25,1029.66,No
CUST-04584,Female,1,Yes,No,5,Yes,Yes,Fiber optic,No,No,Yes,No,No,Yes,Month-to-month,No,Electronic check,84.9,426.69,Yes
CUST-04585,Female,1,Yes,No,67,Yes,No,DSL,Yes,No,No,No,No,No,Two year,Yes,Mailed check,52.05,3481.91,No
CUST-04586,Male,0,Yes,No,53,Yes,No,Fiber optic,No,No,No,No,No,Yes,One year,Yes,Mailed check,86.94,4606.34,Yes
CUST-04587,Male,0,No,No,60,Yes,Yes,DSL,No,No,No,Yes,Yes,No,One year,No,Bank transfer (automatic),43.38,2607.3,No
CUST-04588,Male,0,Yes,No,6,Yes,Yes,No,No internet service,No internet service,No internet service,No internet service,No internet service,No internet service,Month-to-month,Yes,Mailed check,24.22,153.84,Yes
CUST-04589,Female,0,Yes,Yes,48,Yes,Yes,No,No internet service,No internet service,No internet service,No internet service,No internet service,No internet service,One year,No,Credit card (automatic),26.78,1285.04,No
CUST-04590,Male,0,Yes,No,35,Yes,Yes,Fiber optic,No,No,No,No,No,Yes,Month-to-month,Yes,Bank transfer (automatic),82.24,2872.88,Yes
CUST-04591,Female,0,No,No,18,No,No phone service,DSL,No,No,No,No,Yes,No,Month-to-month,No,Bank transfer (automatic),45.55,816.19,No
CUST-04592,Male,0,No,No,11,Yes,No,Fiber optic,Yes,Yes,No,No,Yes,No,Month-to-month,No,Bank transfer (automatic),74.66,819.79,Yes
CUST-04593,Female,0,Yes,No,51,Yes,Yes,DSL,No,No,No,Yes,No,Yes,Month-to-month,No,Credit card (automatic),62.98,3216.59,Yes
CUST-04594,Female,0,No,No,23,Yes,No,DSL,Yes,No,No,Yes,Yes,No,Month-to-month,Yes,Mailed check,45.66,1042.29,Yes
CUST-04595,Male,0,Yes,Yes,47,Yes,No,Fiber optic,No,No,No,No,No,No,Month-to-month,Yes,Electronic check,76.4,3581.75,No
CUST-04596,Female,0,Yes,No,59,Yes,Yes,DSL,No,No,No,No,No,Yes,Two year,No,Electronic check,51.75,3063.2,No
CUST-04597,Female,0,No,No,57,Yes,Yes,Fiber optic,No,Yes,Yes,No,Yes,No,Month-to-month,No,Mailed check,71.23,4057.13,Yes
CUST-04598,Male,0,Yes,Yes,56,Yes,No,DSL,No,No,Yes,No,Yes,No,One year,No,Mailed check,66.18,3701.18,No
CUST-04599,Female,0,Yes,Yes,27,Yes,No,Fiber optic,No,Yes,No,No,No,Yes,Month-to-month,No,Mailed check,80.45,2174.73,No
CUST-04600,Male,1,No,Yes,35,Yes,Yes,DSL,No,No,No,Yes,No,Yes,Month-to-month,Yes,Mailed check,51.58,1813.93,Yes
CUST-04601,Male,0,No,No,55,No,No phone service,Fiber optic,No,No,No,No,No,Yes,Month-to-month,Yes,Mailed check,88.34,4857.49,Yes
CUST-04602,Male,1,No,Yes,9,No,No phone service,Fiber optic,Yes,No,Yes,No,No,Yes,Month-to-month,No,Electronic check,66.1,601.12,Yes
CUST-04603,Male,0,No,No,18,Yes,No,No,No internet service,No internet service,No internet service,No internet service,No internet service,No internet service,Month-to-month,Yes,Credit card (automatic),44.95,804.6,Yes
CUST-04604,Female,0,Yes,No,44,Yes,Yes,Fiber optic,No,No,No,No,No,Yes,Two year,No,Credit card (automatic),93.83,4129.22,No
CUST-04605,Female,0,Yes,No,21,Yes,Yes,Fiber optic,No,Yes,No,No,Yes,Yes,Month-to-month,Yes,Bank transfer (automatic),67.63,1421.23,No
CUST-04606,Female,0,Yes,No,56,Yes,No,No,No internet service,No internet service,No internet service,No internet service,No internet service,No internet service,Two year,No,Mailed check,41.64,2326.55,No
CUST-04607,Male,0,Yes,No,48,Yes,Yes,Fiber optic,No,No,Yes,No,No,No,Month-to-month,No,Electronic check,74.32,3568.81,No
CUST-04608,Female,0,Yes,No,1,Yes,Yes,Fiber optic,No,Yes,Yes,No,Yes,No,Month-to-month,Yes,Credit card (automatic),68.14,69.67,Yes
CUST-04609,Female,0,Yes,No,27,Yes,Yes,DSL,No,No,No,No,No,No,Two year,No,Mailed check,57.11,1543.55,No
CUST-04610,Male,0,Yes,No,45,Yes,No,No,No internet service,No internet service,No internet service,No internet service,No internet service,No internet service,Month-to-month,Yes,Bank transfer (automatic),41.06,1845.73,No
CUST-04611,Male,0,Yes,No,63,Yes,No,Fiber optic,No,No,Yes,No,Yes,No,Month-to-month,Yes,Electronic check,69.79,4399.48,No
CUST-04612,Female,0,No,No,58,Yes,Yes,DSL,Yes,No,No,No,No,No,Two year,Yes,Credit card (automatic),69.11,4005.19,No
CUST-04613,Male,0,Yes,Yes,40,Yes,No,DSL,No,No,No,Yes,No,No,Two year,Yes,Bank transfer (automatic),48.74,1947.43,No
CUST-04614,Male,0,Yes,No,63,Yes,Yes,Fiber optic,Yes,No,Yes,No,Yes,No,Month-to-month,No,Electronic check,82.09,5162.49,Yes
CUST-04615,Male,0,Yes,No,38,Yes,No,DSL,No,Yes,No,Yes,Yes,Yes,Month-to-month,Yes,Bank transfer (automatic),59.96,2287.6,Yes
CUST-04616,Male,0,Yes,No,29,Yes,No,Fiber optic,Yes,Yes,Yes,No,Yes,Yes,Month-to-month,No,Electronic check,75.52,2194.43,Yes
CUST-04617,Female,0,Yes,No,40,No,No phone service,DSL,No,Yes,Yes,No,Yes,No,Two year,Yes,Electronic check,66.34,2658.39,No
CUST-04618,Male,0,No,No,19,Yes,Yes,Fiber optic,No,Yes,No,Yes,Yes,No,One year,No,Credit card (automatic),94.77,1806.36,No
CUST-04619,Male,1,No,Yes,56,Yes,No,DSL,No,Yes,No,Yes,No,No,Month-to-month,Yes,Credit card (automatic),52.25,2930.36,Yes
CUST-04620,Male,0,No,No,44,Yes,No,Fiber optic,No,No,No,Yes,No,Yes,Month-to-month,Yes,Electronic check,69.35,3058.76,No
CUST-04621,Male,0,Yes,No,65,Yes,No,DSL,No,No,No,No,No,Yes,One year,Yes,Electronic check,66.54,4315.56,No
CUST-04622,Male,0,Yes,No,13,Yes,No,Fiber optic,No,Yes,No,Yes,No,No,Month-to-month,No,Credit card (automatic),80.78,1042.23,Yes
CUST-04623,Male,0,Yes,No,30,Yes,Yes,No,No internet service,No internet service,No internet service,No internet service,No internet service,No internet service,Month-to-month,Yes,Credit card (automatic),37.2,1114.39,Yes
CUST-04624,Male,0,Yes,No,49,No,No phone service,No,No internet service,No internet service,No internet service,No internet service,No internet service,No internet service,Month-to-month,No,Bank transfer (automatic),25.75,1268.99,No
CUST-04625,Male,0,No,No,63,Yes,Yes,DSL,No,Yes,Yes,No,No,No,Month-to-month,Yes,Mailed check,43.4,2729.99,No
CUST-04626,Female,0,No,No,71,Yes,Yes,Fiber optic,No,No,Yes,Yes,No,No,Two year,No,Mailed check,90.78,6450.33,No
CUST-04627,Male,0,Yes,No,35,Yes,No,Fiber optic,No,Yes,No,Yes,Yes,Yes,Month-to-month,Yes,Mailed check,79.49,2777.52,No
CUST-04628,Female,0,Yes,No,11,Yes,No,No,No internet service,No internet service,No internet service,No internet service,No internet service,No internet service,Month-to-month,No,Credit card (automatic),18.27,210.94,Yes
CUST-04629,Male,0,No,Yes,49,Yes,No,No,No internet service,No internet service,No internet service,No internet service,No internet service,No internet service,Month-to-month,No,Bank transfer (automatic),20.62,1017.2,No
CUST-04630,Male,0,No,No,40,Yes,Yes,DSL,No,No,Yes,No,No,No,Month-to-month,Yes,Credit card (automatic),62.25,2489.23,Yes
CUST-04631,Male,0,No,No,21,Yes,Yes,DSL,No,No,No,No,Yes,Yes,Month-to-month,No,Credit card (automatic),66.27,1399.42,Yes
CUST-04632,Male,1,No,Yes,47,Yes,No,Fiber optic,No,No,No,No,No,No,Two year,Yes,Bank transfer (automatic),73.32,3448.14,No
CUST-04633,Female,0,No,Yes,3,Yes,No,DSL,No,No,No,No,No,No,Month-to-month,Yes,Electronic check,48.41,137.83,Yes
CUST-04634,Male,0,No,No,30,Yes,No,No,No internet service,No internet service,No internet service,No internet service,No internet service,No internet service,Month-to-month,No,Mailed check,18.25,550.67,No
CUST-04635,Male,0,No,No,67,Yes,Yes,No,No internet service,No internet service,No internet service,No internet service,No internet service,No internet service,One year,Yes,Bank transfer (automatic),27.57,1847.52,No
CUST-04636,Female,1,Yes,No,62,Yes,Yes,Fiber optic,No,No,No,Yes,No,Yes,One year,No,Mailed check,91.74,5681.93,No
CUST-04637,Female,0,Yes,No,37,Yes,No,DSL,No,No,No,No,No,Yes,Month-to-month,Yes,Mailed check,44.93,1654.03,Yes
CUST-04638,Male,0,No,No,22,Yes,Yes,Fiber optic,Yes,No,No,Yes,No,Yes,Month-to-month,No,Mailed check,88.37,1951.81,Yes
CUST-04639,Female,0,Yes,Yes,31,Yes,Yes,Fiber optic,Yes,No,No,No,No,No,Two year,Yes,Electronic check,71.57,2216.35,No
CUST-04640,Female,0,No,Yes,46,Yes,Yes,No,No internet service,No internet service,No internet service,No internet service,No internet service,No internet service,One year,Yes,Mailed check,21.08,977.38,No
CUST-04641,Female,0,Yes,Yes,45,Yes,Yes,DSL,Yes,No,No,Yes,Yes,No,Month-to-month,Yes,Credit card (automatic),40.45,1825.14,No
CUST-04642,Male,0,No,Yes,14,Yes,No,Fiber optic,No,No,No,Yes,No,No,Two year,Yes,Electronic check,85.09,1181.86,No
CUST-04643,Male,1,Yes,Yes,12,Yes,No,DSL,Yes,No,No,No,No,No,One year,Yes,Electronic check,51.61,625.6,No
CUST-04644,Male,0,No,No,63,Yes,No,Fiber optic,No,No,No,Yes,Yes,Yes,Month-to-month,Yes,Credit card (automatic),94.21,5929.86,No
CUST-04645,Female,0,Yes,No,38,Yes,Yes,No,No internet service,No internet service,No internet service,No internet service,No internet service,No internet service,Month-to-month,No,Mailed check,18.25,691.86,No
CUST-04646,Male,0,Yes,No,47,Yes,No,No,No internet service,No internet service,No internet service,No internet service,No internet service,No internet service,One year,No,Bank transfer (automatic),18.25,854.87,No
CUST-04647,Female,0,No,No,54,Yes,No,Fiber optic,No,No,No,No,No,Yes,Two year,No,Electronic check,73.53,3960.9,No
CUST-04648,Male,1,No,No,55,No,No phone service,No,No internet service,No internet service,No internet service,No internet service,No internet service,No internet service,One year,No,Mailed check,31.13,1719.24,No
CUST-04649,Male,0,No,No,48,Yes,Yes,DSL,No,No,Yes,No,No,Yes,Month-to-month,Yes,Bank transfer (automatic),62.45,3001.71,Yes
CUST-04650,Female,0,Yes,No,72,Yes,Yes,Fiber optic,No,No,Yes,No,Yes,No,Month-to-month,No,Electronic check,74.09,5333.84,No
CUST-04651,Male,0,Yes,No,15,Yes,No,Fiber optic,No,Yes,Yes,No,Yes,No,Month-to-month,Yes,Mailed check,75.01,1122.92,No
CUST-04652,Female,0,Yes,Yes,71,Yes,No,Fiber optic,No,No,Yes,Yes,Yes,No,Month-to-month,No,Mailed check,86.58,6156.36,No
CUST-04653,Female,0,Yes,No,16,Yes,Yes,DSL,Yes,No,Yes,Yes,No,No,One year,Yes,Credit card (automatic),51.09,824.94,Yes
CUST-04654,Male,1,No,No,43,Yes,No,No,No internet service,No internet service,No internet service,No internet service,No internet service,No internet service,Month-to-month,Yes,Bank transfer (automatic),34.58,1496.64,Yes
CUST-04655,Female,1,No,No,7,Yes,No,Fiber optic,No,No,Yes,No,No,Yes,Month-to-month,No,Credit card (automatic),74.43,517.46,No
CUST-04656,Male,0,Yes,No,43,No,No phone service,Fiber optic,No,Yes,Yes,No,No,No,Month-to-month,Yes,Credit card (automatic),94.75,4076.89,No
CUST-04657,Male,0,No,No,28,Yes,Yes,Fiber optic,No,Yes,No,Yes,No,Yes,Month-to-month,No,Mailed check,92.5,2585.99,Yes
CUST-04658,Female,0,No,No,66,Yes,No,DSL,No,Yes,No,Yes,No,No,Month-to-month,No,Mailed check,57.6,3792.83,No
CUST-04659,Male,1,No,Yes,60,Yes,No,DSL,Yes,No,No,Yes,Yes,Yes,Month-to-month,No,Mailed check,68.83,4136.7,No
CUST-04660,Female,0,No,No,3,Yes,Yes,No,No internet service,No internet service,No internet service,No internet service,No internet service,No internet service,Two year,Yes,Credit card (automatic),31.85,94.22,No
CUST-04661,Male,0,Yes,Yes,1,Yes,Yes,Fiber optic,No,No,Yes,No,No,No,Month-to-month,No,Electronic check,90.53,98.02,No
CUST-04662,Male,0,No,No,31,Yes,Yes,No,No internet service,No internet service,No internet service,No internet service,No internet service,No internet service,One year,No,Electronic check,43.58,1349.81,No
CUST-04663,Male,0,No,Yes,56,No,No phone service,DSL,No,No,No,Yes,No,Yes,Month-to-month,No,Credit card (automatic),69.28,3870.59,No
CUST-04664,Male,1,No,No,46,Yes,No,No,No internet service,No internet service,No internet service,No internet service,No internet service,No internet service,One year,Yes,Mailed check,44.16,2022.31,No
CUST-04665,Male,0,Yes,Yes,32,No,No phone service,No,No internet service,No internet service,No internet service,No internet service,No internet service,No internet service,Two year,No,Credit card (automatic),41.19,1321.98,No
CUST-04666,Female,0,No,No,18,Yes,No,Fiber optic,No,Yes,No,No,Yes,No,Month-to-month,No,Bank transfer (automatic),76.85,1387.87,Yes
CUST-04667,Female,0,Yes,Yes,68,Yes,No,Fiber optic,No,Yes,Yes,No,No,Yes,Month-to-month,No,Credit card (automatic),94.76,6453.38,No
CUST-04668,Female,0,Yes,Yes,35,Yes,No,Fiber optic,No,No,No,Yes,Yes,No,Month-to-month,Yes,Mailed check,88.39,3092.2,No
CUST-04669,Female,0,No,No,23,Yes,Yes,DSL,No,Yes,No,Yes,No,No,Month-to-month,Yes,Electronic check,65.54,1513.7,Yes
CUST-04670,Female,0,No,Yes,13,Yes,Yes,Fiber optic,Yes,No,Yes,No,No,No,Two year,No,Bank transfer (automatic),88.98,1152.67,No
CUST-04671,Female,0,Yes,Yes,14,Yes,Yes,DSL,Yes,Yes,No,No,Yes,Yes,One year,Yes,Mailed check,57.19,795.48,No
CUST-04672,Male,0,Yes,Yes,37,Yes,Yes,No,No internet service,No internet service,No internet service,No internet service,No internet service,No internet service,Month-to-month,Yes,Credit card (automatic),31.24,1146.44,No
CUST-04673,Male,0,Yes,No,5,Yes,No,No,No internet service,No internet service,No internet service,No internet service,No internet service,No internet service,Month-to-month,Yes,Electronic check,27.42,137.74,Yes
CUST-04674,Female,0,Yes,No,22,No,No phone service,Fiber optic,No,No,Yes,Yes,Yes,No,Month-to-month,No,Bank transfer (automatic),68.76,1507.52,Yes
CUST-04675,Female,0,No,Yes,28,Yes,Yes,DSL,Yes,No,No,No,No,No,Month-to-month,Yes,Electronic check,58.88,1650.63,No
CUST-04676,Male,0,Yes,Yes,4,Yes,No,DSL,No,No,No,Yes,Yes,No,Two year,Yes,Mailed check,49.64,195.08,No
CUST-04677,Male,0,No,No,50,Yes,Yes,No,No internet service,No internet service,No internet service,No internet service,No internet service,No internet service,Two year,No,Electronic check,20.76,1042.49,No
CUST-04678,Male,0,No,No,29,Yes,No,No,No internet service,No internet service,No internet service,No internet service,No internet service,No internet service,Month-to-month,Yes,Credit card (automatic),22.85,665.58,Yes
CUST-04679,Female,0,Yes,No,37,Yes,No,Fiber optic,No,No,Yes,No,No,No,Month-to-month,Yes,Credit card (automatic),76.62,2843.73,Yes
CUST-04680,Female,0,No,No,35,Yes,No,Fiber optic,No,Yes,No,Yes,Yes,No,Two year,No,Mailed check,65.23,2282.69,Yes
CUST-04681,Female,1,Yes,No,20,Yes,No,Fiber optic,No,Yes,Yes,No,No,No,One year,Yes,Electronic check,75.48,1504.77,No
CUST-04682,Male,0,Yes,No,35,Yes,No,No,No internet service,No internet service,No internet service,No internet service,No internet service,No internet service,One year,No,Bank transfer (automatic),34.12,1192.92,No
CUST-04683,Male,0,Yes,No,2,Yes,No,Fiber optic,No,Yes,No,No,No,Yes,Month-to-month,Yes,Electronic check,71.01,151.08,No
CUST-04684,Female,0,No,No,58,Yes,No,DSL,No,Yes,No,Yes,Yes,Yes,Month-to-month,Yes,Electronic check,46.38,2692.06,No
CUST-04685,Female,0,No,No,18,Yes,Yes,Fiber optic,No,Yes,No,No,Yes,Yes,One year,Yes,Credit card (automatic),69.71,1257.12,Yes
CUST-04686,Male,1,Yes,No,56,Yes,Yes,DSL,No,No,No,Yes,Yes,No,Two year,Yes,Electronic check,47.16,2650.01,No
CUST-04687,Male,0,No,No,64,Yes,No,Fiber optic,Yes,Yes,No,No,Yes,No,One year,No,Credit card (automatic),65.79,4219.99,Yes
CUST-04688,Male,1,No,No,52,Yes,Yes,Fiber optic,No,Yes,No,Yes,No,No,Two year,Yes,Bank transfer (automatic),94.35,4914.99,No
CUST-04689,Male,0,No,No,22,Yes,Yes,No,No internet service,No internet service,No internet service,No internet service,No internet service,No internet service,Month-to-month,No,Electronic check,18.25,401.9,No
CUST-04690,Female,1,No,No,60,Yes,Yes,Fiber optic,No,Yes,Yes,No,No,No,Month-to-month,No,Electronic check,86.85,5215.34,Yes
CUST-04691,Male,1,No,Yes,10,Yes,Yes,DSL,No,No,No,No,Yes,No,Month-to-month,Yes,Credit card (automatic),48.09,478.3,Yes
CUST-04692,Male,1,Yes,No,6,Yes,Yes,No,No internet service,No internet service,No internet service,No internet service,No internet service,No internet service,Two year,No,Bank transfer (automatic),29.91,187.91,Yes
CUST-04693,Male,0,No,No,6,Yes,No,No,No internet service,No internet service,No internet service,No internet service,No internet service,No internet service,One year,No,Mailed check,24.96,157.42,No
CUST-04694,Female,0,No,No,28,Yes,No,Fiber optic,No,Yes,No,No,Yes,Yes,Month-to-month,Yes,Credit card (automatic),94.12,2639.34,Yes
CUST-04695,Female,0,Yes,No,42,Yes,No,DSL,No,No,No,Yes,No,No,Month-to-month,Yes,Electronic check,50.76,2124.87,Yes
CUST-04696,Male,0,No,Yes,41,Yes,Yes,DSL,No,Yes,No,No,No,No,Two year,Yes,Mailed check,53.43,2187.79,No
CUST-04697,Male,1,No,Yes,63,No,No phone service,DSL,Yes,Yes,No,Yes,No,Yes,Two year,Yes,Credit card (automatic),69.66,4397.26,No
CUST-04698,Male,0,No,No,22,Yes,No,DSL,Yes,No,No,No,No,No,Month-to-month,No,Credit card (automatic),42.97,951.5,Yes
CUST-04699,Female,1,Yes,No,29,Yes,Yes,DSL,No,No,No,No,No,Yes,Two year,Yes,Bank transfer (automatic),48.87,1409.77,No
CUST-04700,Female,0,No,No,71,Yes,No,DSL,No,Yes,No,Yes,No,No,Month-to-month,Yes,Bank transfer (automatic),51.56,3669.92,Yes
CUST-04701,Female,0,No,Yes,34,Yes,No,No,No internet service,No internet service,No internet service,No internet service,No internet service,No internet service,Two year,Yes,Electronic check,28.49,960.89,No
CUST-04702,Male,0,Yes,No,2,Yes,Yes,Fiber optic,No,No,No,No,Yes,No,One year,Yes,Mailed check,93.72,177.75,Yes
CUST-04703,Female,0,Yes,No,26,Yes,Yes,Fiber optic,No,No,Yes,No,No,No,Two year,No,Bank transfer (automatic),76.45,1987.1,No
CUST-04704,Male,0,No,No,19,Yes,Yes,DSL,No,No,No,Yes,Yes,No,Month-to-month,Yes,Credit card (automatic),48.45,928.68,No
CUST-04705,Male,0,Yes,No,20,Yes,No,No,No internet service,No internet service,No internet service,No internet service,No internet service,No internet service,One year,Yes,Bank transfer (automatic),24.43,481.17,No
CUST-04706,Male,1,Yes,No,33,Yes,No,Fiber optic,No,No,No,Yes,No,No,One year,No,Credit card (automatic),68.79,2261.13,Yes
CUST-04707,Female,0,Yes,No,4,Yes,No,No,No internet service,No internet service,No internet service,No internet service,No internet service,No internet service,Two year,No,Bank transfer (automatic),19.22,82.7,No
CUST-04708,Male,0,No,No,32,Yes,No,Fiber optic,No,No,No,No,Yes,No,One year,Yes,Electronic check,72.26,2311.84,No
CUST-04709,Female,0,No,Yes,19,Yes,Yes,DSL,No,Yes,No,No,Yes,No,Month-to-month,Yes,Bank transfer (automatic),45.16,868.04,No
CUST-04710,Female,0,Yes,No,3,No,No phone service,No,No internet service,No internet service,No internet service,No internet service,No internet service,No internet service,Month-to-month,Yes,Bank transfer (automatic),25.13,67.85,Yes
CUST-04711,Male,0,Yes,No,61,Yes,Yes,Fiber optic,Yes,Yes,No,Yes,No,No,Two year,Yes,Mailed check,69.2,4212.15,No
CUST-04712,Male,0,Yes,No,38,Yes,No,Fiber optic,No,Yes,Yes,No,No,Yes,Month-to-month,Yes,Credit card (automatic),81.97,3110.62,No
CUST-04713,Female,0,Yes,No,6,Yes,No,Fiber optic,Yes,No,Yes,Yes,Yes,Yes,Two year,No,Credit card (automatic),93.52,553.18,No
CUST-04714,Male,0,No,No,56,Yes,No,Fiber optic,No,No,No,Yes,Yes,Yes,One year,Yes,Bank transfer (automatic),79.94,4468.12,No
CUST-04715,Female,0,Yes,No,40,Yes,No,No,No internet service,No internet service,No internet service,No internet service,No internet service,No internet service,Two year,No,Mailed check,28.4,1145.93,No
CUST-04716,Male,1,No,No,69,No,No phone service,Fiber optic,No,No,No,No,Yes,No,Two year,No,Electronic check,70.57,4877.47,No
CUST-04717,Female,0,Yes,No,42,Yes,No,Fiber optic,No,No,No,No,No,No,Month-to-month,No,Electronic check,71.67,3010.69,Yes
CUST-04718,Female,0,No,No,2,Yes,Yes,Fiber optic,No,Yes,No,Yes,Yes,Yes,Two year,No,Credit card (automatic),83.66,158.04,No
CUST-04719,Female,0,No,Yes,28,Yes,No,No,No internet service,No internet service,No internet service,No internet service,No internet service,No internet service,Month-to-month,No,Bank transfer (automatic),18.53,525.76,No
CUST-04720,Female,0,Yes,No,17,Yes,Yes,Fiber optic,No,No,Yes,No,No,Yes,Month-to-month,Yes,Bank transfer (automatic),70.31,1192.62,No
CUST-04721,Male,0,No,No,70,Yes,Yes,DSL,No,Yes,No,No,No,No,One year,No,Electronic check,57.56,4033.77,No
CUST-04722,Male,0,No,Yes,69,Yes,No,Fiber optic,Yes,No,No,Yes,Yes,Yes,Month-to-month,No,Mailed check,87.05,6011.3,No
CUST-04723,Female,0,No,Yes,39,Yes,No,DSL,Yes,Yes,No,Yes,Yes,No,Month-to-month,Yes,Credit card (automatic),68.26,2669.79,No
CUST-04724,Female,0,Yes,No,7,Yes,No,DSL,No,No,No,Yes,No,No,Month-to-month,No,Mailed check,45.31,327.15,Yes
CUST-04725,Male,0,No,No,32,Yes,Yes,DSL,No,No,Yes,Yes,No,No,Month-to-month,No,Mailed check,61.53,1977.21,No
CUST-04726,Male,0,No,No,4,Yes,Yes,DSL,No,Yes,No,No,Yes,Yes,Two year,No,Credit card (automatic),47.29,194.58,No
CUST-04727,Male,0,Yes,Yes,21,Yes,Yes,DSL,No,No,No,No,Yes,Yes,Month-to-month,Yes,Credit card (automatic),44.81,937.9,Yes
CUST-04728,Male,0,Yes,Yes,32,No,No phone service,DSL,No,No,No,No,No,Yes,Month-to-month,No,Electronic check,64.63,2076.13,No
CUST-04729,Male,0,No,No,14,Yes,No,Fiber optic,No,No,No,No,No,No,Month-to-month,Yes,Credit card (automatic),73.94,1030.99,Yes
CUST-04730,Male,0,No,Yes,70,Yes,Yes,DSL,No,No,No,No,No,No,Month-to-month,Yes,Bank transfer (automatic),49.95,3499.48,No
CUST-04731,Female,0,Yes,Yes,46,Yes,Yes,DSL,No,No,Yes,No,No,No,Month-to-month,Yes,Mailed check,51.88,2396.22,Yes
CUST-04732,Male,0,Yes,Yes,20,Yes,Yes,No,No internet service,No internet service,No internet service,No internet service,No internet service,No internet service,Month-to-month,Yes,Bank transfer (automatic),18.25,372.99,No
CUST-04733,Male,0,No,Yes,58,Yes,Yes,No,No internet service,No internet service,No internet service,No internet service,No internet service,No internet service,Month-to-month,No,Mailed check,41.33,2398.31,No
CUST-04734,Female,1,No,Yes,48,Yes,No,DSL,No,No,No,No,Yes,Yes,Two year,Yes,Mailed check,69.13,3310.6,No
CUST-04735,Male,0,Yes,No,7,Yes,No,No,No internet service,No internet service,No internet service,No internet service,No internet service,No internet service,Month-to-month,No,Bank transfer (automatic),21.16,153.88,Yes
CUST-04736,Male,0,Yes,Yes,40,Yes,No,Fiber optic,No,Yes,No,Yes,No,Yes,Month-to-month,Yes,Credit card (automatic),67.28,2692.53,No
CUST-04737,Male,0,No,No,59,Yes,No,DSL,No,Yes,Yes,Yes,Yes,No,Two year,Yes,Mailed check,54.7,3228.93,No
CUST-04738,Male,0,No,No,36,Yes,No,Fiber optic,No,Yes,No,Yes,Yes,Yes,Month-to-month,Yes,Electronic check,84.75,3051.84,Yes
CUST-04739,Male,0,Yes,No,44,Yes,Yes,No,No internet service,No internet service,No internet service,No internet service,No internet service,No internet service,Month-to-month,No,Bank transfer (automatic),29.8,1307.8,No
CUST-04740,Female,0,No,No,31,Yes,Yes,Fiber optic,No,Yes,No,Yes,No,No,Two year,No,Credit card (automatic),84.58,2614.32,No
CUST-04741,Male,0,No,No,42,Yes,Yes,DSL,No,Yes,No,No,No,No,Month-to-month,Yes,Electronic check,68.53,2873.96,Yes
CUST-04742,Female,1,No,No,44,Yes,Yes,DSL,No,No,Yes,No,No,No,Month-to-month,Yes,Electronic check,49.94,2203.35,Yes
CUST-04743,Female,0,No,No,43,Yes,Yes,DSL,Yes,No,Yes,No,No,No,Month-to-month,No,Mailed check,66.65,2857.4,No
CUST-04744,Male,0,Yes,No,43,Yes,No,DSL,No,No,No,No,No,No,Two year,No,Mailed check,56.34,2425.79,No
CUST-04745,Female,0,Yes,No,47,Yes,Yes,DSL,No,No,Yes,Yes,No,Yes,Month-to-month,Yes,Mailed check,61.39,2881.69,No
CUST-04746,Male,0,No,No,6,Yes,No,Fiber optic,No,No,No,No,No,No,One year,No,Electronic check,89.96,536.19,No
CUST-04747,Female,0,No,Yes,66,Yes,No,Fiber optic,No,No,Yes,Yes,Yes,No,Month-to-month,Yes,Credit card (automatic),72.99,4817.8,Yes
CUST-04748,Female,0,No,No,9,Yes,No,Fiber optic,No,Yes,No,Yes,No,Yes,Month-to-month,No,Electronic check,75.66,678.84,No
CUST-04749,Male,0,No,No,11,Yes,Yes,Fiber optic,Yes,Yes,No,No,No,No,Two year,No,Electronic check,66.2,734.8,No
CUST-04750,Male,0,Yes,No,18,Yes,Yes,DSL,Yes,No,No,No,No,No,Two year,No,Electronic check,63.38,1148.36,No
CUST-04751,Male,0,No,Yes,25,Yes,Yes,Fiber optic,No,No,No,Yes,No,No,Two year,Yes,Electronic check,67.12,1684.07,No
CUST-04752,Male,0,No,No,58,Yes,No,No,No internet service,No internet service,No internet service,No internet service,No internet service,No internet service,Month-to-month,Yes,Credit card (automatic),27.61,1609.7,No
CUST-04753,Male,1,Yes,No,30,No,No phone service,Fiber optic,No,No,No,Yes,No,No,Month-to-month,Yes,Mailed check,89.56,2687.25,No
CUST-04754,Female,0,Yes,Yes,1,Yes,Yes,Fiber optic,No,Yes,Yes,No,No,Yes,One year,No,Credit card (automatic),68.09,64.87,No
CUST-04755,Female,0,No,No,63,Yes,No,DSL,No,Yes,Yes,No,No,No,Two year,No,Bank transfer (automatic),69.8,4392.53,No
CUST-04756,Female,0,Yes,No,29,No,No phone service,DSL,No,No,No,Yes,Yes,No,Two year,Yes,Mailed check,56.93,1657.44,No
CUST-04757,Female,0,Yes,No,66,Yes,No,Fiber optic,Yes,No,No,No,No,Yes,Month-to-month,Yes,Electronic check,68.75,4532.93,Yes
CUST-04758,Female,0,No,No,53,Yes,Yes,Fiber optic,No,No,Yes,No,No,No,Month-to-month,Yes,Electronic check,65.43,3471.7,Yes
CUST-04759,Female,0,No,No,19,Yes,No,DSL,No,No,No,No,Yes,Yes,Month-to-month,No,Mailed check,50.09,948.7,No
CUST-04760,Female,0,Yes,No,66,Yes,Yes,DSL,No,Yes,No,No,No,Yes,Month-to-month,Yes,Electronic check,46.62,3077.5,No
CUST-04761,Male,0,No,No,52,Yes,Yes,Fiber optic,No,Yes,Yes,No,No,No,Month-to-month,No,Mailed check,78.91,4110.33,No
CUST-04762,Male,0,Yes,No,31,Yes,No,DSL,No,Yes,No,Yes,No,No,Month-to-month,No,Credit card (automatic),53.98,1666.67,Yes
CUST-04763,Female,0,Yes,No,60,Yes,No,No,No internet service,No internet service,No internet service,No internet service,No internet service,No internet service,One year,Yes,Electronic check,19.68,1176.92,No
CUST-04764,Female,0,Yes,No,68,Yes,No,DSL,No,No,Yes,Yes,No,No,Two year,No,Bank transfer (automatic),59.77,4055.86,No
CUST-04765,Male,0,No,No,30,Yes,Yes,No,No internet service,No internet service,No internet service,No internet service,No internet service,No internet service,One year,Yes,Electronic check,27.37,818.3,No
CUST-04766,Male,1,No,Yes,13,Yes,Yes,Fiber optic,No,No,Yes,Yes,Yes,Yes,Two year,No,Electronic check,83.99,1095.82,No
CUST-04767,Male,0,Yes,Yes,15,Yes,No,Fiber optic,Yes,Yes,No,Yes,No,No,One year,Yes,Bank transfer (automatic),90.91,1364.78,No
CUST-04768,Male,1,Yes,No,20,Yes,No,Fiber optic,No,No,No,Yes,No,No,One year,Yes,Electronic check,70.08,1398.45,No
CUST-04769,Female,0,No,No,34,Yes,Yes,Fiber optic,No,No,No,Yes,No,No,Month-to-month,Yes,Mailed check,77.99,2650.41,Yes
CUST-04770,Male,0,Yes,No,20,Yes,No,Fiber optic,No,Yes,No,No,No,Yes,Two year,No,Mailed check,90.24,1799.39,No
CUST-04771,Female,0,Yes,Yes,50,Yes,Yes,DSL,No,No,Yes,No,Yes,Yes,Month-to-month,No,Mailed check,61.67,3086.23,Yes
CUST-04772,Female,0,No,No,27,Yes,No,DSL,Yes,No,No,No,No,No,Two year,Yes,Electronic check,49.16,1320.58,No
CUST-04773,Female,0,No,No,30,Yes,No,Fiber optic,Yes,Yes,No,No,Yes,No,Month-to-month,Yes,Electronic check,87.69,2626.26,No
CUST-04774,Male,0,No,No,56,Yes,No,DSL,Yes,Yes,Yes,No,Yes,No,Two year,No,Bank transfer (automatic),51.46,2886.09,No
CUST-04775,Male,0,No,Yes,65,Yes,Yes,DSL,No,Yes,Yes,No,No,No,Month-to-month,Yes,Electronic check,69.14,4490.4,Yes
CUST-04776,Female,1,Yes,No,55,Yes,No,No,No internet service,No internet service,No internet service,No internet service,No internet service,No internet service,Month-to-month,Yes,Credit card (automatic),22.64,1250.1,No
CUST-04777,Female,0,No,Yes,24,Yes,No,No,No internet service,No internet service,No internet service,No internet service,No internet service,No internet service,One year,Yes,Credit card (automatic),20.35,481.09,No
CUST-04778,Female,0,No,Yes,25,Yes,Yes,No,No internet service,No internet service,No internet service,No internet service,No internet service,No internet service,Month-to-month,Yes,Credit card (automatic),41.36,1038.14,No
CUST-04779,Male,0,Yes,No,53,Yes,Yes,Fiber optic,No,No,No,No,No,No,Month-to-month,Yes,Electronic check,79.9,4234.16,Yes
CUST-04780,Female,0,Yes,Yes,11,Yes,Yes,DSL,No,Yes,No,No,Yes,Yes,One year,Yes,Credit card (automatic),62.32,685.76,No
CUST-04781,Male,0,Yes,Yes,60,Yes,Yes,DSL,No,No,Yes,Yes,No,No,Month-to-month,Yes,Mailed check,68.51,4109.94,No
CUST-04782,Female,0,No,No,47,No,No phone service,No,No internet service,No internet service,No internet service,No internet service,No internet service,No internet service,One year,Yes,Bank transfer (automatic),20.92,978.46,Yes
CUST-04783,Female,0,Yes,Yes,25,Yes,Yes,No,No internet service,No internet service,No internet service,No internet service,No internet service,No internet service,Two year,Yes,Credit card (automatic),18.25,459.11,No
CUST-04784,Female,0,No,No,25,Yes,Yes,Fiber optic,No,No,No,No,No,Yes,Month-to-month,No,Electronic check,71.5,1783.82,Yes
CUST-04785,Male,0,Yes,Yes,17,Yes,Yes,Fiber optic,No,No,Yes,No,No,Yes,Two year,Yes,Electronic check,68.44,1162.41,No
CUST-04786,Male,1,No,No,12,Yes,No,No,No internet service,No internet service,No internet service,No internet service,No internet service,No internet service,One year,No,Electronic check,43.86,521.94,No
CUST-04787,Female,0,Yes,No,52,Yes,No,Fiber optic,No,No,No,Yes,No,No,Month-to-month,Yes,Mailed check,86.4,4490.4,Yes
CUST-04788,Male,0,No,Yes,11,Yes,No,No,No internet service,No internet service,No internet service,No internet service,No internet service,No internet service,Two year,Yes,Bank transfer (automatic),34.67,371.43,Yes
CUST-04789,Female,0,No,No,10,Yes,No,DSL,No,No,No,Yes,Yes,No,Two year,Yes,Bank transfer (automatic),68.55,685.54,No
CUST-04790,Male,1,Yes,No,60,Yes,Yes,Fiber optic,Yes,Yes,Yes,No,No,Yes,Month-to-month,Yes,Credit card (automatic),94.35,5661.21,No
CUST-04791,Male,0,Yes,Yes,54,Yes,Yes,Fiber optic,No,No,No,No,No,Yes,One year,No,Mailed check,92.39,4989.55,No
CUST-04792,Male,1,No,No,63,No,No phone service,Fiber optic,No,No,No,No,No,No,One year,No,Mailed check,84.79,5341.42,Yes
CUST-04793,Female,1,Yes,Yes,20,Yes,Yes,No,No internet service,No internet service,No internet service,No internet service,No internet service,No internet service,One year,No,Electronic check,29.9,596.52,No
CUST-04794,Male,1,No,Yes,5,Yes,Yes,No,No internet service,No internet service,No internet service,No internet service,No internet service,No internet service,Two year,Yes,Bank transfer (automatic),18.25,94.55,No
CUST-04795,Male,0,No,Yes,41,Yes,No,DSL,Yes,No,No,No,No,Yes,Two year,No,Mailed check,66.31,2712.74,No
CUST-04796,Female,0,No,No,63,Yes,No,DSL,No,Yes,No,Yes,No,No,Month-to-month,Yes,Electronic check,43.0,2710.49,Yes
CUST-04797,Female,0,Yes,No,56,Yes,Yes,Fiber optic,Yes,No,No,No,No,No,Month-to-month,No,Electronic check,67.58,3792.49,Yes
CUST-04798,Female,0,No,No,32,Yes,No,DSL,No,No,No,Yes,No,No,One year,No,Credit card (automatic),59.69,1902.47,No
CUST-04799,Female,0,No,No,27,No,No phone service,DSL,Yes,No,No,No,No,No,One year,Yes,Bank transfer (automatic),64.94,1746.43,No
CUST-04800,Male,0,No,No,68,Yes,Yes,Fiber optic,No,No,No,No,Yes,No,Month-to-month,Yes,Bank transfer (automatic),85.57,5826.09,No
CUST-04801,Male,0,No,No,48,Yes,No,Fiber optic,Yes,No,No,Yes,No,No,Two year,No,Electronic check,75.95,3653.73,No
CUST-04802,Male,0,Yes,No,7,Yes,No,No,No internet service,No internet service,No internet service,No internet service,No internet service,No internet service,Two year,No,Mailed check,39.88,284.55,Yes
CUST-04803,Male,0,Yes,No,46,Yes,Yes,DSL,No,Yes,No,No,No,Yes,Month-to-month,Yes,Electronic check,40.16,1838.76,No
CUST-04804,Male,0,No,Yes,18,Yes,No,DSL,No,No,No,No,No,Yes,One year,Yes,Mailed check,44.94,800.99,No
CUST-04805,Female,0,Yes,No,38,Yes,Yes,DSL,No,No,No,No,No,Yes,One year,Yes,Electronic check,55.03,2098.62,Yes
CUST-04806,Male,0,Yes,No,65,Yes,Yes,Fiber optic,Yes,No,Yes,No,Yes,Yes,Two year,Yes,Electronic check,91.34,5947.05,No
CUST-04807,Male,0,No,No,17,Yes,No,Fiber optic,No,Yes,No,No,No,No,Two year,Yes,Credit card (automatic),68.11,1164.53,No
CUST-04808,Male,1,Yes,No,38,Yes,Yes,DSL,No,No,Yes,No,No,No,One year,No,Bank transfer (automatic),55.07,2101.44,No
CUST-04809,Female,0,Yes,No,63,Yes,Yes,DSL,No,No,No,Yes,Yes,No,One year,No,Credit card (automatic),46.17,2917.14,No
CUST-04810,Female,0,Yes,No,42,Yes,No,DSL,No,Yes,No,No,Yes,No,Two year,Yes,Credit card (automatic),46.48,1947.61,No
CUST-04811,Male,0,Yes,No,8,Yes,Yes,Fiber optic,No,No,No,Yes,Yes,No,Month-to-month,Yes,Mailed check,90.25,720.66,Yes
CUST-04812,Female,0,Yes,No,30,No,No phone service,DSL,No,Yes,No,No,No,No,Month-to-month,Yes,Bank transfer (automatic),45.04,1358.33,Yes
CUST-04813,Female,0,Yes,Yes,64,Yes,No,DSL,No,No,No,No,Yes,Yes,Month-to-month,No,Bank transfer (automatic),42.04,2688.84,Yes
CUST-04814,Female,0,No,No,9,Yes,No,DSL,Yes,No,No,No,Yes,Yes,Month-to-month,Yes,Electronic check,42.57,379.43,Yes
CUST-04815,Female,0,Yes,No,57,Yes,No,No,No internet service,No internet service,No internet service,No internet service,No internet service,No internet service,One year,Yes,Bank transfer (automatic),25.51,1445.63,No
CUST-04816,Female,0,No,No,59,Yes,Yes,DSL,No,No,Yes,Yes,Yes,No,One year,Yes,Credit card (automatic),56.24,3313.94,No
CUST-04817,Female,0,No,No,67,No,No phone service,DSL,No,No,No,Yes,No,No,Two year,Yes,Bank transfer (automatic),40.34,2712.46,No
CUST-04818,Female,0,No,No,5,Yes,No,DSL,No,Yes,No,No,Yes,No,Month-to-month,Yes,Electronic check,69.81,357.64,No
CUST-04819,Male,0,Yes,Yes,4,Yes,No,Fiber optic,No,Yes,No,Yes,No,No,Month-to-month,Yes,Bank transfer (automatic),93.17,379.53,Yes
CUST-04820,Male,0,Yes,No,8,Yes,Yes,Fiber optic,Yes,No,No,No,Yes,No,Two year,Yes,Bank transfer (automatic),78.96,636.86,No
CUST-04821,Female,0,No,No,42,Yes,No,Fiber optic,Yes,No,No,Yes,No,No,Month-to-month,Yes,Credit card (automatic),69.39,2909.77,Yes
CUST-04822,Male,0,No,No,35,Yes,Yes,Fiber optic,No,No,No,Yes,No,No,Two year,Yes,Electronic check,69.84,2439.58,No
CUST-04823,Male,0,No,No,13,No,No phone service,No,No internet service,No internet service,No internet service,No internet service,No internet service,No internet service,Month-to-month,Yes,Electronic check,26.69,346.92,No
CUST-04824,Female,1,Yes,Yes,5,Yes,No,Fiber optic,No,No,No,No,Yes,Yes,Month-to-month,No,Mailed check,92.38,463.17,Yes
CUST-04825,Male,0,Yes,No,40,Yes,Yes,Fiber optic,No,No,Yes,Yes,No,No,Month-to-month,Yes,Bank transfer (automatic),77.38,3093.27,Yes
CUST-04826,Female,0,Yes,No,19,Yes,No,DSL,No,No,No,No,No,No,Month-to-month,Yes,Electronic check,51.62,981.98,No
CUST-04827,Female,1,No,No,4,Yes,Yes,Fiber optic,Yes,No,Yes,Yes,Yes,No,One year,Yes,Electronic check,92.54,369.74,Yes
CUST-04828,Female,0,Yes,No,59,Yes,Yes,Fiber optic,Yes,No,No,Yes,No,Yes,Two year,Yes,Electronic check,94.81,5596.13,No
CUST-04829,Male,0,Yes,No,18,Yes,Yes,No,No internet service,No internet service,No internet service,No internet service,No internet service,No internet service,Month-to-month,No,Bank transfer (automatic),26.52,477.9,No
CUST-04830,Male,1,No,No,24,Yes,No,No,No internet service,No internet service,No internet service,No internet service,No internet service,No internet service,Two year,Yes,Bank transfer (automatic),43.88,1047.47,No
CUST-04831,Male,0,Yes,No,31,Yes,Yes,Fiber optic,Yes,Yes,Yes,No,No,Yes,One year,Yes,Bank transfer (automatic),68.89,2136.15,Yes
CUST-04832,Male,0,No,No,58,Yes,Yes,DSL,No,No,Yes,Yes,Yes,No,Month-to-month,No,Mailed check,45.99,2667.99,Yes
CUST-04833,Female,0,Yes,No,28,Yes,No,DSL,Yes,No,No,Yes,No,Yes,Two year,Yes,Mailed check,53.04,1476.37,No
CUST-04834,Female,0,No,No,9,Yes,No,No,No internet service,No internet service,No internet service,No internet service,No internet service,No internet service,Two year,No,Mailed check,26.48,233.55,No
CUST-04835,Male,0,Yes,No,45,Yes,Yes,Fiber optic,No,No,No,No,No,No,One year,Yes,Credit card (automatic),71.9,3237.49,No
CUST-04836,Female,1,No,Yes,49,Yes,No,Fiber optic,Yes,No,Yes,No,Yes,Yes,One year,Yes,Bank transfer (automatic),79.27,3882.63,No
CUST-04837,Female,0,Yes,No,2,Yes,Yes,Fiber optic,No,Yes,Yes,Yes,No,Yes,One year,No,Bank transfer (automatic),87.02,180.09,No
CUST-04838,Male,0,No,Yes,6,Yes,Yes,Fiber optic,No,Yes,No,Yes,Yes,No,One year,No,Electronic check,69.7,409.44,No
CUST-04839,Female,1,No,Yes,29,Yes,Yes,Fiber optic,Yes,Yes,Yes,No,No,No,One year,Yes,Mailed check,75.91,2193.93,No
CUST-04840,Male,1,Yes,No,26,Yes,Yes,DSL,No,No,No,No,No,Yes,One year,No,Bank transfer (automatic),40.92,1073.57,No
CUST-04841,Female,0,Yes,No,28,Yes,Yes,Fiber optic,No,No,No,No,No,Yes,Month-to-month,Yes,Electronic check,93.66,2625.05,Yes
CUST-04842,Male,0,No,No,7,Yes,Yes,DSL,Yes,Yes,No,Yes,Yes,Yes,One year,Yes,Mailed check,62.83,441.93,No
CUST-04843,Female,0,Yes,Yes,34,No,No phone service,Fiber optic,No,No,No,Yes,No,No,Month-to-month,Yes,Credit card (automatic),74.77,2547.52,Yes
CUST-04844,Female,0,No,No,56,Yes,Yes,DSL,Yes,No,No,No,No,Yes,One year,Yes,Electronic check,45.22,2528.78,No
CUST-04845,Male,0,No,No,10,No,No phone service,Fiber optic,No,Yes,No,Yes,No,No,One year,Yes,Credit card (automatic),80.91,812.24,Yes
CUST-04846,Male,1,Yes,No,57,Yes,No,No,No internet service,No internet service,No internet service,No internet service,No internet service,No internet service,One year,No,Bank transfer (automatic),21.73,1237.7,No
CUST-04847,Male,1,Yes,No,47,Yes,Yes,Fiber optic,No,No,No,No,Yes,Yes,Month-to-month,No,Mailed check,81.28,3817.39,No
CUST-04848,Male,0,Yes,No,27,Yes,Yes,DSL,Yes,Yes,Yes,Yes,Yes,Yes,One year,Yes,Mailed check,52.21,1403.08,No
CUST-04849,Female,0,No,Yes,39,Yes,Yes,DSL,No,No,No,No,No,No,Two year,No,Bank transfer (automatic),56.66,2201.42,No
CUST-04850,Female,0,No,No,22,No,No phone service,DSL,Yes,Yes,Yes,No,No,No,Month-to-month,Yes,Bank transfer (automatic),56.13,1225.17,Yes
CUST-04851,Male,0,Yes,No,19,Yes,No,No,No internet service,No internet service,No internet service,No internet service,No internet service,No internet service,One year,Yes,Credit card (automatic),18.25,342.79,No
CUST-04852,Female,0,No,No,9,Yes,Yes,Fiber optic,No,No,Yes,Yes,Yes,No,Month-to-month,No,Bank transfer (automatic),86.02,764.52,Yes
CUST-04853,Male,0,No,Yes,19,Yes,No,Fiber optic,No,No,Yes,No,No,No,One year,Yes,Electronic check,82.62,1565.26,No
CUST-04854,Male,0,Yes,No,2,Yes,No,DSL,No,No,No,No,No,Yes,Month-to-month,Yes,Mailed check,58.15,118.8,Yes
CUST-04855,Female,0,No,No,61,Yes,No,Fiber optic,No,No,No,Yes,No,Yes,Two year,Yes,Mailed check,73.18,4457.06,No
CUST-04856,Female,0,No,Yes,59,Yes,Yes,Fiber optic,Yes,No,Yes,No,No,No,Month-to-month,Yes,Bank transfer (automatic),93.61,5522.02,No
CUST-04857,Male,0,No,No,70,Yes,Yes,DSL,No,Yes,No,No,Yes,No,Month-to-month,Yes,Bank transfer (automatic),51.21,3577.65,Yes
CUST-04858,Male,0,Yes,No,71,Yes,No,DSL,Yes,No,No,No,No,No,Two year,Yes,Bank transfer (automatic),47.32,3356.96,No
CUST-04859,Male,0,Yes,No,70,Yes,No,DSL,No,No,No,No,Yes,Yes,Two year,Yes,Mailed check,40.96,2874.54,No
CUST-04860,Female,0,No,No,33,Yes,Yes,DSL,No,No,No,No,No,No,Month-to-month,Yes,Mailed check,57.86,1913.15,No
CUST-04861,Female,0,Yes,Yes,65,Yes,Yes,Fiber optic,No,No,No,No,No,No,Month-to-month,No,Electronic check,90.03,5856.73,No
CUST-04862,Female,0,No,No,25,Yes,Yes,DSL,No,Yes,No,No,Yes,No,One year,No,Credit card (automatic),45.75,1143.27,No
CUST-04863,Female,0,Yes,No,70,Yes,Yes,DSL,No,No,No,Yes,No,No,Two year,No,Credit card (automatic),60.44,4239.04,No
CUST-04864,Male,0,No,No,28,Yes,Yes,Fiber optic,No,No,No,Yes,Yes,No,One year,No,Mailed check,65.13,1816.6,Yes
CUST-04865,Male,0,No,No,18,Yes,No,Fiber optic,No,No,Yes,Yes,No,No,One year,Yes,Mailed check,82.85,1483.7,No
CUST-04866,Male,0,No,Yes,63,Yes,No,DSL,Yes,No,No,Yes,Yes,No,One year,No,Mailed check,42.12,2649.92,No
CUST-04867,Male,0,No,No,49,Yes,No,Fiber optic,No,No,No,No,No,No,Two year,Yes,Electronic check,91.91,4495.56,No
CUST-04868,Male,0,Yes,No,66,Yes,Yes,DSL,Yes,No,No,No,No,Yes,Month-to-month,Yes,Mailed check,48.57,3201.65,No
CUST-04869,Male,1,No,Yes,40,Yes,No,Fiber optic,No,No,No,No,No,No,Month-to-month,Yes,Mailed check,79.71,3189.74,No
CUST-04870,Female,0,No,No,66,No,No phone service,No,No internet service,No internet service,No internet service,No internet service,No internet service,No internet service,Two year,Yes,Electronic check,26.74,1762.93,No
CUST-04871,Female,1,Yes,No,4,Yes,No,No,No internet service,No internet service,No internet service,No internet service,No internet service,No internet service,Month-to-month,No,Electronic check,32.36,128.18,Yes
CUST-04872,Male,0,Yes,No,34,Yes,Yes,Fiber optic,Yes,No,No,Yes,No,Yes,Two year,Yes,Electronic check,74.41,2523.17,No
CUST-04873,Male,0,No,No,5,Yes,No,Fiber optic,No,Yes,No,No,No,Yes,Month-to-month,Yes,Electronic check,92.76,462.7,Yes
CUST-04874,Female,0,No,No,22,Yes,No,Fiber optic,No,No,Yes,No,Yes,No,Two year,Yes,Electronic check,74.76,1653.14,No
CUST-04875,Female,0,Yes,No,20,Yes,Yes,No,No internet service,No internet service,No internet service,No internet service,No internet service,No internet service,One year,Yes,Electronic check,30.7,605.26,No
CUST-04876,Female,0,No,Yes,47,Yes,Yes,No,No internet service,No internet service,No internet service,No internet service,No internet service,No internet service,Two year,Yes,Electronic check,27.03,1274.05,No
CUST-04877,Female,0,No,No,34,Yes,No,Fiber optic,No,No,No,No,Yes,Yes,Two year,Yes,Credit card (automatic),71.92,2447.97,No
CUST-04878,Male,0,No,Yes,44,Yes,No,Fiber optic,No,Yes,Yes,No,Yes,Yes,One year,No,Electronic check,94.71,4173.35,Yes
CUST-04879,Male,0,No,No,6,Yes,Yes,DSL,No,No,No,No,Yes,No,Two year,No,Credit card (automatic),60.23,363.44,No
CUST-04880,Male,0,No,Yes,56,Yes,Yes,Fiber optic,No,No,No,No,Yes,No,Month-to-month,Yes,Electronic check,80.37,4498.67,Yes
CUST-04881,Male,1,No,Yes,29,Yes,Yes,Fiber optic,No,No,No,Yes,No,No,Month-to-month,Yes,Electronic check,84.44,2454.6,Yes
CUST-04882,Male,1,No,Yes,53,No,No phone service,No,No internet service,No internet service,No internet service,No internet service,No internet service,No internet service,Month-to-month,Yes,Credit card (automatic),30.29,1602.56,No
CUST-04883,Female,0,No,No,1,Yes,No,No,No internet service,No internet service,No internet service,No internet service,No internet service,No internet service,Month-to-month,Yes,Electronic check,37.69,32.74,No
CUST-04884,Male,0,No,No,59,No,No phone service,Fiber optic,No,No,No,No,No,No,One year,Yes,Bank transfer (automatic),71.46,4216.96,No
CUST-04885,Female,1,Yes,No,48,Yes,No,No,No internet service,No internet service,No internet service,No internet service,No internet service,No internet service,One year,No,Electronic check,44.64,2151.64,No
CUST-04886,Male,0,Yes,Yes,7,Yes,Yes,No,No internet service,No internet service,No internet service,No internet service,No internet service,No internet service,Month-to-month,Yes,Credit card (automatic),23.87,168.08,No
CUST-04887,Male,0,Yes,No,32,Yes,No,No,No internet service,No internet service,No internet service,No internet service,No internet service,No internet service,One year,Yes,Electronic check,26.99,873.58,Yes
CUST-04888,Male,0,No,No,61,Yes,Yes,Fiber optic,No,Yes,No,Yes,Yes,No,Two year,Yes,Electronic check,94.08,5744.99,No
CUST-04889,Male,0,No,No,57,Yes,Yes,Fiber optic,No,No,No,No,No,Yes,Month-to-month,No,Mailed check,72.67,4149.41,Yes
CUST-04890,Male,0,No,No,51,Yes,No,Fiber optic,Yes,Yes,No,No,No,No,Two year,Yes,Credit card (automatic),70.07,3577.91,No
CUST-04891,Female,1,Yes,No,19,Yes,Yes,DSL,No,No,No,Yes,No,No,Month-to-month,No,Bank transfer (automatic),58.76,1113.56,No
CUST-04892,Female,0,Yes,No,27,Yes,Yes,DSL,No,No,Yes,Yes,Yes,No,Month-to-month,No,Credit card (automatic),68.94,1861.06,No
CUST-04893,Female,0,No,Yes,63,Yes,No,DSL,Yes,No,Yes,Yes,No,No,Two year,No,Credit card (automatic),69.78,4400.38,No
CUST-04894,Male,1,Yes,Yes,60,Yes,No,No,No internet service,No internet service,No internet service,No internet service,No internet service,No internet service,Two year,Yes,Credit card (automatic),22.15,1324.95,No
CUST-04895,Male,1,Yes,No,61,Yes,No,Fiber optic,Yes,No,No,Yes,No,Yes,Month-to-month,No,Electronic check,74.07,4525.36,Yes
CUST-04896,Female,0,No,No,61,No,No phone service,No,No internet service,No internet service,No internet service,No internet service,No internet service,No internet service,Month-to-month,Yes,Mailed check,38.63,2356.2,No
CUST-04897,Male,0,No,Yes,45,Yes,Yes,Fiber optic,Yes,Yes,No,Yes,No,No,Two year,Yes,Mailed check,69.64,3137.37,No
CUST-04898,Male,0,Yes,No,21,No,No phone service,DSL,No,Yes,No,Yes,No,Yes,Two year,No,Electronic check,49.76,1044.88,No
CUST-04899,Female,0,No,No,44,Yes,Yes,DSL,No,Yes,Yes,Yes,No,Yes,Month-to-month,No,Credit card (automatic),56.6,2499.71,No
CUST-04900,Male,0,Yes,No,1,Yes,Yes,DSL,No,No,No,No,Yes,No,Two year,Yes,Mailed check,47.26,46.02,No
CUST-04901,Female,0,Yes,No,44,Yes,Yes,No,No internet service,No internet service,No internet service,No internet service,No internet service,No internet service,Month-to-month,No,Bank transfer (automatic),18.25,801.43,No
CUST-04902,Male,1,Yes,Yes,62,Yes,No,Fiber optic,No,No,Yes,No,No,Yes,Month-to-month,No,Bank transfer (automatic),65.58,4068.6,No
CUST-04903,Female,0,No,No,61,Yes,No,Fiber optic,No,No,Yes,No,Yes,No,Two year,Yes,Electronic check,94.14,5734.92,No
CUST-04904,Male,0,Yes,Yes,50,Yes,Yes,Fiber optic,Yes,No,Yes,No,No,No,One year,No,Bank transfer (automatic),79.56,3982.25,Yes
CUST-04905,Male,0,Yes,No,41,Yes,No,No,No internet service,No internet service,No internet service,No internet service,No internet service,No internet service,Month-to-month,Yes,Electronic check,44.16,1801.52,No
CUST-04906,Female,0,No,Yes,33,Yes,No,DSL,No,No,Yes,Yes,Yes,No,Month-to-month,No,Electronic check,51.38,1704.09,Yes
CUST-04907,Male,0,No,No,12,Yes,No,No,No internet service,No internet service,No internet service,No internet service,No internet service,No internet service,One year,Yes,Mailed check,39.57,475.52,No
CUST-04908,Male,1,Yes,No,2,Yes,No,Fiber optic,No,No,Yes,Yes,No,Yes,Month-to-month,Yes,Mailed check,69.19,134.24,Yes
CUST-04909,Female,0,No,No,21,Yes,No,No,No internet service,No internet service,No internet service,No internet service,No internet service,No internet service,Two year,No,Mailed check,18.25,378.42,No
CUST-04910,Male,0,No,Yes,14,Yes,Yes,Fiber optic,Yes,Yes,Yes,Yes,No,No,Month-to-month,No,Mailed check,75.53,1062.04,No
CUST-04911,Female,0,Yes,Yes,34,Yes,No,DSL,No,No,No,Yes,Yes,No,Month-to-month,Yes,Bank transfer (automatic),41.21,1392.85,No
CUST-04912,Male,0,No,Yes,64,Yes,Yes,Fiber optic,No,No,Yes,No,No,Yes,Month-to-month,No,Electronic check,79.6,5102.94,Yes
CUST-04913,Male,0,Yes,No,23,Yes,Yes,DSL,No,No,No,No,No,No,One year,No,Electronic check,59.17,1361.04,No
CUST-04914,Male,0,No,No,50,Yes,Yes,No,No internet service,No internet service,No internet service,No internet service,No internet service,No internet service,Two year,Yes,Bank transfer (automatic),18.53,930.17,No
CUST-04915,Male,0,No,No,14,No,No phone service,Fiber optic,No,No,No,No,No,No,One year,Yes,Credit card (automatic),77.69,1079.16,Yes
CUST-04916,Female,0,Yes,Yes,46,Yes,Yes,DSL,No,No,No,No,No,No,Month-to-month,Yes,Electronic check,67.33,3092.07,No
CUST-04917,Male,0,Yes,Yes,5,Yes,No,DSL,No,No,Yes,Yes,Yes,Yes,Month-to-month,No,Mailed check,56.97,274.95,Yes
CUST-04918,Female,0,No,Yes,66,Yes,Yes,No,No internet service,No internet service,No internet service,No internet service,No internet service,No internet service,Month-to-month,Yes,Electronic check,29.85,1963.82,Yes
CUST-04919,Male,0,No,No,22,Yes,Yes,No,No internet service,No internet service,No internet service,No internet service,No internet service,No internet service,Month-to-month,No,Bank transfer (automatic),34.33,756.33,Yes
CUST-04920,Male,0,No,No,70,No,No phone service,Fiber optic,Yes,No,Yes,Yes,Yes,No,One year,Yes,Electronic check,91.6,6411.98,Yes
CUST-04921,Male,0,Yes,No,2,Yes,No,Fiber optic,Yes,No,No,No,Yes,No,One year,Yes,Mailed check,89.13,183.86,No
CUST-04922,Male,0,No,No,29,Yes,No,No,No internet service,No internet service,No internet service,No internet service,No internet service,No internet service,Month-to-month,Yes,Mailed check,22.61,658.53,No
CUST-04923,Female,0,Yes,Yes,61,Yes,No,DSL,No,No,No,No,No,Yes,Month-to-month,No,Bank transfer (automatic),41.01,2506.02,Yes
CUST-04924,Female,0,No,Yes,71,No,No phone service,DSL,Yes,Yes,No,No,Yes,No,Month-to-month,Yes,Credit card (automatic),48.89,3466.1,No
CUST-04925,Female,0,No,No,16,Yes,Yes,Fiber optic,No,Yes,No,Yes,No,Yes,Month-to-month,Yes,Bank transfer (automatic),92.03,1472.7,No
CUST-04926,Female,1,No,No,64,Yes,Yes,No,No internet service,No internet service,No internet service,No internet service,No internet service,No internet service,Month-to-month,Yes,Mailed check,28.22,1814.42,Yes
CUST-04927,Male,0,No,No,14,Yes,Yes,Fiber optic,No,No,Yes,No,No,Yes,Month-to-month,Yes,Mailed check,87.49,1224.66,Yes
CUST-04928,Female,0,No,Yes,43,Yes,Yes,DSL,No,No,Yes,Yes,Yes,Yes,Month-to-month,No,Mailed check,63.24,2713.7,No
CUST-04929,Female,0,Yes,Yes,43,Yes,Yes,Fiber optic,No,No,No,No,No,No,One year,Yes,Mailed check,83.54,3594.0,No
CUST-04930,Male,1,Yes,Yes,70,Yes,No,Fiber optic,No,No,Yes,No,No,Yes,Month-to-month,Yes,Bank transfer (automatic),70.62,4936.38,Yes
CUST-04931,Male,0,Yes,Yes,55,Yes,Yes,Fiber optic,No,Yes,No,No,No,Yes,Month-to-month,Yes,Electronic check,80.56,4434.21,Yes
CUST-04932,Male,0,No,Yes,31,Yes,No,No,No internet service,No internet service,No internet service,No internet service,No internet service,No internet service,Month-to-month,Yes,Bank transfer (automatic),29.15,902.75,No
CUST-04933,Male,1,Yes,No,40,No,No phone service,Fiber optic,No,Yes,No,No,No,No,One year,Yes,Credit card (automatic),84.2,3364.48,Yes
CUST-04934,Female,1,Yes,Yes,27,Yes,No,DSL,Yes,No,No,No,No,No,Month-to-month,No,Electronic check,65.12,1753.02,Yes
CUST-04935,Female,0,No,Yes,52,Yes,No,No,No internet service,No internet service,No internet service,No internet service,No internet service,No internet service,Month-to-month,No,Electronic check,18.25,951.61,No
CUST-04936,Male,0,No,No,7,Yes,No,DSL,No,No,Yes,Yes,Yes,Yes,Month-to-month,No,Bank transfer (automatic),49.78,346.53,Yes
CUST-04937,Male,1,Yes,No,46,Yes,Yes,No,No internet service,No internet service,No internet service,No internet service,No internet service,No internet service,Month-to-month,Yes,Bank transfer (automatic),37.55,1734.07,Yes
CUST-04938,Male,0,Yes,No,33,Yes,No,Fiber optic,No,No,Yes,No,No,No,Month-to-month,No,Mailed check,89.69,2950.94,Yes
CUST-04939,Female,0,Yes,No,8,Yes,Yes,Fiber optic,No,No,No,Yes,Yes,Yes,Month-to-month,No,Credit card (automatic),70.41,560.79,No
CUST-04940,Female,0,Yes,No,5,Yes,Yes,No,No internet service,No internet service,No internet service,No internet service,No internet service,No internet service,One year,No,Bank transfer (automatic),25.65,120.2,No
CUST-04941,Male,0,Yes,Yes,61,Yes,No,Fiber optic,Yes,Yes,Yes,No,No,No,Month-to-month,No,Credit card (automatic),80.02,4888.15,Yes
CUST-04942,Male,0,Yes,No,72,Yes,No,Fiber optic,No,Yes,Yes,No,Yes,Yes,Month-to-month,Yes,Credit card (automatic),82.43,5931.55,Yes
CUST-04943,Female,0,Yes,Yes,60,Yes,No,No,No internet service,No internet service,No internet service,No internet service,No internet service,No internet service,Month-to-month,Yes,Electronic check,26.86,1613.3,Yes
CUST-04944,Male,1,No,Yes,24,Yes,No,DSL,No,No,Yes,Yes,No,Yes,Month-to-month,No,Mailed check,61.39,1475.6,Yes
CUST-04945,Male,0,Yes,No,7,Yes,Yes,DSL,No,No,Yes,No,Yes,No,Month-to-month,No,Mailed check,53.61,381.68,No
CUST-04946,Female,0,No,No,61,Yes,Yes,Fiber optic,No,No,No,No,No,No,Two year,No,Credit card (automatic),74.96,4582.03,No
CUST-04947,Male,0,No,No,36,No,No phone service,DSL,No,Yes,Yes,Yes,No,No,One year,Yes,Electronic check,52.74,1894.33,No
CUST-04948,Female,1,No,No,27,No,No phone service,DSL,No,No,Yes,No,No,Yes,Two year,Yes,Electronic check,45.08,1216.37,No
CUST-04949,Male,0,Yes,No,29,Yes,No,No,No internet service,No internet service,No internet service,No internet service,No internet service,No internet service,Month-to-month,Yes,Electronic check,19.34,561.74,No
CUST-04950,Male,0,Yes,No,20,Yes,No,Fiber optic,No,No,No,No,No,No,Two year,Yes,Mailed check,83.68,1668.17,No
CUST-04951,Female,0,No,No,70,Yes,No,No,No internet service,No internet service,No internet service,No internet service,No internet service,No internet service,Month-to-month,Yes,Electronic check,27.32,1905.75,Yes
CUST-04952,Female,0,Yes,No,3,Yes,Yes,No,No internet service,No internet service,No internet service,No internet service,No internet service,No internet service,Month-to-month,No,Electronic check,43.25,119.92,No
CUST-04953,Male,1,Yes,No,39,Yes,Yes,DSL,Yes,No,No,No,No,Yes,Two year,Yes,Credit card (automatic),50.18,1948.07,No
CUST-04954,Female,0,No,Yes,45,No,No phone service,No,No internet service,No internet service,No internet service,No internet service,No internet service,No internet service,One year,Yes,Electronic check,34.28,1547.77,Yes
CUST-04955,Male,0,Yes,No,68,Yes,No,No,No internet service,No internet service,No internet service,No internet service,No internet service,No internet service,Month-to-month,No,Mailed check,36.0,2452.4,No
CUST-04956,Male,0,No,No,31,Yes,No,DSL,No,No,Yes,No,No,Yes,Month-to-month,No,Mailed check,63.65,1963.68,Yes
CUST-04957,Female,0,No,Yes,38,Yes,No,No,No internet service,No internet service,No internet service,No internet service,No internet service,No internet service,One year,Yes,Mailed check,25.97,986.33,No
CUST-04958,Male,0,No,No,6,Yes,No,Fiber optic,No,Yes,No,Yes,No,No,Month-to-month,Yes,Bank transfer (automatic),79.55,470.07,Yes
CUST-04959,Male,0,No,No,8,Yes,No,No,No internet service,No internet service,No internet service,No internet service,No internet service,No internet service,Month-to-month,Yes,Electronic check,38.47,302.01,Yes
CUST-04960,Female,0,Yes,Yes,28,Yes,Yes,No,No internet service,No internet service,No internet service,No internet service,No internet service,No internet service,Month-to-month,No,Electronic check,41.06,1157.98,Yes
CUST-04961,Female,0,No,Yes,15,Yes,No,Fiber optic,No,No,No,No,No,No,Month-to-month,No,Bank transfer (automatic),73.55,1106.56,No
CUST-04962,Male,0,Yes,No,8,Yes,Yes,Fiber optic,No,No,No,Yes,Yes,No,Month-to-month,No,Electronic check,72.26,574.94,No
CUST-04963,Female,0,Yes,No,54,Yes,No,DSL,No,Yes,Yes,No,No,Yes,Month-to-month,Yes,Bank transfer (automatic),50.2,2719.78,No
CUST-04964,Female,0,Yes,No,6,Yes,Yes,Fiber optic,No,No,No,No,No,No,Two year,No,Electronic check,82.71,504.93,No
CUST-04965,Female,0,Yes,Yes,29,Yes,No,DSL,No,Yes,No,No,Yes,Yes,One year,Yes,Electronic check,64.98,1882.52,No
CUST-04966,Female,0,No,Yes,34,Yes,No,No,No internet service,No internet service,No internet service,No internet service,No internet service,No internet service,Two year,Yes,Electronic check,34.33,1162.57,No
CUST-04967,Male,0,No,No,7,Yes,Yes,Fiber optic,No,No,No,Yes,No,Yes,Month-to-month,No,Credit card (automatic),71.07,506.42,Yes
CUST-04968,Male,1,No,No,40,Yes,No,No,No internet service,No internet service,No internet service,No internet service,No internet service,No internet service,Month-to-month,No,Mailed check,18.25,736.91,Yes
CUST-04969,Male,0,No,No,13,Yes,No,Fiber optic,Yes,No,No,No,Yes,Yes,One year,No,Mailed check,81.68,1060.08,No
CUST-04970,Female,0,No,No,62,Yes,No,DSL,No,No,No,Yes,No,No,One year,No,Electronic check,62.88,3895.8,Yes
CUST-04971,Female,1,Yes,No,65,Yes,Yes,Fiber optic,No,No,No,Yes,No,No,Month-to-month,Yes,Mailed check,80.16,5213.28,No
CUST-04972,Female,1,No,Yes,41,Yes,No,DSL,Yes,No,Yes,No,Yes,Yes,Month-to-month,Yes,Bank transfer (automatic),51.0,2097.75,No
CUST-04973,Female,1,Yes,Yes,42,Yes,No,DSL,No,Yes,No,Yes,Yes,No,Month-to-month,Yes,Bank transfer (automatic),45.93,1921.3,No
CUST-04974,Female,0,Yes,No,66,Yes,No,Fiber optic,No,No,No,No,Yes,Yes,One year,No,Electronic check,82.24,5429.63,Yes
CUST-04975,Female,0,No,No,11,Yes,No,No,No internet service,No internet service,No internet service,No internet service,No internet service,No internet service,Month-to-month,Yes,Electronic check,33.35,363.54,Yes
CUST-04976,Female,0,Yes,No,50,Yes,No,Fiber optic,Yes,Yes,No,Yes,No,No,Month-to-month,Yes,Credit card (automatic),90.03,4498.53,Yes
CUST-04977,Male,0,Yes,No,71,Yes,Yes,DSL,Yes,No,No,No,Yes,Yes,One year,Yes,Electronic check,62.18,4416.44,No
CUST-04978,Male,0,No,No,35,Yes,Yes,No,No internet service,No internet service,No internet service,No internet service,No internet service,No internet service,Month-to-month,Yes,Bank transfer (automatic),30.46,1074.99,Yes
CUST-04979,Female,1,No,Yes,20,Yes,Yes,DSL,No,No,No,No,Yes,No,Two year,Yes,Electronic check,64.29,1288.07,No
CUST-04980,Female,0,No,Yes,28,Yes,Yes,DSL,Yes,No,Yes,Yes,Yes,No,One year,No,Electronic check,43.4,1215.26,Yes
CUST-04981,Female,0,Yes,Yes,37,Yes,No,No,No internet service,No internet service,No internet service,No internet service,No internet service,No internet service,One year,No,Electronic check,22.17,823.6,No
CUST-04982,Male,1,No,Yes,3,Yes,No,DSL,No,No,Yes,No,Yes,No,One year,No,Credit card (automatic),62.6,182.15,No
CUST-04983,Male,0,No,No,59,Yes,Yes,DSL,Yes,No,Yes,No,No,No,Month-to-month,Yes,Credit card (automatic),52.65,3108.3,No
CUST-04984,Female,0,Yes,Yes,27,Yes,Yes,Fiber optic,No,No,Yes,No,No,No,Month-to-month,Yes,Credit card (automatic),82.21,2213.92,Yes
CUST-04985,Female,0,No,Yes,32,Yes,Yes,DSL,Yes,No,No,No,Yes,Yes,Month-to-month,No,Credit card (automatic),65.89,2108.5,No
CUST-04986,Male,0,Yes,No,48,Yes,Yes,DSL,No,Yes,Yes,No,No,Yes,Two year,No,Mailed check,67.85,3259.1,No
CUST-04987,Male,0,Yes,No,46,Yes,Yes,Fiber optic,No,No,No,Yes,No,No,Month-to-month,No,Electronic check,92.85,4269.49,No
CUST-04988,Male,1,No,No,47,Yes,No,No,No internet service,No internet service,No internet service,No internet service,No internet service,No internet service,One year,Yes,Bank transfer (automatic),25.65,1208.11,No
CUST-04989,Male,1,Yes,No,40,Yes,Yes,Fiber optic,No,Yes,Yes,No,Yes,No,Two year,Yes,Electronic check,83.56,3350.01,No
CUST-04990,Female,1,Yes,No,3,Yes,No,DSL,Yes,No,No,No,No,No,Month-to-month,No,Credit card (automatic),58.65,166.86,Yes
CUST-04991,Male,0,No,No,29,No,No phone service,No,No internet service,No internet service,No internet service,No internet service,No internet service,No internet service,Month-to-month,No,Bank transfer (automatic),23.58,690.91,No
CUST-04992,Male,1,No,Yes,58,Yes,Yes,No,No internet service,No internet service,No internet service,No internet service,No internet service,No internet service,One year,Yes,Electronic check,28.73,1667.58,No
CUST-04993,Female,0,No,Yes,50,No,No phone service,DSL,Yes,No,No,No,Yes,No,Month-to-month,Yes,Credit card (automatic),52.51,2629.78,No
CUST-04994,Male,0,Yes,No,10,Yes,No,Fiber optic,No,No,No,No,Yes,No,Month-to-month,No,Credit card (automatic),85.48,860.73,Yes
CUST-04995,Male,0,Yes,No,61,Yes,No,Fiber optic,Yes,No,No,No,Yes,Yes,Month-to-month,Yes,Electronic check,82.94,5052.39,Yes
CUST-04996,Male,0,No,No,61,Yes,No,Fiber optic,No,No,No,No,Yes,No,Two year,No,Bank transfer (automatic),92.24,5617.7,No
CUST-04997,Female,0,No,Yes,23,Yes,Yes,No,No internet service,No internet service,No internet service,No internet service,No internet service,No internet service,Month-to-month,Yes,Electronic check,22.49,517.96,No
CUST-04998,Male,0,No,No,6,Yes,No,No,No internet service,No internet service,No internet service,No internet service,No internet service,No internet service,One year,No,Mailed check,33.01,196.63,Yes
CUST-04999,Female,0,Yes,No,60,Yes,No,Fiber optic,Yes,Yes,No,No,No,No,Month-to-month,Yes,Electronic check,86.01,5161.9,No
CUST-05000,Female,0,No,No,27,Yes,Yes,DSL,Yes,No,No,No,No,Yes,Month-to-month,No,Mailed check,41.78,1134.17,No
CUST-05001,Male,0,Yes,Yes,55,Yes,Yes,DSL,Yes,No,Yes,No,Yes,Yes,Month-to-month,Yes,Mailed check,59.09,3248.09,Yes
CUST-05002,Male,0,No,No,31,Yes,Yes,Fiber optic,No,No,Yes,No,No,No,One year,Yes,Electronic check,82.82,2571.1,No
CUST-05003,Male,0,Yes,No,30,Yes,No,Fiber optic,No,No,No,Yes,Yes,No,Month-to-month,Yes,Electronic check,74.58,2235.87,No
CUST-05004,Male,0,Yes,No,67,Yes,Yes,No,No internet service,No internet service,No internet service,No internet service,No internet service,No internet service,Month-to-month,No,Bank transfer (automatic),44.55,2989.85,No
CUST-05005,Female,0,No,Yes,13,Yes,No,DSL,No,Yes,Yes,No,No,No,Month-to-month,Yes,Mailed check,52.22,687.7,No
CUST-05006,Male,0,Yes,No,59,Yes,Yes,Fiber optic,No,No,No,No,No,No,Two year,Yes,Bank transfer (automatic),70.23,4138.24,No
CUST-05007,Male,0,Yes,Yes,54,Yes,No,DSL,Yes,Yes,No,Yes,Yes,No,One year,No,Credit card (automatic),56.62,3048.81,No
CUST-05008,Male,0,No,Yes,21,Yes,Yes,No,No internet service,No internet service,No internet service,No internet service,No internet service,No internet service,One year,Yes,Electronic check,25.78,540.98,Yes
CUST-05009,Female,1,No,No,43,Yes,Yes,No,No internet service,No internet service,No internet service,No internet service,No internet service,No internet service,One year,Yes,Bank transfer (automatic),21.97,943.25,No
CUST-05010,Male,0,Yes,Yes,11,Yes,No,No,No internet service,No internet service,No internet service,No internet service,No internet service,No internet service,One year,Yes,Credit card (automatic),25.08,270.59,No
CUST-05011,Male,0,Yes,No,67,Yes,Yes,DSL,No,No,No,No,No,Yes,Month-to-month,No,Credit card (automatic),62.02,4158.93,No
CUST-05012,Female,0,Yes,No,38,Yes,Yes,DSL,No,No,No,No,Yes,No,Month-to-month,Yes,Electronic check,48.98,1852.49,No
CUST-05013,Female,0,No,Yes,24,Yes,No,Fiber optic,No,No,No,No,Yes,No,Month-to-month,Yes,Electronic check,82.29,1977.29,Yes
CUST-05014,Male,0,Yes,No,51,Yes,Yes,Fiber optic,No,No,Yes,No,No,Yes,Two year,Yes,Electronic check,65.01,3307.13,No
CUST-05015,Male,0,Yes,No,61,Yes,Yes,DSL,No,Yes,No,Yes,Yes,No,Month-to-month,Yes,Electronic check,43.42,2656.5,Yes
CUST-05016,Male,0,No,Yes,46,Yes,No,No,No internet service,No internet service,No internet service,No internet service,No internet service,No internet service,Month-to-month,No,Credit card (automatic),37.37,1720.45,Yes
CUST-05017,Male,1,No,No,43,Yes,No,No,No internet service,No internet service,No internet service,No internet service,No internet service,No internet service,One year,No,Bank transfer (automatic),21.17,911.54,No
CUST-05018,Male,0,No,No,27,Yes,Yes,DSL,Yes,Yes,No,No,No,Yes,Month-to-month,Yes,Credit card (automatic),63.8,1728.11,Yes
CUST-05019,Female,0,No,No,30,Yes,Yes,Fiber optic,No,Yes,Yes,No,No,Yes,One year,No,Mailed check,73.27,2203.01,No
CUST-05020,Female,0,No,Yes,63,Yes,No,Fiber optic,No,No,No,No,No,Yes,Two year,Yes,Credit card (automatic),71.26,4479.69,No
CUST-05021,Male,0,Yes,No,10,Yes,No,DSL,No,No,No,No,No,Yes,Month-to-month,Yes,Bank transfer (automatic),60.63,614.14,No
CUST-05022,Male,1,Yes,Yes,3,Yes,Yes,DSL,Yes,No,No,No,No,No,Month-to-month,Yes,Credit card (automatic),42.96,130.41,Yes
CUST-05023,Female,0,Yes,No,60,Yes,No,Fiber optic,No,Yes,Yes,No,Yes,No,Month-to-month,Yes,Bank transfer (automatic),75.88,4559.52,No
CUST-05024,Male,0,No,No,27,Yes,Yes,No,No internet service,No internet service,No internet service,No internet service,No internet service,No internet service,One year,No,Electronic check,18.25,497.34,Yes
CUST-05025,Male,0,No,No,45,Yes,Yes,No,No internet service,No internet service,No internet service,No internet service,No internet service,No internet service,Month-to-month,Yes,Mailed check,21.05,937.88,No
CUST-05026,Male,0,No,No,62,Yes,No,DSL,Yes,Yes,No,No,Yes,No,Month-to-month,Yes,Bank transfer (automatic),44.7,2763.82,No
CUST-05027,Male,1,Yes,No,24,Yes,No,No,No internet service,No internet service,No internet service,No internet service,No internet service,No internet service,Two year,No,Bank transfer (automatic),39.24,935.37,No
CUST-05028,Male,0,No,No,46,Yes,No,Fiber optic,No,Yes,No,No,Yes,Yes,Month-to-month,Yes,Mailed check,82.36,3785.56,Yes
CUST-05029,Female,1,No,No,44,Yes,No,DSL,Yes,No,No,No,No,Yes,Month-to-month,No,Electronic check,64.61,2841.3,No
CUST-05030,Male,1,No,No,63,Yes,Yes,Fiber optic,Yes,No,No,No,Yes,No,Month-to-month,Yes,Bank transfer (automatic),94.8,5977.06,Yes
CUST-05031,Male,0,Yes,Yes,4,Yes,No,No,No internet service,No internet service,No internet service,No internet service,No internet service,No internet service,Month-to-month,Yes,Credit card (automatic),31.65,124.01,Yes
CUST-05032,Male,0,No,Yes,16,Yes,Yes,DSL,Yes,Yes,No,No,No,No,Two year,No,Credit card (automatic),68.81,,No
CUST-05033,Female,0,No,No,51,Yes,Yes,DSL,Yes,Yes,Yes,No,No,No,One year,No,Credit card (automatic),42.9,2187.59,No
CUST-05034,Female,1,Yes,No,48,Yes,Yes,Fiber optic,No,Yes,No,Yes,No,No,Month-to-month,No,Bank transfer (automatic),68.49,3284.47,No
CUST-05035,Female,0,No,Yes,65,Yes,Yes,DSL,Yes,Yes,No,Yes,No,No,Month-to-month,Yes,Mailed check,54.98,3579.93,Yes
CUST-05036,Female,0,No,Yes,69,Yes,Yes,No,No internet service,No internet service,No internet service,No internet service,No internet service,No internet service,Month-to-month,Yes,Electronic check,18.79,1289.44,Yes
CUST-05037,Male,0,No,Yes,45,Yes,No,Fiber optic,No,No,Yes,No,No,Yes,Month-to-month,Yes,Mailed check,92.44,4161.63,Yes
CUST-05038,Female,0,Yes,No,3,Yes,No,No,No internet service,No internet service,No internet service,No internet service,No internet service,No internet service,One year,Yes,Credit card (automatic),30.13,80.93,No
CUST-05039,Male,0,No,No,17,Yes,Yes,DSL,Yes,Yes,Yes,No,No,Yes,Month-to-month,No,Electronic check,66.33,1132.5,No
CUST-05040,Male,0,No,No,37,Yes,No,No,No internet service,No internet service,No internet service,No internet service,No internet service,No internet service,One year,Yes,Credit card (automatic),21.58,800.67,No
CUST-05041,Female,1,Yes,No,5,Yes,No,Fiber optic,No,No,No,No,No,No,Month-to-month,No,Electronic check,84.62,429.52,Yes
CUST-05042,Female,0,Yes,No,47,Yes,Yes,DSL,No,Yes,No,No,Yes,No,One year,No,Mailed check,48.11,2256.52,No
CUST-05043,Female,0,No,No,44,No,No phone service,No,No internet service,No internet service,No internet service,No internet service,No internet service,No internet service,Month-to-month,Yes,Electronic check,31.79,1404.42,Yes
CUST-05044,Female,0,Yes,Yes,33,Yes,No,Fiber optic,No,Yes,No,No,Yes,No,Month-to-month,Yes,Electronic check,91.04,3000.28,Yes
CUST-05045,Female,0,No,Yes,21,Yes,Yes,DSL,Yes,No,Yes,Yes,No,No,Two year,Yes,Credit card (automatic),48.57,1017.11,No
CUST-05046,Male,0,Yes,No,67,Yes,No,DSL,No,Yes,Yes,No,Yes,No,Two year,Yes,Bank transfer (automatic),54.12,3634.88,No
CUST-05047,Female,0,No,No,68,Yes,No,DSL,No,Yes,No,No,No,Yes,One year,No,Electronic check,55.41,3767.04,No
CUST-05048,Female,0,No,No,32,No,No phone service,No,No internet service,No internet service,No internet service,No internet service,No internet service,No internet service,Two year,No,Mailed check,33.52,1073.09,No
CUST-05049,Female,1,No,No,24,No,No phone service,No,No internet service,No internet service,No internet service,No internet service,No internet service,No internet service,Two year,No,Mailed check,38.97,944.0,No
CUST-05050,Male,0,Yes,No,35,Yes,No,Fiber optic,Yes,No,Yes,Yes,No,No,Month-to-month,No,Bank transfer (automatic),68.65,2411.72,Yes
CUST-05051,Female,0,Yes,Yes,18,Yes,Yes,Fiber optic,No,No,Yes,Yes,Yes,No,Two year,No,Bank transfer (automatic),81.07,1456.12,No
CUST-05052,Male,0,No,Yes,67,Yes,Yes,DSL,No,No,No,No,No,Yes,Month-to-month,Yes,Bank transfer (automatic),44.26,2964.62,No
CUST-05053,Female,0,No,No,54,Yes,No,Fiber optic,No,Yes,Yes,No,Yes,Yes,Two year,Yes,Mailed check,70.42,3803.3,No
CUST-05054,Female,1,No,No,26,Yes,Yes,DSL,Yes,No,No,No,No,No,One year,No,Electronic check,54.75,1419.67,No
CUST-05055,Male,0,No,No,60,Yes,No,DSL,No,No,No,No,No,Yes,Month-to-month,No,Mailed check,42.49,2553.0,No
CUST-05056,Female,0,Yes,No,65,Yes,Yes,Fiber optic,No,Yes,No,Yes,Yes,Yes,Month-to-month,Yes,Bank transfer (automatic),67.62,4390.47,No
CUST-05057,Male,0,Yes,No,51,Yes,Yes,No,No internet service,No internet service,No internet service,No internet service,No internet service,No internet service,One year,Yes,Credit card (automatic),20.38,1032.54,No
CUST-05058,Male,0,No,No,60,Yes,No,Fiber optic,No,Yes,Yes,No,No,Yes,Two year,Yes,Bank transfer (automatic),79.17,4758.85,No
CUST-05059,Male,0,Yes,Yes,59,Yes,No,No,No internet service,No internet service,No internet service,No internet service,No internet service,No internet service,One year,No,Mailed check,20.5,1199.73,No
CUST-05060,Female,0,Yes,Yes,17,Yes,No,No,No internet service,No internet service,No internet service,No internet service,No internet service,No internet service,One year,No,Credit card (automatic),26.36,450.45,No
CUST-05061,Female,0,Yes,Yes,21,Yes,Yes,Fiber optic,No,Yes,No,No,Yes,No,Month-to-month,Yes,Credit card (automatic),91.06,1916.14,Yes
CUST-05062,Female,0,No,No,67,Yes,No,DSL,No,No,No,No,No,No,Month-to-month,Yes,Credit card (automatic),67.82,4548.88,No
CUST-05063,Male,0,No,Yes,28,Yes,Yes,Fiber optic,No,Yes,No,No,No,Yes,One year,No,Electronic check,81.59,2284.79,No
CUST-05064,Female,0,Yes,No,44,Yes,Yes,DSL,No,No,No,No,No,No,Two year,Yes,Credit card (automatic),69.63,3058.69,Yes
CUST-05065,Male,0,Yes,No,70,No,No phone service,DSL,No,Yes,No,Yes,Yes,Yes,Month-to-month,No,Electronic check,61.16,4287.27,No
CUST-05066,Female,0,No,No,62,Yes,No,Fiber optic,No,Yes,No,No,Yes,Yes,Month-to-month,No,Electronic check,69.06,4273.4,Yes
CUST-05067,Male,0,No,Yes,42,Yes,Yes,No,No internet service,No internet service,No internet service,No internet service,No internet service,No internet service,Month-to-month,Yes,Electronic check,37.18,1570.68,Yes
CUST-05068,Male,0,No,Yes,22,Yes,No,Fiber optic,No,Yes,No,Yes,No,No,Month-to-month,Yes,Bank transfer (automatic),84.94,1864.96,No
CUST-05069,Male,0,Yes,No,38,Yes,Yes,Fiber optic,Yes,No,No,No,No,No,Two year,Yes,Mailed check,90.96,3447.93,Yes
CUST-05070,Female,0,Yes,Yes,14,Yes,Yes,Fiber optic,Yes,No,No,No,Yes,Yes,Month-to-month,Yes,Electronic check,80.03,1112.46,No
CUST-05071,Male,0,Yes,Yes,26,No,No phone service,Fiber optic,Yes,No,No,No,Yes,No,Month-to-month,Yes,Bank transfer (automatic),82.65,2158.71,No
CUST-05072,Male,0,No,Yes,40,No,No phone service,Fiber optic,No,No,Yes,No,No,No,Month-to-month,No,Electronic check,76.84,3075.77,Yes
CUST-05073,Male,0,No,Yes,54,Yes,Yes,Fiber optic,Yes,No,Yes,Yes,Yes,No,One year,No,Electronic check,65.52,3540.28,No
CUST-05074,Male,0,No,Yes,13,No,No phone service,Fiber optic,No,No,No,No,No,No,Month-to-month,No,Credit card (automatic),83.07,1086.39,No
CUST-05075,Male,1,No,No,19,Yes,No,No,No internet service,No internet service,No internet service,No internet service,No internet service,No internet service,Month-to-month,Yes,Mailed check,43.48,825.94,Yes
CUST-05076,Male,0,No,No,42,Yes,No,Fiber optic,No,No,No,No,Yes,No,Month-to-month,Yes,Bank transfer (automatic),69.97,2933.77,No
CUST-05077,Female,0,Yes,No,41,Yes,No,DSL,No,No,Yes,No,No,No,Two year,Yes,Credit card (automatic),45.16,1844.56,No
CUST-05078,Female,0,Yes,Yes,50,Yes,Yes,Fiber optic,No,No,Yes,No,No,No,Month-to-month,No,Credit card (automatic),77.33,3859.08,Yes
CUST-05079,Male,0,Yes,No,3,No,No phone service,Fiber optic,No,No,Yes,No,No,No,One year,No,Mailed check,90.31,276.81,Yes
CUST-05080,Female,0,No,No,31,Yes,Yes,No,No internet service,No internet service,No internet service,No internet service,No internet service,No internet service,One year,Yes,Mailed check,32.61,1018.33,No
CUST-05081,Female,0,Yes,Yes,15,Yes,Yes,DSL,No,No,Yes,Yes,No,Yes,Month-to-month,Yes,Electronic check,55.31,836.37,Yes
CUST-05082,Male,0,No,No,54,Yes,Yes,Fiber optic,No,No,No,No,Yes,No,Month-to-month,No,Mailed check,90.95,4920.67,No
CUST-05083,Male,1,Yes,Yes,53,Yes,No,Fiber optic,No,No,No,No,No,Yes,One year,Yes,Electronic check,71.02,3771.53,No
CUST-05084,Male,0,Yes,No,45,Yes,Yes,Fiber optic,Yes,No,Yes,No,No,Yes,Month-to-month,Yes,Bank transfer (automatic),93.62,4211.13,Yes
CUST-05085,Female,0,No,No,38,Yes,Yes,Fiber optic,No,No,Yes,No,No,Yes,One year,No,Mailed check,93.88,3560.73,Yes
CUST-05086,Male,0,Yes,No,50,Yes,No,Fiber optic,No,Yes,Yes,Yes,No,Yes,Month-to-month,No,Electronic check,89.42,4476.71,No
CUST-05087,Female,0,Yes,Yes,24,Yes,Yes,No,No internet service,No internet service,No internet service,No internet service,No internet service,No internet service,Month-to-month,No,Bank transfer (automatic),23.84,572.31,No
CUST-05088,Male,0,Yes,No,17,Yes,No,DSL,No,No,No,Yes,Yes,Yes,Month-to-month,No,Electronic check,51.26,868.45,Yes
CUST-05089,Female,0,Yes,Yes,18,Yes,No,DSL,Yes,No,No,No,No,Yes,Month-to-month,No,Electronic check,52.1,928.26,Yes
CUST-05090,Male,0,Yes,No,42,Yes,No,Fiber optic,No,No,Yes,No,No,No,Month-to-month,Yes,Electronic check,70.12,2950.96,Yes
CUST-05091,Male,0,Yes,No,17,Yes,No,Fiber optic,No,Yes,No,Yes,No,No,Month-to-month,No,Bank transfer (automatic),66.37,1135.81,No
CUST-05092,Female,0,Yes,Yes,16,Yes,Yes,Fiber optic,No,No,No,Yes,No,No,Month-to-month,Yes,Electronic check,66.95,1072.56,Yes
CUST-05093,Female,1,No,No,52,Yes,Yes,DSL,Yes,No,No,Yes,No,No,Month-to-month,No,Bank transfer (automatic),58.47,3049.53,Yes
CUST-05094,Female,0,Yes,No,36,Yes,Yes,DSL,No,Yes,No,No,No,Yes,Month-to-month,No,Electronic check,69.05,2476.67,Yes
CUST-05095,Female,1,No,No,39,Yes,Yes,DSL,No,No,No,No,No,Yes,Month-to-month,Yes,Bank transfer (automatic),42.53,1650.22,Yes
CUST-05096,Female,0,Yes,Yes,25,Yes,No,No,No internet service,No internet service,No internet service,No internet service,No internet service,No internet service,Month-to-month,Yes,Electronic check,34.18,846.9,Yes
CUST-05097,Female,0,No,No,42,No,No phone service,No,No internet service,No internet service,No internet service,No internet service,No internet service,No internet service,Month-to-month,No,Mailed check,18.61,778.94,No
CUST-05098,Male,0,No,No,21,No,No phone service,No,No internet service,No internet service,No internet service,No internet service,No internet service,No internet service,Month-to-month,Yes,Electronic check,32.31,675.58,No
CUST-05099,Female,0,Yes,No,68,Yes,Yes,Fiber optic,No,No,Yes,No,No,No,Month-to-month,Yes,Bank transfer (automatic),78.29,5326.09,No
CUST-05100,Male,1,No,No,59,Yes,Yes,Fiber optic,No,Yes,No,No,No,No,Month-to-month,Yes,Credit card (automatic),66.04,3903.37,No
CUST-05101,Male,0,No,No,30,Yes,No,DSL,No,Yes,No,Yes,No,No,One year,No,Credit card (automatic),50.71,1513.23,No
CUST-05102,Female,1,Yes,No,57,No,No phone service,DSL,No,No,Yes,No,Yes,No,Month-to-month,Yes,Electronic check,63.57,3623.86,Yes
CUST-05103,Male,0,No,Yes,33,Yes,Yes,No,No internet service,No internet service,No internet service,No internet service,No internet service,No internet service,Month-to-month,Yes,Credit card (automatic),20.88,680.42,Yes
CUST-05104,Female,0,Yes,No,53,Yes,No,Fiber optic,No,No,No,No,Yes,No,Two year,Yes,Electronic check,80.54,4261.07,No
CUST-05105,Female,0,No,No,16,Yes,Yes,No,No internet service,No internet service,No internet service,No internet service,No internet service,No internet service,Month-to-month,Yes,Credit card (automatic),22.67,368.04,No
CUST-05106,Male,0,No,No,49,No,No phone service,Fiber optic,No,No,Yes,No,No,No,One year,Yes,Credit card (automatic),92.76,4546.28,No
CUST-05107,Male,0,No,No,5,Yes,Yes,Fiber optic,No,No,No,No,No,No,Two year,Yes,Electronic check,92.82,459.94,No
CUST-05108,Female,0,No,Yes,60,Yes,No,DSL,Yes,No,Yes,No,Yes,No,Two year,Yes,Electronic check,61.8,3704.29,No
CUST-05109,Female,0,Yes,No,71,Yes,No,No,No internet service,No internet service,No internet service,No internet service,No internet service,No internet service,Two year,No,Electronic check,35.72,2536.32,No
CUST-05110,Male,0,Yes,No,55,Yes,Yes,Fiber optic,Yes,Yes,No,No,Yes,No,Month-to-month,Yes,Electronic check,81.56,4484.36,Yes
CUST-05111,Male,1,Yes,Yes,35,Yes,Yes,DSL,No,No,Yes,No,No,Yes,Month-to-month,Yes,Credit card (automatic),63.55,2215.96,Yes
CUST-05112,Male,0,Yes,No,69,Yes,Yes,DSL,No,No,No,No,No,No,Month-to-month,Yes,Mailed check,69.5,4792.74,Yes
CUST-05113,Male,1,Yes,No,42,Yes,No,Fiber optic,No,No,Yes,No,No,No,Month-to-month,No,Electronic check,93.85,3943.13,Yes
CUST-05114,Female,0,No,Yes,69,Yes,Yes,DSL,No,No,Yes,No,No,No,Month-to-month,Yes,Electronic check,64.26,4440.97,Yes
CUST-05115,Female,0,Yes,Yes,24,Yes,No,DSL,Yes,Yes,Yes,No,Yes,Yes,Month-to-month,No,Electronic check,44.08,1054.27,Yes
CUST-05116,Female,1,No,No,71,Yes,No,Fiber optic,Yes,Yes,No,No,Yes,Yes,Two year,Yes,Credit card (automatic),90.84,6444.25,No
CUST-05117,Female,0,Yes,No,71,Yes,Yes,DSL,Yes,No,Yes,Yes,No,No,Month-to-month,No,Bank transfer (automatic),57.76,4097.2,Yes
CUST-05118,Male,1,Yes,Yes,55,Yes,No,Fiber optic,No,No,Yes,No,Yes,Yes,Month-to-month,Yes,Mailed check,81.0,4453.4,Yes
CUST-05119,Male,0,Yes,No,14,No,No phone service,DSL,No,No,No,No,Yes,No,Month-to-month,Yes,Electronic check,56.35,790.71,Yes
CUST-05120,Female,0,Yes,No,55,Yes,No,Fiber optic,Yes,No,Yes,Yes,No,No,One year,Yes,Electronic check,72.63,4001.58,Yes
CUST-05121,Female,0,No,No,15,Yes,No,Fiber optic,Yes,Yes,No,No,Yes,No,Month-to-month,Yes,Bank transfer (automatic),71.2,1061.04,No
CUST-05122,Female,0,Yes,No,5,Yes,No,DSL,No,No,No,No,No,Yes,Month-to-month,No,Credit card (automatic),53.45,271.69,Yes
CUST-05123,Female,0,No,No,4,Yes,Yes,Fiber optic,No,No,No,No,Yes,Yes,Month-to-month,Yes,Credit card (automatic),83.99,341.49,No
CUST-05124,Female,0,No,No,30,Yes,No,Fiber optic,No,Yes,No,No,Yes,No,Two year,No,Bank transfer (automatic),84.53,2539.23,No
CUST-05125,Female,0,Yes,Yes,53,Yes,No,No,No internet service,No internet service,No internet service,No internet service,No internet service,No internet service,Two year,Yes,Mailed check,30.69,1634.59,No
CUST-05126,Female,1,No,No,30,Yes,No,Fiber optic,No,No,No,No,Yes,Yes,Month-to-month,Yes,Mailed check,89.63,2696.22,Yes
CUST-05127,Female,0,No,No,61,Yes,No,No,No internet service,No internet service,No internet service,No internet service,No internet service,No internet service,Two year,Yes,Electronic check,42.67,2611.46,Yes
CUST-05128,Female,0,Yes,Yes,71,Yes,No,Fiber optic,No,Yes,No,No,No,No,Month-to-month,Yes,Electronic check,71.45,5075.33,Yes
CUST-05129,Male,0,No,No,68,No,No phone service,DSL,No,Yes,No,No,Yes,Yes,Month-to-month,Yes,Credit card (automatic),62.12,4214.35,No
CUST-05130,Female,0,Yes,Yes,55,Yes,Yes,Fiber optic,Yes,No,No,Yes,No,Yes,Month-to-month,No,Bank transfer (automatic),71.98,3966.1,Yes
CUST-05131,Male,1,Yes,No,71,Yes,No,Fiber optic,No,Yes,No,No,No,No,Month-to-month,No,Electronic check,90.35,6417.15,No
CUST-05132,Male,0,No,No,42,Yes,Yes,No,No internet service,No internet service,No internet service,No internet service,No internet service,No internet service,Two year,No,Mailed check,30.22,1268.16,No
CUST-05133,Female,0,No,No,29,No,No phone service,DSL,No,No,Yes,No,No,No,Month-to-month,No,Electronic check,51.16,1487.75,No
CUST-05134,Female,0,No,Yes,35,No,No phone service,DSL,No,Yes,Yes,Yes,No,Yes,Month-to-month,No,Bank transfer (automatic),62.94,2204.52,Yes
CUST-05135,Male,0,No,Yes,45,Yes,Yes,No,No internet service,No internet service,No internet service,No internet service,No internet service,No internet service,Month-to-month,Yes,Electronic check,18.25,817.14,Yes
CUST-05136,Male,1,No,No,29,Yes,No,Fiber optic,No,No,No,Yes,Yes,Yes,Month-to-month,Yes,Mailed check,82.08,2388.28,Yes
CUST-05137,Female,0,No,No,70,Yes,No,Fiber optic,Yes,No,No,No,Yes,Yes,Month-to-month,Yes,Bank transfer (automatic),81.38,5691.89,Yes
CUST-05138,Male,1,No,No,3,Yes,No,Fiber optic,No,No,No,No,Yes,No,Two year,Yes,Mailed check,91.03,263.72,Yes
CUST-05139,Female,0,Yes,Yes,57,Yes,No,DSL,No,No,No,No,Yes,No,Two year,Yes,Bank transfer (automatic),49.54,2816.91,No
CUST-05140,Female,1,Yes,Yes,66,Yes,Yes,Fiber optic,No,No,No,No,No,Yes,Month-to-month,No,Credit card (automatic),74.12,4885.49,Yes
CUST-05141,Female,0,Yes,No,22,Yes,No,No,No internet service,No internet service,No internet service,No internet service,No internet service,No internet service,Two year,No,Bank transfer (automatic),18.25,411.25,No
CUST-05142,Male,1,No,No,27,Yes,Yes,No,No internet service,No internet service,No internet service,No internet service,No internet service,No internet service,Month-to-month,Yes,Electronic check,31.3,843.95,No
CUST-05143,Male,1,No,Yes,22,Yes,No,DSL,Yes,No,Yes,No,Yes,No,Month-to-month,No,Mailed check,40.72,897.07,No
CUST-05144,Female,1,No,No,49,Yes,No,Fiber optic,Yes,No,No,No,No,No,One year,Yes,Electronic check,93.11,4571.45,No
CUST-05145,Male,0,Yes,No,24,Yes,Yes,DSL,No,No,No,Yes,Yes,Yes,Month-to-month,Yes,Mailed check,47.11,1128.49,Yes
CUST-05146,Male,0,Yes,Yes,27,Yes,No,No,No internet service,No internet service,No internet service,No internet service,No internet service,No internet service,Month-to-month,Yes,Electronic check,28.34,762.77,Yes
CUST-05147,Male,0,Yes,No,36,Yes,No,Fiber optic,No,No,Yes,Yes,No,Yes,Month-to-month,Yes,Electronic check,69.65,2498.62,No
CUST-05148,Male,0,No,No,17,Yes,Yes,Fiber optic,No,Yes,No,No,No,No,Two year,Yes,Electronic check,75.08,1277.66,No
CUST-05149,Male,0,Yes,No,56,Yes,Yes,Fiber optic,No,Yes,No,No,Yes,No,Month-to-month,No,Credit card (automatic),92.38,5174.63,Yes
CUST-05150,Male,0,Yes,No,10,Yes,No,No,No internet service,No internet service,No internet service,No internet service,No internet service,No internet service,Month-to-month,Yes,Credit card (automatic),44.4,446.91,Yes
CUST-05151,Male,0,No,No,54,Yes,Yes,No,No internet service,No internet service,No internet service,No internet service,No internet service,No internet service,Month-to-month,Yes,Bank transfer (automatic),23.55,1264.46,Yes
CUST-05152,Female,0,Yes,Yes,38,Yes,No,DSL,No,No,No,Yes,No,No,Two year,No,Electronic check,64.51,2452.98,No
CUST-05153,Male,0,Yes,No,4,Yes,Yes,Fiber optic,No,Yes,Yes,Yes,No,Yes,One year,No,Mailed check,69.87,269.82,No
CUST-05154,Male,0,Yes,No,50,Yes,No,Fiber optic,No,No,No,No,Yes,No,Month-to-month,Yes,Mailed check,69.13,3455.72,Yes
CUST-05155,Male,0,No,No,61,Yes,Yes,DSL,Yes,Yes,No,No,Yes,No,One year,Yes,Electronic check,44.11,2693.3,No
CUST-05156,Male,0,Yes,Yes,21,Yes,Yes,No,No internet service,No internet service,No internet service,No internet service,No internet service,No internet service,Month-to-month,Yes,Mailed check,43.27,905.91,No
CUST-05157,Male,0,No,No,36,Yes,Yes,Fiber optic,No,No,Yes,No,Yes,No,One year,No,Electronic check,86.0,3102.21,Yes
CUST-05158,Male,0,No,No,46,Yes,No,DSL,No,No,No,No,Yes,No,Two year,Yes,Electronic check,57.36,2631.63,No
CUST-05159,Male,1,Yes,No,71,Yes,No,DSL,No,Yes,No,Yes,No,Yes,Two year,No,Mailed check,45.7,3249.37,No
CUST-05160,Male,1,Yes,No,44,Yes,No,Fiber optic,No,No,No,Yes,No,Yes,Two year,Yes,Electronic check,80.9,3553.95,No
CUST-05161,Female,1,No,No,64,Yes,Yes,No,No internet service,No internet service,No internet service,No internet service,No internet service,No internet service,One year,Yes,Credit card (automatic),44.82,2878.42,No
CUST-05162,Male,1,No,Yes,18,Yes,Yes,Fiber optic,Yes,No,No,No,Yes,Yes,Month-to-month,No,Bank transfer (automatic),89.78,1619.33,Yes
CUST-05163,Male,0,No,No,13,Yes,Yes,DSL,No,Yes,No,Yes,Yes,No,Month-to-month,No,Bank transfer (automatic),69.6,896.98,No
CUST-05164,Male,0,No,No,13,Yes,Yes,DSL,No,No,No,No,Yes,No,Two year,No,Mailed check,40.36,519.25,Yes
CUST-05165,Male,0,No,No,25,No,No phone service,No,No internet service,No internet service,No internet service,No internet service,No internet service,No internet service,One year,Yes,Mailed check,31.67,798.66,No
CUST-05166,Female,0,Yes,No,5,Yes,Yes,DSL,No,Yes,Yes,No,No,No,Two year,No,Mailed check,48.74,235.21,No
CUST-05167,Female,0,No,No,39,Yes,Yes,No,No internet service,No internet service,No internet service,No internet service,No internet service,No internet service,Month-to-month,Yes,Electronic check,24.94,970.34,Yes
CUST-05168,Female,0,Yes,No,29,Yes,No,No,No internet service,No internet service,No internet service,No internet service,No internet service,No internet service,Month-to-month,No,Credit card (automatic),18.25,520.87,No
CUST-05169,Female,0,No,Yes,57,Yes,No,Fiber optic,No,Yes,No,Yes,Yes,No,Two year,Yes,Bank transfer (automatic),85.19,4857.19,No
CUST-05170,Female,0,Yes,No,46,Yes,Yes,No,No internet service,No internet service,No internet service,No internet service,No internet service,No internet service,Month-to-month,Yes,Mailed check,40.62,1860.09,Yes
CUST-05171,Female,0,No,No,33,Yes,Yes,DSL,Yes,No,No,No,No,No,Month-to-month,Yes,Electronic check,47.35,1567.22,No
CUST-05172,Female,0,Yes,Yes,10,Yes,Yes,No,No internet service,No internet service,No internet service,No internet service,No internet service,No internet service,Two year,Yes,Electronic check,30.68,314.59,Yes
CUST-05173,Female,0,Yes,Yes,58,Yes,No,DSL,No,No,Yes,No,Yes,Yes,Month-to-month,Yes,Electronic check,41.56,2406.96,Yes
CUST-05174,Female,0,No,Yes,25,Yes,Yes,Fiber optic,No,No,Yes,No,No,Yes,Month-to-month,No,Bank transfer (automatic),73.42,1830.67,Yes
CUST-05175,Female,0,No,No,39,Yes,Yes,Fiber optic,No,Yes,Yes,Yes,Yes,Yes,Two year,Yes,Credit card (automatic),71.67,2799.72,Yes
CUST-05176,Female,0,Yes,No,16,Yes,Yes,Fiber optic,No,No,No,No,Yes,No,Month-to-month,Yes,Bank transfer (automatic),94.27,1498.82,No
CUST-05177,Female,1,Yes,Yes,60,Yes,No,DSL,No,Yes,No,No,No,Yes,Month-to-month,No,Mailed check,55.02,3294.64,Yes
CUST-05178,Female,0,Yes,Yes,28,Yes,Yes,No,No internet service,No internet service,No internet service,No internet service,No internet service,No internet service,One year,No,Credit card (automatic),21.49,592.57,No
CUST-05179,Female,0,No,No,44,Yes,No,Fiber optic,Yes,No,No,No,Yes,Yes,One year,Yes,Credit card (automatic),68.97,3041.58,No
CUST-05180,Female,0,No,No,58,Yes,No,No,No internet service,No internet service,No internet service,No internet service,No internet service,No internet service,Month-to-month,Yes,Electronic check,38.29,2225.32,No
CUST-05181,Female,0,No,Yes,32,Yes,No,Fiber optic,Yes,Yes,No,Yes,Yes,No,One year,Yes,Mailed check,66.36,2131.2,Yes
CUST-05182,Male,0,No,No,63,Yes,No,Fiber optic,Yes,No,No,No,No,No,Month-to-month,Yes,Mailed check,69.12,4347.71,No
CUST-05183,Female,0,Yes,No,45,Yes,No,No,No internet service,No internet service,No internet service,No internet service,No internet service,No internet service,Month-to-month,Yes,Mailed check,18.25,817.4,Yes
CUST-05184,Male,0,No,No,53,Yes,Yes,No,No internet service,No internet service,No internet service,No internet service,No internet service,No internet service,One year,No,Bank transfer (automatic),26.01,1370.06,No
CUST-05185,Female,1,No,No,61,Yes,Yes,Fiber optic,Yes,No,No,No,No,No,Month-to-month,No,Credit card (automatic),93.31,5699.59,No
CUST-05186,Female,1,No,No,50,Yes,No,No,No internet service,No internet service,No internet service,No internet service,No internet service,No internet service,Month-to-month,No,Credit card (automatic),22.06,1097.75,No
CUST-05187,Male,0,No,Yes,27,Yes,No,Fiber optic,No,No,No,Yes,Yes,Yes,Month-to-month,Yes,Electronic check,76.25,2063.03,Yes
CUST-05188,Female,0,No,Yes,26,No,No phone service,Fiber optic,Yes,Yes,No,No,No,Yes,Month-to-month,Yes,Electronic check,87.02,2255.6,Yes
CUST-05189,Male,0,Yes,No,3,Yes,No,No,No internet service,No internet service,No internet service,No internet service,No internet service,No internet service,One year,No,Mailed check,21.12,53.38,Yes
CUST-05190,Male,0,No,No,39,Yes,Yes,Fiber optic,Yes,No,No,No,No,No,Two year,Yes,Electronic check,73.6,2877.45,No
CUST-05191,Male,0,Yes,No,65,Yes,Yes,DSL,Yes,No,Yes,No,No,Yes,Month-to-month,Yes,Electronic check,51.61,3363.41,Yes
CUST-05192,Female,0,No,No,35,Yes,No,DSL,No,No,No,No,Yes,No,One year,Yes,Electronic check,68.63,2409.94,No
CUST-05193,Female,0,No,Yes,53,Yes,Yes,Fiber optic,Yes,No,No,No,No,No,Month-to-month,No,Bank transfer (automatic),81.33,4303.69,Yes
CUST-05194,Female,1,No,No,46,Yes,Yes,No,No internet service,No internet service,No internet service,No internet service,No internet service,No internet service,Two year,Yes,Mailed check,28.13,1300.95,No
CUST-05195,Male,0,No,No,68,Yes,Yes,DSL,Yes,No,Yes,Yes,Yes,No,One year,Yes,Bank transfer (automatic),52.05,3542.39,No
CUST-05196,Male,0,Yes,No,22,Yes,No,Fiber optic,No,No,No,No,No,No,One year,No,Electronic check,76.68,1696.34,Yes
CUST-05197,Female,0,Yes,No,60,Yes,Yes,Fiber optic,No,No,No,No,Yes,No,Month-to-month,No,Credit card (automatic),92.28,5530.56,Yes
CUST-05198,Female,1,No,No,6,Yes,Yes,DSL,No,Yes,No,No,No,Yes,One year,Yes,Credit card (automatic),63.33,374.49,No
CUST-05199,Female,0,Yes,No,52,Yes,Yes,DSL,No,No,No,No,Yes,No,Month-to-month,No,Credit card (automatic),45.63,2380.87,No
CUST-05200,Female,0,Yes,No,29,Yes,No,No,No internet service,No internet service,No internet service,No internet service,No internet service,No internet service,Month-to-month,Yes,Electronic check,24.57,721.64,Yes
CUST-05201,Female,0,No,No,43,No,No phone service,DSL,No,No,No,No,Yes,No,Month-to-month,No,Credit card (automatic),65.44,2812.08,No
CUST-05202,Male,0,Yes,Yes,34,No,No phone service,DSL,No,Yes,No,No,No,No,Month-to-month,No,Mailed check,62.51,2134.97,Yes
CUST-05203,Male,1,Yes,No,31,Yes,No,DSL,No,Yes,No,No,No,Yes,Month-to-month,Yes,Bank transfer (automatic),43.11,1327.9,Yes
CUST-05204,Male,0,No,No,46,Yes,Yes,DSL,Yes,No,No,No,Yes,No,Month-to-month,Yes,Electronic check,52.24,2406.74,Yes
CUST-05205,Female,0,No,No,4,Yes,Yes,DSL,No,No,Yes,Yes,No,Yes,Month-to-month,Yes,Mailed check,54.72,224.93,Yes
CUST-05206,Male,0,Yes,No,2,Yes,Yes,Fiber optic,No,No,No,No,No,No,Month-to-month,No,Credit card (automatic),90.72,189.12,Yes
CUST-05207,Male,0,No,No,5,Yes,Yes,Fiber optic,No,No,No,No,No,Yes,One year,Yes,Mailed check,90.58,450.1,Yes
CUST-05208,Male,0,No,No,46,Yes,No,Fiber optic,No,No,No,No,Yes,Yes,Two year,Yes,Credit card (automatic),69.53,3201.86,No
CUST-05209,Male,0,No,No,19,Yes,No,DSL,Yes,No,No,Yes,No,No,Two year,No,Mailed check,57.57,1102.03,No
CUST-05210,Male,0,Yes,Yes,38,Yes,No,Fiber optic,No,No,No,No,No,No,Two year,No,Bank transfer (automatic),93.29,3554.91,No
CUST-05211,Female,0,No,No,59,Yes,Yes,DSL,Yes,Yes,No,Yes,Yes,Yes,Two year,Yes,Mailed check,42.3,2504.02,No
CUST-05212,Male,0,No,No,72,Yes,No,No,No internet service,No internet service,No internet service,No internet service,No internet service,No internet service,One year,Yes,Electronic check,25.76,1859.56,No
CUST-05213,Female,1,Yes,No,20,Yes,No,DSL,No,No,No,No,No,Yes,One year,No,Mailed check,50.12,1005.1,No
CUST-05214,Female,0,Yes,No,68,Yes,Yes,No,No internet service,No internet service,No internet service,No internet service,No internet service,No internet service,Month-to-month,Yes,Mailed check,20.14,1374.4,No
CUST-05215,Female,0,Yes,No,53,Yes,Yes,Fiber optic,Yes,No,No,No,No,No,One year,Yes,Electronic check,94.36,4997.81,No
CUST-05216,Female,0,Yes,No,55,No,No phone service,Fiber optic,No,No,Yes,No,No,No,Month-to-month,No,Mailed check,86.24,4747.7,No
CUST-05217,Female,0,Yes,No,39,Yes,No,Fiber optic,Yes,Yes,Yes,No,No,Yes,One year,No,Electronic check,85.52,3326.67,Yes
CUST-05218,Male,0,No,Yes,36,Yes,Yes,Fiber optic,No,No,No,No,Yes,Yes,Month-to-month,Yes,Electronic check,66.47,2402.64,Yes
CUST-05219,Male,0,Yes,No,58,Yes,No,Fiber optic,Yes,No,No,No,No,Yes,One year,No,Credit card (automatic),76.53,4444.11,No
CUST-05220,Female,0,No,No,15,No,No phone service,Fiber optic,Yes,Yes,No,No,Yes,No,Month-to-month,Yes,Bank transfer (automatic),83.65,1257.39,No
CUST-05221,Female,0,Yes,No,1,Yes,Yes,No,No internet service,No internet service,No internet service,No internet service,No internet service,No internet service,Month-to-month,No,Bank transfer (automatic),29.59,27.94,Yes
CUST-05222,Female,0,No,Yes,9,Yes,No,Fiber optic,Yes,No,No,No,No,Yes,Month-to-month,No,Mailed check,86.75,772.28,Yes
CUST-05223,Male,0,No,No,23,Yes,No,DSL,No,Yes,No,Yes,No,Yes,Month-to-month,Yes,Electronic check,64.82,1487.63,No
CUST-05224,Female,0,Yes,No,52,Yes,Yes,No,No internet service,No internet service,No internet service,No internet service,No internet service,No internet service,Month-to-month,Yes,Bank transfer (automatic),37.84,1974.59,No
CUST-05225,Male,0,Yes,No,26,Yes,No,Fiber optic,No,No,No,No,Yes,No,Month-to-month,No,Electronic check,93.31,2423.84,No
CUST-05226,Female,0,Yes,No,60,Yes,No,Fiber optic,No,No,No,Yes,No,Yes,Two year,No,Bank transfer (automatic),81.61,4905.71,No
CUST-05227,Male,0,Yes,Yes,18,Yes,No,No,No internet service,No internet service,No internet service,No internet service,No internet service,No internet service,Two year,Yes,Mailed check,40.59,731.05,No
CUST-05228,Female,1,Yes,No,58,Yes,Yes,No,No internet service,No internet service,No internet service,No internet service,No internet service,No internet service,Month-to-month,Yes,Credit card (automatic),44.5,2588.65,No
CUST-05229,Male,0,Yes,No,65,Yes,No,DSL,No,No,No,No,Yes,Yes,Month-to-month,Yes,Credit card (automatic),55.32,3602.78,No
CUST-05230,Female,0,No,No,69,Yes,Yes,DSL,No,No,No,No,Yes,No,Month-to-month,Yes,Mailed check,40.44,2785.22,Yes
CUST-05231,Male,0,No,Yes,14,Yes,Yes,DSL,No,No,Yes,No,Yes,No,One year,Yes,Credit card (automatic),49.79,693.16,No
CUST-05232,Male,0,No,No,46,Yes,No,Fiber optic,No,No,No,Yes,No,Yes,Month-to-month,Yes,Bank transfer (automatic),81.13,3726.0,No
CUST-05233,Male,0,No,No,69,Yes,Yes,Fiber optic,No,No,No,No,Yes,No,Month-to-month,Yes,Bank transfer (automatic),85.41,5886.46,No
CUST-05234,Male,0,No,No,32,Yes,No,Fiber optic,No,No,Yes,No,No,No,Two year,No,Electronic check,82.76,2642.76,No
CUST-05235,Male,0,Yes,No,51,Yes,Yes,Fiber optic,No,No,No,Yes,No,No,One year,Yes,Credit card (automatic),84.44,4312.31,No
CUST-05236,Male,0,Yes,No,69,Yes,Yes,DSL,No,No,No,No,Yes,Yes,One year,Yes,Electronic check,61.68,4247.68,No
CUST-05237,Male,0,No,No,15,Yes,No,DSL,No,Yes,No,Yes,No,No,One year,No,Electronic check,54.9,828.28,Yes
CUST-05238,Female,0,No,Yes,53,Yes,Yes,No,No internet service,No internet service,No internet service,No internet service,No internet service,No internet service,Month-to-month,Yes,Electronic check,39.84,2106.45,Yes
CUST-05239,Female,0,Yes,Yes,71,Yes,No,No,No internet service,No internet service,No internet service,No internet service,No internet service,No internet service,Month-to-month,No,Electronic check,34.97,2482.89,No
CUST-05240,Female,0,Yes,No,69,Yes,No,DSL,Yes,No,No,No,Yes,No,Month-to-month,Yes,Credit card (automatic),63.28,4357.12,No
CUST-05241,Female,0,Yes,Yes,15,Yes,No,DSL,Yes,No,No,No,No,No,Two year,No,Electronic check,59.83,901.59,No
CUST-05242,Female,0,Yes,No,30,Yes,No,Fiber optic,No,No,Yes,No,No,No,Two year,No,Electronic check,68.24,2040.22,No
CUST-05243,Male,0,No,Yes,24,Yes,No,DSL,No,No,No,No,No,No,Two year,No,Electronic check,44.65,1077.57,Yes
CUST-05244,Male,0,No,Yes,35,Yes,Yes,DSL,Yes,No,Yes,No,No,No,Month-to-month,No,Electronic check,45.09,1570.17,No
CUST-05245,Male,0,Yes,Yes,69,Yes,No,Fiber optic,No,No,No,No,No,No,Two year,Yes,Electronic check,66.46,4579.57,No
CUST-05246,Male,0,Yes,No,12,Yes,No,DSL,No,No,Yes,Yes,No,Yes,Month-to-month,Yes,Electronic check,46.56,567.17,No
CUST-05247,Male,0,No,No,46,Yes,No,Fiber optic,No,No,Yes,No,No,No,Two year,No,Electronic check,81.8,3766.65,No
CUST-05248,Female,0,No,No,69,Yes,No,No,No internet service,No internet service,No internet service,No internet service,No internet service,No internet service,One year,No,Electronic check,18.25,1251.11,No
CUST-05249,Female,1,No,No,36,Yes,Yes,No,No internet service,No internet service,No internet service,No internet service,No internet service,No internet service,Two year,Yes,Mailed check,23.51,840.99,No
CUST-05250,Female,1,Yes,No,48,Yes,Yes,Fiber optic,Yes,Yes,Yes,Yes,Yes,No,Month-to-month,No,Credit card (automatic),83.69,4020.54,No
CUST-05251,Female,0,No,No,67,Yes,Yes,Fiber optic,Yes,No,No,No,No,No,Month-to-month,Yes,Bank transfer (automatic),71.0,4753.94,No
CUST-05252,Male,0,Yes,No,54,No,No phone service,Fiber optic,No,No,Yes,No,No,No,One year,Yes,Mailed check,70.93,3836.04,Yes
CUST-05253,Male,0,Yes,No,36,Yes,No,DSL,No,Yes,No,No,No,No,Month-to-month,Yes,Credit card (automatic),64.81,2342.54,Yes
CUST-05254,Male,0,Yes,No,52,Yes,No,Fiber optic,Yes,No,No,Yes,Yes,Yes,Two year,Yes,Bank transfer (automatic),81.48,4240.63,No
CUST-05255,Female,0,No,No,22,Yes,No,Fiber optic,Yes,Yes,Yes,Yes,No,Yes,One year,No,Mailed check,74.41,1638.92,Yes
CUST-05256,Male,0,No,No,38,Yes,No,DSL,Yes,Yes,No,Yes,No,Yes,Month-to-month,No,Credit card (automatic),56.46,2141.15,No
CUST-05257,Female,0,Yes,No,62,No,No phone service,Fiber optic,No,No,Yes,No,No,Yes,Month-to-month,Yes,Mailed check,77.84,4833.63,Yes
CUST-05258,Male,0,No,No,65,Yes,No,DSL,No,No,No,No,No,No,Month-to-month,No,Electronic check,68.53,4446.52,No
CUST-05259,Male,0,Yes,Yes,3,Yes,No,No,No internet service,No internet service,No internet service,No internet service,No internet service,No internet service,Month-to-month,Yes,Bank transfer (automatic),21.04,58.89,Yes
CUST-05260,Female,0,No,No,8,Yes,No,No,No internet service,No internet service,No internet service,No internet service,No internet service,No internet service,Month-to-month,Yes,Bank transfer (automatic),34.93,278.15,No
CUST-05261,Male,0,Yes,Yes,39,Yes,No,DSL,No,Yes,No,No,No,Yes,Month-to-month,Yes,Credit card (automatic),67.39,2620.4,No
CUST-05262,Male,0,Yes,No,18,Yes,No,DSL,No,No,No,No,No,No,Month-to-month,Yes,Electronic check,61.65,1103.58,No
CUST-05263,Female,0,No,No,3,Yes,Yes,DSL,No,No,Yes,No,No,No,Month-to-month,No,Electronic check,51.62,155.51,Yes
CUST-05264,Male,0,No,No,18,Yes,Yes,No,No internet service,No internet service,No internet service,No internet service,No internet service,No internet service,Month-to-month,Yes,Bank transfer (automatic),37.39,665.1,No
CUST-05265,Female,0,Yes,Yes,1,Yes,No,DSL,No,No,No,No,No,No,One year,Yes,Bank transfer (automatic),46.97,44.48,No
CUST-05266,Male,0,No,Yes,26,No,No phone service,Fiber optic,No,Yes,No,No,No,No,One year,No,Mailed check,86.51,2257.52,Yes
CUST-05267,Male,0,Yes,Yes,52,Yes,Yes,DSL,Yes,No,Yes,No,Yes,No,Month-to-month,No,Electronic check,63.6,3306.68,Yes
CUST-05268,Male,0,Yes,No,12,Yes,No,Fiber optic,No,No,No,No,No,Yes,One year,Yes,Electronic check,76.28,917.4,Yes
CUST-05269,Male,0,Yes,No,38,Yes,No,No,No internet service,No internet service,No internet service,No internet service,No internet service,No internet service,Two year,No,Credit card (automatic),31.65,1196.73,No
CUST-05270,Male,1,Yes,No,41,Yes,No,Fiber optic,No,No,No,Yes,No,Yes,Two year,No,Electronic check,81.93,3365.99,No
CUST-05271,Male,0,Yes,No,53,Yes,No,Fiber optic,No,Yes,No,Yes,No,Yes,Two year,No,Bank transfer (automatic),81.68,4331.15,No
CUST-05272,Male,0,Yes,No,13,Yes,No,Fiber optic,No,No,No,No,Yes,Yes,Two year,Yes,Electronic check,71.01,932.38,No
CUST-05273,Male,0,Yes,No,13,Yes,Yes,Fiber optic,Yes,No,Yes,No,No,No,Month-to-month,Yes,Electronic check,83.94,1086.4,Yes
CUST-05274,Female,0,Yes,Yes,18,Yes,No,Fiber optic,No,Yes,No,No,No,No,Month-to-month,Yes,Credit card (automatic),77.19,1391.41,No
CUST-05275,Female,0,No,Yes,19,Yes,Yes,No,No internet service,No internet service,No internet service,No internet service,No internet service,No internet service,Two year,No,Electronic check,19.0,362.75,No
CUST-05276,Male,0,No,No,19,No,No phone service,No,No internet service,No internet service,No internet service,No internet service,No internet service,No internet service,Month-to-month,No,Credit card (automatic),18.25,354.5,No
CUST-05277,Male,0,Yes,No,70,No,No phone service,Fiber optic,No,Yes,Yes,No,Yes,No,Two year,Yes,Bank transfer (automatic),89.7,6283.82,No
CUST-05278,Female,0,Yes,No,48,Yes,No,Fiber optic,No,No,No,No,Yes,No,Month-to-month,No,Mailed check,87.77,4206.26,Yes
CUST-05279,Male,0,Yes,No,71,Yes,Yes,DSL,No,No,No,No,No,No,Two year,Yes,Mailed check,67.94,4830.68,No
CUST-05280,Male,0,No,No,71,Yes,Yes,No,No internet service,No internet service,No internet service,No internet service,No internet service,No internet service,One year,No,Electronic check,29.34,2090.59,Yes
CUST-05281,Female,0,Yes,No,28,Yes,No,DSL,No,Yes,Yes,Yes,No,No,Month-to-month,Yes,Credit card (automatic),58.41,1636.15,Yes
CUST-05282,Male,0,Yes,Yes,19,Yes,Yes,Fiber optic,No,No,Yes,No,Yes,No,Month-to-month,Yes,Electronic check,66.9,1270.88,Yes
CUST-05283,Male,0,Yes,No,48,No,No phone service,Fiber optic,No,Yes,No,No,No,Yes,Month-to-month,No,Electronic check,74.03,3554.59,No
CUST-05284,Female,0,No,No,29,Yes,Yes,DSL,No,No,No,No,No,No,One year,No,Credit card (automatic),62.54,1804.67,Yes
CUST-05285,Male,0,No,Yes,48,Yes,No,Fiber optic,No,No,Yes,No,No,No,Month-to-month,No,Credit card (automatic),73.28,3520.27,Yes
CUST-05286,Male,0,No,No,19,No,No phone service,DSL,No,No,No,No,Yes,Yes,Two year,No,Mailed check,43.37,815.85,No
CUST-05287,Female,0,Yes,No,47,Yes,Yes,No,No internet service,No internet service,No internet service,No internet service,No internet service,No internet service,Month-to-month,No,Credit card (automatic),18.25,861.19,No
CUST-05288,Male,0,Yes,No,60,Yes,Yes,No,No internet service,No internet service,No internet service,No internet service,No internet service,No internet service,Month-to-month,Yes,Credit card (automatic),28.6,1724.8,Yes
CUST-05289,Female,0,No,No,48,No,No phone service,Fiber optic,No,No,Yes,Yes,No,No,Two year,No,Bank transfer (automatic),91.24,4383.08,No
CUST-05290,Male,0,Yes,No,20,Yes,Yes,Fiber optic,No,No,No,No,No,No,Two year,Yes,Credit card (automatic),76.08,1521.09,No
CUST-05291,Male,0,No,No,19,Yes,Yes,DSL,No,No,No,No,Yes,Yes,One year,Yes,Credit card (automatic),60.01,1143.79,No
CUST-05292,Female,0,No,No,42,Yes,No,No,No internet service,No internet service,No internet service,No internet service,No internet service,No internet service,Two year,Yes,Electronic check,27.93,1176.37,No
CUST-05293,Female,0,Yes,Yes,49,Yes,No,Fiber optic,Yes,No,No,Yes,No,No,One year,No,Mailed check,88.59,4341.42,No
CUST-05294,Male,0,Yes,No,15,Yes,No,DSL,No,No,No,No,Yes,Yes,Two year,Yes,Bank transfer (automatic),64.1,967.41,No
CUST-05295,Female,0,Yes,No,60,Yes,Yes,No,No internet service,No internet service,No internet service,No internet service,No internet service,No internet service,Month-to-month,Yes,Electronic check,43.4,2612.56,No
CUST-05296,Female,0,Yes,Yes,68,Yes,No,Fiber optic,Yes,No,Yes,No,No,Yes,Two year,Yes,Mailed check,75.14,5100.42,No
CUST-05297,Male,0,No,No,27,Yes,No,DSL,No,Yes,No,Yes,No,Yes,Month-to-month,Yes,Bank transfer (automatic),54.14,1470.1,No
CUST-05298,Male,0,No,No,55,Yes,Yes,No,No internet service,No internet service,No internet service,No internet service,No internet service,No internet service,Two year,Yes,Electronic check,34.37,1888.14,No
CUST-05299,Male,0,No,No,15,No,No phone service,Fiber optic,Yes,No,No,Yes,Yes,No,Month-to-month,No,Bank transfer (automatic),80.03,1193.96,Yes
CUST-05300,Female,0,No,No,52,Yes,Yes,Fiber optic,No,No,No,No,Yes,No,One year,No,Electronic check,67.52,3502.31,No
CUST-05301,Female,0,No,No,31,Yes,No,DSL,No,Yes,No,Yes,Yes,No,Month-to-month,No,Electronic check,59.39,1847.35,Yes
CUST-05302,Female,1,No,No,7,Yes,No,Fiber optic,Yes,No,No,No,Yes,Yes,Two year,Yes,Bank transfer (automatic),68.3,485.68,No
CUST-05303,Female,0,Yes,No,13,No,No phone service,Fiber optic,No,No,Yes,Yes,No,Yes,Month-to-month,No,Bank transfer (automatic),90.22,1181.95,No
CUST-05304,Male,0,No,No,54,Yes,Yes,DSL,No,Yes,Yes,No,No,No,Month-to-month,Yes,Bank transfer (automatic),42.49,2296.87,No
CUST-05305,Female,0,Yes,No,13,No,No phone service,DSL,Yes,No,Yes,Yes,No,No,Month-to-month,Yes,Electronic check,63.44,815.94,Yes
CUST-05306,Male,0,Yes,No,20,Yes,Yes,Fiber optic,Yes,Yes,No,No,No,No,Month-to-month,Yes,Electronic check,69.53,1388.67,No
CUST-05307,Female,0,No,Yes,10,Yes,No,Fiber optic,No,Yes,Yes,Yes,Yes,No,Month-to-month,Yes,Electronic check,87.22,865.74,Yes
CUST-05308,Male,1,No,No,52,Yes,No,No,No internet service,No internet service,No internet service,No internet service,No internet service,No internet service,Month-to-month,Yes,Electronic check,18.25,954.31,No
CUST-05309,Male,0,Yes,No,37,Yes,Yes,No,No internet service,No internet service,No internet service,No internet service,No internet service,No internet service,Month-to-month,Yes,Electronic check,18.35,686.68,No
CUST-05310,Male,0,Yes,No,52,Yes,No,No,No internet service,No internet service,No internet service,No internet service,No internet service,No internet service,Month-to-month,Yes,Mailed check,18.25,942.58,Yes
CUST-05311,Female,0,No,No,27,Yes,Yes,Fiber optic,No,No,No,No,Yes,Yes,One year,No,Mailed check,70.47,1893.26,No
CUST-05312,Male,0,No,No,34,Yes,No,No,No internet service,No internet service,No internet service,No internet service,No internet service,No internet service,Month-to-month,No,Electronic check,18.25,624.55,No
CUST-05313,Male,0,Yes,No,62,Yes,Yes,DSL,No,No,Yes,No,No,No,Month-to-month,No,Electronic check,42.59,2636.19,No
CUST-05314,Female,0,No,No,16,Yes,Yes,DSL,Yes,Yes,No,No,No,No,Two year,Yes,Electronic check,40.75,652.56,No
CUST-05315,Male,0,No,No,59,Yes,Yes,Fiber optic,Yes,No,No,No,Yes,Yes,Month-to-month,No,Credit card (automatic),78.03,4611.89,No
CUST-05316,Female,0,No,No,21,Yes,Yes,Fiber optic,Yes,No,Yes,No,No,No,One year,No,Bank transfer (automatic),69.72,1464.93,No
CUST-05317,Female,0,No,No,16,Yes,No,Fiber optic,No,No,No,No,No,Yes,Month-to-month,Yes,Credit card (automatic),73.62,1168.29,Yes
CUST-05318,Male,0,No,No,13,Yes,Yes,Fiber optic,No,No,No,No,No,No,Month-to-month,No,Electronic check,72.89,951.78,Yes
CUST-05319,Male,0,Yes,No,33,Yes,Yes,DSL,Yes,No,No,Yes,No,No,Two year,No,Bank transfer (automatic),64.93,2152.04,No
CUST-05320,Female,0,No,Yes,54,Yes,No,DSL,Yes,Yes,No,No,No,No,One year,No,Bank transfer (automatic),44.9,2432.65,No
CUST-05321,Male,0,No,Yes,69,Yes,No,No,No internet service,No internet service,No internet service,No internet service,No internet service,No internet service,Two year,Yes,Electronic check,29.97,2077.63,No
CUST-05322,Female,0,Yes,Yes,27,Yes,Yes,DSL,No,No,Yes,Yes,Yes,No,Two year,No,Bank transfer (automatic),42.07,1127.73,No
CUST-05323,Female,0,Yes,No,52,Yes,No,Fiber optic,No,No,No,No,No,No,Month-to-month,No,Electronic check,77.32,4029.59,No
CUST-05324,Female,0,No,No,65,Yes,No,No,No internet service,No internet service,No internet service,No internet service,No internet service,No internet service,Two year,Yes,Mailed check,39.12,2550.67,No
CUST-05325,Male,0,No,No,44,Yes,Yes,DSL,No,Yes,Yes,No,No,No,Two year,No,Bank transfer (automatic),55.49,2436.12,No
CUST-05326,Female,0,Yes,Yes,30,Yes,Yes,DSL,No,No,No,No,No,No,Month-to-month,No,Electronic check,47.76,1424.55,No
CUST-05327,Male,1,No,No,23,Yes,Yes,Fiber optic,Yes,No,Yes,No,Yes,Yes,Two year,No,Mailed check,77.23,1785.08,No
CUST-05328,Male,0,No,No,16,No,No phone service,DSL,No,No,No,Yes,No,No,Month-to-month,No,Bank transfer (automatic),56.68,901.91,No
CUST-05329,Male,0,No,No,55,Yes,No,Fiber optic,Yes,Yes,No,No,No,Yes,Two year,Yes,Electronic check,92.15,5070.77,No
CUST-05330,Male,0,Yes,No,18,Yes,No,Fiber optic,No,No,No,No,No,No,One year,Yes,Credit card (automatic),90.14,1618.64,No
CUST-05331,Female,0,No,Yes,17,Yes,Yes,Fiber optic,No,Yes,Yes,Yes,No,No,Month-to-month,Yes,Mailed check,93.83,1593.95,No
CUST-05332,Male,0,No,No,52,Yes,Yes,No,No internet service,No internet service,No internet service,No internet service,No internet service,No internet service,One year,Yes,Electronic check,20.36,1060.89,No
CUST-05333,Female,1,Yes,Yes,45,Yes,No,No,No internet service,No internet service,No internet service,No internet service,No internet service,No internet service,One year,Yes,Electronic check,20.95,935.61,No
CUST-05334,Female,0,No,No,56,Yes,Yes,No,No internet service,No internet service,No internet service,No internet service,No internet service,No internet service,Month-to-month,Yes,Credit card (automatic),18.25,1017.16,No
CUST-05335,Male,1,No,No,54,Yes,No,Fiber optic,No,Yes,No,No,No,Yes,Month-to-month,Yes,Bank transfer (automatic),80.25,4328.0,Yes
CUST-05336,Female,0,No,No,9,Yes,No,Fiber optic,Yes,No,No,Yes,Yes,Yes,Two year,Yes,Bank transfer (automatic),70.42,641.95,No
CUST-05337,Female,0,No,No,17,Yes,Yes,Fiber optic,No,No,Yes,No,No,No,Two year,No,Bank transfer (automatic),85.66,1448.07,No
CUST-05338,Male,0,Yes,Yes,27,Yes,Yes,DSL,No,Yes,No,No,No,Yes,One year,Yes,Mailed check,68.69,1864.53,No
CUST-05339,Female,0,Yes,No,37,Yes,No,Fiber optic,No,No,No,Yes,Yes,No,Month-to-month,Yes,Mailed check,82.04,3036.97,No
CUST-05340,Female,0,No,No,22,Yes,Yes,DSL,No,Yes,No,No,No,No,Month-to-month,Yes,Mailed check,61.53,1357.97,No
CUST-05341,Female,0,No,Yes,72,Yes,Yes,DSL,Yes,No,No,Yes,Yes,Yes,Month-to-month,Yes,Electronic check,46.0,3316.52,Yes
CUST-05342,Female,0,No,No,67,Yes,Yes,Fiber optic,Yes,No,No,Yes,No,No,Month-to-month,Yes,Bank transfer (automatic),89.49,6004.14,Yes
CUST-05343,Male,0,No,No,38,Yes,Yes,DSL,Yes,No,No,No,No,No,Month-to-month,No,Mailed check,65.69,2489.69,Yes
CUST-05344,Female,0,Yes,No,72,Yes,Yes,No,No internet service,No internet service,No internet service,No internet service,No internet service,No internet service,One year,Yes,Electronic check,41.54,3000.29,No
CUST-05345,Female,0,Yes,No,44,Yes,Yes,Fiber optic,No,No,No,No,No,No,Month-to-month,Yes,Bank transfer (automatic),90.97,3999.85,No
CUST-05346,Female,0,Yes,Yes,36,Yes,No,No,No internet service,No internet service,No internet service,No internet service,No internet service,No internet service,Two year,No,Electronic check,24.34,874.83,No
CUST-05347,Female,0,No,No,25,Yes,Yes,Fiber optic,No,Yes,Yes,No,No,No,Two year,No,Electronic check,80.84,2015.48,No
CUST-05348,Male,0,No,No,42,Yes,No,DSL,Yes,Yes,No,No,No,No,Month-to-month,Yes,Electronic check,49.28,2066.15,Yes
CUST-05349,Female,0,No,No,13,Yes,No,Fiber optic,No,No,Yes,No,No,Yes,Month-to-month,Yes,Mailed check,91.35,1180.02,No
CUST-05350,Male,0,Yes,No,56,Yes,No,Fiber optic,Yes,No,No,Yes,Yes,Yes,Two year,Yes,Bank transfer (automatic),92.25,5167.85,No
CUST-05351,Female,0,Yes,No,51,Yes,Yes,DSL,No,No,No,No,No,No,One year,No,Electronic check,60.23,3081.16,No
CUST-05352,Male,0,Yes,Yes,50,Yes,No,DSL,No,No,Yes,No,Yes,No,Month-to-month,No,Electronic check,46.6,2337.95,Yes
CUST-05353,Male,1,Yes,No,52,Yes,Yes,Fiber optic,Yes,No,Yes,No,No,No,Two year,No,Mailed check,68.39,3555.81,No
CUST-05354,Male,0,Yes,No,33,Yes,No,DSL,No,Yes,No,No,No,No,Month-to-month,Yes,Bank transfer (automatic),67.13,2213.99,No
CUST-05355,Male,0,No,No,25,Yes,No,Fiber optic,No,Yes,No,No,Yes,No,One year,No,Credit card (automatic),75.69,1893.39,Yes
CUST-05356,Male,0,No,No,58,Yes,No,DSL,Yes,No,No,Yes,No,Yes,One year,Yes,Bank transfer (automatic),59.49,3452.19,Yes
CUST-05357,Female,1,No,Yes,40,Yes,Yes,No,No internet service,No internet service,No internet service,No internet service,No internet service,No internet service,Month-to-month,Yes,Mailed check,39.51,1584.97,Yes
CUST-05358,Female,0,Yes,Yes,38,Yes,No,Fiber optic,No,No,No,Yes,Yes,Yes,Month-to-month,Yes,Mailed check,85.06,3222.88,Yes
CUST-05359,Female,0,No,Yes,3,Yes,No,No,No internet service,No internet service,No internet service,No internet service,No internet service,No internet service,Month-to-month,Yes,Electronic check,44.66,127.79,Yes
CUST-05360,Male,1,No,No,16,Yes,Yes,DSL,No,No,No,No,No,No,Two year,Yes,Credit card (automatic),57.23,906.56,No
CUST-05361,Female,1,Yes,No,2,Yes,No,Fiber optic,No,No,Yes,Yes,No,No,One year,Yes,Bank transfer (automatic),81.81,168.45,No
CUST-05362,Male,1,Yes,No,23,Yes,No,DSL,No,No,No,Yes,No,No,Month-to-month,Yes,Mailed check,58.49,1343.58,Yes
CUST-05363,Male,0,Yes,Yes,30,No,No phone service,Fiber optic,Yes,No,Yes,Yes,Yes,Yes,One year,Yes,Mailed check,81.01,2420.58,No
CUST-05364,Female,0,No,Yes,10,Yes,No,DSL,Yes,No,No,Yes,No,Yes,Month-to-month,No,Credit card (automatic),63.31,640.1,Yes
CUST-05365,Female,0,Yes,No,65,No,No phone service,No,No internet service,No internet service,No internet service,No internet service,No internet service,No internet service,Month-to-month,Yes,Mailed check,43.14,2798.35,Yes
CUST-05366,Male,0,No,No,22,No,No phone service,Fiber optic,No,Yes,No,No,Yes,No,Two year,No,Credit card (automatic),92.16,2020.95,No
CUST-05367,Male,0,No,No,52,Yes,Yes,DSL,No,No,No,Yes,No,No,Month-to-month,No,Bank transfer (automatic),54.82,2845.74,Yes
CUST-05368,Female,0,Yes,No,56,Yes,No,Fiber optic,No,No,No,Yes,No,No,One year,Yes,Credit card (automatic),92.82,5198.8,No
CUST-05369,Female,0,No,No,33,Yes,Yes,Fiber optic,No,Yes,No,No,No,No,Month-to-month,Yes,Bank transfer (automatic),69.34,2288.47,Yes
CUST-05370,Female,0,Yes,Yes,30,Yes,Yes,DSL,No,No,No,No,No,Yes,Month-to-month,No,Electronic check,56.67,1702.37,Yes
CUST-05371,Female,0,Yes,Yes,24,Yes,Yes,Fiber optic,Yes,Yes,Yes,No,No,No,Two year,Yes,Bank transfer (automatic),80.26,1932.57,Yes
CUST-05372,Male,1,No,Yes,5,Yes,Yes,Fiber optic,Yes,Yes,No,Yes,Yes,Yes,Month-to-month,No,Credit card (automatic),71.34,349.55,No
CUST-05373,Female,0,No,Yes,53,Yes,No,DSL,No,Yes,No,No,No,No,Two year,Yes,Electronic check,69.49,3683.37,No
CUST-05374,Female,0,No,Yes,55,Yes,No,Fiber optic,No,No,No,No,No,Yes,Two year,Yes,Mailed check,93.76,5165.41,No
CUST-05375,Female,0,Yes,No,23,Yes,Yes,DSL,No,No,No,No,Yes,No,Month-to-month,Yes,Electronic check,40.05,914.1,No
CUST-05376,Male,0,No,No,10,Yes,Yes,Fiber optic,No,No,No,No,Yes,No,Month-to-month,Yes,Mailed check,81.13,816.84,No
CUST-05377,Male,1,Yes,No,33,Yes,No,Fiber optic,No,No,No,Yes,Yes,Yes,Two year,Yes,Electronic check,69.57,2303.69,No
CUST-05378,Male,0,Yes,No,62,Yes,No,DSL,Yes,No,Yes,No,No,Yes,Month-to-month,No,Bank transfer (automatic),50.19,3102.73,Yes
CUST-05379,Male,0,No,No,27,No,No phone service,DSL,No,No,Yes,No,Yes,No,Month-to-month,No,Electronic check,49.96,1346.02,No
CUST-05380,Female,0,No,Yes,7,Yes,Yes,Fiber optic,No,No,No,No,No,No,Two year,No,Bank transfer (automatic),75.33,518.35,Yes
CUST-05381,Male,0,No,No,27,No,No phone service,Fiber optic,Yes,No,No,No,No,No,Month-to-month,No,Mailed check,82.25,2229.07,Yes
CUST-05382,Female,0,No,No,10,Yes,Yes,DSL,No,No,Yes,No,No,Yes,One year,Yes,Credit card (automatic),55.43,551.02,No
CUST-05383,Female,0,Yes,No,57,Yes,No,DSL,No,No,No,No,No,No,Two year,Yes,Bank transfer (automatic),53.93,3065.66,No
CUST-05384,Female,0,No,No,30,Yes,Yes,DSL,No,No,No,No,Yes,No,Month-to-month,Yes,Credit card (automatic),55.66,1661.5,Yes
CUST-05385,Female,1,Yes,Yes,3,Yes,Yes,Fiber optic,Yes,No,No,No,No,No,Month-to-month,No,Electronic check,82.95,252.48,Yes
CUST-05386,Male,0,No,No,29,Yes,No,DSL,No,Yes,No,Yes,Yes,Yes,Month-to-month,No,Credit card (automatic),47.57,1389.42,No
CUST-05387,Male,0,No,Yes,14,Yes,No,Fiber optic,No,Yes,No,Yes,Yes,Yes,One year,No,Electronic check,89.46,1254.38,No
CUST-05388,Male,0,No,No,25,Yes,No,DSL,Yes,No,No,Yes,No,No,Month-to-month,No,Credit card (automatic),56.57,1404.32,No
CUST-05389,Female,0,Yes,No,10,Yes,No,Fiber optic,Yes,No,No,No,No,No,Month-to-month,No,Credit card (automatic),72.91,725.02,Yes
CUST-05390,Female,0,No,Yes,49,Yes,No,DSL,Yes,No,Yes,Yes,No,Yes,One year,Yes,Electronic check,45.15,2204.19,No
CUST-05391,Female,0,Yes,Yes,38,Yes,Yes,Fiber optic,No,Yes,Yes,Yes,No,No,Month-to-month,Yes,Bank transfer (automatic),87.97,3337.96,Yes
CUST-05392,Female,0,No,Yes,71,Yes,Yes,Fiber optic,No,No,Yes,No,No,No,Month-to-month,Yes,Mailed check,80.78,5740.24,Yes
CUST-05393,Female,0,No,Yes,14,Yes,No,Fiber optic,No,Yes,No,Yes,Yes,No,Two year,Yes,Mailed check,70.55,985.69,No
CUST-05394,Male,0,Yes,No,30,Yes,Yes,DSL,Yes,No,Yes,No,No,Yes,One year,Yes,Electronic check,65.15,1949.41,No
CUST-05395,Female,0,Yes,No,40,Yes,No,No,No internet service,No internet service,No internet service,No internet service,No internet service,No internet service,One year,No,Credit card (automatic),36.03,1438.98,No
CUST-05396,Male,1,No,Yes,12,Yes,Yes,DSL,Yes,No,Yes,No,No,Yes,One year,No,Electronic check,49.82,595.14,No
CUST-05397,Female,0,No,No,14,Yes,No,DSL,No,No,No,No,No,No,Two year,No,Bank transfer (automatic),48.33,671.2,No
CUST-05398,Female,0,Yes,No,1,Yes,No,DSL,No,No,No,No,No,No,Month-to-month,Yes,Bank transfer (automatic),46.61,38.88,No
CUST-05399,Male,0,No,Yes,68,Yes,Yes,No,No internet service,No internet service,No internet service,No internet service,No internet service,No internet service,Month-to-month,Yes,Credit card (automatic),18.25,1247.23,No
CUST-05400,Male,1,Yes,Yes,49,Yes,No,DSL,No,Yes,No,Yes,Yes,Yes,One year,No,Electronic check,68.33,3351.47,No
CUST-05401,Female,0,No,No,18,Yes,No,Fiber optic,Yes,Yes,No,No,Yes,No,Two year,No,Electronic check,93.72,1682.38,No
CUST-05402,Female,0,Yes,Yes,36,No,No phone service,DSL,Yes,No,No,No,Yes,No,One year,Yes,Electronic check,52.13,1868.0,No
CUST-05403,Female,0,Yes,No,64,Yes,Yes,Fiber optic,Yes,No,No,No,No,No,Month-to-month,No,Credit card (automatic),67.8,4343.41,No
CUST-05404,Female,0,Yes,Yes,28,Yes,Yes,Fiber optic,No,No,No,No,No,Yes,One year,Yes,Electronic check,75.23,2100.64,No
CUST-05405,Male,0,Yes,No,32,Yes,No,Fiber optic,Yes,Yes,Yes,No,Yes,No,One year,Yes,Electronic check,75.8,2428.6,No
CUST-05406,Female,0,Yes,No,72,Yes,Yes,No,No internet service,No internet service,No internet service,No internet service,No internet service,No internet service,Month-to-month,No,Bank transfer (automatic),22.79,1639.48,Yes
CUST-05407,Male,1,No,No,25,No,No phone service,Fiber optic,No,No,No,No,No,Yes,One year,No,Mailed check,68.01,1696.39,Yes
CUST-05408,Female,0,No,No,47,No,No phone service,No,No internet service,No internet service,No internet service,No internet service,No internet service,No internet service,One year,No,Credit card (automatic),18.25,852.4,No
CUST-05409,Male,0,No,No,20,Yes,Yes,Fiber optic,Yes,Yes,Yes,Yes,No,No,Month-to-month,Yes,Bank transfer (automatic),93.16,1857.79,Yes
CUST-05410,Male,0,No,Yes,33,Yes,No,Fiber optic,Yes,No,Yes,No,No,Yes,Month-to-month,Yes,Electronic check,88.84,2923.76,No
CUST-05411,Female,0,No,No,30,Yes,No,DSL,No,No,No,No,No,No,One year,No,Credit card (automatic),47.0,1418.81,No
CUST-05412,Male,0,No,No,37,Yes,No,Fiber optic,No,No,Yes,Yes,Yes,No,Month-to-month,No,Credit card (automatic),86.4,3193.21,No
CUST-05413,Female,0,No,No,53,Yes,No,Fiber optic,No,Yes,No,No,No,No,One year,Yes,Bank transfer (automatic),66.69,3543.98,No
CUST-05414,Male,0,No,No,69,Yes,Yes,Fiber optic,Yes,No,Yes,No,Yes,No,One year,No,Credit card (automatic),72.6,5006.4,No
CUST-05415,Female,0,No,Yes,8,Yes,No,No,No internet service,No internet service,No internet service,No internet service,No internet service,No internet service,Month-to-month,No,Credit card (automatic),35.68,295.29,No
CUST-05416,Male,0,Yes,No,1,Yes,Yes,DSL,No,No,Yes,No,No,Yes,Month-to-month,No,Bank transfer (automatic),58.73,58.58,Yes
CUST-05417,Female,0,Yes,No,7,Yes,Yes,Fiber optic,No,Yes,Yes,No,Yes,No,Month-to-month,No,Bank transfer (automatic),83.75,577.27,No
CUST-05418,Female,0,No,No,62,Yes,Yes,Fiber optic,No,No,No,Yes,No,Yes,Month-to-month,Yes,Electronic check,76.22,4722.79,No
CUST-05419,Male,0,Yes,No,58,Yes,No,DSL,No,No,No,No,No,No,Month-to-month,Yes,Mailed check,49.67,2887.66,No
CUST-05420,Male,1,No,Yes,8,Yes,No,Fiber optic,No,No,No,No,No,No,One year,Yes,Bank transfer (automatic),76.82,608.23,No
CUST-05421,Male,0,Yes,No,64,Yes,No,Fiber optic,No,No,No,No,No,No,Month-to-month,Yes,Electronic check,73.58,4709.26,Yes
CUST-05422,Male,0,Yes,No,8,Yes,No,No,No internet service,No internet service,No internet service,No internet service,No internet service,No internet service,Month-to-month,No,Bank transfer (automatic),18.25,153.07,No
CUST-05423,Female,0,Yes,No,3,Yes,No,Fiber optic,No,Yes,Yes,Yes,No,No,Month-to-month,Yes,Electronic check,71.04,220.73,Yes
CUST-05424,Male,0,No,No,58,Yes,No,No,No internet service,No internet service,No internet service,No internet service,No internet service,No internet service,One year,Yes,Credit card (automatic),18.25,1054.45,No
CUST-05425,Female,0,No,No,32,Yes,No,Fiber optic,No,No,No,Yes,No,No,Two year,No,Mailed check,70.14,2234.55,No
CUST-05426,Male,0,No,Yes,68,Yes,Yes,Fiber optic,Yes,No,Yes,No,No,No,One year,No,Electronic check,73.52,4999.12,No
CUST-05427,Female,1,No,No,49,Yes,Yes,Fiber optic,No,No,No,No,No,No,Month-to-month,Yes,Bank transfer (automatic),75.42,3701.39,No
CUST-05428,Female,0,Yes,No,38,Yes,No,DSL,No,No,No,No,Yes,No,Month-to-month,Yes,Electronic check,68.2,2586.01,No
CUST-05429,Female,0,No,No,2,Yes,No,Fiber optic,No,No,No,Yes,No,No,Two year,Yes,Electronic check,89.15,171.42,No
CUST-05430,Female,0,Yes,No,9,Yes,Yes,Fiber optic,Yes,Yes,No,No,No,Yes,Month-to-month,Yes,Mailed check,80.33,720.94,Yes
CUST-05431,Male,0,No,No,46,Yes,No,No,No internet service,No internet service,No internet service,No internet service,No internet service,No internet service,One year,No,Credit card (automatic),34.76,1594.82,No
CUST-05432,Male,0,Yes,Yes,65,Yes,Yes,Fiber optic,No,No,No,No,No,Yes,One year,Yes,Electronic check,70.17,4555.99,No
CUST-05433,Female,0,Yes,Yes,49,Yes,Yes,Fiber optic,No,No,No,No,Yes,No,One year,Yes,Electronic check,81.23,3987.23,No
CUST-05434,Male,1,Yes,No,29,Yes,No,DSL,No,Yes,Yes,No,No,No,Month-to-month,Yes,Electronic check,64.09,1851.44,No
CUST-05435,Male,0,Yes,No,29,Yes,No,Fiber optic,No,No,No,No,No,Yes,One year,Yes,Bank transfer (automatic),69.72,2013.33,Yes
CUST-05436,Female,0,No,No,33,Yes,Yes,No,No internet service,No internet service,No internet service,No internet service,No internet service,No internet service,One year,Yes,Mailed check,38.41,1260.32,No
CUST-05437,Male,0,No,No,28,Yes,Yes,DSL,No,No,Yes,No,Yes,No,One year,No,Electronic check,53.38,1494.53,Yes
CUST-05438,Male,0,Yes,No,26,Yes,No,DSL,No,No,No,Yes,Yes,No,One year,Yes,Bank transfer (automatic),46.02,1205.2,No
CUST-05439,Male,0,No,No,29,No,No phone service,Fiber optic,Yes,No,No,No,Yes,Yes,Two year,Yes,Mailed check,66.53,1922.29,No
CUST-05440,Female,0,No,No,11,Yes,No,DSL,No,No,No,No,No,Yes,Two year,Yes,Electronic check,68.68,763.66,No
CUST-05441,Male,0,Yes,No,34,Yes,No,Fiber optic,Yes,Yes,No,No,No,Yes,Month-to-month,Yes,Bank transfer (automatic),70.22,2395.21,No
CUST-05442,Female,0,No,Yes,48,Yes,No,Fiber optic,No,Yes,Yes,Yes,No,Yes,Two year,Yes,Credit card (automatic),89.24,4282.21,No
CUST-05443,Male,1,No,No,27,Yes,No,Fiber optic,No,Yes,No,No,No,No,Month-to-month,No,Bank transfer (automatic),81.15,2199.9,Yes
CUST-05444,Male,0,No,No,72,Yes,Yes,DSL,No,No,No,Yes,No,No,Month-to-month,Yes,Electronic check,67.62,4867.01,Yes
CUST-05445,Male,0,Yes,No,40,Yes,No,No,No internet service,No internet service,No internet service,No internet service,No internet service,No internet service,Month-to-month,Yes,Credit card (automatic),39.65,1580.36,No
CUST-05446,Female,0,No,Yes,31,Yes,No,DSL,No,No,No,Yes,Yes,No,Month-to-month,No,Electronic check,47.26,1471.35,No
CUST-05447,Female,0,Yes,No,65,Yes,Yes,DSL,No,No,Yes,No,No,Yes,Month-to-month,Yes,Electronic check,69.7,4531.14,Yes
CUST-05448,Male,0,Yes,No,39,No,No phone service,Fiber optic,Yes,No,No,No,No,Yes,Two year,No,Electronic check,76.73,2993.17,Yes
CUST-05449,Female,0,Yes,Yes,24,Yes,Yes,DSL,No,No,No,No,Yes,Yes,Month-to-month,Yes,Mailed check,64.41,1547.71,No
CUST-05450,Male,0,No,No,68,Yes,No,Fiber optic,No,Yes,Yes,No,Yes,No,Two year,No,Mailed check,94.55,6419.8,No
CUST-05451,Female,0,No,No,23,Yes,Yes,Fiber optic,No,No,No,No,No,No,Two year,No,Credit card (automatic),74.18,1697.98,No
CUST-05452,Female,0,No,No,61,Yes,Yes,DSL,Yes,No,No,No,No,No,Month-to-month,No,Credit card (automatic),62.38,3795.58,Yes
CUST-05453,Male,0,Yes,Yes,27,Yes,No,Fiber optic,No,No,No,No,No,No,Month-to-month,Yes,Electronic check,70.18,1894.6,No
CUST-05454,Male,0,No,Yes,16,Yes,Yes,DSL,No,No,No,No,No,Yes,Month-to-month,Yes,Credit card (automatic),57.88,924.12,No
CUST-05455,Male,0,Yes,No,45,Yes,Yes,Fiber optic,No,No,No,Yes,Yes,No,Two year,Yes,Mailed check,77.4,3492.29,No
CUST-05456,Male,0,No,No,27,Yes,Yes,Fiber optic,Yes,No,No,No,Yes,Yes,Two year,Yes,Electronic check,74.8,2023.93,No
CUST-05457,Female,0,Yes,Yes,5,Yes,Yes,DSL,No,No,No,No,No,No,Month-to-month,No,Credit card (automatic),42.84,219.02,No
CUST-05458,Female,0,No,Yes,59,Yes,No,DSL,No,No,Yes,No,Yes,Yes,Month-to-month,Yes,Bank transfer (automatic),44.91,2645.35,No
CUST-05459,Female,0,No,No,72,Yes,No,No,No internet service,No internet service,No internet service,No internet service,No internet service,No internet service,Month-to-month,No,Bank transfer (automatic),43.31,3121.17,No
CUST-05460,Male,0,No,Yes,35,Yes,No,Fiber optic,No,No,No,Yes,No,No,Two year,Yes,Bank transfer (automatic),83.56,2917.2,No
CUST-05461,Male,0,Yes,No,70,Yes,Yes,No,No internet service,No internet service,No internet service,No internet service,No internet service,No internet service,Month-to-month,No,Bank transfer (automatic),19.59,1370.88,Yes
CUST-05462,Female,0,Yes,No,46,No,No phone service,Fiber optic,No,Yes,Yes,Yes,No,No,One year,Yes,Bank transfer (automatic),79.38,3655.86,Yes
CUST-05463,Male,0,No,No,56,Yes,Yes,Fiber optic,No,No,Yes,No,No,No,One year,No,Electronic check,87.04,4880.72,No
CUST-05464,Female,0,Yes,No,24,Yes,No,Fiber optic,No,Yes,No,No,No,No,Month-to-month,No,Bank transfer (automatic),89.14,2145.29,No
CUST-05465,Female,0,Yes,No,10,Yes,Yes,Fiber optic,No,Yes,No,No,Yes,No,One year,Yes,Bank transfer (automatic),87.03,862.95,No
CUST-05466,Female,0,Yes,Yes,38,Yes,No,Fiber optic,Yes,Yes,No,No,No,Yes,One year,No,Electronic check,69.78,2649.16,No
CUST-05467,Female,0,No,No,70,Yes,No,No,No internet service,No internet service,No internet service,No internet service,No internet service,No internet service,Month-to-month,Yes,Bank transfer (automatic),42.75,2989.25,No
CUST-05468,Female,0,No,No,48,Yes,Yes,DSL,Yes,Yes,Yes,Yes,No,No,Two year,Yes,Electronic check,54.91,2636.43,No
CUST-05469,Male,0,No,No,9,Yes,Yes,Fiber optic,Yes,Yes,Yes,Yes,No,Yes,Month-to-month,Yes,Bank transfer (automatic),85.86,769.42,Yes
CUST-05470,Male,0,Yes,No,50,Yes,Yes,Fiber optic,No,Yes,No,No,No,No,Month-to-month,Yes,Electronic check,73.47,3672.88,Yes
CUST-05471,Male,0,No,No,69,Yes,No,Fiber optic,No,Yes,Yes,Yes,Yes,Yes,Month-to-month,No,Electronic check,84.08,5797.7,Yes
CUST-05472,Female,0,Yes,Yes,48,Yes,Yes,Fiber optic,Yes,No,Yes,No,Yes,No,Month-to-month,Yes,Electronic check,80.82,3874.67,Yes
CUST-05473,Female,0,Yes,No,39,Yes,Yes,No,No internet service,No internet service,No internet service,No internet service,No internet service,No internet service,Two year,No,Credit card (automatic),20.97,811.12,No
CUST-05474,Female,0,No,No,5,No,No phone service,No,No internet service,No internet service,No internet service,No internet service,No internet service,No internet service,Two year,Yes,Mailed check,41.96,207.03,No
CUST-05475,Female,1,No,No,11,Yes,Yes,DSL,No,Yes,No,No,No,No,One year,Yes,Credit card (automatic),59.11,645.25,No
CUST-05476,Male,0,No,Yes,60,Yes,Yes,Fiber optic,Yes,No,Yes,No,No,Yes,Month-to-month,Yes,Mailed check,75.03,4497.84,Yes
CUST-05477,Male,0,Yes,Yes,27,No,No phone service,Fiber optic,Yes,No,No,No,Yes,Yes,Two year,Yes,Credit card (automatic),83.24,2244.26,Yes
CUST-05478,Female,0,Yes,Yes,7,No,No phone service,Fiber optic,Yes,Yes,No,No,Yes,Yes,Month-to-month,No,Mailed check,91.05,629.27,No
CUST-05479,Female,0,No,No,60,Yes,No,DSL,Yes,No,No,No,No,Yes,Month-to-month,Yes,Mailed check,56.64,3391.29,No
CUST-05480,Female,0,Yes,No,50,Yes,No,DSL,No,Yes,Yes,No,Yes,Yes,Two year,No,Electronic check,52.56,2622.06,No
CUST-05481,Male,0,No,No,67,Yes,Yes,No,No internet service,No internet service,No internet service,No internet service,No internet service,No internet service,One year,No,Mailed check,34.4,2306.17,No
CUST-05482,Male,0,No,No,69,Yes,No,Fiber optic,No,No,No,No,No,No,Month-to-month,Yes,Electronic check,75.2,5187.3,No
CUST-05483,Male,1,No,Yes,55,Yes,No,Fiber optic,No,Yes,Yes,No,No,No,Month-to-month,Yes,Credit card (automatic),81.53,4474.5,Yes
CUST-05484,Female,0,No,No,16,Yes,Yes,Fiber optic,Yes,Yes,Yes,No,No,No,One year,Yes,Mailed check,77.83,1254.65,No
CUST-05485,Female,0,No,No,12,Yes,No,DSL,No,No,No,No,No,Yes,One year,No,Mailed check,46.74,558.31,No
CUST-05486,Male,0,No,No,27,Yes,No,Fiber optic,No,No,No,No,No,Yes,Month-to-month,No,Credit card (automatic),70.22,1895.04,Yes
CUST-05487,Female,0,Yes,No,33,No,No phone service,Fiber optic,No,No,No,No,Yes,No,Month-to-month,No,Mailed check,79.55,2619.66,Yes
CUST-05488,Male,0,Yes,No,55,Yes,No,Fiber optic,No,No,No,No,Yes,Yes,Month-to-month,No,Electronic check,71.66,3939.06,No
CUST-05489,Female,0,No,No,52,Yes,Yes,DSL,No,Yes,No,Yes,Yes,No,One year,No,Bank transfer (automatic),58.1,3019.36,No
CUST-05490,Male,1,No,Yes,37,Yes,No,No,No internet service,No internet service,No internet service,No internet service,No internet service,No internet service,Month-to-month,No,Credit card (automatic),42.41,1567.11,Yes
CUST-05491,Female,0,Yes,No,15,Yes,Yes,DSL,No,No,No,No,No,Yes,Two year,Yes,Bank transfer (automatic),53.72,797.2,No
CUST-05492,Male,0,Yes,Yes,65,Yes,No,DSL,No,No,No,Yes,Yes,No,Month-to-month,Yes,Electronic check,66.26,4314.28,No
CUST-05493,Male,1,No,No,68,Yes,No,Fiber optic,Yes,No,No,No,Yes,Yes,Month-to-month,Yes,Electronic check,93.04,6317.23,No
CUST-05494,Male,0,No,Yes,3,Yes,Yes,Fiber optic,No,No,No,Yes,No,Yes,Month-to-month,Yes,Bank transfer (automatic),82.97,252.17,Yes
CUST-05495,Male,0,Yes,No,72,Yes,No,Fiber optic,No,No,Yes,No,Yes,Yes,Month-to-month,Yes,Credit card (automatic),82.53,5935.89,No
CUST-05496,Male,0,No,No,5,Yes,No,Fiber optic,Yes,No,No,Yes,Yes,Yes,Month-to-month,Yes,Bank transfer (automatic),86.09,439.67,Yes
CUST-05497,Male,0,Yes,No,9,Yes,Yes,Fiber optic,No,No,No,No,Yes,No,Month-to-month,Yes,Electronic check,69.19,618.26,Yes
CUST-05498,Female,0,No,No,1,Yes,Yes,DSL,No,No,No,Yes,No,No,Month-to-month,No,Electronic check,58.29,54.75,Yes
CUST-05499,Female,0,Yes,Yes,30,Yes,Yes,No,No internet service,No internet service,No internet service,No internet service,No internet service,No internet service,One year,No,Bank transfer (automatic),31.76,953.65,No
CUST-05500,Female,0,No,No,71,Yes,Yes,DSL,No,Yes,No,No,No,No,Month-to-month,Yes,Bank transfer (automatic),46.82,3325.77,No
CUST-05501,Male,0,No,No,20,Yes,Yes,DSL,No,No,No,Yes,No,Yes,Two year,No,Mailed check,61.13,1223.52,No
CUST-05502,Male,0,No,No,27,Yes,Yes,DSL,Yes,No,Yes,No,Yes,No,Month-to-month,Yes,Electronic check,64.05,1722.64,No
CUST-05503,Female,0,Yes,No,63,Yes,Yes,Fiber optic,No,No,No,No,No,Yes,Month-to-month,No,Electronic check,71.77,4519.53,No
CUST-05504,Male,1,No,No,31,Yes,Yes,DSL,No,Yes,No,No,No,Yes,Month-to-month,No,Electronic check,40.89,1262.23,No
CUST-05505,Male,0,Yes,No,19,Yes,No,DSL,Yes,No,Yes,No,Yes,Yes,Two year,Yes,Electronic check,55.64,1048.74,No
CUST-05506,Male,0,Yes,Yes,62,Yes,Yes,Fiber optic,No,No,No,No,No,Yes,Month-to-month,Yes,Electronic check,70.21,4347.95,Yes
CUST-05507,Male,0,Yes,Yes,7,Yes,No,DSL,No,Yes,No,Yes,No,No,One year,No,Bank transfer (automatic),40.93,288.91,Yes
CUST-05508,Male,0,Yes,Yes,37,Yes,No,DSL,No,No,Yes,Yes,No,No,Month-to-month,Yes,Credit card (automatic),52.53,1941.32,No
CUST-05509,Female,0,No,No,71,Yes,No,DSL,Yes,Yes,No,No,Yes,Yes,Month-to-month,Yes,Electronic check,56.8,4040.87,Yes
CUST-05510,Female,0,No,No,8,Yes,Yes,No,No internet service,No internet service,No internet service,No internet service,No internet service,No internet service,Month-to-month,No,Electronic check,37.58,303.07,Yes
CUST-05511,Female,0,No,No,57,Yes,Yes,No,No internet service,No internet service,No internet service,No internet service,No internet service,No internet service,Month-to-month,Yes,Credit card (automatic),25.94,1475.96,No
CUST-05512,Female,0,Yes,No,28,No,No phone service,DSL,No,No,Yes,Yes,No,No,Month-to-month,No,Bank transfer (automatic),46.39,1308.08,No
CUST-05513,Female,0,No,No,17,Yes,Yes,Fiber optic,Yes,Yes,Yes,No,No,Yes,One year,Yes,Electronic check,74.84,1279.75,Yes
CUST-05514,Male,0,Yes,No,11,Yes,Yes,No,No internet service,No internet service,No internet service,No internet service,No internet service,No internet service,Two year,Yes,Electronic check,30.02,328.88,No
CUST-05515,Male,0,Yes,Yes,15,No,No phone service,DSL,Yes,Yes,Yes,No,No,Yes,One year,No,Mailed check,60.14,907.82,No
CUST-05516,Male,0,Yes,Yes,30,Yes,Yes,No,No internet service,No internet service,No internet service,No internet service,No internet service,No internet service,Month-to-month,Yes,Credit card (automatic),34.08,1025.81,No
CUST-05517,Male,0,No,No,6,Yes,No,No,No internet service,No internet service,No internet service,No internet service,No internet service,No internet service,One year,Yes,Electronic check,30.87,184.8,Yes
CUST-05518,Female,0,Yes,No,12,Yes,Yes,DSL,No,Yes,No,No,No,No,One year,No,Mailed check,47.66,573.91,No
CUST-05519,Female,1,No,No,61,Yes,No,DSL,No,No,No,Yes,No,Yes,Month-to-month,Yes,Mailed check,56.87,3470.38,Yes
CUST-05520,Female,0,No,No,36,Yes,Yes,No,No internet service,No internet service,No internet service,No internet service,No internet service,No internet service,Month-to-month,Yes,Credit card (automatic),35.66,1278.39,Yes
CUST-05521,Male,0,No,No,35,No,No phone service,DSL,Yes,No,No,No,No,No,Month-to-month,No,Electronic check,66.84,2333.41,No
CUST-05522,Female,0,Yes,No,67,Yes,No,DSL,No,No,No,No,Yes,Yes,Month-to-month,No,Mailed check,40.08,2688.32,No
CUST-05523,Male,0,No,No,63,Yes,Yes,Fiber optic,No,No,No,No,No,No,Two year,No,Credit card (automatic),82.5,5194.66,No
CUST-05524,Female,0,Yes,No,40,Yes,Yes,DSL,Yes,No,No,Yes,Yes,No,Month-to-month,No,Bank transfer (automatic),58.65,2336.94,Yes
CUST-05525,Female,0,Yes,Yes,31,Yes,No,No,No internet service,No internet service,No internet service,No internet service,No internet service,No internet service,Month-to-month,No,Electronic check,21.39,668.25,No
CUST-05526,Male,0,Yes,Yes,37,Yes,No,DSL,No,No,No,Yes,No,Yes,Month-to-month,Yes,Credit card (automatic),56.79,2096.84,No
CUST-05527,Male,0,Yes,Yes,5,Yes,Yes,DSL,No,No,No,No,No,No,Month-to-month,Yes,Mailed check,62.31,318.83,No
CUST-05528,Female,1,No,No,4,Yes,Yes,No,No internet service,No internet service,No internet service,No internet service,No internet service,No internet service,Two year,No,Credit card (automatic),39.95,151.03,No
CUST-05529,Female,1,No,No,26,Yes,Yes,No,No internet service,No internet service,No internet service,No internet service,No internet service,No internet service,Month-to-month,Yes,Credit card (automatic),34.76,904.62,No
CUST-05530,Male,0,No,Yes,24,Yes,Yes,No,No internet service,No internet service,No internet service,No internet service,No internet service,No internet service,Two year,No,Mailed check,44.25,1055.79,No
CUST-05531,Female,0,No,No,39,Yes,No,Fiber optic,No,No,No,No,No,No,Month-to-month,Yes,Credit card (automatic),90.0,3508.53,No
CUST-05532,Female,0,Yes,Yes,56,Yes,Yes,No,No internet service,No internet service,No internet service,No internet service,No internet service,No internet service,Two year,Yes,Credit card (automatic),26.84,1500.52,No
CUST-05533,Male,1,Yes,No,54,Yes,Yes,Fiber optic,No,Yes,No,No,No,Yes,One year,Yes,Credit card (automatic),91.11,4919.22,No
CUST-05534,Female,0,Yes,No,38,Yes,Yes,No,No internet service,No internet service,No internet service,No internet service,No internet service,No internet service,Month-to-month,Yes,Bank transfer (automatic),21.37,813.96,No
CUST-05535,Male,0,Yes,No,54,Yes,No,Fiber optic,No,No,No,No,No,Yes,One year,Yes,Bank transfer (automatic),86.16,4651.86,No
CUST-05536,Female,1,No,No,19,Yes,Yes,No,No internet service,No internet service,No internet service,No internet service,No internet service,No internet service,Two year,No,Mailed check,20.03,383.64,No
CUST-05537,Male,0,No,Yes,26,Yes,No,Fiber optic,No,No,No,No,No,No,Month-to-month,No,Electronic check,94.15,2442.24,Yes
CUST-05538,Female,0,Yes,No,52,Yes,Yes,DSL,Yes,No,Yes,Yes,Yes,No,Two year,Yes,Mailed check,59.23,3079.06,No
CUST-05539,Male,0,Yes,Yes,61,No,No phone service,DSL,No,No,No,No,Yes,No,Month-to-month,Yes,Bank transfer (automatic),62.35,3794.6,Yes
CUST-05540,Female,1,Yes,Yes,67,Yes,No,No,No internet service,No internet service,No internet service,No internet service,No internet service,No internet service,One year,No,Mailed check,33.52,2246.36,No
CUST-05541,Male,0,Yes,Yes,22,Yes,Yes,No,No internet service,No internet service,No internet service,No internet service,No internet service,No internet service,Month-to-month,Yes,Mailed check,28.15,617.71,No
CUST-05542,Female,0,No,No,17,Yes,No,DSL,No,No,Yes,Yes,No,No,One year,No,Electronic check,50.46,860.84,No
CUST-05543,Female,0,Yes,No,11,Yes,No,Fiber optic,No,No,Yes,No,No,Yes,Two year,No,Mailed check,73.42,801.33,No
CUST-05544,Female,0,No,No,39,No,No phone service,No,No internet service,No internet service,No internet service,No internet service,No internet service,No internet service,Month-to-month,Yes,Electronic check,38.72,1505.41,No
CUST-05545,Female,0,No,No,61,Yes,No,DSL,Yes,No,No,Yes,No,No,Two year,Yes,Electronic check,46.93,2866.44,No
CUST-05546,Female,0,Yes,Yes,49,Yes,Yes,DSL,Yes,No,No,No,No,No,One year,No,Bank transfer (automatic),65.66,3214.36,No
CUST-05547,Female,1,Yes,No,61,Yes,Yes,Fiber optic,Yes,Yes,No,No,No,No,Two year,Yes,Bank transfer (automatic),87.69,5357.02,No
CUST-05548,Female,0,No,No,12,Yes,Yes,DSL,No,No,Yes,Yes,No,Yes,Month-to-month,Yes,Mailed check,52.23,619.97,Yes
CUST-05549,Female,1,No,No,13,Yes,No,Fiber optic,Yes,No,No,No,No,No,Month-to-month,No,Electronic check,84.25,1099.33,Yes
CUST-05550,Female,0,Yes,No,58,No,No phone service,DSL,No,No,No,No,No,Yes,One year,No,Bank transfer (automatic),64.28,3721.09,No
CUST-05551,Male,0,No,Yes,11,Yes,No,Fiber optic,Yes,Yes,No,No,No,No,Two year,No,Electronic check,65.5,717.6,No
CUST-05552,Male,0,Yes,Yes,64,Yes,No,DSL,No,No,Yes,No,Yes,No,Month-to-month,No,Credit card (automatic),48.12,3072.25,Yes
CUST-05553,Female,0,Yes,No,31,Yes,Yes,DSL,Yes,Yes,Yes,No,No,No,One year,Yes,Electronic check,69.12,2142.22,No
CUST-05554,Male,0,No,Yes,11,Yes,No,DSL,No,No,No,No,Yes,No,Month-to-month,Yes,Electronic check,52.19,577.87,No
CUST-05555,Female,0,No,Yes,43,Yes,Yes,DSL,No,Yes,No,No,No,No,Two year,Yes,Credit card (automatic),60.91,2613.54,No
CUST-05556,Female,0,Yes,No,36,Yes,No,DSL,No,Yes,No,No,No,No,Two year,Yes,Electronic check,45.47,1646.77,No
CUST-05557,Male,0,Yes,No,2,Yes,No,DSL,Yes,No,Yes,Yes,Yes,Yes,Month-to-month,No,Bank transfer (automatic),51.1,98.11,No
CUST-05558,Female,1,No,No,61,Yes,No,Fiber optic,No,Yes,Yes,No,No,No,Month-to-month,No,Mailed check,89.09,5437.34,Yes
CUST-05559,Female,0,No,No,36,Yes,Yes,DSL,No,No,Yes,No,Yes,No,Two year,No,Credit card (automatic),54.02,1941.32,No
CUST-05560,Male,0,No,No,49,No,No phone service,DSL,No,Yes,No,No,No,No,Month-to-month,Yes,Credit card (automatic),66.98,3277.83,Yes
CUST-05561,Male,0,No,Yes,27,Yes,Yes,Fiber optic,No,No,Yes,No,No,No,Two year,No,Credit card (automatic),65.51,1763.84,No
CUST-05562,Female,0,Yes,No,12,Yes,Yes,No,No internet service,No internet service,No internet service,No internet service,No internet service,No internet service,Month-to-month,Yes,Mailed check,31.44,376.37,Yes
CUST-05563,Male,0,Yes,No,58,Yes,No,Fiber optic,No,No,No,Yes,Yes,Yes,Two year,Yes,Electronic check,89.13,5177.97,Yes
CUST-05564,Male,0,Yes,Yes,6,Yes,No,Fiber optic,No,No,Yes,No,No,No,Month-to-month,Yes,Electronic check,77.2,462.0,Yes
CUST-05565,Female,0,No,Yes,44,Yes,No,No,No internet service,No internet service,No internet service,No internet service,No internet service,No internet service,Month-to-month,Yes,Electronic check,23.25,1027.73,Yes
CUST-05566,Male,1,No,No,47,Yes,No,DSL,No,Yes,No,No,No,Yes,Two year,No,Credit card (automatic),47.49,2230.34,No
CUST-05567,Male,0,Yes,No,23,Yes,Yes,Fiber optic,Yes,No,Yes,No,No,No,One year,Yes,Credit card (automatic),76.05,1752.37,No
CUST-05568,Female,0,No,Yes,26,Yes,Yes,Fiber optic,No,No,Yes,Yes,Yes,No,Month-to-month,Yes,Electronic check,87.25,2263.62,No
CUST-05569,Male,0,No,No,7,Yes,Yes,DSL,No,No,Yes,No,No,No,One year,No,Mailed check,45.35,325.53,No
CUST-05570,Male,0,No,No,32,Yes,No,Fiber optic,No,No,No,Yes,No,Yes,Month-to-month,Yes,Mailed check,82.63,2653.6,Yes
CUST-05571,Female,0,No,No,33,Yes,No,Fiber optic,No,No,No,Yes,No,No,One year,No,Electronic check,65.66,2169.86,Yes
CUST-05572,Female,0,No,No,20,Yes,No,No,No internet service,No internet service,No internet service,No internet service,No internet service,No internet service,Month-to-month,No,Mailed check,18.25,357.16,Yes
CUST-05573,Female,1,No,No,69,Yes,No,No,No internet service,No internet service,No internet service,No internet service,No internet service,No internet service,Month-to-month,Yes,Bank transfer (automatic),21.39,1468.64,No
CUST-05574,Male,0,Yes,No,52,No,No phone service,DSL,No,No,Yes,No,No,No,Month-to-month,Yes,Electronic check,56.09,2919.41,No
CUST-05575,Female,0,Yes,No,42,Yes,No,DSL,No,No,No,No,No,No,Month-to-month,No,Mailed check,63.04,2638.4,No
CUST-05576,Female,1,Yes,Yes,1,Yes,No,DSL,No,Yes,No,No,No,No,Month-to-month,No,Bank transfer (automatic),43.98,36.72,No
CUST-05577,Male,0,Yes,Yes,63,Yes,Yes,DSL,No,Yes,No,No,Yes,Yes,Two year,Yes,Electronic check,57.33,3613.17,No
CUST-05578,Female,0,No,No,7,Yes,Yes,Fiber optic,No,No,Yes,Yes,Yes,No,Two year,No,Bank transfer (automatic),86.58,612.98,No
CUST-05579,Female,0,Yes,No,58,Yes,No,DSL,No,No,No,No,No,Yes,Month-to-month,No,Electronic check,65.43,3790.08,Yes
CUST-05580,Female,0,Yes,No,50,Yes,No,No,No internet service,No internet service,No internet service,No internet service,No internet service,No internet service,Month-to-month,No,Bank transfer (automatic),22.2,1112.47,No
CUST-05581,Female,0,Yes,No,34,Yes,No,DSL,No,Yes,No,No,Yes,No,Two year,No,Mailed check,44.14,1497.18,No
CUST-05582,Male,0,Yes,Yes,51,Yes,No,DSL,No,No,Yes,No,Yes,Yes,Two year,No,Bank transfer (automatic),58.52,2984.12,No
CUST-05583,Female,0,No,Yes,10,Yes,Yes,No,No internet service,No internet service,No internet service,No internet service,No internet service,No internet service,Month-to-month,No,Bank transfer (automatic),26.0,250.63,Yes
CUST-05584,Female,0,No,No,26,Yes,Yes,Fiber optic,No,No,No,No,No,Yes,Month-to-month,Yes,Credit card (automatic),83.64,2181.47,Yes
CUST-05585,Male,1,Yes,No,32,Yes,No,Fiber optic,Yes,No,No,No,No,No,One year,Yes,Electronic check,72.38,2325.27,No
CUST-05586,Female,0,Yes,No,42,Yes,Yes,Fiber optic,Yes,No,Yes,No,No,Yes,Two year,No,Electronic check,72.02,3021.29,No
CUST-05587,Male,0,No,No,62,Yes,Yes,DSL,No,No,No,No,No,Yes,One year,No,Bank transfer (automatic),62.9,3906.59,No
CUST-05588,Male,0,No,No,12,Yes,No,Fiber optic,Yes,No,Yes,No,No,No,Month-to-month,Yes,Bank transfer (automatic),73.45,873.54,No
CUST-05589,Male,0,Yes,Yes,40,Yes,Yes,Fiber optic,No,No,No,No,Yes,Yes,Month-to-month,No,Credit card (automatic),93.6,3752.98,No
CUST-05590,Female,0,No,No,34,Yes,No,DSL,No,No,Yes,No,Yes,No,Month-to-month,Yes,Electronic check,62.12,2121.88,No
CUST-05591,Male,0,No,No,70,No,No phone service,DSL,No,No,Yes,No,Yes,Yes,Month-to-month,Yes,Electronic check,68.4,4778.37,No
CUST-05592,Male,0,Yes,No,27,Yes,No,No,No internet service,No internet service,No internet service,No internet service,No internet service,No internet service,Two year,Yes,Electronic check,34.27,918.11,No
CUST-05593,Male,0,No,Yes,8,Yes,No,Fiber optic,No,No,No,No,No,No,Month-to-month,Yes,Electronic check,88.48,708.5,Yes
CUST-05594,Female,0,Yes,No,47,Yes,Yes,Fiber optic,Yes,No,No,No,No,Yes,One year,No,Electronic check,76.59,3600.96,Yes
CUST-05595,Female,0,Yes,No,26,Yes,No,Fiber optic,No,No,Yes,No,Yes,No,Month-to-month,Yes,Credit card (automatic),94.77,2465.76,Yes
CUST-05596,Female,0,No,Yes,57,Yes,No,DSL,Yes,No,No,No,Yes,No,Month-to-month,Yes,Electronic check,48.05,2730.37,Yes
CUST-05597,Female,0,No,No,7,Yes,Yes,DSL,No,No,No,Yes,No,No,Month-to-month,Yes,Mailed check,42.55,304.72,No
CUST-05598,Female,0,No,No,26,Yes,No,No,No internet service,No internet service,No internet service,No internet service,No internet service,No internet service,One year,Yes,Electronic check,41.18,1077.88,Yes
CUST-05599,Female,0,No,Yes,59,Yes,Yes,Fiber optic,No,Yes,No,Yes,Yes,Yes,Two year,No,Credit card (automatic),81.67,4824.41,No
CUST-05600,Female,0,No,No,69,No,No phone service,DSL,No,Yes,Yes,Yes,No,No,One year,Yes,Electronic check,52.3,3613.18,Yes
CUST-05601,Male,0,No,No,47,Yes,No,Fiber optic,No,Yes,No,Yes,No,Yes,Month-to-month,Yes,Mailed check,74.53,3493.33,No
CUST-05602,Male,1,Yes,No,35,Yes,No,Fiber optic,No,No,No,No,No,No,Two year,No,Mailed check,93.74,3287.51,No
CUST-05603,Male,1,No,No,30,Yes,Yes,DSL,No,Yes,No,No,Yes,No,Month-to-month,Yes,Electronic check,67.55,2016.65,No
CUST-05604,Male,1,Yes,No,50,Yes,Yes,Fiber optic,No,Yes,No,Yes,No,No,Month-to-month,No,Mailed check,91.01,4543.93,No
CUST-05605,Female,0,No,Yes,24,No,No phone service,Fiber optic,Yes,Yes,No,Yes,No,No,One year,Yes,Electronic check,84.2,2013.3,Yes
CUST-05606,Male,0,No,Yes,30,Yes,No,DSL,No,No,No,No,Yes,No,Two year,No,Mailed check,46.97,1413.44,No
CUST-05607,Male,0,No,Yes,54,Yes,No,No,No internet service,No internet service,No internet service,No internet service,No internet service,No internet service,Two year,Yes,Mailed check,40.87,2200.35,No
CUST-05608,Male,1,No,No,67,Yes,No,No,No internet service,No internet service,No internet service,No internet service,No internet service,No internet service,Month-to-month,Yes,Bank transfer (automatic),42.25,2833.07,No
CUST-05609,Male,0,No,No,32,Yes,No,DSL,Yes,Yes,No,No,No,No,Month-to-month,Yes,Mailed check,49.82,1586.98,No
CUST-05610,Female,0,Yes,Yes,8,Yes,No,DSL,No,No,Yes,No,No,No,Month-to-month,Yes,Mailed check,59.04,476.03,No
CUST-05611,Female,0,Yes,No,50,Yes,No,Fiber optic,No,No,No,No,Yes,Yes,One year,Yes,Bank transfer (automatic),65.02,3258.99,Yes
CUST-05612,Female,0,Yes,No,47,Yes,No,DSL,Yes,No,No,Yes,No,Yes,Month-to-month,Yes,Electronic check,63.56,2992.76,No
CUST-05613,Male,0,No,Yes,46,No,No phone service,No,No internet service,No internet service,No internet service,No internet service,No internet service,No internet service,Two year,Yes,Electronic check,36.5,1674.86,No
CUST-05614,Female,0,No,No,35,Yes,Yes,Fiber optic,No,No,Yes,No,No,No,One year,Yes,Credit card (automatic),70.99,2489.1,No
CUST-05615,Male,0,No,No,61,Yes,Yes,No,No internet service,No internet service,No internet service,No internet service,No internet service,No internet service,Month-to-month,Yes,Credit card (automatic),22.33,1372.02,Yes
CUST-05616,Female,0,Yes,No,51,Yes,Yes,Fiber optic,No,Yes,No,Yes,No,Yes,Month-to-month,Yes,Bank transfer (automatic),79.35,4050.25,Yes
CUST-05617,Female,0,Yes,No,63,Yes,No,DSL,Yes,No,No,Yes,No,No,Month-to-month,No,Mailed check,59.76,3757.43,Yes
CUST-05618,Female,0,No,No,8,Yes,No,Fiber optic,No,Yes,No,Yes,No,No,Month-to-month,Yes,Electronic check,86.98,697.08,Yes
CUST-05619,Female,1,Yes,No,34,No,No phone service,Fiber optic,Yes,No,No,No,No,Yes,Month-to-month,Yes,Mailed check,65.64,2230.03,Yes
CUST-05620,Female,0,No,No,25,Yes,Yes,No,No internet service,No internet service,No internet service,No internet service,No internet service,No internet service,One year,No,Bank transfer (automatic),18.25,450.12,No
CUST-05621,Male,0,No,No,44,Yes,Yes,No,No internet service,No internet service,No internet service,No internet service,No internet service,No internet service,Month-to-month,Yes,Credit card (automatic),32.46,1421.89,Yes
CUST-05622,Female,0,Yes,No,43,Yes,No,Fiber optic,No,No,No,No,No,No,Two year,Yes,Credit card (automatic),71.57,3083.59,No
CUST-05623,Male,0,Yes,Yes,50,No,No phone service,DSL,Yes,No,No,No,Yes,Yes,Two year,Yes,Electronic check,53.08,2647.14,No
CUST-05624,Male,0,Yes,No,13,Yes,No,Fiber optic,Yes,No,No,No,No,No,Month-to-month,Yes,Mailed check,65.59,861.69,Yes
CUST-05625,Male,0,Yes,No,46,Yes,No,DSL,No,No,Yes,No,No,No,Month-to-month,No,Bank transfer (automatic),54.71,2525.36,No
CUST-05626,Male,0,No,Yes,53,Yes,Yes,DSL,Yes,Yes,Yes,Yes,Yes,No,Month-to-month,No,Bank transfer (automatic),40.34,2145.86,Yes
CUST-05627,Male,0,No,No,63,Yes,Yes,DSL,No,No,Yes,No,No,Yes,Month-to-month,Yes,Credit card (automatic),69.68,4383.51,No
CUST-05628,Female,0,Yes,Yes,2,Yes,No,DSL,No,Yes,Yes,Yes,Yes,No,One year,Yes,Electronic check,44.58,86.95,No
CUST-05629,Female,0,Yes,No,40,Yes,Yes,No,No internet service,No internet service,No internet service,No internet service,No internet service,No internet service,One year,Yes,Mailed check,39.22,1568.51,No
CUST-05630,Female,0,Yes,Yes,23,No,No phone service,DSL,Yes,No,No,Yes,No,Yes,One year,Yes,Electronic check,50.79,1172.27,No
CUST-05631,Female,0,Yes,Yes,59,No,No phone service,Fiber optic,No,No,No,No,Yes,Yes,Month-to-month,Yes,Bank transfer (automatic),72.65,4281.88,Yes
CUST-05632,Male,0,No,No,69,Yes,No,Fiber optic,No,No,Yes,No,Yes,Yes,Month-to-month,Yes,Bank transfer (automatic),69.03,4755.86,Yes
CUST-05633,Female,0,No,No,34,Yes,No,No,No internet service,No internet service,No internet service,No internet service,No internet service,No internet service,Month-to-month,No,Electronic check,41.13,1400.93,No
CUST-05634,Female,0,No,Yes,27,Yes,Yes,Fiber optic,No,No,No,Yes,No,Yes,Month-to-month,Yes,Mailed check,74.66,2016.76,No
CUST-05635,Male,0,No,No,55,Yes,No,Fiber optic,No,No,No,Yes,No,No,Month-to-month,Yes,Credit card (automatic),87.19,4795.64,Yes
CUST-05636,Male,0,No,Yes,4,Yes,Yes,Fiber optic,Yes,Yes,No,No,Yes,No,Month-to-month,Yes,Electronic check,68.38,264.8,Yes
CUST-05637,Female,0,No,No,68,Yes,No,No,No internet service,No internet service,No internet service,No internet service,No internet service,No internet service,One year,Yes,Electronic check,44.45,3023.7,No
CUST-05638,Female,0,No,No,72,Yes,Yes,DSL,No,No,Yes,No,Yes,No,Month-to-month,Yes,Mailed check,57.35,4123.59,No
CUST-05639,Male,0,Yes,Yes,70,Yes,No,Fiber optic,Yes,No,No,No,No,No,One year,Yes,Bank transfer (automatic),88.81,6214.98,No
CUST-05640,Female,0,No,No,27,Yes,No,No,No internet service,No internet service,No internet service,No internet service,No internet service,No internet service,One year,No,Credit card (automatic),18.25,489.75,No
CUST-05641,Female,1,Yes,Yes,47,Yes,Yes,No,No internet service,No internet service,No internet service,No internet service,No internet service,No internet service,Two year,Yes,Electronic check,35.22,1656.69,No
CUST-05642,Female,0,Yes,Yes,40,Yes,No,DSL,No,No,Yes,Yes,No,No,Month-to-month,No,Electronic check,67.03,2678.41,Yes
CUST-05643,Female,0,Yes,No,27,Yes,No,Fiber optic,No,No,No,Yes,No,No,Month-to-month,Yes,Bank transfer (automatic),80.7,2179.16,Yes
CUST-05644,Male,0,No,No,7,Yes,No,DSL,No,Yes,Yes,No,Yes,No,Month-to-month,Yes,Mailed check,65.19,463.77,No
CUST-05645,Male,0,No,No,23,No,No phone service,Fiber optic,No,Yes,No,No,No,No,Month-to-month,No,Credit card (automatic),80.55,1858.36,Yes
CUST-05646,Male,0,No,No,64,Yes,Yes,Fiber optic,No,Yes,No,Yes,No,Yes,Month-to-month,Yes,Credit card (automatic),94.21,6037.22,No
CUST-05647,Female,0,No,No,29,Yes,Yes,DSL,No,Yes,Yes,No,Yes,Yes,Two year,No,Credit card (automatic),44.09,1284.2,No
CUST-05648,Female,0,Yes,No,61,Yes,No,No,No internet service,No internet service,No internet service,No internet service,No internet service,No internet service,Two year,Yes,Electronic check,42.82,2610.2,No
CUST-05649,Female,0,No,No,44,Yes,No,DSL,No,No,No,No,Yes,Yes,Month-to-month,No,Mailed check,57.62,2537.22,Yes
CUST-05650,Female,0,Yes,No,69,Yes,No,No,No internet service,No internet service,No internet service,No internet service,No internet service,No internet service,Month-to-month,Yes,Credit card (automatic),41.74,2883.0,Yes
CUST-05651,Female,0,No,No,27,Yes,Yes,No,No internet service,No internet service,No internet service,No internet service,No internet service,No internet service,Month-to-month,Yes,Credit card (automatic),18.76,508.63,No
CUST-05652,Male,0,No,No,12,Yes,No,DSL,No,Yes,No,Yes,Yes,No,Month-to-month,No,Mailed check,67.41,811.67,No
CUST-05653,Female,0,Yes,No,17,Yes,Yes,Fiber optic,No,Yes,No,No,Yes,No,One year,No,Mailed check,79.77,1358.78,Yes
CUST-05654,Female,0,Yes,No,37,Yes,Yes,DSL,No,Yes,No,Yes,Yes,No,Month-to-month,Yes,Electronic check,53.73,1991.63,Yes
CUST-05655,Male,0,Yes,No,34,Yes,Yes,DSL,No,No,No,No,No,Yes,Month-to-month,No,Credit card (automatic),57.09,1944.82,Yes
CUST-05656,Female,0,No,No,36,Yes,Yes,No,No internet service,No internet service,No internet service,No internet service,No internet service,No internet service,Month-to-month,Yes,Bank transfer (automatic),41.28,1487.85,Yes
CUST-05657,Male,1,No,No,6,No,No phone service,DSL,Yes,Yes,Yes,No,No,No,Month-to-month,No,Electronic check,65.03,385.34,Yes
CUST-05658,Male,0,Yes,No,32,Yes,No,Fiber optic,No,No,No,No,Yes,No,One year,Yes,Credit card (automatic),68.73,2199.65,No
CUST-05659,Male,0,No,No,22,Yes,Yes,No,No internet service,No internet service,No internet service,No internet service,No internet service,No internet service,Month-to-month,Yes,Bank transfer (automatic),18.25,401.02,No
CUST-05660,Male,0,Yes,No,10,Yes,Yes,DSL,No,No,Yes,Yes,No,No,Month-to-month,Yes,Electronic check,55.39,558.05,Yes
CUST-05661,Male,0,No,No,29,Yes,No,Fiber optic,No,No,No,No,No,Yes,One year,No,Electronic check,94.71,2754.0,No
CUST-05662,Female,0,Yes,No,11,Yes,No,Fiber optic,Yes,Yes,Yes,Yes,No,No,Two year,No,Bank transfer (automatic),80.22,889.86,No
CUST-05663,Male,0,Yes,No,66,Yes,No,Fiber optic,No,No,Yes,No,Yes,Yes,Month-to-month,No,Electronic check,69.35,4571.68,No
CUST-05664,Male,0,No,No,56,No,No phone service,No,No internet service,No internet service,No internet service,No internet service,No internet service,No internet service,One year,Yes,Credit card (automatic),28.04,1569.73,No
CUST-05665,Female,1,Yes,No,58,Yes,Yes,Fiber optic,Yes,No,No,No,No,Yes,One year,Yes,Bank transfer (automatic),76.06,4418.94,No
CUST-05666,Female,0,No,Yes,52,Yes,No,Fiber optic,No,No,No,No,Yes,No,Month-to-month,No,Electronic check,93.65,4871.73,No
CUST-05667,Male,0,No,Yes,61,Yes,Yes,No,No internet service,No internet service,No internet service,No internet service,No internet service,No internet service,Two year,No,Bank transfer (automatic),43.5,2657.59,No
CUST-05668,Female,1,Yes,No,17,Yes,No,No,No internet service,No internet service,No internet service,No internet service,No internet service,No internet service,One year,No,Electronic check,18.25,315.1,Yes
CUST-05669,Female,0,Yes,No,30,No,No phone service,Fiber optic,Yes,Yes,No,No,No,No,One year,No,Credit card (automatic),72.01,2151.81,No
CUST-05670,Male,0,No,No,72,Yes,No,Fiber optic,No,No,No,Yes,Yes,No,Two year,No,Bank transfer (automatic),78.74,5667.44,No
CUST-05671,Male,0,No,Yes,37,Yes,No,Fiber optic,Yes,Yes,No,No,Yes,Yes,Month-to-month,Yes,Credit card (automatic),82.07,3036.59,Yes
CUST-05672,Female,1,Yes,No,5,Yes,No,No,No internet service,No internet service,No internet service,No internet service,No internet service,No internet service,One year,No,Bank transfer (automatic),20.67,113.07,No
CUST-05673,Male,0,Yes,No,26,Yes,No,Fiber optic,No,Yes,No,Yes,No,No,Month-to-month,No,Mailed check,82.56,2154.03,No
CUST-05674,Male,0,Yes,No,70,Yes,Yes,DSL,No,Yes,No,Yes,No,No,Month-to-month,Yes,Credit card (automatic),46.11,3237.06,No
CUST-05675,Female,0,No,No,1,Yes,No,Fiber optic,No,Yes,No,Yes,No,No,One year,No,Credit card (automatic),77.63,81.81,No
CUST-05676,Male,0,No,No,9,Yes,No,Fiber optic,No,Yes,Yes,No,Yes,Yes,Month-to-month,No,Credit card (automatic),80.7,725.95,No
CUST-05677,Male,0,No,No,71,No,No phone service,Fiber optic,Yes,No,Yes,No,Yes,No,Month-to-month,No,Bank transfer (automatic),94.26,6702.15,Yes
CUST-05678,Male,0,Yes,Yes,64,Yes,Yes,Fiber optic,No,No,No,Yes,Yes,No,Month-to-month,Yes,Bank transfer (automatic),67.06,4294.18,No
CUST-05679,Male,0,Yes,No,24,Yes,Yes,Fiber optic,No,No,No,Yes,No,Yes,Month-to-month,Yes,Mailed check,92.78,2227.64,Yes
CUST-05680,Male,1,No,No,5,Yes,Yes,DSL,Yes,No,No,No,Yes,No,Month-to-month,Yes,Electronic check,44.09,230.32,No
CUST-05681,Female,0,No,No,51,Yes,No,DSL,No,No,No,No,No,No,Two year,No,Electronic check,42.91,2189.44,No
CUST-05682,Female,1,Yes,Yes,38,Yes,No,Fiber optic,Yes,Yes,No,No,No,Yes,Two year,Yes,Bank transfer (automatic),73.83,2799.49,No
CUST-05683,Male,0,No,No,29,Yes,No,DSL,No,Yes,Yes,No,No,No,Month-to-month,Yes,Mailed check,56.9,1648.48,Yes
CUST-05684,Female,0,Yes,No,46,Yes,No,No,No internet service,No internet service,No internet service,No internet service,No internet service,No internet service,Two year,Yes,Credit card (automatic),27.48,1264.64,Yes
CUST-05685,Male,0,Yes,No,52,Yes,Yes,DSL,No,No,Yes,Yes,No,No,Month-to-month,Yes,Mailed check,55.67,2901.6,No
CUST-05686,Male,0,Yes,No,46,Yes,No,Fiber optic,No,Yes,Yes,No,No,Yes,Month-to-month,Yes,Credit card (automatic),88.36,4064.37,Yes
CUST-05687,Male,1,No,Yes,68,Yes,Yes,DSL,No,No,No,No,No,Yes,Month-to-month,No,Mailed check,64.92,4417.37,No
CUST-05688,Male,0,No,No,59,Yes,No,DSL,No,No,No,Yes,No,Yes,One year,No,Mailed check,68.87,4072.07,No
CUST-05689,Male,0,Yes,No,10,Yes,Yes,DSL,No,No,No,No,Yes,No,One year,Yes,Bank transfer (automatic),67.79,683.41,Yes
CUST-05690,Female,0,Yes,No,4,Yes,Yes,Fiber optic,Yes,No,Yes,No,No,No,Month-to-month,No,Electronic check,70.74,283.24,Yes
CUST-05691,Female,0,No,No,52,Yes,Yes,Fiber optic,Yes,Yes,No,Yes,No,No,Two year,No,Bank transfer (automatic),86.48,4494.91,No
CUST-05692,Male,0,Yes,No,18,Yes,Yes,DSL,No,No,No,No,Yes,No,Month-to-month,Yes,Electronic check,62.49,1127.56,Yes
CUST-05693,Female,0,No,No,51,Yes,Yes,Fiber optic,Yes,No,Yes,Yes,Yes,No,Month-to-month,No,Electronic check,79.36,4057.08,Yes
CUST-05694,Male,0,No,No,23,Yes,Yes,Fiber optic,Yes,No,No,No,No,No,One year,No,Electronic check,91.56,2108.83,Yes
CUST-05695,Female,0,No,Yes,25,No,No phone service,Fiber optic,No,Yes,No,No,No,No,Two year,Yes,Electronic check,87.75,2187.79,No
CUST-05696,Male,0,Yes,No,60,Yes,Yes,DSL,Yes,Yes,Yes,No,Yes,No,Month-to-month,Yes,Credit card (automatic),52.06,3117.53,No
CUST-05697,Female,0,Yes,Yes,37,Yes,No,No,No internet service,No internet service,No internet service,No internet service,No internet service,No internet service,Month-to-month,Yes,Credit card (automatic),27.66,1015.4,Yes
CUST-05698,Male,0,Yes,Yes,68,Yes,Yes,DSL,No,No,No,No,No,Yes,Two year,Yes,Electronic check,51.22,3476.47,No
CUST-05699,Male,0,Yes,No,18,Yes,No,No,No internet service,No internet service,No internet service,No internet service,No internet service,No internet service,Month-to-month,Yes,Mailed check,30.19,551.4,Yes
CUST-05700,Female,0,No,No,29,Yes,Yes,DSL,No,No,No,Yes,No,No,Month-to-month,Yes,Electronic check,61.96,1792.91,No
CUST-05701,Female,0,Yes,No,30,Yes,No,Fiber optic,Yes,Yes,Yes,No,Yes,Yes,Month-to-month,Yes,Credit card (automatic),74.53,2227.18,Yes
CUST-05702,Male,0,No,Yes,7,Yes,No,Fiber optic,No,No,Yes,No,Yes,No,One year,No,Electronic check,71.85,506.8,No
CUST-05703,Female,0,Yes,No,41,Yes,Yes,Fiber optic,Yes,Yes,No,No,No,Yes,Month-to-month,Yes,Electronic check,66.02,2697.69,Yes
CUST-05704,Male,0,Yes,No,37,Yes,No,Fiber optic,No,No,Yes,No,Yes,No,One year,Yes,Bank transfer (automatic),88.91,3280.09,No
CUST-05705,Female,0,Yes,Yes,27,No,No phone service,DSL,No,No,No,No,No,No,Month-to-month,Yes,Electronic check,50.87,1369.84,No
CUST-05706,Female,0,Yes,No,21,Yes,No,Fiber optic,No,Yes,No,No,Yes,Yes,One year,Yes,Credit card (automatic),87.61,1829.99,No
CUST-05707,Male,0,Yes,No,43,Yes,Yes,DSL,Yes,Yes,Yes,Yes,No,No,Two year,Yes,Bank transfer (automatic),43.35,1864.36,No
CUST-05708,Female,0,No,Yes,51,Yes,Yes,Fiber optic,No,No,Yes,No,No,Yes,One year,Yes,Credit card (automatic),80.96,4132.95,No
CUST-05709,Female,0,Yes,No,71,No,No phone service,No,No internet service,No internet service,No internet service,No internet service,No internet service,No internet service,Month-to-month,No,Mailed check,26.95,1907.58,No
CUST-05710,Male,0,Yes,No,13,Yes,Yes,Fiber optic,No,Yes,No,No,Yes,Yes,Two year,Yes,Electronic check,79.23,1031.84,No
CUST-05711,Female,0,Yes,No,53,Yes,No,Fiber optic,No,Yes,No,No,No,No,Month-to-month,Yes,Credit card (automatic),92.76,4914.92,No
CUST-05712,Male,0,Yes,Yes,63,Yes,No,DSL,Yes,No,No,No,No,No,Month-to-month,No,Mailed check,41.95,2650.05,No
CUST-05713,Male,0,Yes,No,57,No,No phone service,Fiber optic,No,No,No,No,Yes,No,Month-to-month,Yes,Credit card (automatic),77.6,4423.33,Yes
CUST-05714,Male,0,No,No,25,Yes,No,DSL,Yes,No,Yes,No,Yes,No,Month-to-month,Yes,Credit card (automatic),64.86,1618.64,No
CUST-05715,Male,0,Yes,No,13,Yes,Yes,DSL,No,No,No,No,Yes,No,Month-to-month,No,Credit card (automatic),58.54,761.44,No
CUST-05716,Male,0,No,Yes,37,Yes,Yes,DSL,Yes,No,No,No,No,Yes,Month-to-month,Yes,Electronic check,69.49,2565.96,No
CUST-05717,Female,0,Yes,No,30,Yes,Yes,No,No internet service,No internet service,No internet service,No internet service,No internet service,No internet service,Month-to-month,No,Electronic check,37.32,1117.55,No
CUST-05718,Male,0,No,No,12,Yes,Yes,No,No internet service,No internet service,No internet service,No internet service,No internet service,No internet service,Two year,Yes,Bank transfer (automatic),18.25,219.55,No
CUST-05719,Male,0,Yes,Yes,65,No,No phone service,No,No internet service,No internet service,No internet service,No internet service,No internet service,No internet service,Month-to-month,No,Mailed check,26.34,1716.36,No
CUST-05720,Female,0,Yes,No,18,Yes,No,No,No internet service,No internet service,No internet service,No internet service,No internet service,No internet service,Month-to-month,No,Mailed check,24.87,441.21,No
CUST-05721,Female,1,No,No,62,Yes,No,Fiber optic,No,No,No,No,Yes,No,Month-to-month,Yes,Electronic check,79.72,4947.95,Yes
CUST-05722,Female,0,Yes,Yes,24,Yes,Yes,DSL,Yes,No,No,Yes,No,Yes,Month-to-month,No,Electronic check,58.64,1399.12,No
CUST-05723,Male,0,No,No,60,Yes,No,Fiber optic,No,No,Yes,No,No,No,Month-to-month,Yes,Mailed check,72.56,4344.03,Yes
CUST-05724,Male,0,Yes,No,17,Yes,No,Fiber optic,No,Yes,No,Yes,Yes,No,Month-to-month,No,Bank transfer (automatic),83.86,1432.58,Yes
CUST-05725,Male,0,No,Yes,60,No,No phone service,Fiber optic,No,Yes,No,Yes,Yes,No,Month-to-month,Yes,Electronic check,72.92,4366.69,Yes
CUST-05726,Female,0,No,No,9,Yes,No,Fiber optic,No,Yes,No,No,No,No,Two year,Yes,Mailed check,68.73,625.83,Yes
CUST-05727,Male,0,No,No,52,Yes,No,Fiber optic,No,No,No,No,Yes,No,One year,Yes,Bank transfer (automatic),80.38,4189.06,No
CUST-05728,Female,0,Yes,Yes,15,Yes,No,Fiber optic,No,Yes,No,No,No,No,Month-to-month,Yes,Mailed check,79.64,1198.53,Yes
CUST-05729,Male,0,No,No,28,Yes,Yes,DSL,No,No,No,Yes,No,No,One year,No,Bank transfer (automatic),52.2,1461.35,Yes
CUST-05730,Female,0,Yes,No,9,Yes,No,Fiber optic,No,Yes,No,No,No,No,Two year,No,Electronic check,80.95,729.36,No
CUST-05731,Male,0,No,No,56,Yes,Yes,DSL,Yes,No,No,No,No,No,Two year,No,Credit card (automatic),55.0,3079.5,No
CUST-05732,Male,1,No,No,36,Yes,Yes,DSL,No,Yes,Yes,No,No,Yes,Month-to-month,No,Electronic check,57.54,2068.78,No
CUST-05733,Male,0,No,No,56,Yes,Yes,No,No internet service,No internet service,No internet service,No internet service,No internet service,No internet service,Month-to-month,No,Bank transfer (automatic),44.01,2464.33,No
CUST-05734,Female,0,Yes,No,71,Yes,No,Fiber optic,No,No,No,No,Yes,Yes,Two year,No,Electronic check,86.19,6114.81,No
CUST-05735,Female,0,Yes,No,20,Yes,No,No,No internet service,No internet service,No internet service,No internet service,No internet service,No internet service,Two year,Yes,Credit card (automatic),40.96,813.01,No
CUST-05736,Male,0,Yes,No,55,Yes,Yes,Fiber optic,No,No,Yes,Yes,No,No,Month-to-month,Yes,Bank transfer (automatic),79.92,4392.03,No
CUST-05737,Male,1,No,No,60,Yes,No,DSL,No,No,No,Yes,Yes,Yes,Month-to-month,No,Mailed check,60.77,3636.26,No
CUST-05738,Male,0,Yes,No,35,Yes,No,No,No internet service,No internet service,No internet service,No internet service,No internet service,No internet service,Two year,Yes,Credit card (automatic),18.25,637.47,No
CUST-05739,Female,0,Yes,No,1,Yes,No,DSL,Yes,No,Yes,No,No,Yes,Month-to-month,No,Electronic check,64.41,55.29,No
CUST-05740,Male,0,No,No,45,Yes,Yes,No,No internet service,No internet service,No internet service,No internet service,No internet service,No internet service,One year,Yes,Mailed check,43.39,1945.46,No
CUST-05741,Male,0,No,Yes,69,Yes,No,Fiber optic,No,No,No,No,No,No,Two year,Yes,Credit card (automatic),94.22,6499.06,No
CUST-05742,Male,0,Yes,No,40,Yes,No,No,No internet service,No internet service,No internet service,No internet service,No internet service,No internet service,Month-to-month,Yes,Mailed check,20.55,825.84,Yes
CUST-05743,Male,0,Yes,No,38,No,No phone service,No,No internet service,No internet service,No internet service,No internet service,No internet service,No internet service,Month-to-month,Yes,Bank transfer (automatic),43.94,1670.63,No
CUST-05744,Female,0,Yes,No,24,Yes,Yes,Fiber optic,No,No,Yes,No,No,Yes,One year,No,Electronic check,81.27,1946.75,No
CUST-05745,Female,0,No,No,4,Yes,No,No,No internet service,No internet service,No internet service,No internet service,No internet service,No internet service,One year,No,Electronic check,40.62,153.94,Yes
CUST-05746,Male,0,No,Yes,69,Yes,No,Fiber optic,No,No,Yes,No,No,No,Month-to-month,No,Electronic check,87.5,6035.89,No
CUST-05747,Male,1,No,No,13,Yes,Yes,DSL,No,Yes,Yes,Yes,Yes,Yes,Month-to-month,Yes,Mailed check,67.19,881.61,No
CUST-05748,Female,0,No,No,21,Yes,Yes,No,No internet service,No internet service,No internet service,No internet service,No internet service,No internet service,Two year,No,Bank transfer (automatic),33.44,695.61,No
CUST-05749,Female,0,No,No,32,Yes,Yes,No,No internet service,No internet service,No internet service,No internet service,No internet service,No internet service,Month-to-month,Yes,Electronic check,24.8,800.84,Yes
CUST-05750,Male,0,Yes,Yes,38,Yes,No,DSL,No,No,No,No,No,Yes,Month-to-month,No,Bank transfer (automatic),62.81,2392.18,Yes
CUST-05751,Female,0,Yes,No,32,Yes,No,No,No internet service,No internet service,No internet service,No internet service,No internet service,No internet service,Month-to-month,No,Bank transfer (automatic),23.63,757.39,No
CUST-05752,Female,0,Yes,No,57,Yes,No,Fiber optic,No,Yes,No,Yes,No,No,Two year,No,Electronic check,72.99,4159.56,No
CUST-05753,Male,0,No,Yes,48,Yes,No,DSL,No,No,No,Yes,Yes,No,Month-to-month,No,Bank transfer (automatic),45.13,2169.38,Yes
CUST-05754,Female,0,No,No,30,Yes,No,Fiber optic,No,No,No,No,No,Yes,Month-to-month,No,Mailed check,67.32,2024.69,No
CUST-05755,Female,1,Yes,No,71,Yes,No,No,No internet service,No internet service,No internet service,No internet service,No internet service,No internet service,Two year,Yes,Electronic check,39.14,2784.54,No
CUST-05756,Male,0,Yes,No,38,No,No phone service,Fiber optic,No,No,Yes,Yes,No,No,One year,Yes,Credit card (automatic),74.06,2818.27,No
CUST-05757,Male,0,Yes,No,44,Yes,No,Fiber optic,No,No,Yes,No,Yes,Yes,Month-to-month,Yes,Electronic check,76.95,3383.13,Yes
CUST-05758,Female,1,No,No,26,Yes,No,No,No internet service,No internet service,No internet service,No internet service,No internet service,No internet service,Two year,Yes,Mailed check,38.25,984.99,No
CUST-05759,Male,1,No,No,2,Yes,Yes,No,No internet service,No internet service,No internet service,No internet service,No internet service,No internet service,Two year,No,Credit card (automatic),18.25,36.2,No
CUST-05760,Female,0,No,Yes,43,Yes,Yes,DSL,No,Yes,No,Yes,No,Yes,Month-to-month,Yes,Electronic check,49.92,2139.43,No
CUST-05761,Male,0,No,Yes,43,Yes,Yes,Fiber optic,No,No,No,No,No,No,Month-to-month,No,Electronic check,92.63,3982.1,No
CUST-05762,Female,0,No,Yes,63,Yes,Yes,DSL,Yes,No,No,No,No,Yes,Month-to-month,Yes,Credit card (automatic),46.09,2902.85,No
CUST-05763,Male,1,Yes,Yes,58,Yes,Yes,Fiber optic,No,Yes,Yes,No,No,Yes,Month-to-month,No,Credit card (automatic),67.5,3915.21,No
CUST-05764,Female,1,Yes,No,48,Yes,Yes,No,No internet service,No internet service,No internet service,No internet service,No internet service,No internet service,One year,Yes,Bank transfer (automatic),44.12,2126.55,No
CUST-05765,Female,0,No,No,5,Yes,Yes,DSL,No,No,Yes,No,Yes,No,Month-to-month,Yes,Credit card (automatic),60.24,303.79,Yes
CUST-05766,Female,0,No,Yes,35,No,No phone service,Fiber optic,No,No,Yes,Yes,No,No,Month-to-month,Yes,Credit card (automatic),89.54,3124.69,No
CUST-05767,Male,0,Yes,Yes,16,Yes,Yes,No,No internet service,No internet service,No internet service,No internet service,No internet service,No internet service,One year,No,Electronic check,19.89,322.92,Yes
CUST-05768,Male,0,No,No,49,Yes,No,Fiber optic,Yes,No,Yes,No,No,No,Month-to-month,No,Credit card (automatic),65.34,3205.45,Yes
CUST-05769,Female,0,No,Yes,60,Yes,No,DSL,Yes,No,Yes,Yes,No,Yes,Month-to-month,Yes,Electronic check,56.83,3415.47,Yes
CUST-05770,Female,1,Yes,No,51,Yes,No,Fiber optic,Yes,No,No,Yes,No,No,Month-to-month,No,Bank transfer (automatic),84.8,4322.32,Yes
CUST-05771,Male,0,No,Yes,59,No,No phone service,No,No internet service,No internet service,No internet service,No internet service,No internet service,No internet service,Month-to-month,Yes,Bank transfer (automatic),21.71,1289.12,No
CUST-05772,Male,0,No,No,64,Yes,No,Fiber optic,No,Yes,Yes,No,No,No,One year,Yes,Mailed check,65.57,4200.08,No
CUST-05773,Male,0,Yes,No,13,Yes,Yes,Fiber optic,No,Yes,No,No,Yes,No,Month-to-month,Yes,Bank transfer (automatic),94.07,1216.19,Yes
CUST-05774,Male,0,No,No,26,Yes,Yes,Fiber optic,Yes,No,No,Yes,No,No,Month-to-month,No,Electronic check,75.98,1979.37,No
CUST-05775,Male,0,No,No,70,Yes,Yes,Fiber optic,Yes,No,No,No,No,Yes,Month-to-month,Yes,Electronic check,86.56,6057.7,Yes
CUST-05776,Male,0,Yes,No,3,Yes,Yes,Fiber optic,No,No,No,Yes,No,No,One year,Yes,Electronic check,79.15,235.44,Yes
CUST-05777,Female,0,Yes,Yes,12,Yes,No,DSL,No,Yes,Yes,No,No,No,Month-to-month,Yes,Credit card (automatic),47.71,564.01,No
CUST-05778,Male,0,No,No,41,Yes,No,Fiber optic,No,No,No,No,Yes,No,Month-to-month,No,Electronic check,93.61,3841.46,Yes
CUST-05779,Female,0,Yes,No,65,Yes,Yes,No,No internet service,No internet service,No internet service,No internet service,No internet service,No internet service,Month-to-month,Yes,Bank transfer (automatic),31.52,2045.69,Yes
CUST-05780,Male,0,Yes,No,63,Yes,No,No,No internet service,No internet service,No internet service,No internet service,No internet service,No internet service,Month-to-month,No,Mailed check,25.21,1589.57,Yes
CUST-05781,Male,0,No,No,50,Yes,No,Fiber optic,No,Yes,No,No,Yes,No,Month-to-month,Yes,Credit card (automatic),87.09,4362.33,No
CUST-05782,Female,0,Yes,No,47,Yes,Yes,Fiber optic,No,Yes,No,No,No,No,Month-to-month,Yes,Credit card (automatic),83.63,3928.0,Yes
CUST-05783,Female,0,No,No,8,Yes,No,DSL,No,No,Yes,No,No,No,Two year,No,Mailed check,61.12,483.03,Yes
CUST-05784,Male,0,Yes,No,31,Yes,No,DSL,No,No,No,No,No,No,Two year,No,Mailed check,64.91,2013.16,No
CUST-05785,Female,0,Yes,No,11,Yes,No,No,No internet service,No internet service,No internet service,No internet service,No internet service,No internet service,Two year,No,Mailed check,19.87,228.47,No
CUST-05786,Female,0,No,Yes,17,No,No phone service,DSL,No,Yes,Yes,No,No,No,Month-to-month,Yes,Mailed check,41.84,710.16,No
CUST-05787,Female,1,No,No,27,Yes,No,DSL,No,No,No,No,No,No,Two year,Yes,Electronic check,53.88,1454.22,No
CUST-05788,Female,0,No,No,27,No,No phone service,Fiber optic,No,No,Yes,Yes,Yes,No,Two year,No,Electronic check,65.67,1763.46,No
CUST-05789,Male,0,Yes,Yes,56,Yes,Yes,Fiber optic,No,No,No,Yes,No,No,Month-to-month,No,Mailed check,71.29,3989.55,Yes
CUST-05790,Female,0,No,Yes,69,Yes,No,Fiber optic,No,No,No,Yes,Yes,No,Month-to-month,Yes,Bank transfer (automatic),69.97,4837.53,No
CUST-05791,Male,0,No,Yes,47,No,No phone service,Fiber optic,No,No,No,No,No,Yes,Month-to-month,Yes,Electronic check,87.96,4133.18,Yes
CUST-05792,Male,0,Yes,No,19,Yes,Yes,Fiber optic,No,Yes,No,No,Yes,No,Month-to-month,Yes,Mailed check,88.5,1672.95,Yes
CUST-05793,Male,1,Yes,No,57,Yes,Yes,DSL,No,Yes,No,No,No,Yes,Two year,Yes,Credit card (automatic),44.0,2513.56,No
CUST-05794,Male,0,Yes,Yes,31,Yes,No,No,No internet service,No internet service,No internet service,No internet service,No internet service,No internet service,One year,No,Mailed check,24.35,762.27,No
CUST-05795,Female,0,No,No,16,Yes,Yes,No,No internet service,No internet service,No internet service,No internet service,No internet service,No internet service,Month-to-month,Yes,Mailed check,36.3,584.88,No
CUST-05796,Female,0,Yes,No,45,Yes,No,Fiber optic,Yes,No,No,Yes,No,No,Month-to-month,Yes,Electronic check,71.09,3194.94,Yes
CUST-05797,Male,1,Yes,No,27,Yes,Yes,Fiber optic,No,Yes,No,Yes,No,No,Month-to-month,Yes,Credit card (automatic),75.44,2033.24,No
CUST-05798,Male,0,No,Yes,61,Yes,Yes,Fiber optic,Yes,Yes,No,No,Yes,No,Two year,Yes,Bank transfer (automatic),76.02,4639.76,No
CUST-05799,Male,0,Yes,No,26,Yes,Yes,Fiber optic,No,No,No,No,Yes,No,Two year,No,Electronic check,67.16,1750.44,No
CUST-05800,Male,0,Yes,No,29,No,No phone service,Fiber optic,No,Yes,No,No,No,No,Month-to-month,Yes,Mailed check,70.95,2062.5,Yes
CUST-05801,Female,0,No,No,44,Yes,No,DSL,No,No,Yes,No,Yes,No,Month-to-month,Yes,Bank transfer (automatic),46.48,2052.64,No
CUST-05802,Male,1,Yes,No,29,No,No phone service,Fiber optic,Yes,No,No,No,No,No,Month-to-month,Yes,Electronic check,86.91,2523.21,Yes
CUST-05803,Female,0,No,No,2,Yes,Yes,Fiber optic,Yes,Yes,No,No,No,No,Month-to-month,No,Mailed check,73.64,148.87,No
CUST-05804,Male,0,No,No,6,No,No phone service,No,No internet service,No internet service,No internet service,No internet service,No internet service,No internet service,Month-to-month,No,Mailed check,37.28,222.82,Yes
CUST-05805,Male,1,No,Yes,9,Yes,Yes,DSL,Yes,Yes,No,Yes,No,Yes,Two year,Yes,Bank transfer (automatic),55.5,507.16,No
CUST-05806,Male,1,No,Yes,15,Yes,Yes,Fiber optic,No,No,Yes,Yes,No,No,Month-to-month,Yes,Bank transfer (automatic),67.42,1008.66,Yes
CUST-05807,Male,0,No,No,58,Yes,Yes,Fiber optic,No,No,No,No,No,Yes,Month-to-month,Yes,Mailed check,71.56,4146.34,No
CUST-05808,Female,1,Yes,Yes,2,No,No phone service,DSL,No,Yes,No,No,Yes,Yes,Month-to-month,No,Electronic check,41.35,89.5,No
CUST-05809,Female,0,No,Yes,3,Yes,No,Fiber optic,No,No,No,Yes,No,No,Month-to-month,No,Electronic check,93.97,279.74,No
CUST-05810,Female,0,No,No,52,Yes,Yes,Fiber optic,No,No,No,No,No,No,Month-to-month,Yes,Mailed check,89.78,4676.51,No
CUST-05811,Male,1,No,Yes,55,Yes,Yes,Fiber optic,No,Yes,Yes,No,No,Yes,Month-to-month,No,Credit card (automatic),73.05,4021.21,Yes
CUST-05812,Male,0,No,No,53,Yes,No,Fiber optic,No,Yes,No,No,No,Yes,Month-to-month,No,Bank transfer (automatic),75.56,4013.35,Yes
CUST-05813,Female,0,Yes,No,72,Yes,No,No,No internet service,No internet service,No internet service,No internet service,No internet service,No internet service,Month-to-month,No,Mailed check,36.29,2605.6,No
CUST-05814,Female,0,Yes,No,40,Yes,Yes,Fiber optic,No,No,No,Yes,Yes,No,Two year,Yes,Mailed check,78.69,3141.18,No
CUST-05815,Male,0,Yes,Yes,39,Yes,Yes,No,No internet service,No internet service,No internet service,No internet service,No internet service,No internet service,Two year,Yes,Bank transfer (automatic),33.0,1295.98,No
CUST-05816,Male,0,No,Yes,43,No,No phone service,DSL,No,No,No,No,Yes,No,One year,Yes,Electronic check,40.79,1759.91,No
CUST-05817,Female,0,Yes,Yes,13,Yes,No,No,No internet service,No internet service,No internet service,No internet service,No internet service,No internet service,One year,Yes,Mailed check,42.74,557.0,No
CUST-05818,Male,0,Yes,Yes,37,Yes,Yes,Fiber optic,No,No,No,No,Yes,Yes,Month-to-month,No,Mailed check,72.76,2699.16,Yes
CUST-05819,Male,0,No,Yes,55,Yes,No,DSL,Yes,Yes,No,Yes,No,No,Month-to-month,Yes,Mailed check,59.7,3287.66,No
CUST-05820,Female,0,No,No,32,No,No phone service,DSL,No,Yes,No,Yes,No,No,One year,Yes,Electronic check,68.5,,No
CUST-05821,Male,1,Yes,No,14,Yes,Yes,Fiber optic,Yes,No,Yes,Yes,No,No,Month-to-month,No,Mailed check,84.82,1191.62,Yes
CUST-05822,Female,0,Yes,No,65,Yes,Yes,DSL,No,Yes,No,Yes,Yes,No,One year,Yes,Electronic check,62.62,4068.58,No
CUST-05823,Male,0,Yes,No,27,Yes,No,DSL,Yes,No,No,No,Yes,Yes,Month-to-month,No,Bank transfer (automatic),68.98,1871.54,No
CUST-05824,Female,0,Yes,No,24,Yes,No,Fiber optic,No,No,Yes,Yes,No,No,Month-to-month,No,Mailed check,85.22,2045.13,No
CUST-05825,Male,0,No,No,22,Yes,Yes,Fiber optic,No,No,No,No,No,Yes,Month-to-month,Yes,Credit card (automatic),80.19,1756.81,Yes
CUST-05826,Female,1,No,Yes,45,Yes,Yes,Fiber optic,No,Yes,No,No,No,No,One year,No,Mailed check,80.93,3639.16,Yes
CUST-05827,Female,0,No,No,8,Yes,Yes,Fiber optic,Yes,No,Yes,No,No,Yes,Month-to-month,Yes,Electronic check,66.25,532.22,Yes
CUST-05828,Female,0,No,No,67,Yes,No,No,No internet service,No internet service,No internet service,No internet service,No internet service,No internet service,Month-to-month,No,Credit card (automatic),18.25,1220.93,No
CUST-05829,Female,0,No,Yes,64,No,No phone service,No,No internet service,No internet service,No internet service,No internet service,No internet service,No internet service,Month-to-month,Yes,Electronic check,31.81,2044.97,No
CUST-05830,Male,0,Yes,No,47,Yes,Yes,DSL,No,No,No,No,No,No,Month-to-month,No,Mailed check,56.1,2645.83,No
CUST-05831,Male,0,No,No,21,Yes,No,No,No internet service,No internet service,No internet service,No internet service,No internet service,No internet service,Month-to-month,Yes,Electronic check,30.23,637.05,Yes
CUST-05832,Female,0,No,Yes,32,Yes,No,DSL,No,No,No,No,Yes,No,Month-to-month,No,Electronic check,44.19,1404.29,Yes
CUST-05833,Male,0,Yes,No,45,Yes,Yes,Fiber optic,No,No,No,Yes,No,No,One year,No,Bank transfer (automatic),92.86,4177.33,Yes
CUST-05834,Male,0,No,No,44,Yes,No,No,No internet service,No internet service,No internet service,No internet service,No internet service,No internet service,Two year,No,Bank transfer (automatic),42.23,1860.98,No
CUST-05835,Male,0,Yes,No,41,No,No phone service,Fiber optic,No,No,No,No,No,No,One year,Yes,Mailed check,73.94,3039.58,No
CUST-05836,Male,0,No,No,52,Yes,No,No,No internet service,No internet service,No internet service,No internet service,No internet service,No internet service,Two year,No,Credit card (automatic),27.04,1400.19,No
CUST-05837,Male,0,No,No,11,Yes,No,No,No internet service,No internet service,No internet service,No internet service,No internet service,No internet service,Two year,Yes,Mailed check,26.55,283.76,No
CUST-05838,Female,0,No,No,18,Yes,No,No,No internet service,No internet service,No internet service,No internet service,No internet service,No internet service,Month-to-month,No,Bank transfer (automatic),21.73,395.1,No
CUST-05839,Female,0,Yes,Yes,11,Yes,No,Fiber optic,No,No,No,Yes,Yes,No,Month-to-month,Yes,Credit card (automatic),74.92,819.12,Yes
CUST-05840,Female,0,No,No,27,Yes,No,No,No internet service,No internet service,No internet service,No internet service,No internet service,No internet service,Two year,Yes,Bank transfer (automatic),44.82,1217.78,No
CUST-05841,Female,0,Yes,No,43,Yes,No,DSL,Yes,No,No,Yes,No,Yes,Month-to-month,Yes,Electronic check,57.11,2463.04,No
CUST-05842,Male,0,No,Yes,65,Yes,Yes,Fiber optic,No,Yes,Yes,No,Yes,No,Month-to-month,Yes,Mailed check,91.96,5978.55,Yes
CUST-05843,Male,0,No,No,54,Yes,Yes,Fiber optic,Yes,No,No,No,No,No,Month-to-month,Yes,Bank transfer (automatic),86.97,4696.11,No
CUST-05844,Female,0,Yes,No,29,No,No phone service,No,No internet service,No internet service,No internet service,No internet service,No internet service,No internet service,Month-to-month,No,Electronic check,41.34,1189.74,No
CUST-05845,Male,0,Yes,Yes,21,Yes,No,DSL,No,No,No,No,Yes,No,Month-to-month,Yes,Electronic check,50.97,1080.28,No
CUST-05846,Male,0,No,No,29,Yes,Yes,No,No internet service,No internet service,No internet service,No internet service,No internet service,No internet service,Month-to-month,Yes,Bank transfer (automatic),34.26,988.32,No
CUST-05847,Female,0,Yes,Yes,9,No,No phone service,No,No internet service,No internet service,No internet service,No internet service,No internet service,No internet service,Month-to-month,Yes,Credit card (automatic),26.15,233.45,Yes
CUST-05848,Male,0,No,No,61,Yes,Yes,No,No internet service,No internet service,No internet service,No internet service,No internet service,No internet service,Month-to-month,Yes,Credit card (automatic),39.52,2413.07,No
CUST-05849,Female,0,No,No,62,Yes,Yes,DSL,Yes,No,No,Yes,No,No,Two year,Yes,Bank transfer (automatic),62.98,3902.96,No
CUST-05850,Female,0,Yes,Yes,71,Yes,Yes,No,No internet service,No internet service,No internet service,No internet service,No internet service,No internet service,Month-to-month,No,Bank transfer (automatic),38.42,2734.17,No
CUST-05851,Male,1,Yes,No,5,Yes,No,Fiber optic,No,No,No,No,No,Yes,Two year,Yes,Bank transfer (automatic),70.88,345.87,Yes
CUST-05852,Male,0,Yes,No,15,Yes,No,DSL,Yes,No,No,No,No,No,One year,Yes,Electronic check,65.74,991.29,No
CUST-05853,Female,0,No,No,57,Yes,Yes,No,No internet service,No internet service,No internet service,No internet service,No internet service,No internet service,Two year,Yes,Mailed check,44.94,2556.1,No
CUST-05854,Female,0,Yes,Yes,5,Yes,No,DSL,No,No,No,No,Yes,Yes,Two year,Yes,Electronic check,64.91,327.96,No
CUST-05855,Male,0,No,Yes,20,Yes,Yes,Fiber optic,No,Yes,Yes,No,Yes,No,Month-to-month,Yes,Mailed check,79.49,1595.5,No
CUST-05856,Female,0,Yes,No,4,Yes,Yes,DSL,No,No,Yes,No,Yes,Yes,Two year,Yes,Electronic check,49.16,203.01,No
CUST-05857,Female,1,Yes,No,56,Yes,No,DSL,No,Yes,No,No,No,No,Two year,No,Credit card (automatic),43.9,2460.91,No
CUST-05858,Female,0,Yes,No,34,Yes,No,Fiber optic,No,Yes,Yes,Yes,No,Yes,Month-to-month,No,Credit card (automatic),77.34,2634.47,Yes
CUST-05859,Male,0,Yes,No,40,Yes,No,No,No internet service,No internet service,No internet service,No internet service,No internet service,No internet service,Month-to-month,Yes,Electronic check,23.1,928.74,No
CUST-05860,Female,0,Yes,No,69,Yes,No,No,No internet service,No internet service,No internet service,No internet service,No internet service,No internet service,Month-to-month,Yes,Mailed check,27.96,1919.55,No
CUST-05861,Male,1,No,Yes,68,Yes,Yes,Fiber optic,Yes,No,No,No,No,Yes,Month-to-month,Yes,Mailed check,66.59,4530.14,No
CUST-05862,Female,0,Yes,Yes,22,Yes,No,Fiber optic,No,Yes,Yes,Yes,Yes,No,One year,No,Bank transfer (automatic),73.81,1619.98,No
CUST-05863,Male,0,Yes,No,14,Yes,Yes,DSL,No,Yes,No,Yes,No,No,Month-to-month,Yes,Mailed check,68.84,963.25,Yes
CUST-05864,Female,0,No,No,68,Yes,No,Fiber optic,No,No,Yes,Yes,Yes,Yes,One year,No,Mailed check,68.58,4666.36,No
CUST-05865,Male,1,No,No,8,Yes,No,No,No internet service,No internet service,No internet service,No internet service,No internet service,No internet service,Month-to-month,Yes,Electronic check,18.25,154.45,No
CUST-05866,Male,0,No,No,67,Yes,Yes,DSL,No,No,No,No,Yes,No,Month-to-month,No,Electronic check,60.68,4068.89,No
CUST-05867,Male,0,No,No,46,Yes,Yes,DSL,No,Yes,No,No,No,No,One year,Yes,Bank transfer (automatic),64.85,2981.28,No
CUST-05868,Female,0,Yes,No,29,Yes,Yes,No,No internet service,No internet service,No internet service,No internet service,No internet service,No internet service,Month-to-month,No,Electronic check,18.25,527.04,No
CUST-05869,Female,0,Yes,Yes,12,Yes,No,Fiber optic,Yes,No,No,No,No,No,Month-to-month,Yes,Electronic check,93.71,1120.61,No
CUST-05870,Female,0,No,No,52,Yes,Yes,DSL,Yes,No,Yes,No,Yes,No,One year,No,Electronic check,41.1,2139.67,No
CUST-05871,Male,0,Yes,No,58,No,No phone service,No,No internet service,No internet service,No internet service,No internet service,No internet service,No internet service,One year,Yes,Electronic check,41.28,2397.75,Yes
CUST-05872,Female,0,No,No,2,Yes,Yes,DSL,No,Yes,No,No,Yes,No,Month-to-month,Yes,Mailed check,64.93,138.37,No
CUST-05873,Male,0,No,No,1,No,No phone service,No,No internet service,No internet service,No internet service,No internet service,No internet service,No internet service,Two year,No,Electronic check,35.05,27.37,No
CUST-05874,Female,0,Yes,No,55,Yes,No,Fiber optic,Yes,No,Yes,No,No,No,Month-to-month,No,Bank transfer (automatic),84.01,4629.49,No
CUST-05875,Male,0,Yes,No,34,Yes,No,Fiber optic,No,No,Yes,No,Yes,Yes,Month-to-month,Yes,Electronic check,88.51,3009.57,Yes
CUST-05876,Male,0,No,Yes,64,Yes,Yes,Fiber optic,No,Yes,Yes,No,No,Yes,Month-to-month,No,Electronic check,67.34,,Yes
CUST-05877,Male,0,Yes,No,68,Yes,Yes,DSL,Yes,Yes,Yes,No,Yes,No,One year,No,Electronic check,51.31,3492.71,No
CUST-05878,Female,0,No,No,12,Yes,No,Fiber optic,No,Yes,No,Yes,No,No,Month-to-month,Yes,Mailed check,67.76,806.32,Yes
CUST-05879,Female,0,No,Yes,50,Yes,No,DSL,No,No,Yes,Yes,No,No,Month-to-month,No,Electronic check,44.63,2235.33,No
CUST-05880,Female,0,No,Yes,21,Yes,Yes,DSL,No,Yes,No,No,No,No,One year,Yes,Electronic check,64.86,1356.23,Yes
CUST-05881,Male,1,No,No,10,Yes,Yes,Fiber optic,No,No,Yes,No,No,Yes,Two year,Yes,Mailed check,86.06,857.43,Yes
CUST-05882,Male,0,Yes,Yes,70,Yes,No,Fiber optic,No,Yes,Yes,Yes,Yes,No,Month-to-month,Yes,Credit card (automatic),76.01,5328.15,No
CUST-05883,Female,0,No,No,14,Yes,Yes,Fiber optic,Yes,No,Yes,No,No,No,Month-to-month,Yes,Bank transfer (automatic),77.18,1087.35,No
CUST-05884,Female,0,No,No,40,Yes,Yes,Fiber optic,No,No,No,No,No,No,Month-to-month,Yes,Bank transfer (automatic),85.33,3417.08,No
CUST-05885,Female,0,No,No,30,No,No phone service,Fiber optic,Yes,Yes,No,No,Yes,Yes,Month-to-month,Yes,Electronic check,84.16,2518.03,Yes
CUST-05886,Male,0,Yes,No,14,Yes,Yes,DSL,No,No,Yes,No,No,Yes,Two year,Yes,Bank transfer (automatic),54.62,758.78,No
CUST-05887,Male,0,No,No,52,Yes,No,No,No internet service,No internet service,No internet service,No internet service,No internet service,No internet service,Month-to-month,Yes,Electronic check,37.47,1951.97,No
CUST-05888,Male,0,No,No,17,Yes,No,DSL,No,Yes,No,Yes,No,Yes,One year,Yes,Mailed check,46.3,782.7,No
CUST-05889,Male,0,Yes,No,62,Yes,Yes,Fiber optic,Yes,No,No,Yes,Yes,Yes,Two year,Yes,Credit card (automatic),74.05,4586.93,No
CUST-05890,Male,0,No,No,22,Yes,No,Fiber optic,No,No,No,No,No,No,Two year,Yes,Mailed check,66.94,1466.33,No
CUST-05891,Female,0,No,Yes,53,Yes,No,Fiber optic,No,No,No,No,No,No,Month-to-month,Yes,Electronic check,82.21,4355.11,No
CUST-05892,Male,0,No,Yes,32,Yes,No,Fiber optic,No,Yes,No,No,Yes,Yes,Month-to-month,Yes,Electronic check,87.78,2801.42,Yes
CUST-05893,Male,0,No,Yes,55,Yes,Yes,No,No internet service,No internet service,No internet service,No internet service,No internet service,No internet service,Two year,No,Mailed check,30.76,1695.82,No
CUST-05894,Male,1,Yes,No,22,Yes,Yes,Fiber optic,No,Yes,No,No,Yes,No,Month-to-month,Yes,Credit card (automatic),76.02,1662.52,Yes
CUST-05895,Male,0,Yes,No,38,Yes,Yes,Fiber optic,Yes,No,Yes,No,No,No,Month-to-month,No,Bank transfer (automatic),70.99,2688.33,Yes
CUST-05896,Male,0,Yes,No,50,Yes,No,Fiber optic,No,No,No,Yes,Yes,No,Month-to-month,Yes,Credit card (automatic),81.8,4095.86,Yes
CUST-05897,Female,0,No,No,66,Yes,No,Fiber optic,No,No,Yes,No,No,Yes,Month-to-month,Yes,Credit card (automatic),69.12,4554.63,No
CUST-05898,Male,0,Yes,No,45,Yes,Yes,Fiber optic,No,No,Yes,No,No,No,Month-to-month,No,Electronic check,81.27,3663.66,Yes
CUST-05899,Male,0,Yes,No,8,Yes,Yes,DSL,No,No,No,No,No,No,Month-to-month,No,Bank transfer (automatic),45.56,354.84,No
CUST-05900,Male,0,No,No,65,Yes,No,Fiber optic,No,No,No,No,No,No,One year,Yes,Bank transfer (automatic),67.87,4404.73,No
CUST-05901,Female,0,Yes,No,40,Yes,Yes,DSL,No,No,No,Yes,No,No,Two year,Yes,Mailed check,68.95,2757.77,Yes
CUST-05902,Female,0,Yes,No,5,Yes,No,Fiber optic,No,Yes,Yes,No,No,Yes,Month-to-month,Yes,Credit card (automatic),66.78,331.96,No
CUST-05903,Female,1,Yes,Yes,45,Yes,Yes,Fiber optic,No,Yes,No,Yes,No,Yes,One year,Yes,Electronic check,91.47,4115.71,Yes
CUST-05904,Male,0,No,No,46,Yes,Yes,No,No internet service,No internet service,No internet service,No internet service,No internet service,No internet service,One year,Yes,Bank transfer (automatic),43.74,2021.77,Yes
CUST-05905,Female,1,No,No,36,Yes,Yes,Fiber optic,Yes,No,No,Yes,Yes,Yes,Month-to-month,Yes,Electronic check,85.82,3091.8,Yes
CUST-05906,Male,0,Yes,No,17,Yes,Yes,Fiber optic,No,No,No,Yes,No,No,Month-to-month,Yes,Mailed check,93.97,1590.4,No
CUST-05907,Male,0,Yes,Yes,41,Yes,No,Fiber optic,Yes,No,Yes,No,No,No,Two year,No,Electronic check,87.74,3590.95,No
CUST-05908,Female,0,No,No,30,Yes,Yes,Fiber optic,Yes,Yes,No,No,Yes,No,Month-to-month,No,Bank transfer (automatic),70.39,2117.32,Yes
CUST-05909,Male,0,No,No,52,Yes,No,DSL,No,No,Yes,Yes,Yes,Yes,Month-to-month,Yes,Credit card (automatic),56.74,2946.96,Yes
CUST-05910,Male,1,No,No,20,Yes,No,DSL,Yes,Yes,Yes,No,Yes,Yes,Month-to-month,Yes,Bank transfer (automatic),61.56,1233.55,Yes
CUST-05911,Male,0,No,Yes,36,Yes,Yes,Fiber optic,No,No,Yes,Yes,No,No,Two year,Yes,Credit card (automatic),82.79,2978.62,No
CUST-05912,Female,0,Yes,No,66,Yes,No,No,No internet service,No internet service,No internet service,No internet service,No internet service,No internet service,One year,Yes,Credit card (automatic),27.63,1815.29,No
CUST-05913,Male,1,No,No,45,Yes,No,Fiber optic,No,Yes,No,No,No,No,One year,Yes,Mailed check,74.91,3380.88,No
CUST-05914,Male,0,Yes,Yes,4,Yes,Yes,Fiber optic,No,No,No,No,No,Yes,Month-to-month,Yes,Electronic check,92.31,367.52,No
CUST-05915,Female,0,No,No,50,Yes,Yes,DSL,No,Yes,No,Yes,No,No,Month-to-month,No,Bank transfer (automatic),65.43,3264.25,Yes
CUST-05916,Male,0,No,Yes,55,Yes,Yes,Fiber optic,No,No,No,No,No,Yes,Two year,No,Mailed check,90.66,4992.84,No
CUST-05917,Male,0,No,No,59,No,No phone service,No,No internet service,No internet service,No internet service,No internet service,No internet service,No internet service,Month-to-month,Yes,Mailed check,26.5,1562.97,No
CUST-05918,Female,0,No,No,42,No,No phone service,DSL,No,No,No,Yes,Yes,Yes,One year,No,Electronic check,52.93,2215.53,No
CUST-05919,Male,0,Yes,No,2,No,No phone service,No,No internet service,No internet service,No internet service,No internet service,No internet service,No internet service,One year,Yes,Electronic check,44.26,90.08,No
CUST-05920,Male,0,Yes,No,46,Yes,No,DSL,Yes,No,No,Yes,No,No,Month-to-month,No,Bank transfer (automatic),66.1,3045.48,No
CUST-05921,Male,0,Yes,No,2,Yes,No,No,No internet service,No internet service,No internet service,No internet service,No internet service,No internet service,Month-to-month,Yes,Mailed check,35.0,66.59,No
CUST-05922,Male,0,No,Yes,50,Yes,Yes,Fiber optic,No,Yes,No,Yes,Yes,Yes,One year,Yes,Mailed check,74.28,3714.05,Yes
CUST-05923,Male,1,Yes,No,1,Yes,No,DSL,No,Yes,No,Yes,No,No,One year,Yes,Mailed check,50.92,58.55,No
CUST-05924,Female,0,No,Yes,13,Yes,No,DSL,Yes,Yes,Yes,No,No,Yes,Two year,No,Mailed check,61.21,793.23,No
CUST-05925,Female,0,No,No,70,Yes,No,Fiber optic,No,No,Yes,No,Yes,No,Month-to-month,Yes,Bank transfer (automatic),66.29,4648.89,No
CUST-05926,Female,0,Yes,Yes,22,Yes,Yes,Fiber optic,Yes,No,No,No,No,Yes,Month-to-month,No,Mailed check,92.63,2033.09,No
CUST-05927,Female,0,No,Yes,17,No,No phone service,Fiber optic,No,No,No,Yes,Yes,No,Two year,No,Electronic check,74.46,1265.49,Yes
CUST-05928,Male,0,No,No,59,Yes,Yes,Fiber optic,Yes,Yes,No,No,No,Yes,Month-to-month,Yes,Electronic check,74.51,4401.45,Yes
CUST-05929,Male,0,Yes,No,70,Yes,Yes,Fiber optic,No,Yes,No,No,No,No,One year,No,Electronic check,65.04,4549.05,Yes
CUST-05930,Male,1,No,No,3,Yes,No,No,No internet service,No internet service,No internet service,No internet service,No internet service,No internet service,Two year,No,Electronic check,34.81,101.27,Yes
CUST-05931,Male,0,No,No,70,Yes,Yes,No,No internet service,No internet service,No internet service,No internet service,No internet service,No internet service,Two year,Yes,Credit card (automatic),30.58,2143.77,No
CUST-05932,Male,0,Yes,No,49,No,No phone service,Fiber optic,No,Yes,No,No,No,No,Two year,Yes,Electronic check,79.48,3894.33,No
CUST-05933,Female,0,Yes,No,50,Yes,Yes,Fiber optic,Yes,Yes,No,No,No,No,One year,Yes,Bank transfer (automatic),77.69,3880.86,No
CUST-05934,Female,0,No,Yes,35,Yes,No,DSL,Yes,Yes,No,Yes,Yes,No,Month-to-month,No,Electronic check,48.88,1710.34,Yes
CUST-05935,Male,0,Yes,No,23,No,No phone service,Fiber optic,No,No,Yes,No,Yes,No,One year,No,Credit card (automatic),77.7,1782.58,No
CUST-05936,Male,0,No,No,72,Yes,No,No,No internet service,No internet service,No internet service,No internet service,No internet service,No internet service,Month-to-month,No,Bank transfer (automatic),18.25,1311.1,Yes
CUST-05937,Male,0,Yes,No,7,Yes,Yes,Fiber optic,Yes,No,Yes,No,No,No,Two year,Yes,Bank transfer (automatic),73.98,524.28,No
CUST-05938,Female,1,No,No,50,Yes,Yes,Fiber optic,Yes,Yes,No,No,Yes,No,Month-to-month,No,Mailed check,92.77,4639.35,No
CUST-05939,Male,0,Yes,No,10,Yes,No,No,No internet service,No internet service,No internet service,No internet service,No internet service,No internet service,Month-to-month,Yes,Credit card (automatic),39.68,395.44,Yes
CUST-05940,Male,0,Yes,No,55,Yes,No,DSL,No,No,No,No,Yes,No,One year,No,Electronic check,58.93,3237.22,No
CUST-05941,Male,0,No,Yes,19,Yes,No,No,No internet service,No internet service,No internet service,No internet service,No internet service,No internet service,Month-to-month,Yes,Electronic check,39.85,762.2,No
CUST-05942,Female,0,Yes,Yes,23,No,No phone service,DSL,No,Yes,Yes,No,Yes,Yes,Month-to-month,Yes,Credit card (automatic),56.27,1301.22,Yes
CUST-05943,Male,0,Yes,Yes,64,Yes,Yes,DSL,No,Yes,No,No,No,No,Month-to-month,No,Credit card (automatic),42.86,2738.26,Yes
CUST-05944,Female,0,No,Yes,33,Yes,No,Fiber optic,No,Yes,Yes,No,Yes,No,Month-to-month,No,Bank transfer (automatic),78.84,2611.66,No
CUST-05945,Female,0,Yes,No,66,Yes,No,No,No internet service,No internet service,No internet service,No internet service,No internet service,No internet service,Two year,No,Electronic check,42.71,2821.44,No
CUST-05946,Female,0,Yes,Yes,9,Yes,No,No,No internet service,No internet service,No internet service,No internet service,No internet service,No internet service,Month-to-month,Yes,Credit card (automatic),18.25,171.88,No
CUST-05947,Female,0,Yes,No,29,No,No phone service,Fiber optic,Yes,Yes,No,Yes,No,No,Month-to-month,No,Electronic check,87.1,2525.38,No
CUST-05948,Female,0,No,No,18,Yes,Yes,Fiber optic,No,No,No,No,Yes,No,Month-to-month,Yes,Credit card (automatic),86.0,1552.22,Yes
CUST-05949,Female,0,Yes,Yes,71,Yes,No,Fiber optic,No,No,No,No,Yes,No,Month-to-month,Yes,Mailed check,74.7,5313.42,No
CUST-05950,Male,0,No,No,29,Yes,No,Fiber optic,No,Yes,No,No,No,No,Month-to-month,No,Electronic check,91.0,2647.88,Yes
CUST-05951,Male,0,No,No,61,Yes,Yes,No,No internet service,No internet service,No internet service,No internet service,No internet service,No internet service,Month-to-month,Yes,Bank transfer (automatic),34.86,2120.84,No
CUST-05952,Male,0,Yes,Yes,5,Yes,No,No,No internet service,No internet service,No internet service,No internet service,No internet service,No internet service,Two year,Yes,Mailed check,21.55,112.51,No
CUST-05953,Female,0,No,No,69,Yes,Yes,No,No internet service,No internet service,No internet service,No internet service,No internet service,No internet service,Two year,Yes,Electronic check,34.2,2354.8,No
CUST-05954,Male,0,No,Yes,56,Yes,Yes,Fiber optic,Yes,No,Yes,No,No,No,Month-to-month,No,Electronic check,89.83,5039.9,No
CUST-05955,Female,0,No,Yes,52,Yes,No,Fiber optic,No,No,Yes,No,No,No,One year,Yes,Mailed check,91.32,4754.46,No
CUST-05956,Female,0,No,No,15,Yes,Yes,DSL,No,Yes,No,No,No,No,Two year,No,Bank transfer (automatic),68.49,1033.65,No
CUST-05957,Female,0,Yes,No,20,Yes,Yes,Fiber optic,Yes,No,No,No,Yes,Yes,Month-to-month,Yes,Electronic check,66.45,1337.73,No
CUST-05958,Male,0,Yes,Yes,16,Yes,Yes,Fiber optic,Yes,Yes,Yes,Yes,No,Yes,Two year,Yes,Mailed check,69.74,1120.49,No
CUST-05959,Female,0,Yes,Yes,25,No,No phone service,DSL,No,No,Yes,No,No,Yes,Month-to-month,No,Electronic check,45.1,1123.79,No
CUST-05960,Female,0,No,No,57,Yes,Yes,Fiber optic,No,No,No,No,Yes,Yes,Two year,Yes,Credit card (automatic),72.19,4118.05,No
CUST-05961,Male,0,No,No,21,Yes,Yes,Fiber optic,No,Yes,Yes,No,No,Yes,Month-to-month,No,Bank transfer (automatic),85.55,1797.28,No
CUST-05962,Male,0,Yes,Yes,5,Yes,No,Fiber optic,No,Yes,No,No,No,No,Two year,Yes,Electronic check,77.51,392.16,No
CUST-05963,Female,0,No,No,9,Yes,Yes,DSL,No,No,No,No,Yes,Yes,Month-to-month,Yes,Mailed check,43.62,387.84,No
CUST-05964,Female,0,Yes,No,11,Yes,Yes,Fiber optic,No,No,No,Yes,Yes,No,Month-to-month,No,Bank transfer (automatic),94.24,1037.64,Yes
CUST-05965,Male,0,No,Yes,65,Yes,Yes,Fiber optic,Yes,No,No,No,No,Yes,One year,Yes,Electronic check,68.03,4417.51,No
CUST-05966,Male,0,Yes,No,63,Yes,Yes,No,No internet service,No internet service,No internet service,No internet service,No internet service,No internet service,Month-to-month,Yes,Electronic check,41.43,2614.6,No
CUST-05967,Male,0,Yes,No,26,Yes,Yes,DSL,No,Yes,Yes,Yes,No,Yes,Two year,Yes,Bank transfer (automatic),50.17,1310.44,No
CUST-05968,Female,0,Yes,No,19,Yes,No,Fiber optic,No,No,Yes,No,No,No,Two year,Yes,Bank transfer (automatic),68.7,1298.86,No
CUST-05969,Male,0,No,No,16,Yes,Yes,DSL,No,Yes,No,No,No,Yes,One year,Yes,Mailed check,41.57,674.32,No
CUST-05970,Male,0,Yes,No,56,Yes,Yes,DSL,No,Yes,No,No,No,Yes,Month-to-month,Yes,Electronic check,54.23,3037.83,No
CUST-05971,Male,0,No,Yes,68,Yes,No,DSL,Yes,Yes,No,No,No,No,Two year,Yes,Credit card (automatic),52.41,3571.52,No
CUST-05972,Female,0,No,Yes,30,Yes,Yes,DSL,No,No,Yes,Yes,No,No,One year,No,Mailed check,54.63,1633.98,No
CUST-05973,Male,0,Yes,No,7,Yes,No,No,No internet service,No internet service,No internet service,No internet service,No internet service,No internet service,Month-to-month,Yes,Mailed check,35.04,239.16,Yes
CUST-05974,Male,0,Yes,No,12,Yes,No,No,No internet service,No internet service,No internet service,No internet service,No internet service,No internet service,One year,Yes,Bank transfer (automatic),23.14,286.66,No
CUST-05975,Male,0,No,No,24,Yes,Yes,Fiber optic,Yes,Yes,No,No,No,Yes,One year,No,Credit card (automatic),65.05,1571.07,No
CUST-05976,Male,0,No,No,22,Yes,No,Fiber optic,Yes,No,No,No,No,Yes,One year,Yes,Electronic check,81.16,1779.52,Yes
CUST-05977,Male,0,Yes,No,47,Yes,No,DSL,No,Yes,No,Yes,No,Yes,Month-to-month,Yes,Credit card (automatic),41.54,1953.62,No
CUST-05978,Female,0,Yes,No,30,Yes,Yes,Fiber optic,No,No,No,No,Yes,No,One year,Yes,Credit card (automatic),89.52,2689.91,No
CUST-05979,Female,0,No,No,60,Yes,Yes,DSL,No,Yes,No,No,Yes,No,Month-to-month,Yes,Credit card (automatic),64.25,3851.89,No
CUST-05980,Female,0,Yes,No,39,Yes,No,DSL,Yes,Yes,No,No,No,No,One year,No,Bank transfer (automatic),43.62,1699.37,Yes
CUST-05981,Male,1,Yes,Yes,20,Yes,No,DSL,Yes,No,No,Yes,Yes,No,Two year,Yes,Bank transfer (automatic),68.58,1371.6,No
CUST-05982,Female,1,Yes,No,26,No,No phone service,Fiber optic,No,Yes,No,No,Yes,Yes,Month-to-month,Yes,Credit card (automatic),77.08,1995.39,No
CUST-05983,Female,0,Yes,No,49,Yes,Yes,DSL,Yes,Yes,No,No,Yes,No,One year,Yes,Credit card (automatic),56.77,2783.4,No
CUST-05984,Female,1,No,No,69,Yes,Yes,Fiber optic,Yes,Yes,No,Yes,No,Yes,Two year,No,Electronic check,87.51,6035.88,No
CUST-05985,Male,0,No,No,42,Yes,Yes,DSL,Yes,No,No,No,Yes,Yes,Month-to-month,Yes,Electronic check,45.7,1923.97,Yes
CUST-05986,Male,0,Yes,Yes,6,Yes,Yes,No,No internet service,No internet service,No internet service,No internet service,No internet service,No internet service,Month-to-month,Yes,Bank transfer (automatic),18.25,104.2,Yes
CUST-05987,Female,0,Yes,No,53,Yes,No,DSL,No,No,Yes,No,Yes,Yes,Month-to-month,No,Bank transfer (automatic),62.14,3299.07,No
CUST-05988,Female,0,No,No,34,Yes,No,DSL,No,No,Yes,No,No,No,Two year,Yes,Electronic check,63.73,2158.46,No
CUST-05989,Male,0,No,No,69,No,No phone service,Fiber optic,No,Yes,Yes,No,No,Yes,Two year,Yes,Electronic check,84.79,5846.59,No
CUST-05990,Male,1,No,No,10,Yes,No,No,No internet service,No internet service,No internet service,No internet service,No internet service,No internet service,Month-to-month,Yes,Mailed check,33.66,337.68,Yes
CUST-05991,Female,0,No,Yes,28,Yes,Yes,No,No internet service,No internet service,No internet service,No internet service,No internet service,No internet service,Month-to-month,Yes,Credit card (automatic),42.07,1170.92,No
CUST-05992,Male,0,No,No,3,Yes,No,Fiber optic,No,Yes,No,No,No,No,Month-to-month,Yes,Electronic check,91.5,268.9,Yes
CUST-05993,Female,0,Yes,No,48,Yes,No,DSL,No,No,Yes,No,No,No,Month-to-month,Yes,Credit card (automatic),42.85,2049.99,No
CUST-05994,Male,0,Yes,No,66,Yes,No,DSL,No,No,No,No,Yes,No,Month-to-month,Yes,Credit card (automatic),46.06,3047.31,No
CUST-05995,Female,0,No,No,35,Yes,Yes,No,No internet service,No internet service,No internet service,No internet service,No internet service,No internet service,Month-to-month,Yes,Electronic check,34.3,1198.96,Yes
CUST-05996,Female,0,No,No,52,Yes,Yes,No,No internet service,No internet service,No internet service,No internet service,No internet service,No internet service,Month-to-month,Yes,Credit card (automatic),18.25,953.34,No
CUST-05997,Male,0,Yes,Yes,62,Yes,Yes,Fiber optic,No,No,Yes,No,No,No,One year,Yes,Credit card (automatic),81.41,5049.2,No
CUST-05998,Female,0,No,No,52,Yes,Yes,Fiber optic,Yes,No,No,No,Yes,No,One year,No,Electronic check,69.19,3600.16,No
CUST-05999,Female,0,No,Yes,47,Yes,No,Fiber optic,No,No,No,Yes,No,No,One year,No,Mailed check,93.37,4397.11,No
CUST-06000,Female,0,Yes,No,54,Yes,No,Fiber optic,No,Yes,No,No,Yes,Yes,Two year,Yes,Credit card (automatic),76.73,4140.16,No
CUST-06001,Male,1,Yes,Yes,28,No,No phone service,Fiber optic,Yes,No,No,No,No,Yes,Two year,No,Electronic check,71.96,2010.25,No
CUST-06002,Male,0,Yes,Yes,23,Yes,No,DSL,No,No,No,Yes,No,No,One year,Yes,Electronic check,62.67,1440.12,No
CUST-06003,Male,0,Yes,No,35,Yes,No,DSL,No,Yes,No,No,No,Yes,Month-to-month,No,Electronic check,46.17,1614.85,Yes
CUST-06004,Female,0,No,No,32,Yes,No,Fiber optic,No,No,No,No,No,Yes,Month-to-month,Yes,Electronic check,90.68,2909.79,No
CUST-06005,Male,0,Yes,No,2,Yes,No,No,No internet service,No internet service,No internet service,No internet service,No internet service,No internet service,Month-to-month,Yes,Electronic check,39.8,86.8,Yes
CUST-06006,Female,1,No,No,16,No,No phone service,Fiber optic,Yes,Yes,No,No,Yes,No,One year,Yes,Electronic check,72.64,1160.6,Yes
CUST-06007,Female,0,No,No,16,Yes,Yes,Fiber optic,No,Yes,No,Yes,No,No,Month-to-month,Yes,Credit card (automatic),74.97,1205.15,No
CUST-06008,Male,0,No,No,51,Yes,No,No,No internet service,No internet service,No internet service,No internet service,No internet service,No internet service,One year,Yes,Electronic check,18.25,930.54,No
CUST-06009,Male,0,No,No,67,Yes,No,Fiber optic,No,Yes,No,No,No,No,Month-to-month,No,Electronic check,73.97,4963.14,Yes
CUST-06010,Female,1,Yes,No,54,Yes,Yes,DSL,No,No,No,No,No,No,Month-to-month,Yes,Bank transfer (automatic),44.9,2417.71,No
CUST-06011,Female,0,No,No,20,Yes,No,DSL,Yes,No,No,No,No,Yes,Month-to-month,Yes,Credit card (automatic),41.07,830.65,Yes
CUST-06012,Male,0,No,No,33,Yes,No,No,No internet service,No internet service,No internet service,No internet service,No internet service,No internet service,One year,No,Electronic check,43.53,1431.54,No
CUST-06013,Male,0,No,No,8,Yes,Yes,Fiber optic,No,No,No,No,No,No,Two year,Yes,Electronic check,93.26,742.04,Yes
CUST-06014,Male,0,Yes,Yes,24,No,No phone service,No,No internet service,No internet service,No internet service,No internet service,No internet service,No internet service,Month-to-month,Yes,Electronic check,33.74,799.79,Yes
CUST-06015,Female,0,Yes,No,53,Yes,No,Fiber optic,No,Yes,No,No,Yes,Yes,Month-to-month,No,Mailed check,78.91,4178.76,Yes
CUST-06016,Female,0,Yes,Yes,64,Yes,Yes,Fiber optic,No,No,No,No,No,No,One year,No,Credit card (automatic),79.07,5066.03,No
CUST-06017,Female,0,Yes,No,58,Yes,Yes,DSL,No,Yes,Yes,No,No,No,One year,Yes,Bank transfer (automatic),58.98,3422.73,No
CUST-06018,Female,0,Yes,Yes,37,Yes,Yes,No,No internet service,No internet service,No internet service,No internet service,No internet service,No internet service,One year,No,Electronic check,22.39,837.27,No
CUST-06019,Female,0,No,No,12,Yes,Yes,DSL,No,No,Yes,No,Yes,No,Month-to-month,Yes,Electronic check,60.61,733.95,Yes
CUST-06020,Male,0,Yes,Yes,4,Yes,No,No,No internet service,No internet service,No internet service,No internet service,No internet service,No internet service,Two year,No,Electronic check,18.25,65.5,No
CUST-06021,Male,0,No,No,31,Yes,Yes,DSL,No,No,No,No,No,Yes,Month-to-month,No,Bank transfer (automatic),59.57,1853.9,No
CUST-06022,Female,0,Yes,No,38,Yes,Yes,DSL,No,No,No,No,Yes,Yes,Two year,No,Electronic check,55.56,2111.24,No
CUST-06023,Female,0,No,No,37,Yes,No,DSL,No,No,Yes,Yes,No,Yes,Month-to-month,No,Mailed check,60.86,2252.13,No
CUST-06024,Male,0,Yes,No,14,Yes,Yes,No,No internet service,No internet service,No internet service,No internet service,No internet service,No internet service,Month-to-month,Yes,Bank transfer (automatic),33.38,475.71,No
CUST-06025,Male,0,No,No,24,Yes,Yes,DSL,Yes,No,Yes,No,Yes,No,Month-to-month,Yes,Electronic check,47.68,1134.66,Yes
CUST-06026,Male,0,Yes,No,10,Yes,Yes,Fiber optic,Yes,No,No,No,Yes,Yes,Month-to-month,No,Mailed check,81.13,807.47,Yes
CUST-06027,Male,0,No,No,38,Yes,No,DSL,No,Yes,Yes,No,Yes,Yes,Month-to-month,No,Mailed check,59.8,2262.52,No
CUST-06028,Female,0,No,No,43,Yes,Yes,DSL,No,No,Yes,No,No,Yes,Two year,Yes,Credit card (automatic),40.49,1734.21,No
CUST-06029,Male,0,No,No,37,Yes,Yes,Fiber optic,No,Yes,No,No,Yes,No,Month-to-month,No,Credit card (automatic),94.04,3487.08,No
CUST-06030,Female,0,No,No,42,Yes,Yes,No,No internet service,No internet service,No internet service,No internet service,No internet service,No internet service,Month-to-month,Yes,Bank transfer (automatic),26.28,1102.33,Yes
CUST-06031,Male,0,No,No,32,Yes,Yes,No,No internet service,No internet service,No internet service,No internet service,No internet service,No internet service,Month-to-month,No,Bank transfer (automatic),23.16,748.31,Yes
CUST-06032,Male,0,No,No,14,Yes,Yes,DSL,No,No,No,No,No,Yes,One year,Yes,Credit card (automatic),61.39,850.47,No
CUST-06033,Male,1,Yes,Yes,4,Yes,Yes,No,No internet service,No internet service,No internet service,No internet service,No internet service,No internet service,Month-to-month,Yes,Bank transfer (automatic),38.65,148.94,Yes
CUST-06034,Female,0,Yes,No,24,Yes,No,Fiber optic,No,No,No,No,No,No,Month-to-month,Yes,Electronic check,77.53,1867.1,Yes
CUST-06035,Female,0,No,No,10,Yes,Yes,DSL,Yes,Yes,Yes,No,No,No,Month-to-month,Yes,Electronic check,58.15,588.72,Yes
CUST-06036,Male,0,No,No,16,Yes,No,Fiber optic,No,No,No,No,Yes,Yes,One year,Yes,Mailed check,72.92,1167.75,No
CUST-06037,Female,0,No,No,39,Yes,No,DSL,No,No,No,No,No,No,Month-to-month,No,Mailed check,61.07,2372.92,No
CUST-06038,Female,0,No,No,18,Yes,No,No,No internet service,No internet service,No internet service,No internet service,No internet service,No internet service,Two year,Yes,Bank transfer (automatic),29.92,540.72,No
CUST-06039,Male,1,No,No,25,Yes,No,Fiber optic,No,No,No,Yes,Yes,Yes,Two year,No,Mailed check,69.18,1736.64,Yes
CUST-06040,Male,0,No,Yes,7,No,No phone service,DSL,No,No,Yes,No,Yes,No,One year,No,Mailed check,64.65,450.17,No
CUST-06041,Female,0,No,No,56,Yes,Yes,Fiber optic,No,No,Yes,No,No,No,Month-to-month,No,Bank transfer (automatic),92.0,5144.67,No
CUST-06042,Female,0,Yes,Yes,47,Yes,Yes,Fiber optic,No,No,No,No,No,Yes,One year,No,Credit card (automatic),75.35,3540.4,No
CUST-06043,Female,0,No,Yes,3,Yes,Yes,Fiber optic,No,No,No,No,Yes,No,Month-to-month,No,Mailed check,76.14,230.37,No
CUST-06044,Male,0,No,No,1,Yes,Yes,Fiber optic,Yes,No,Yes,No,No,Yes,Two year,Yes,Bank transfer (automatic),88.16,94.64,No
CUST-06045,Male,0,Yes,No,33,No,No phone service,Fiber optic,No,No,No,No,No,Yes,One year,No,Mailed check,90.69,3000.66,No
CUST-06046,Female,0,Yes,Yes,71,Yes,No,Fiber optic,No,Yes,Yes,No,No,No,Two year,No,Credit card (automatic),80.75,5735.64,No
CUST-06047,Male,1,No,No,59,Yes,Yes,Fiber optic,No,Yes,No,Yes,No,No,One year,Yes,Credit card (automatic),90.95,5357.07,No
CUST-06048,Male,0,Yes,No,72,Yes,Yes,No,No internet service,No internet service,No internet service,No internet service,No internet service,No internet service,Month-to-month,No,Mailed check,18.25,1321.57,Yes
CUST-06049,Female,0,Yes,Yes,32,Yes,No,DSL,No,No,Yes,Yes,Yes,No,Month-to-month,Yes,Credit card (automatic),44.94,1440.3,No
CUST-06050,Female,1,Yes,Yes,17,Yes,Yes,Fiber optic,No,No,No,Yes,Yes,No,One year,No,Credit card (automatic),90.91,1542.95,No
CUST-06051,Male,0,No,Yes,17,Yes,No,Fiber optic,No,No,No,Yes,Yes,No,Two year,Yes,Electronic check,85.16,1441.33,No
CUST-06052,Male,0,No,Yes,21,Yes,Yes,DSL,No,No,No,No,Yes,Yes,Month-to-month,No,Credit card (automatic),59.23,1241.91,Yes
CUST-06053,Female,0,Yes,No,55,Yes,Yes,No,No internet service,No internet service,No internet service,No internet service,No internet service,No internet service,Month-to-month,No,Credit card (automatic),34.67,1906.98,Yes
CUST-06054,Male,0,No,No,6,Yes,No,DSL,Yes,No,Yes,No,No,Yes,Month-to-month,No,Credit card (automatic),43.32,263.13,Yes
CUST-06055,Male,0,No,No,49,Yes,Yes,No,No internet service,No internet service,No internet service,No internet service,No internet service,No internet service,Two year,Yes,Mailed check,40.93,2002.23,No
CUST-06056,Female,0,No,Yes,26,Yes,Yes,Fiber optic,Yes,No,No,No,No,No,Month-to-month,Yes,Electronic check,67.93,1769.37,No
CUST-06057,Female,0,Yes,No,32,Yes,No,Fiber optic,No,No,Yes,Yes,No,Yes,One year,Yes,Mailed check,71.13,2274.39,No
CUST-06058,Male,0,Yes,No,72,Yes,Yes,No,No internet service,No internet service,No internet service,No internet service,No internet service,No internet service,Month-to-month,Yes,Credit card (automatic),37.16,2676.22,No
CUST-06059,Male,1,Yes,No,44,Yes,Yes,No,No internet service,No internet service,No internet service,No internet service,No internet service,No internet service,One year,No,Mailed check,22.18,982.97,No
CUST-06060,Male,0,Yes,No,59,Yes,Yes,No,No internet service,No internet service,No internet service,No internet service,No internet service,No internet service,Month-to-month,Yes,Credit card (automatic),39.12,2308.16,Yes
CUST-06061,Female,0,No,No,29,Yes,Yes,Fiber optic,No,No,No,Yes,Yes,No,One year,Yes,Electronic check,86.79,2526.2,Yes
CUST-06062,Male,0,No,Yes,17,Yes,No,DSL,Yes,No,No,No,Yes,Yes,Two year,Yes,Credit card (automatic),62.27,1058.93,No
CUST-06063,Male,0,No,No,18,Yes,No,No,No internet service,No internet service,No internet service,No internet service,No internet service,No internet service,Month-to-month,Yes,Electronic check,27.69,507.77,Yes
CUST-06064,Female,0,Yes,No,40,Yes,No,Fiber optic,No,No,No,No,Yes,No,Month-to-month,Yes,Credit card (automatic),81.77,3265.98,No
CUST-06065,Female,0,Yes,Yes,63,Yes,No,DSL,No,No,No,No,Yes,Yes,Month-to-month,Yes,Mailed check,53.42,3367.54,No
CUST-06066,Male,0,No,Yes,45,Yes,No,No,No internet service,No internet service,No internet service,No internet service,No internet service,No internet service,Month-to-month,No,Credit card (automatic),37.19,1664.4,No
CUST-06067,Female,0,Yes,Yes,3,Yes,Yes,Fiber optic,Yes,Yes,Yes,Yes,No,Yes,Month-to-month,No,Bank transfer (automatic),68.64,203.59,Yes
CUST-06068,Female,0,Yes,No,3,No,No phone service,Fiber optic,Yes,No,No,No,Yes,No,One year,No,Credit card (automatic),78.64,232.8,No
CUST-06069,Male,0,No,Yes,38,Yes,No,Fiber optic,No,No,No,No,No,No,Month-to-month,Yes,Mailed check,88.76,3379.14,No
CUST-06070,Female,0,Yes,Yes,40,Yes,No,No,No internet service,No internet service,No internet service,No internet service,No internet service,No internet service,Month-to-month,Yes,Credit card (automatic),21.61,874.33,No
CUST-06071,Female,0,Yes,No,68,Yes,Yes,Fiber optic,No,No,No,No,No,No,Month-to-month,No,Electronic check,78.11,5317.49,No
CUST-06072,Male,0,No,No,54,Yes,No,DSL,Yes,No,No,Yes,No,No,One year,No,Credit card (automatic),48.73,2623.75,No
CUST-06073,Female,0,Yes,Yes,20,Yes,No,Fiber optic,Yes,Yes,No,No,No,No,One year,No,Electronic check,78.42,1569.76,No
CUST-06074,Male,0,No,No,15,Yes,Yes,No,No internet service,No internet service,No internet service,No internet service,No internet service,No internet service,One year,No,Electronic check,18.25,271.45,No
CUST-06075,Male,1,No,No,5,Yes,Yes,Fiber optic,No,Yes,Yes,No,No,No,Two year,Yes,Electronic check,79.26,386.72,Yes
CUST-06076,Female,0,Yes,No,39,Yes,No,No,No internet service,No internet service,No internet service,No internet service,No internet service,No internet service,One year,Yes,Bank transfer (automatic),27.2,1062.13,No
CUST-06077,Female,0,No,No,40,Yes,No,DSL,No,No,No,No,Yes,Yes,Month-to-month,No,Bank transfer (automatic),68.13,2725.24,No
CUST-06078,Female,0,Yes,No,7,Yes,Yes,Fiber optic,No,No,Yes,Yes,No,Yes,Month-to-month,Yes,Electronic check,72.62,514.91,Yes
CUST-06079,Male,1,Yes,No,72,Yes,No,DSL,No,No,No,No,No,No,Month-to-month,Yes,Credit card (automatic),47.77,3435.76,No
CUST-06080,Female,0,Yes,Yes,33,Yes,No,Fiber optic,No,Yes,No,No,Yes,No,Month-to-month,Yes,Electronic check,69.52,2302.86,Yes
CUST-06081,Male,0,Yes,No,37,Yes,Yes,Fiber optic,No,No,No,No,Yes,No,Month-to-month,Yes,Bank transfer (automatic),72.49,2673.2,Yes
CUST-06082,Female,0,Yes,No,32,Yes,No,No,No internet service,No internet service,No internet service,No internet service,No internet service,No internet service,Month-to-month,No,Electronic check,43.3,1376.43,Yes
CUST-06083,Female,0,Yes,No,43,Yes,No,DSL,No,No,No,Yes,No,No,Month-to-month,Yes,Electronic check,58.82,2526.73,No
CUST-06084,Female,0,Yes,No,63,Yes,No,DSL,Yes,No,No,No,Yes,No,Two year,No,Bank transfer (automatic),40.47,2544.71,No
CUST-06085,Male,0,Yes,No,36,Yes,Yes,DSL,No,No,No,No,No,No,Month-to-month,Yes,Electronic check,41.03,1481.81,No
CUST-06086,Female,0,Yes,Yes,49,Yes,Yes,DSL,Yes,Yes,No,No,Yes,Yes,Month-to-month,Yes,Mailed check,40.81,2007.96,Yes
CUST-06087,Female,0,No,Yes,25,Yes,Yes,DSL,No,No,No,No,No,Yes,Two year,Yes,Mailed check,47.59,1190.43,No
CUST-06088,Male,0,No,Yes,66,Yes,No,No,No internet service,No internet service,No internet service,No internet service,No internet service,No internet service,Month-to-month,Yes,Electronic check,18.25,1197.18,No
CUST-06089,Male,1,Yes,No,9,Yes,No,Fiber optic,No,No,No,No,Yes,Yes,One year,Yes,Mailed check,67.01,603.97,Yes
CUST-06090,Female,0,Yes,Yes,18,Yes,No,No,No internet service,No internet service,No internet service,No internet service,No internet service,No internet service,Month-to-month,Yes,Electronic check,28.13,506.25,No
CUST-06091,Female,0,Yes,No,22,Yes,Yes,DSL,Yes,Yes,No,No,No,Yes,Month-to-month,No,Electronic check,40.23,878.2,Yes
CUST-06092,Female,0,No,Yes,15,Yes,No,No,No internet service,No internet service,No internet service,No internet service,No internet service,No internet service,Month-to-month,No,Bank transfer (automatic),18.25,264.21,Yes
CUST-06093,Male,1,No,No,7,Yes,Yes,DSL,Yes,No,Yes,No,Yes,No,Month-to-month,Yes,Bank transfer (automatic),58.6,407.47,No
CUST-06094,Male,1,Yes,Yes,13,Yes,No,No,No internet service,No internet service,No internet service,No internet service,No internet service,No internet service,Month-to-month,Yes,Electronic check,35.93,476.89,Yes
CUST-06095,Male,0,Yes,No,36,Yes,No,Fiber optic,No,No,Yes,No,Yes,Yes,Two year,No,Credit card (automatic),93.94,3389.8,No
CUST-06096,Male,0,Yes,No,16,Yes,Yes,Fiber optic,No,No,No,No,No,Yes,Two year,No,Electronic check,79.51,1281.46,No
CUST-06097,Female,0,No,No,41,No,No phone service,Fiber optic,Yes,No,No,Yes,No,No,Month-to-month,Yes,Credit card (automatic),82.04,3357.8,No
CUST-06098,Male,1,Yes,No,21,Yes,No,No,No internet service,No internet service,No internet service,No internet service,No internet service,No internet service,Two year,Yes,Mailed check,32.78,695.73,No
CUST-06099,Male,0,No,No,28,Yes,Yes,Fiber optic,No,Yes,Yes,No,No,No,Month-to-month,No,Mailed check,87.45,2448.47,Yes
CUST-06100,Male,0,No,Yes,17,Yes,No,DSL,No,Yes,No,No,No,Yes,Month-to-month,Yes,Bank transfer (automatic),52.46,899.96,Yes
CUST-06101,Female,0,Yes,Yes,65,Yes,No,Fiber optic,Yes,Yes,No,No,Yes,No,Month-to-month,Yes,Electronic check,94.55,6140.33,No
CUST-06102,Female,1,No,Yes,13,Yes,No,No,No internet service,No internet service,No internet service,No internet service,No internet service,No internet service,Month-to-month,No,Mailed check,29.97,388.18,No
CUST-06103,Male,0,Yes,No,36,Yes,No,No,No internet service,No internet service,No internet service,No internet service,No internet service,No internet service,Two year,Yes,Bank transfer (automatic),18.83,673.09,No
CUST-06104,Male,0,No,Yes,58,Yes,Yes,Fiber optic,No,No,No,Yes,Yes,No,Month-to-month,Yes,Bank transfer (automatic),87.43,5062.12,Yes
CUST-06105,Female,0,No,Yes,20,Yes,No,DSL,Yes,No,No,No,Yes,Yes,Month-to-month,Yes,Credit card (automatic),55.58,1110.46,Yes
CUST-06106,Female,0,Yes,No,52,Yes,Yes,Fiber optic,Yes,No,Yes,No,No,No,Month-to-month,No,Electronic check,84.5,4384.84,No
CUST-06107,Female,0,Yes,No,6,Yes,No,No,No internet service,No internet service,No internet service,No internet service,No internet service,No internet service,Two year,Yes,Electronic check,30.42,186.75,No
CUST-06108,Female,1,No,No,23,Yes,No,Fiber optic,No,No,No,Yes,No,Yes,Month-to-month,Yes,Mailed check,84.52,1943.52,Yes
CUST-06109,Female,1,No,No,42,No,No phone service,Fiber optic,Yes,No,Yes,No,Yes,No,Two year,No,Electronic check,78.59,3305.68,Yes
CUST-06110,Female,1,No,No,24,No,No phone service,Fiber optic,No,Yes,No,No,No,Yes,Month-to-month,Yes,Credit card (automatic),76.72,1844.35,Yes
CUST-06111,Female,0,Yes,No,5,Yes,No,DSL,Yes,No,No,No,No,No,Two year,Yes,Credit card (automatic),45.67,230.91,No
CUST-06112,Female,0,Yes,Yes,32,Yes,No,No,No internet service,No internet service,No internet service,No internet service,No internet service,No internet service,Month-to-month,Yes,Bank transfer (automatic),24.95,807.53,No
CUST-06113,Male,1,Yes,No,46,Yes,Yes,No,No internet service,No internet service,No internet service,No internet service,No internet service,No internet service,Month-to-month,No,Credit card (automatic),18.25,833.06,Yes
CUST-06114,Male,0,Yes,No,17,Yes,Yes,DSL,No,No,Yes,No,Yes,No,Two year,No,Bank transfer (automatic),54.88,939.98,No
CUST-06115,Male,0,No,Yes,27,Yes,No,No,No internet service,No internet service,No internet service,No internet service,No internet service,No internet service,Two year,Yes,Mailed check,27.92,758.89,No
CUST-06116,Male,1,No,No,68,Yes,Yes,No,No internet service,No internet service,No internet service,No internet service,No internet service,No internet service,Month-to-month,Yes,Credit card (automatic),18.47,1255.64,No
CUST-06117,Male,0,No,No,23,Yes,Yes,DSL,No,No,No,No,No,No,Month-to-month,Yes,Credit card (automatic),56.86,1302.06,No
CUST-06118,Male,0,No,Yes,34,Yes,No,Fiber optic,No,No,No,Yes,No,No,Month-to-month,Yes,Mailed check,91.77,3115.05,Yes
CUST-06119,Female,0,No,No,21,Yes,Yes,DSL,Yes,Yes,No,No,No,No,One year,Yes,Credit card (automatic),55.34,1154.33,No
CUST-06120,Female,0,Yes,Yes,22,Yes,No,DSL,No,No,No,No,No,No,Month-to-month,No,Mailed check,41.46,911.63,Yes
CUST-06121,Male,0,Yes,No,65,Yes,Yes,Fiber optic,No,Yes,No,No,No,No,One year,No,Electronic check,77.47,5040.34,No
CUST-06122,Male,0,No,No,32,Yes,Yes,DSL,No,No,Yes,Yes,Yes,No,Month-to-month,Yes,Mailed check,67.37,2163.9,No
CUST-06123,Female,0,No,No,62,Yes,No,No,No internet service,No internet service,No internet service,No internet service,No internet service,No internet service,Month-to-month,No,Electronic check,43.57,2704.14,Yes
CUST-06124,Female,0,No,Yes,28,No,No phone service,No,No internet service,No internet service,No internet service,No internet service,No internet service,No internet service,Month-to-month,No,Mailed check,40.38,1135.71,Yes
CUST-06125,Female,0,No,Yes,7,Yes,No,DSL,No,No,No,No,Yes,No,Two year,Yes,Bank transfer (automatic),52.93,380.05,No
CUST-06126,Male,0,No,Yes,54,Yes,Yes,DSL,Yes,No,No,Yes,Yes,Yes,Two year,No,Electronic check,51.38,2783.88,No
CUST-06127,Female,1,No,Yes,70,Yes,No,DSL,No,Yes,No,No,No,No,One year,Yes,Bank transfer (automatic),48.61,3412.65,No
CUST-06128,Male,0,No,No,14,Yes,No,No,No internet service,No internet service,No internet service,No internet service,No internet service,No internet service,One year,Yes,Credit card (automatic),19.29,269.18,No
CUST-06129,Male,0,No,No,55,Yes,No,Fiber optic,No,Yes,Yes,No,Yes,No,Month-to-month,No,Mailed check,92.02,5055.93,Yes
CUST-06130,Female,0,Yes,No,58,Yes,Yes,Fiber optic,No,No,No,Yes,No,No,Two year,No,Credit card (automatic),85.37,4958.04,No
CUST-06131,Female,1,No,No,44,Yes,No,Fiber optic,No,No,No,No,No,No,Month-to-month,No,Bank transfer (automatic),89.65,3936.43,Yes
CUST-06132,Male,0,No,No,46,Yes,No,DSL,No,No,No,No,No,No,Month-to-month,Yes,Bank transfer (automatic),42.99,1971.35,Yes
CUST-06133,Female,0,Yes,No,14,Yes,Yes,DSL,Yes,No,Yes,Yes,No,No,Month-to-month,No,Electronic check,45.15,630.28,No
CUST-06134,Female,1,Yes,No,44,Yes,No,DSL,No,No,No,No,Yes,No,Month-to-month,Yes,Electronic check,41.04,1800.72,Yes
CUST-06135,Male,0,No,Yes,41,Yes,No,Fiber optic,No,Yes,No,No,No,No,Month-to-month,Yes,Mailed check,78.39,3212.12,No
CUST-06136,Female,1,Yes,No,2,Yes,No,Fiber optic,No,Yes,No,No,Yes,Yes,Two year,No,Credit card (automatic),78.05,150.87,No
CUST-06137,Male,1,Yes,No,5,Yes,No,DSL,No,No,No,Yes,Yes,No,One year,Yes,Credit card (automatic),65.0,334.32,No
CUST-06138,Male,1,No,No,12,Yes,Yes,Fiber optic,No,No,No,No,No,Yes,Two year,No,Credit card (automatic),65.88,798.95,No
CUST-06139,Female,0,Yes,No,47,Yes,No,Fiber optic,No,Yes,No,No,No,No,Month-to-month,Yes,Credit card (automatic),80.5,3778.63,Yes
CUST-06140,Male,0,No,No,35,Yes,No,DSL,No,No,No,Yes,Yes,No,One year,No,Bank transfer (automatic),62.23,2168.84,No
CUST-06141,Male,1,No,Yes,19,Yes,No,DSL,Yes,No,No,Yes,No,Yes,Month-to-month,No,Electronic check,59.14,1122.09,Yes
CUST-06142,Female,0,No,Yes,63,Yes,No,DSL,No,No,Yes,Yes,Yes,No,Month-to-month,No,Credit card (automatic),68.93,4339.53,No
CUST-06143,Female,0,Yes,No,8,Yes,No,DSL,No,No,Yes,No,No,No,Two year,No,Electronic check,66.4,525.61,No
CUST-06144,Female,0,Yes,No,23,Yes,Yes,Fiber optic,Yes,No,Yes,No,No,No,Month-to-month,Yes,Electronic check,70.18,1620.68,Yes
CUST-06145,Male,0,No,No,13,Yes,No,DSL,No,No,No,Yes,No,Yes,Month-to-month,No,Electronic check,51.77,672.68,No
CUST-06146,Male,0,No,No,23,Yes,No,No,No internet service,No internet service,No internet service,No internet service,No internet service,No internet service,Month-to-month,No,Mailed check,37.4,866.73,No
CUST-06147,Female,0,Yes,No,31,No,No phone service,DSL,No,Yes,No,No,Yes,No,Two year,Yes,Credit card (automatic),52.64,1634.05,No
CUST-06148,Male,0,No,No,30,Yes,Yes,Fiber optic,No,No,Yes,No,Yes,Yes,Month-to-month,No,Bank transfer (automatic),77.68,2330.97,Yes
CUST-06149,Female,0,Yes,Yes,42,Yes,No,No,No internet service,No internet service,No internet service,No internet service,No internet service,No internet service,Two year,No,Bank transfer (automatic),21.38,895.19,No
CUST-06150,Female,0,Yes,Yes,2,Yes,Yes,DSL,Yes,Yes,No,No,No,Yes,Month-to-month,No,Bank transfer (automatic),44.98,87.36,Yes
CUST-06151,Male,0,Yes,Yes,11,Yes,No,Fiber optic,Yes,Yes,Yes,Yes,Yes,No,Two year,No,Electronic check,84.71,926.67,No
CUST-06152,Female,0,Yes,No,25,Yes,No,DSL,Yes,No,Yes,No,Yes,No,Two year,No,Electronic check,69.64,1738.23,No
CUST-06153,Male,0,Yes,No,29,Yes,Yes,Fiber optic,No,No,No,Yes,No,No,Month-to-month,Yes,Mailed check,92.84,2685.43,No
CUST-06154,Male,0,Yes,Yes,22,Yes,No,Fiber optic,Yes,No,No,Yes,Yes,No,Two year,No,Bank transfer (automatic),91.0,2004.82,No
CUST-06155,Female,0,No,Yes,19,Yes,No,DSL,No,No,Yes,No,No,Yes,Month-to-month,No,Mailed check,69.42,1313.36,No
CUST-06156,Male,0,No,No,41,Yes,Yes,DSL,No,No,No,Yes,No,Yes,Month-to-month,Yes,Electronic check,45.43,1870.78,Yes
CUST-06157,Female,0,Yes,No,38,Yes,No,No,No internet service,No internet service,No internet service,No internet service,No internet service,No internet service,Month-to-month,Yes,Credit card (automatic),27.97,1061.51,No
CUST-06158,Male,0,Yes,No,29,Yes,No,Fiber optic,No,No,Yes,Yes,No,No,Two year,Yes,Electronic check,69.19,2011.47,No
CUST-06159,Male,0,No,No,22,Yes,No,DSL,No,No,No,No,Yes,No,Month-to-month,No,Electronic check,54.27,1198.95,Yes
CUST-06160,Male,0,No,Yes,8,Yes,Yes,Fiber optic,No,No,No,Yes,Yes,Yes,One year,No,Credit card (automatic),67.57,535.04,No
CUST-06161,Female,0,No,No,47,Yes,Yes,DSL,No,Yes,No,No,Yes,No,Two year,Yes,Credit card (automatic),60.33,2838.4,No
CUST-06162,Male,1,No,Yes,6,Yes,No,DSL,No,No,No,No,Yes,No,Month-to-month,Yes,Electronic check,53.37,322.55,Yes
CUST-06163,Female,0,No,No,7,Yes,No,DSL,Yes,Yes,No,No,No,No,One year,No,Electronic check,66.17,469.37,No
CUST-06164,Male,1,No,No,36,Yes,Yes,Fiber optic,No,No,No,No,No,Yes,Two year,No,Bank transfer (automatic),71.93,2593.43,No
CUST-06165,Male,0,No,No,8,Yes,No,Fiber optic,No,No,No,No,No,No,Month-to-month,No,Credit card (automatic),76.82,617.99,Yes
CUST-06166,Female,0,No,No,46,Yes,No,No,No internet service,No internet service,No internet service,No internet service,No internet service,No internet service,One year,Yes,Mailed check,18.25,848.43,No
CUST-06167,Female,0,Yes,No,64,Yes,Yes,DSL,Yes,No,No,No,No,No,One year,Yes,Electronic check,53.98,3456.83,No
CUST-06168,Female,0,No,No,31,Yes,Yes,Fiber optic,No,No,Yes,Yes,No,No,Two year,Yes,Electronic check,67.5,2094.18,No
CUST-06169,Female,0,Yes,No,23,No,No phone service,DSL,No,No,No,No,No,Yes,Month-to-month,No,Electronic check,67.96,1556.62,Yes
CUST-06170,Female,0,No,No,61,Yes,No,Fiber optic,Yes,No,No,No,No,No,One year,Yes,Electronic check,93.55,5699.59,Yes
CUST-06171,Male,0,No,Yes,50,Yes,No,Fiber optic,Yes,Yes,No,Yes,No,No,Month-to-month,Yes,Electronic check,81.62,4085.11,No
CUST-06172,Male,0,No,No,46,Yes,Yes,DSL,No,No,No,Yes,No,Yes,Month-to-month,No,Credit card (automatic),53.11,2450.02,Yes
CUST-06173,Female,0,No,No,43,No,No phone service,No,No internet service,No internet service,No internet service,No internet service,No internet service,No internet service,Two year,No,Electronic check,29.27,1264.48,No
CUST-06174,Male,0,No,No,10,Yes,No,DSL,Yes,No,Yes,No,Yes,No,Month-to-month,Yes,Mailed check,50.4,512.63,No
CUST-06175,Male,1,Yes,No,20,Yes,No,No,No internet service,No internet service,No internet service,No internet service,No internet service,No internet service,Two year,Yes,Electronic check,28.11,555.18,No
CUST-06176,Male,0,No,No,16,Yes,No,No,No internet service,No internet service,No internet service,No internet service,No internet service,No internet service,Two year,No,Credit card (automatic),30.04,487.89,No
CUST-06177,Female,0,Yes,No,3,Yes,Yes,Fiber optic,No,No,Yes,No,No,Yes,Two year,Yes,Bank transfer (automatic),93.87,282.69,No
CUST-06178,Male,0,Yes,No,30,Yes,No,No,No internet service,No internet service,No internet service,No internet service,No internet service,No internet service,Month-to-month,Yes,Bank transfer (automatic),27.01,814.6,Yes
CUST-06179,Male,0,No,Yes,18,No,No phone service,DSL,No,No,No,No,Yes,No,Month-to-month,Yes,Credit card (automatic),62.56,1122.03,Yes
CUST-06180,Male,0,Yes,Yes,59,Yes,No,Fiber optic,Yes,Yes,Yes,No,No,No,Month-to-month,Yes,Credit card (automatic),86.97,5121.64,No
CUST-06181,Female,0,No,No,70,Yes,Yes,No,No internet service,No internet service,No internet service,No internet service,No internet service,No internet service,Month-to-month,No,Electronic check,43.78,3054.72,No
CUST-06182,Male,0,No,No,35,Yes,Yes,No,No internet service,No internet service,No internet service,No internet service,No internet service,No internet service,One year,Yes,Bank transfer (automatic),18.25,632.77,No
CUST-06183,Male,1,No,No,19,Yes,No,DSL,No,No,No,No,No,No,Month-to-month,No,Credit card (automatic),42.61,804.97,Yes
CUST-06184,Female,0,Yes,No,26,Yes,Yes,Fiber optic,No,Yes,Yes,No,No,No,Month-to-month,No,Electronic check,82.28,2140.96,No
CUST-06185,Female,1,No,No,35,Yes,No,DSL,Yes,No,Yes,No,No,No,Month-to-month,Yes,Mailed check,54.3,1907.64,No
CUST-06186,Male,1,Yes,No,72,No,No phone service,Fiber optic,No,No,No,Yes,Yes,Yes,Month-to-month,No,Electronic check,83.55,6012.28,No
CUST-06187,Male,1,No,No,57,Yes,Yes,DSL,Yes,No,Yes,No,No,Yes,Two year,No,Electronic check,56.01,3199.16,No
CUST-06188,Female,0,No,No,49,Yes,Yes,DSL,No,No,No,No,No,Yes,Two year,Yes,Credit card (automatic),62.95,3079.21,No
CUST-06189,Female,0,Yes,No,10,Yes,Yes,DSL,No,Yes,No,No,Yes,No,Two year,Yes,Mailed check,66.67,665.29,No
CUST-06190,Female,0,Yes,Yes,29,Yes,Yes,Fiber optic,No,Yes,No,No,No,No,Month-to-month,Yes,Electronic check,81.0,2340.88,Yes
CUST-06191,Female,0,Yes,Yes,71,Yes,No,Fiber optic,No,No,Yes,No,No,No,One year,Yes,Bank transfer (automatic),67.67,4803.33,No
CUST-06192,Female,0,Yes,No,68,Yes,No,Fiber optic,No,No,Yes,No,No,No,Month-to-month,No,Credit card (automatic),68.28,4647.0,Yes
CUST-06193,Female,0,Yes,No,24,Yes,Yes,Fiber optic,No,No,No,No,No,No,Two year,Yes,Bank transfer (automatic),71.71,1727.48,No
CUST-06194,Female,0,Yes,Yes,43,Yes,Yes,Fiber optic,No,Yes,Yes,No,No,No,Month-to-month,No,Credit card (automatic),90.82,3904.26,Yes
CUST-06195,Male,0,No,Yes,39,Yes,Yes,DSL,Yes,No,Yes,No,No,Yes,Two year,No,Electronic check,57.39,2232.96,No
CUST-06196,Female,0,Yes,No,25,Yes,No,Fiber optic,Yes,No,No,No,No,Yes,Month-to-month,Yes,Mailed check,76.3,1898.05,No
CUST-06197,Female,0,No,No,68,Yes,Yes,DSL,No,No,Yes,Yes,No,Yes,Month-to-month,No,Electronic check,50.87,3463.43,No
CUST-06198,Male,0,No,Yes,34,Yes,No,Fiber optic,Yes,Yes,No,No,No,No,Month-to-month,Yes,Electronic check,66.84,2268.77,Yes
CUST-06199,Female,0,No,Yes,53,Yes,No,Fiber optic,No,No,No,No,No,Yes,Month-to-month,Yes,Mailed check,73.34,3890.59,Yes
CUST-06200,Female,0,No,No,55,Yes,Yes,DSL,No,Yes,Yes,Yes,Yes,No,One year,Yes,Bank transfer (automatic),50.8,2796.85,No
CUST-06201,Male,0,No,No,53,No,No phone service,Fiber optic,No,Yes,Yes,No,No,No,Month-to-month,Yes,Bank transfer (automatic),67.57,3574.2,No
CUST-06202,Female,0,Yes,Yes,18,Yes,No,Fiber optic,No,Yes,No,No,No,No,Month-to-month,Yes,Electronic check,77.49,1402.12,Yes
CUST-06203,Male,0,No,No,7,Yes,No,Fiber optic,Yes,Yes,No,Yes,No,Yes,Two year,No,Bank transfer (automatic),76.67,531.58,No
CUST-06204,Male,0,No,No,63,Yes,Yes,Fiber optic,No,Yes,No,No,Yes,No,One year,Yes,Mailed check,93.54,5895.84,No
CUST-06205,Male,0,No,No,42,Yes,Yes,Fiber optic,No,Yes,No,No,Yes,No,Two year,Yes,Credit card (automatic),79.21,3327.81,No
CUST-06206,Male,0,Yes,No,11,Yes,No,No,No internet service,No internet service,No internet service,No internet service,No internet service,No internet service,Month-to-month,Yes,Bank transfer (automatic),34.77,384.18,No
CUST-06207,Female,0,Yes,No,9,Yes,Yes,Fiber optic,No,No,Yes,Yes,No,Yes,Month-to-month,Yes,Mailed check,91.38,821.49,Yes
CUST-06208,Male,0,Yes,No,35,Yes,No,DSL,No,No,No,No,Yes,No,Month-to-month,Yes,Electronic check,66.52,2328.76,No
CUST-06209,Male,0,Yes,No,65,Yes,Yes,No,No internet service,No internet service,No internet service,No internet service,No internet service,No internet service,Month-to-month,No,Credit card (automatic),33.56,2186.58,No
CUST-06210,Female,0,No,Yes,5,Yes,No,DSL,Yes,No,Yes,Yes,No,No,One year,No,Electronic check,55.62,275.56,No
CUST-06211,Male,1,Yes,No,26,Yes,Yes,DSL,No,Yes,No,No,Yes,No,Two year,No,Electronic check,49.62,1295.04,No
CUST-06212,Male,0,No,No,51,Yes,Yes,Fiber optic,No,No,No,No,No,Yes,Month-to-month,No,Bank transfer (automatic),78.56,3998.67,Yes
CUST-06213,Male,0,Yes,No,38,Yes,No,No,No internet service,No internet service,No internet service,No internet service,No internet service,No internet service,Month-to-month,No,Mailed check,18.25,695.18,No
CUST-06214,Male,0,Yes,Yes,3,Yes,Yes,DSL,No,No,Yes,No,Yes,No,Two year,No,Electronic check,44.93,134.69,No
CUST-06215,Female,0,Yes,No,59,Yes,No,DSL,Yes,No,No,No,No,Yes,Month-to-month,Yes,Mailed check,51.22,3026.28,No
CUST-06216,Male,0,Yes,Yes,13,Yes,Yes,DSL,No,No,No,No,No,No,Month-to-month,No,Electronic check,40.69,527.85,No
CUST-06217,Female,0,No,No,35,Yes,Yes,Fiber optic,No,Yes,No,No,Yes,No,Month-to-month,No,Electronic check,86.48,3030.56,No
CUST-06218,Female,0,Yes,Yes,3,Yes,Yes,No,No internet service,No internet service,No internet service,No internet service,No internet service,No internet service,Two year,Yes,Electronic check,32.66,104.53,Yes
CUST-06219,Male,0,No,No,53,No,No phone service,No,No internet service,No internet service,No internet service,No internet service,No internet service,No internet service,Month-to-month,Yes,Electronic check,40.66,2150.63,No
CUST-06220,Male,0,No,No,55,Yes,No,DSL,No,No,No,No,Yes,No,Two year,Yes,Credit card (automatic),45.02,2473.97,No
CUST-06221,Male,0,No,No,45,Yes,No,DSL,No,No,No,Yes,Yes,Yes,Month-to-month,Yes,Credit card (automatic),67.96,3054.06,Yes
CUST-06222,Male,0,No,Yes,66,Yes,No,No,No internet service,No internet service,No internet service,No internet service,No internet service,No internet service,Two year,Yes,Bank transfer (automatic),42.06,2770.27,No
CUST-06223,Female,0,No,No,67,Yes,No,DSL,No,Yes,No,No,No,No,Month-to-month,Yes,Credit card (automatic),56.13,3762.28,No
CUST-06224,Female,0,No,No,44,Yes,Yes,DSL,Yes,No,Yes,No,No,No,Month-to-month,Yes,Credit card (automatic),51.0,2253.71,No
CUST-06225,Female,0,No,No,68,Yes,Yes,DSL,No,Yes,No,No,Yes,Yes,Month-to-month,Yes,Mailed check,65.98,4477.21,No
CUST-06226,Male,0,Yes,Yes,62,Yes,No,DSL,No,Yes,No,Yes,Yes,Yes,Two year,Yes,Credit card (automatic),68.23,4225.39,Yes
CUST-06227,Female,0,No,Yes,25,Yes,No,DSL,No,No,No,No,No,Yes,One year,Yes,Credit card (automatic),44.85,1131.04,Yes
CUST-06228,Male,1,Yes,No,52,Yes,No,DSL,Yes,No,No,No,No,No,One year,Yes,Electronic check,57.35,2978.3,Yes
CUST-06229,Male,1,Yes,No,50,Yes,No,Fiber optic,No,No,Yes,No,Yes,Yes,One year,Yes,Credit card (automatic),80.09,3994.51,No
CUST-06230,Male,0,No,Yes,1,Yes,Yes,Fiber optic,No,No,Yes,No,No,No,Two year,Yes,Electronic check,81.09,90.89,Yes
CUST-06231,Male,0,No,No,39,Yes,No,Fiber optic,No,No,No,Yes,No,No,Month-to-month,Yes,Credit card (automatic),67.08,2621.34,No
CUST-06232,Male,0,Yes,No,52,Yes,Yes,No,No internet service,No internet service,No internet service,No internet service,No internet service,No internet service,One year,No,Bank transfer (automatic),26.45,1368.61,No
CUST-06233,Female,0,Yes,Yes,40,Yes,Yes,No,No internet service,No internet service,No internet service,No internet service,No internet service,No internet service,One year,Yes,Credit card (automatic),19.47,771.44,No
CUST-06234,Female,1,No,No,60,Yes,Yes,DSL,No,Yes,No,Yes,No,No,Two year,No,Mailed check,66.17,3971.01,No
CUST-06235,Male,0,No,No,69,No,No phone service,Fiber optic,No,Yes,No,No,No,Yes,Month-to-month,No,Credit card (automatic),78.62,5415.01,Yes
CUST-06236,Female,0,Yes,No,20,Yes,Yes,No,No internet service,No internet service,No internet service,No internet service,No internet service,No internet service,Two year,Yes,Credit card (automatic),40.12,807.43,No
CUST-06237,Male,0,Yes,No,2,Yes,Yes,No,No internet service,No internet service,No internet service,No internet service,No internet service,No internet service,Month-to-month,No,Electronic check,21.52,39.75,Yes
CUST-06238,Male,0,No,No,9,Yes,Yes,DSL,Yes,No,Yes,No,No,Yes,Month-to-month,Yes,Credit card (automatic),65.93,602.85,No
CUST-06239,Male,1,Yes,Yes,39,Yes,No,Fiber optic,Yes,No,Yes,No,Yes,No,Month-to-month,No,Mailed check,69.18,2688.41,No
CUST-06240,Female,0,Yes,Yes,30,Yes,No,Fiber optic,No,No,No,Yes,No,Yes,Two year,Yes,Mailed check,69.62,2096.05,No
CUST-06241,Male,0,No,Yes,54,Yes,Yes,Fiber optic,No,Yes,No,No,No,Yes,Month-to-month,Yes,Credit card (automatic),94.63,5107.23,No
CUST-06242,Male,0,Yes,No,58,Yes,No,DSL,No,Yes,No,No,Yes,Yes,Month-to-month,Yes,Mailed check,40.86,2373.23,Yes
CUST-06243,Female,0,No,No,44,Yes,Yes,DSL,No,No,No,No,Yes,No,One year,No,Mailed check,40.95,1811.78,No
CUST-06244,Female,0,No,No,43,Yes,No,Fiber optic,No,Yes,No,No,Yes,No,One year,No,Electronic check,68.16,2936.36,No
CUST-06245,Female,0,No,Yes,10,Yes,No,Fiber optic,No,No,Yes,No,Yes,No,Month-to-month,No,Mailed check,70.67,709.25,No
CUST-06246,Male,0,Yes,No,48,Yes,No,DSL,Yes,No,Yes,No,Yes,No,One year,Yes,Bank transfer (automatic),42.05,2015.18,No
CUST-06247,Male,0,No,No,17,Yes,No,No,No internet service,No internet service,No internet service,No internet service,No internet service,No internet service,One year,No,Bank transfer (automatic),43.52,740.17,No
CUST-06248,Female,0,Yes,No,5,Yes,No,DSL,No,No,No,No,No,Yes,Month-to-month,Yes,Bank transfer (automatic),49.05,245.94,No
CUST-06249,Male,0,No,No,70,Yes,No,DSL,Yes,No,Yes,Yes,Yes,No,Month-to-month,Yes,Bank transfer (automatic),68.96,4830.56,No
CUST-06250,Female,0,No,No,64,Yes,No,No,No internet service,No internet service,No internet service,No internet service,No internet service,No internet service,Month-to-month,Yes,Mailed check,41.29,2648.62,No
CUST-06251,Female,0,Yes,No,66,No,No phone service,DSL,No,No,Yes,No,No,No,One year,Yes,Credit card (automatic),62.96,4162.57,No
CUST-06252,Male,0,Yes,Yes,71,Yes,Yes,DSL,Yes,Yes,No,No,No,No,Month-to-month,Yes,Electronic check,40.81,2900.37,No
CUST-06253,Male,0,Yes,No,4,Yes,Yes,Fiber optic,Yes,No,Yes,Yes,No,No,One year,No,Electronic check,86.82,345.13,Yes
CUST-06254,Female,0,No,No,28,No,No phone service,DSL,Yes,No,No,No,No,No,Month-to-month,Yes,Credit card (automatic),51.32,1444.77,Yes
CUST-06255,Female,0,Yes,No,38,Yes,No,DSL,No,No,No,Yes,Yes,Yes,Month-to-month,No,Credit card (automatic),66.26,2521.28,No
CUST-06256,Female,0,No,Yes,66,Yes,Yes,DSL,Yes,Yes,Yes,No,No,Yes,One year,No,Mailed check,56.57,3725.93,No
CUST-06257,Female,0,Yes,No,67,Yes,Yes,DSL,No,Yes,No,No,Yes,No,One year,Yes,Credit card (automatic),46.98,3138.68,No
CUST-06258,Male,0,No,Yes,60,Yes,No,No,No internet service,No internet service,No internet service,No internet service,No internet service,No internet service,One year,Yes,Bank transfer (automatic),33.19,1983.91,No
CUST-06259,Female,0,No,No,47,Yes,Yes,No,No internet service,No internet service,No internet service,No internet service,No internet service,No internet service,One year,Yes,Electronic check,30.92,1458.93,Yes
CUST-06260,Female,1,No,No,25,Yes,Yes,DSL,Yes,No,Yes,No,Yes,Yes,One year,Yes,Mailed check,60.77,1528.41,No
CUST-06261,Female,0,No,No,66,Yes,No,DSL,No,No,Yes,Yes,Yes,Yes,Month-to-month,No,Electronic check,47.61,3146.57,Yes
CUST-06262,Male,0,Yes,Yes,67,Yes,No,DSL,No,No,No,No,No,No,Two year,Yes,Electronic check,69.69,4660.64,No
CUST-06263,Male,0,Yes,No,69,No,No phone service,Fiber optic,No,No,Yes,Yes,No,Yes,Two year,No,Electronic check,85.08,5873.94,No
CUST-06264,Female,0,No,No,40,Yes,No,No,No internet service,No internet service,No internet service,No internet service,No internet service,No internet service,One year,Yes,Credit card (automatic),26.57,1055.47,No
CUST-06265,Male,0,No,Yes,50,Yes,No,No,No internet service,No internet service,No internet service,No internet service,No internet service,No internet service,One year,Yes,Bank transfer (automatic),32.68,1633.09,No
CUST-06266,Male,0,Yes,No,40,No,No phone service,DSL,No,No,Yes,No,No,No,Month-to-month,Yes,Electronic check,52.23,2082.76,No
CUST-06267,Male,0,Yes,Yes,37,Yes,No,DSL,No,No,No,No,No,No,Month-to-month,No,Mailed check,65.98,2444.2,Yes
CUST-06268,Female,0,Yes,No,69,Yes,Yes,DSL,Yes,No,Yes,No,No,No,Two year,Yes,Bank transfer (automatic),68.22,4710.08,No
CUST-06269,Female,0,Yes,No,17,Yes,No,No,No internet service,No internet service,No internet service,No internet service,No internet service,No internet service,Month-to-month,No,Bank transfer (automatic),42.26,726.68,No
CUST-06270,Male,0,Yes,No,62,Yes,No,Fiber optic,No,No,Yes,No,Yes,No,One year,No,Electronic check,77.85,4820.88,No
CUST-06271,Female,0,Yes,No,41,Yes,Yes,Fiber optic,No,No,Yes,No,No,Yes,Month-to-month,No,Electronic check,71.53,2941.4,No
CUST-06272,Female,0,No,No,42,Yes,No,No,No internet service,No internet service,No internet service,No internet service,No internet service,No internet service,Two year,No,Mailed check,33.17,1398.78,No
CUST-06273,Male,0,Yes,No,31,Yes,No,No,No internet service,No internet service,No internet service,No internet service,No internet service,No internet service,Month-to-month,Yes,Electronic check,31.88,980.47,No
CUST-06274,Male,0,Yes,Yes,33,Yes,Yes,Fiber optic,No,No,No,Yes,No,No,One year,No,Electronic check,66.92,2205.22,No
CUST-06275,Female,1,No,No,43,Yes,No,DSL,No,No,No,No,Yes,Yes,Month-to-month,Yes,Mailed check,65.52,2824.27,No
CUST-06276,Male,1,Yes,No,67,Yes,No,DSL,No,Yes,No,No,Yes,No,Month-to-month,Yes,Mailed check,41.13,2748.3,No
CUST-06277,Female,0,Yes,No,38,Yes,No,DSL,No,Yes,Yes,No,Yes,Yes,One year,Yes,Electronic check,41.07,1554.07,No
CUST-06278,Female,0,Yes,No,41,Yes,No,Fiber optic,No,No,No,Yes,Yes,No,Two year,Yes,Bank transfer (automatic),87.04,3574.19,No
CUST-06279,Male,0,No,Yes,63,Yes,Yes,Fiber optic,No,No,No,No,No,No,Two year,No,Mailed check,93.31,5878.66,No
CUST-06280,Female,0,Yes,No,40,Yes,No,Fiber optic,No,No,Yes,No,No,Yes,Month-to-month,No,Credit card (automatic),85.94,3441.4,Yes
CUST-06281,Female,1,No,No,30,Yes,No,DSL,No,No,No,No,No,Yes,Month-to-month,No,Electronic check,63.48,1907.3,Yes
CUST-06282,Male,0,Yes,No,47,Yes,No,No,No internet service,No internet service,No internet service,No internet service,No internet service,No internet service,Two year,No,Electronic check,42.52,1992.04,Yes
CUST-06283,Male,0,No,Yes,22,Yes,No,Fiber optic,No,No,No,No,No,No,Month-to-month,No,Electronic check,74.77,1654.3,Yes
CUST-06284,Male,0,Yes,No,55,Yes,No,DSL,Yes,Yes,Yes,Yes,No,Yes,Month-to-month,Yes,Mailed check,58.45,3221.35,No
CUST-06285,Female,0,Yes,Yes,43,Yes,Yes,Fiber optic,No,No,No,Yes,No,No,Two year,Yes,Electronic check,75.77,3253.22,No
CUST-06286,Male,0,Yes,No,61,Yes,No,No,No internet service,No internet service,No internet service,No internet service,No internet service,No internet service,Month-to-month,No,Electronic check,38.62,2359.07,Yes
CUST-06287,Male,0,No,No,32,Yes,Yes,Fiber optic,No,Yes,Yes,No,No,No,Month-to-month,No,Credit card (automatic),88.9,2834.99,Yes
CUST-06288,Male,0,Yes,No,4,Yes,Yes,DSL,Yes,Yes,Yes,No,No,No,Month-to-month,No,Electronic check,54.58,208.5,No
CUST-06289,Male,0,Yes,No,45,Yes,Yes,DSL,Yes,Yes,No,No,No,No,One year,No,Mailed check,63.04,2827.63,Yes
CUST-06290,Female,0,No,No,72,No,No phone service,DSL,No,Yes,No,No,Yes,Yes,Two year,No,Bank transfer (automatic),51.68,3720.9,No
CUST-06291,Female,0,No,No,20,Yes,No,Fiber optic,No,No,No,No,Yes,No,Month-to-month,No,Credit card (automatic),85.41,1710.48,Yes
CUST-06292,Male,0,No,No,71,Yes,Yes,Fiber optic,No,Yes,No,No,Yes,Yes,Month-to-month,Yes,Credit card (automatic),74.38,5274.03,No
CUST-06293,Female,0,Yes,No,65,Yes,No,Fiber optic,Yes,Yes,Yes,Yes,No,Yes,Month-to-month,Yes,Electronic check,68.76,4469.45,No
CUST-06294,Male,1,No,No,60,Yes,No,Fiber optic,Yes,No,No,No,No,No,Month-to-month,No,Mailed check,89.78,5389.33,Yes
CUST-06295,Male,0,Yes,No,26,Yes,Yes,No,No internet service,No internet service,No internet service,No internet service,No internet service,No internet service,Month-to-month,No,Bank transfer (automatic),18.25,477.76,Yes
CUST-06296,Female,0,No,No,23,No,No phone service,Fiber optic,No,No,No,Yes,Yes,No,Month-to-month,Yes,Electronic check,79.38,1832.52,Yes
CUST-06297,Female,0,No,Yes,40,Yes,No,Fiber optic,No,Yes,Yes,No,No,No,One year,No,Electronic check,93.69,3746.83,No
CUST-06298,Male,0,Yes,No,2,Yes,Yes,Fiber optic,Yes,Yes,No,No,Yes,Yes,Month-to-month,Yes,Electronic check,65.03,139.48,Yes
CUST-06299,Male,0,Yes,No,26,Yes,No,Fiber optic,No,No,No,No,No,No,Month-to-month,Yes,Electronic check,93.06,2428.43,Yes
CUST-06300,Female,0,Yes,Yes,62,Yes,Yes,No,No internet service,No internet service,No internet service,No internet service,No internet service,No internet service,Month-to-month,No,Bank transfer (automatic),18.25,1141.2,Yes
CUST-06301,Male,1,Yes,No,44,Yes,No,Fiber optic,Yes,Yes,No,No,No,Yes,Month-to-month,Yes,Mailed check,82.21,3626.32,No
CUST-06302,Female,0,No,No,31,Yes,No,DSL,No,No,No,No,No,No,Month-to-month,Yes,Credit card (automatic),53.19,1651.23,No
CUST-06303,Male,1,No,No,26,Yes,Yes,Fiber optic,No,Yes,No,No,Yes,Yes,One year,Yes,Electronic check,70.92,1843.77,No
CUST-06304,Male,1,No,Yes,5,Yes,Yes,No,No internet service,No internet service,No internet service,No internet service,No internet service,No internet service,Two year,No,Mailed check,36.3,179.99,No
CUST-06305,Female,1,Yes,No,70,Yes,Yes,No,No internet service,No internet service,No internet service,No internet service,No internet service,No internet service,Month-to-month,No,Mailed check,23.81,1665.12,Yes
CUST-06306,Female,0,Yes,Yes,35,Yes,Yes,Fiber optic,No,Yes,No,No,No,No,Two year,Yes,Bank transfer (automatic),87.38,3058.45,No
CUST-06307,Female,0,No,Yes,16,Yes,No,Fiber optic,No,No,No,No,Yes,No,Month-to-month,Yes,Mailed check,76.82,1231.38,Yes
CUST-06308,Female,0,No,No,31,Yes,Yes,DSL,Yes,No,Yes,No,No,Yes,Month-to-month,Yes,Bank transfer (automatic),41.28,1276.3,No
CUST-06309,Female,0,Yes,Yes,14,Yes,No,Fiber optic,Yes,No,Yes,No,No,Yes,One year,Yes,Mailed check,77.93,1090.92,Yes
CUST-06310,Female,0,No,No,25,Yes,No,Fiber optic,No,Yes,No,No,No,No,One year,Yes,Credit card (automatic),84.57,2110.7,Yes
CUST-06311,Female,0,No,Yes,71,Yes,No,DSL,No,Yes,No,No,Yes,Yes,Month-to-month,Yes,Credit card (automatic),43.66,3096.66,No
CUST-06312,Male,0,No,No,18,Yes,No,DSL,No,Yes,No,No,No,No,Month-to-month,Yes,Bank transfer (automatic),64.73,1164.12,Yes
CUST-06313,Male,1,Yes,No,50,Yes,Yes,Fiber optic,No,No,Yes,No,No,Yes,Month-to-month,Yes,Credit card (automatic),83.08,4151.11,No
CUST-06314,Male,0,No,No,20,Yes,Yes,Fiber optic,No,No,No,No,Yes,Yes,Two year,No,Electronic check,92.14,1846.74,No
CUST-06315,Female,0,Yes,No,56,Yes,No,Fiber optic,Yes,No,No,No,No,No,Month-to-month,Yes,Mailed check,92.57,5183.28,Yes
CUST-06316,Female,0,No,No,2,Yes,No,No,No internet service,No internet service,No internet service,No internet service,No internet service,No internet service,One year,No,Bank transfer (automatic),43.97,91.84,No
CUST-06317,Female,0,Yes,No,26,Yes,Yes,Fiber optic,No,No,Yes,Yes,No,No,Month-to-month,No,Mailed check,77.93,2031.07,No
CUST-06318,Male,0,No,No,23,Yes,Yes,DSL,No,No,No,Yes,No,No,Month-to-month,Yes,Electronic check,50.03,1143.21,No
CUST-06319,Female,1,No,No,32,Yes,No,No,No internet service,No internet service,No internet service,No internet service,No internet service,No internet service,Two year,Yes,Electronic check,40.47,1294.72,No
CUST-06320,Female,0,No,No,13,Yes,No,Fiber optic,No,Yes,No,No,No,No,Two year,No,Credit card (automatic),84.96,1102.81,No
CUST-06321,Male,0,Yes,No,13,Yes,No,DSL,No,Yes,No,Yes,No,No,Month-to-month,No,Electronic check,50.83,654.24,Yes
CUST-06322,Female,0,No,No,17,Yes,Yes,Fiber optic,No,Yes,No,Yes,No,No,Month-to-month,Yes,Mailed check,91.85,1556.85,No
CUST-06323,Male,0,No,No,58,Yes,Yes,DSL,No,No,No,No,No,No,One year,No,Electronic check,47.72,2766.76,No
CUST-06324,Male,0,Yes,No,27,Yes,Yes,Fiber optic,No,No,No,No,Yes,No,Month-to-month,Yes,Mailed check,92.3,2486.29,No
CUST-06325,Female,0,Yes,Yes,17,Yes,No,Fiber optic,No,Yes,Yes,No,Yes,Yes,Month-to-month,Yes,Credit card (automatic),89.06,1508.41,Yes
CUST-06326,Female,0,No,No,38,Yes,Yes,No,No internet service,No internet service,No internet service,No internet service,No internet service,No internet service,Month-to-month,Yes,Mailed check,27.37,1048.82,No
CUST-06327,Female,0,No,No,14,Yes,No,Fiber optic,No,Yes,No,Yes,No,No,Month-to-month,No,Credit card (automatic),75.73,1052.07,Yes
CUST-06328,Male,0,No,No,14,Yes,Yes,DSL,No,No,No,No,No,No,Month-to-month,Yes,Electronic check,66.48,927.57,No
CUST-06329,Male,0,No,No,12,Yes,No,DSL,No,No,No,No,No,No,Month-to-month,No,Electronic check,54.56,647.74,No
CUST-06330,Male,1,No,Yes,69,Yes,Yes,Fiber optic,No,No,No,No,Yes,No,Two year,No,Bank transfer (automatic),88.02,6067.6,No
CUST-06331,Female,0,Yes,No,68,Yes,No,DSL,No,No,No,No,No,Yes,Two year,Yes,Credit card (automatic),59.35,4042.63,No
CUST-06332,Female,0,No,No,55,Yes,No,Fiber optic,No,No,Yes,No,No,No,One year,No,Electronic check,70.32,3863.93,No
CUST-06333,Female,0,Yes,No,63,Yes,No,Fiber optic,No,Yes,No,No,No,No,Month-to-month,No,Electronic check,92.05,5790.75,No
CUST-06334,Female,1,Yes,No,29,Yes,Yes,Fiber optic,No,Yes,Yes,Yes,No,No,One year,Yes,Electronic check,83.57,2422.46,No
CUST-06335,Male,1,No,No,45,Yes,Yes,No,No internet service,No internet service,No internet service,No internet service,No internet service,No internet service,Month-to-month,No,Mailed check,24.78,1109.27,Yes
CUST-06336,Male,0,Yes,No,4,Yes,No,Fiber optic,Yes,No,No,No,No,No,Month-to-month,No,Bank transfer (automatic),75.84,306.68,Yes
CUST-06337,Male,0,No,No,16,Yes,No,Fiber optic,Yes,No,Yes,No,No,No,One year,No,Mailed check,72.09,1147.91,No
CUST-06338,Male,0,Yes,No,66,Yes,No,DSL,No,No,No,No,No,No,Two year,Yes,Electronic check,57.65,3814.78,No
CUST-06339,Female,0,Yes,No,23,Yes,No,No,No internet service,No internet service,No internet service,No internet service,No internet service,No internet service,One year,Yes,Credit card (automatic),20.61,466.46,No
CUST-06340,Female,0,No,No,68,Yes,No,No,No internet service,No internet service,No internet service,No internet service,No internet service,No internet service,Month-to-month,No,Bank transfer (automatic),25.83,1759.34,No
CUST-06341,Female,0,No,No,20,Yes,No,No,No internet service,No internet service,No internet service,No internet service,No internet service,No internet service,Month-to-month,No,Bank transfer (automatic),43.19,861.34,Yes
CUST-06342,Male,0,Yes,Yes,17,Yes,No,No,No internet service,No internet service,No internet service,No internet service,No internet service,No internet service,Month-to-month,No,Mailed check,18.25,310.91,No
CUST-06343,Male,1,No,Yes,52,Yes,No,No,No internet service,No internet service,No internet service,No internet service,No internet service,No internet service,Month-to-month,Yes,Electronic check,36.63,1902.05,Yes
CUST-06344,Female,0,No,Yes,6,Yes,No,Fiber optic,Yes,No,Yes,Yes,Yes,No,Month-to-month,Yes,Bank transfer (automatic),69.04,421.46,Yes
CUST-06345,Female,0,Yes,No,39,Yes,Yes,Fiber optic,No,Yes,Yes,No,Yes,No,Month-to-month,Yes,Electronic check,75.86,2955.55,No
CUST-06346,Male,0,Yes,No,34,Yes,No,DSL,No,No,No,No,Yes,Yes,Two year,No,Electronic check,57.21,1942.02,No
CUST-06347,Female,0,Yes,No,54,Yes,No,Fiber optic,Yes,No,No,No,No,No,Month-to-month,Yes,Credit card (automatic),94.49,5101.71,Yes
CUST-06348,Male,0,No,No,65,Yes,No,Fiber optic,No,Yes,No,Yes,No,Yes,Two year,Yes,Credit card (automatic),74.61,4847.74,No
CUST-06349,Male,0,No,No,29,Yes,No,No,No internet service,No internet service,No internet service,No internet service,No internet service,No internet service,Two year,Yes,Credit card (automatic),20.74,595.3,No
CUST-06350,Male,0,No,No,41,Yes,Yes,Fiber optic,No,No,No,No,No,No,Month-to-month,No,Mailed check,83.78,3435.74,Yes
CUST-06351,Female,0,Yes,Yes,63,Yes,No,No,No internet service,No internet service,No internet service,No internet service,No internet service,No internet service,Month-to-month,No,Electronic check,29.27,1837.92,No
CUST-06352,Female,0,No,No,32,Yes,No,Fiber optic,Yes,No,Yes,Yes,Yes,Yes,One year,Yes,Mailed check,72.82,2325.93,Yes
CUST-06353,Male,0,Yes,Yes,66,Yes,No,DSL,No,No,Yes,No,Yes,No,Month-to-month,No,Mailed check,61.96,4094.76,No
CUST-06354,Female,0,Yes,Yes,45,Yes,No,DSL,No,Yes,No,No,Yes,No,Month-to-month,Yes,Bank transfer (automatic),63.3,2842.56,No
CUST-06355,Male,0,Yes,Yes,17,Yes,No,No,No internet service,No internet service,No internet service,No internet service,No internet service,No internet service,One year,No,Credit card (automatic),36.98,618.83,Yes
CUST-06356,Male,0,Yes,Yes,43,Yes,Yes,Fiber optic,Yes,No,No,No,No,Yes,Month-to-month,Yes,Mailed check,90.02,3874.83,No
CUST-06357,Male,0,Yes,Yes,66,Yes,No,DSL,Yes,No,No,Yes,No,No,Month-to-month,Yes,Credit card (automatic),60.38,3993.51,No
CUST-06358,Male,0,Yes,No,68,Yes,No,Fiber optic,No,No,Yes,Yes,No,Yes,Month-to-month,Yes,Mailed check,85.51,5808.8,Yes
CUST-06359,Female,0,Yes,Yes,34,No,No phone service,DSL,No,Yes,Yes,Yes,No,Yes,Month-to-month,Yes,Credit card (automatic),53.32,1818.5,No
CUST-06360,Male,0,No,No,1,Yes,Yes,No,No internet service,No internet service,No internet service,No internet service,No internet service,No internet service,Two year,No,Mailed check,32.38,39.06,No
CUST-06361,Male,0,Yes,Yes,23,No,No phone service,DSL,No,No,Yes,Yes,Yes,No,Month-to-month,Yes,Bank transfer (automatic),60.46,1395.9,No
CUST-06362,Female,1,No,Yes,6,Yes,Yes,Fiber optic,No,No,No,No,No,Yes,Month-to-month,Yes,Mailed check,80.61,490.56,Yes
CUST-06363,Male,0,No,No,16,Yes,Yes,Fiber optic,No,No,No,No,Yes,No,One year,Yes,Mailed check,85.64,1374.0,No
CUST-06364,Male,0,No,No,2,Yes,No,No,No internet service,No internet service,No internet service,No internet service,No internet service,No internet service,Two year,No,Bank transfer (automatic),41.5,73.84,No
CUST-06365,Female,0,No,No,27,Yes,No,No,No internet service,No internet service,No internet service,No internet service,No internet service,No internet service,Month-to-month,No,Bank transfer (automatic),27.84,750.64,Yes
CUST-06366,Female,0,No,No,19,Yes,Yes,DSL,No,No,Yes,No,No,No,Month-to-month,Yes,Electronic check,53.24,1005.42,Yes
CUST-06367,Female,0,Yes,No,28,Yes,Yes,No,No internet service,No internet service,No internet service,No internet service,No internet service,No internet service,Month-to-month,Yes,Mailed check,38.31,1074.55,No
CUST-06368,Male,0,No,No,35,Yes,No,Fiber optic,Yes,No,No,No,No,Yes,Month-to-month,No,Electronic check,74.48,2610.78,No
CUST-06369,Female,0,No,No,68,Yes,Yes,DSL,Yes,No,No,No,No,No,Month-to-month,No,Electronic check,42.31,2886.61,Yes
CUST-06370,Female,0,No,No,49,Yes,No,Fiber optic,No,Yes,Yes,No,No,Yes,Month-to-month,Yes,Electronic check,76.47,3750.3,No
CUST-06371,Male,1,Yes,Yes,7,Yes,Yes,No,No internet service,No internet service,No internet service,No internet service,No internet service,No internet service,Month-to-month,Yes,Bank transfer (automatic),30.42,212.23,No
CUST-06372,Male,0,No,No,37,Yes,Yes,Fiber optic,No,No,No,No,No,Yes,Month-to-month,Yes,Electronic check,73.37,2722.37,Yes
CUST-06373,Male,0,No,No,25,Yes,Yes,No,No internet service,No internet service,No internet service,No internet service,No internet service,No internet service,Two year,Yes,Credit card (automatic),35.22,873.4,No
CUST-06374,Male,0,No,No,41,Yes,Yes,Fiber optic,No,Yes,No,No,Yes,No,One year,No,Electronic check,81.13,3320.57,No
CUST-06375,Male,1,No,No,62,Yes,Yes,Fiber optic,No,Yes,No,No,No,Yes,Two year,Yes,Credit card (automatic),73.99,4582.67,No
CUST-06376,Female,0,Yes,Yes,41,Yes,Yes,DSL,No,Yes,Yes,No,Yes,No,Two year,Yes,Credit card (automatic),45.14,1845.72,No
CUST-06377,Female,0,No,No,14,Yes,No,No,No internet service,No internet service,No internet service,No internet service,No internet service,No internet service,Month-to-month,Yes,Mailed check,36.98,515.5,No
CUST-06378,Female,1,Yes,Yes,54,Yes,No,Fiber optic,No,Yes,Yes,No,No,Yes,Month-to-month,Yes,Mailed check,65.03,3516.12,Yes
CUST-06379,Male,0,Yes,No,2,Yes,No,Fiber optic,No,Yes,Yes,Yes,Yes,No,Two year,No,Electronic check,75.99,161.26,No
CUST-06380,Male,0,No,Yes,48,Yes,No,Fiber optic,No,No,No,No,No,No,One year,No,Credit card (automatic),74.41,3567.34,No
CUST-06381,Male,0,No,Yes,51,Yes,Yes,Fiber optic,No,Yes,No,No,Yes,No,One year,Yes,Mailed check,68.66,3494.29,No
CUST-06382,Female,0,Yes,No,55,Yes,No,Fiber optic,No,Yes,No,No,No,Yes,Two year,No,Credit card (automatic),93.86,5171.66,No
CUST-06383,Female,1,No,No,12,Yes,Yes,Fiber optic,No,No,No,No,Yes,Yes,Month-to-month,Yes,Credit card (automatic),74.86,901.54,No
CUST-06384,Male,0,No,Yes,69,Yes,Yes,Fiber optic,No,No,No,Yes,Yes,Yes,Two year,No,Credit card (automatic),90.52,6240.19,No
CUST-06385,Female,1,No,No,1,Yes,Yes,DSL,No,Yes,Yes,No,No,Yes,Month-to-month,Yes,Mailed check,53.8,58.93,Yes
CUST-06386,Male,1,Yes,Yes,59,Yes,No,Fiber optic,Yes,Yes,No,No,No,No,One year,Yes,Electronic check,82.46,4864.13,No
CUST-06387,Female,0,Yes,Yes,34,Yes,Yes,Fiber optic,No,Yes,No,Yes,No,No,Two year,No,Bank transfer (automatic),82.82,2817.81,Yes
CUST-06388,Female,0,No,Yes,46,Yes,Yes,Fiber optic,No,No,No,Yes,Yes,Yes,Month-to-month,No,Credit card (automatic),81.78,3769.24,No
CUST-06389,Female,0,No,No,59,Yes,Yes,Fiber optic,No,No,No,No,No,No,Month-to-month,Yes,Mailed check,93.18,5491.98,No
CUST-06390,Male,0,Yes,No,66,Yes,Yes,DSL,No,No,No,No,Yes,Yes,Month-to-month,No,Credit card (automatic),57.47,3791.64,No
CUST-06391,Female,0,Yes,No,19,Yes,No,DSL,No,No,No,No,No,No,One year,No,Credit card (automatic),69.75,1316.05,No
CUST-06392,Female,0,Yes,No,28,Yes,Yes,Fiber optic,Yes,No,No,Yes,No,Yes,Month-to-month,No,Bank transfer (automatic),75.44,2116.9,Yes
CUST-06393,Male,0,Yes,Yes,40,Yes,No,Fiber optic,No,No,Yes,No,No,No,One year,Yes,Electronic check,83.6,3336.26,No
CUST-06394,Female,0,Yes,No,57,Yes,Yes,DSL,Yes,Yes,Yes,No,Yes,No,Two year,Yes,Credit card (automatic),68.36,3902.08,No
CUST-06395,Male,0,Yes,No,51,Yes,No,Fiber optic,Yes,Yes,No,No,No,No,Month-to-month,No,Electronic check,85.19,4345.62,No
CUST-06396,Male,1,Yes,Yes,22,Yes,No,DSL,No,No,No,Yes,No,No,Month-to-month,Yes,Mailed check,47.55,1042.57,No
CUST-06397,Male,0,No,No,68,Yes,No,DSL,No,Yes,No,No,Yes,Yes,One year,Yes,Electronic check,65.12,4420.93,No
CUST-06398,Male,1,Yes,No,8,Yes,No,DSL,No,No,Yes,No,No,No,Month-to-month,Yes,Electronic check,55.75,441.19,No
CUST-06399,Male,0,Yes,No,60,Yes,No,DSL,Yes,Yes,No,No,No,No,Two year,Yes,Mailed check,61.82,3709.44,No
CUST-06400,Female,0,No,No,65,Yes,No,DSL,Yes,No,No,No,No,No,One year,Yes,Electronic check,40.79,2641.76,No
CUST-06401,Male,0,No,No,36,Yes,No,Fiber optic,Yes,No,Yes,No,Yes,No,Month-to-month,Yes,Electronic check,76.97,2764.39,Yes
CUST-06402,Male,0,No,No,71,Yes,Yes,Fiber optic,No,No,Yes,No,Yes,No,Month-to-month,Yes,Electronic check,84.2,5980.49,Yes
CUST-06403,Male,0,Yes,No,29,Yes,Yes,Fiber optic,No,No,Yes,No,Yes,No,Month-to-month,Yes,Electronic check,85.29,2475.23,No
CUST-06404,Male,0,Yes,Yes,65,Yes,No,Fiber optic,No,No,No,No,Yes,Yes,Month-to-month,No,Bank transfer (automatic),81.13,5272.38,Yes
CUST-06405,Female,0,No,No,56,Yes,No,Fiber optic,No,No,No,Yes,No,Yes,Two year,No,Bank transfer (automatic),66.22,3698.45,No
CUST-06406,Male,0,No,Yes,4,Yes,No,Fiber optic,Yes,No,No,No,No,No,Two year,Yes,Electronic check,89.01,356.56,Yes
CUST-06407,Female,0,No,Yes,72,Yes,Yes,Fiber optic,Yes,No,No,Yes,No,No,Month-to-month,No,Mailed check,83.93,6051.11,No
CUST-06408,Male,0,Yes,No,50,Yes,Yes,No,No internet service,No internet service,No internet service,No internet service,No internet service,No internet service,Month-to-month,Yes,Mailed check,18.25,910.35,No
CUST-06409,Female,0,No,No,39,Yes,Yes,No,No internet service,No internet service,No internet service,No internet service,No internet service,No internet service,Month-to-month,No,Mailed check,40.94,1586.96,Yes
CUST-06410,Male,0,Yes,No,35,Yes,No,No,No internet service,No internet service,No internet service,No internet service,No internet service,No internet service,One year,Yes,Mailed check,33.71,1182.31,No
CUST-06411,Male,1,Yes,No,25,Yes,No,Fiber optic,No,No,No,Yes,No,No,Month-to-month,No,Electronic check,90.42,2263.28,Yes
CUST-06412,Female,1,Yes,Yes,44,No,No phone service,No,No internet service,No internet service,No internet service,No internet service,No internet service,No internet service,Two year,Yes,Electronic check,40.02,1761.48,No
CUST-06413,Male,1,Yes,No,47,Yes,Yes,DSL,No,Yes,No,Yes,No,No,Month-to-month,Yes,Credit card (automatic),60.76,2855.21,Yes
CUST-06414,Female,0,No,Yes,40,Yes,No,Fiber optic,No,No,Yes,No,No,Yes,Two year,Yes,Electronic check,73.6,2951.11,No
CUST-06415,Male,0,No,No,31,Yes,No,Fiber optic,Yes,No,Yes,No,No,No,Two year,No,Bank transfer (automatic),88.17,2738.51,No
CUST-06416,Female,0,No,No,69,Yes,No,DSL,No,Yes,Yes,No,No,No,Month-to-month,Yes,Electronic check,49.86,3444.21,No
CUST-06417,Male,0,Yes,Yes,43,Yes,Yes,DSL,No,Yes,Yes,Yes,Yes,No,Month-to-month,Yes,Bank transfer (automatic),50.24,2159.73,No
CUST-06418,Male,0,No,No,55,Yes,No,Fiber optic,No,No,No,No,Yes,No,Month-to-month,No,Bank transfer (automatic),85.01,4672.91,No
CUST-06419,Female,0,Yes,No,16,Yes,No,DSL,No,No,No,No,Yes,No,One year,Yes,Credit card (automatic),67.17,1073.58,No
CUST-06420,Male,0,Yes,No,68,No,No phone service,DSL,No,No,Yes,No,No,Yes,Month-to-month,Yes,Electronic check,53.39,3638.42,No
CUST-06421,Male,0,Yes,No,69,Yes,Yes,DSL,No,Yes,No,No,Yes,No,One year,Yes,Electronic check,56.85,3930.04,No
CUST-06422,Male,0,No,Yes,42,Yes,Yes,Fiber optic,No,No,No,Yes,No,No,One year,No,Credit card (automatic),71.76,3009.38,Yes
CUST-06423,Male,0,Yes,Yes,41,No,No phone service,DSL,Yes,No,Yes,Yes,Yes,No,Month-to-month,No,Mailed check,60.1,2465.14,No
CUST-06424,Male,0,Yes,Yes,50,Yes,No,Fiber optic,No,No,Yes,No,No,Yes,Month-to-month,No,Electronic check,74.24,3719.35,Yes
CUST-06425,Male,0,No,Yes,6,Yes,No,No,No internet service,No internet service,No internet service,No internet service,No internet service,No internet service,Two year,Yes,Electronic check,41.62,251.93,No
CUST-06426,Female,0,No,No,53,Yes,No,Fiber optic,No,No,No,Yes,Yes,No,Month-to-month,Yes,Mailed check,65.06,3438.87,No
CUST-06427,Female,1,No,No,17,Yes,Yes,DSL,No,Yes,No,No,Yes,No,Two year,No,Mailed check,54.35,927.24,No
CUST-06428,Female,0,Yes,No,57,Yes,Yes,DSL,No,No,Yes,No,No,Yes,Month-to-month,No,Electronic check,64.95,3692.54,No
CUST-06429,Male,0,Yes,No,67,Yes,Yes,Fiber optic,No,No,Yes,No,No,Yes,Two year,Yes,Bank transfer (automatic),73.82,4951.49,No
CUST-06430,Female,1,No,No,16,Yes,Yes,No,No internet service,No internet service,No internet service,No internet service,No internet service,No internet service,Month-to-month,Yes,Bank transfer (automatic),29.55,470.26,Yes
CUST-06431,Male,0,Yes,No,52,Yes,No,DSL,No,No,No,No,No,No,Two year,Yes,Mailed check,43.17,2238.54,No
CUST-06432,Male,0,Yes,No,34,Yes,No,Fiber optic,No,No,No,No,Yes,No,Two year,No,Bank transfer (automatic),68.48,2330.3,No
CUST-06433,Male,0,No,No,20,Yes,Yes,Fiber optic,Yes,No,Yes,No,No,Yes,Month-to-month,Yes,Electronic check,84.12,1681.34,Yes
CUST-06434,Male,0,No,No,56,Yes,No,No,No internet service,No internet service,No internet service,No internet service,No internet service,No internet service,Month-to-month,Yes,Credit card (automatic),39.24,2193.35,Yes
CUST-06435,Female,0,No,Yes,51,Yes,No,Fiber optic,No,No,Yes,No,No,No,Two year,No,Electronic check,66.81,3408.16,Yes
CUST-06436,Male,0,No,No,53,No,No phone service,Fiber optic,No,Yes,No,No,Yes,No,Month-to-month,Yes,Electronic check,71.4,3779.89,Yes
CUST-06437,Female,0,No,Yes,49,Yes,No,Fiber optic,No,No,No,No,Yes,Yes,Month-to-month,Yes,Electronic check,77.92,3808.66,No
CUST-06438,Male,0,No,No,4,No,No phone service,DSL,No,No,No,No,Yes,No,Month-to-month,Yes,Credit card (automatic),68.75,278.41,Yes
CUST-06439,Female,1,No,No,18,Yes,No,DSL,No,No,No,No,Yes,Yes,Two year,Yes,Electronic check,42.88,762.28,No
CUST-06440,Female,0,No,Yes,36,Yes,Yes,DSL,No,Yes,Yes,No,Yes,Yes,Two year,Yes,Credit card (automatic),62.91,2265.64,No
CUST-06441,Female,0,Yes,No,35,Yes,Yes,Fiber optic,No,No,No,Yes,No,Yes,One year,Yes,Mailed check,83.35,2921.2,Yes
CUST-06442,Female,1,Yes,No,30,No,No phone service,Fiber optic,No,Yes,No,Yes,No,Yes,Month-to-month,No,Bank transfer (automatic),77.61,2320.43,Yes
CUST-06443,Female,0,Yes,No,63,Yes,Yes,DSL,Yes,No,No,Yes,Yes,No,One year,No,Electronic check,48.8,3067.46,No
CUST-06444,Female,0,Yes,No,21,Yes,No,DSL,No,No,No,No,No,No,Month-to-month,No,Bank transfer (automatic),51.25,1085.6,Yes
CUST-06445,Male,0,Yes,Yes,52,Yes,Yes,DSL,Yes,No,Yes,No,No,No,One year,Yes,Credit card (automatic),52.69,2739.29,No
CUST-06446,Female,0,Yes,No,69,Yes,No,DSL,Yes,No,No,No,Yes,No,Month-to-month,Yes,Bank transfer (automatic),66.26,4578.44,No
CUST-06447,Male,0,Yes,No,41,No,No phone service,DSL,No,Yes,No,No,No,No,One year,Yes,Credit card (automatic),69.58,2861.73,No
CUST-06448,Female,0,Yes,Yes,54,Yes,Yes,DSL,No,No,Yes,Yes,Yes,No,One year,Yes,Mailed check,68.7,3715.5,No
CUST-06449,Male,0,Yes,No,30,No,No phone service,DSL,Yes,No,No,Yes,Yes,Yes,One year,Yes,Bank transfer (automatic),44.39,1340.69,No
CUST-06450,Female,0,Yes,No,56,Yes,Yes,Fiber optic,No,Yes,Yes,Yes,Yes,Yes,Two year,No,Electronic check,65.87,3696.46,No
CUST-06451,Female,0,Yes,Yes,41,Yes,Yes,Fiber optic,No,Yes,No,No,No,No,Month-to-month,No,Electronic check,71.38,2929.38,Yes
CUST-06452,Male,1,No,No,14,Yes,No,DSL,No,No,Yes,No,No,No,Month-to-month,No,Electronic check,49.11,687.79,No
CUST-06453,Female,0,Yes,Yes,21,Yes,No,DSL,No,No,No,Yes,Yes,No,One year,Yes,Mailed check,53.78,1135.63,No
CUST-06454,Female,1,No,No,25,Yes,No,No,No internet service,No internet service,No internet service,No internet service,No internet service,No internet service,Month-to-month,Yes,Credit card (automatic),30.37,766.53,Yes
CUST-06455,Female,0,Yes,No,50,Yes,Yes,DSL,No,No,No,Yes,Yes,Yes,One year,Yes,Electronic check,51.12,2564.67,No
CUST-06456,Male,0,No,Yes,53,Yes,Yes,DSL,Yes,Yes,Yes,No,No,No,One year,No,Electronic check,67.72,3583.51,No
CUST-06457,Female,0,Yes,No,48,Yes,Yes,DSL,No,No,No,Yes,No,No,Month-to-month,Yes,Mailed check,61.75,2968.32,Yes
CUST-06458,Male,0,No,Yes,70,Yes,Yes,Fiber optic,Yes,No,No,No,Yes,Yes,Month-to-month,No,Electronic check,85.83,6017.67,Yes
CUST-06459,Female,0,Yes,No,48,Yes,No,DSL,No,No,No,No,Yes,No,Month-to-month,No,Electronic check,57.32,2752.11,No
CUST-06460,Female,0,No,No,4,Yes,Yes,No,No internet service,No internet service,No internet service,No internet service,No internet service,No internet service,One year,Yes,Credit card (automatic),31.74,134.62,No
CUST-06461,Male,0,Yes,No,24,Yes,No,DSL,No,No,No,Yes,Yes,No,Month-to-month,Yes,Bank transfer (automatic),52.94,1271.38,No
CUST-06462,Female,0,No,Yes,31,Yes,No,DSL,No,No,No,No,No,No,Month-to-month,Yes,Mailed check,53.18,1650.87,Yes
CUST-06463,Female,1,Yes,No,29,No,No phone service,Fiber optic,No,No,Yes,No,No,No,Month-to-month,No,Electronic check,93.18,2700.31,No
CUST-06464,Male,0,No,No,5,Yes,Yes,DSL,No,No,No,Yes,Yes,No,Month-to-month,No,Electronic check,57.64,282.99,No
CUST-06465,Female,0,No,No,67,Yes,Yes,Fiber optic,No,No,Yes,No,No,Yes,Two year,Yes,Credit card (automatic),77.45,5194.6,No
CUST-06466,Male,0,No,No,53,Yes,No,Fiber optic,Yes,Yes,No,No,No,Yes,Two year,No,Mailed check,79.69,4220.7,No
CUST-06467,Male,0,No,Yes,64,Yes,Yes,DSL,No,No,No,Yes,No,Yes,Month-to-month,Yes,Electronic check,67.88,4351.23,Yes
CUST-06468,Male,0,No,No,35,Yes,Yes,No,No internet service,No internet service,No internet service,No internet service,No internet service,No internet service,One year,Yes,Mailed check,25.37,895.18,No
CUST-06469,Female,0,No,No,12,Yes,Yes,Fiber optic,No,Yes,No,No,No,No,Month-to-month,No,Bank transfer (automatic),94.93,1136.7,No
CUST-06470,Male,0,No,No,47,Yes,No,DSL,No,Yes,No,No,No,Yes,Two year,Yes,Bank transfer (automatic),51.63,2419.48,No
CUST-06471,Male,1,No,No,55,Yes,No,Fiber optic,No,Yes,No,No,No,No,Two year,No,Electronic check,88.77,4880.63,No
CUST-06472,Female,0,Yes,No,69,Yes,No,DSL,Yes,No,No,No,No,No,One year,Yes,Bank transfer (automatic),42.04,2894.21,No
CUST-06473,Male,1,Yes,Yes,38,Yes,No,Fiber optic,Yes,Yes,No,No,No,Yes,Month-to-month,Yes,Bank transfer (automatic),77.27,2940.31,Yes
CUST-06474,Female,0,Yes,Yes,29,No,No phone service,Fiber optic,Yes,No,No,No,No,No,Two year,Yes,Mailed check,69.4,2010.37,No
CUST-06475,Female,0,No,Yes,12,No,No phone service,No,No internet service,No internet service,No internet service,No internet service,No internet service,No internet service,One year,Yes,Bank transfer (automatic),23.75,290.09,No
CUST-06476,Female,0,No,Yes,19,Yes,Yes,Fiber optic,Yes,Yes,No,No,No,Yes,One year,Yes,Electronic check,77.15,1465.54,No
CUST-06477,Female,0,Yes,No,9,Yes,No,No,No internet service,No internet service,No internet service,No internet service,No internet service,No internet service,Two year,No,Credit card (automatic),31.79,278.04,No
CUST-06478,Male,0,Yes,No,29,Yes,No,DSL,No,Yes,No,Yes,No,No,Two year,Yes,Electronic check,44.18,1275.17,No
CUST-06479,Male,0,No,No,3,Yes,No,DSL,No,No,No,No,No,Yes,Two year,Yes,Electronic check,53.3,168.15,No
CUST-06480,Male,0,No,No,30,Yes,No,No,No internet service,No internet service,No internet service,No internet service,No internet service,No internet service,Month-to-month,No,Bank transfer (automatic),42.94,1285.46,No
CUST-06481,Male,0,Yes,No,58,Yes,Yes,DSL,No,No,No,No,No,No,Month-to-month,No,Credit card (automatic),55.23,3203.15,No
CUST-06482,Male,1,No,No,53,Yes,No,No,No internet service,No internet service,No internet service,No internet service,No internet service,No internet service,Month-to-month,No,Electronic check,18.25,962.71,Yes
CUST-06483,Female,0,Yes,No,4,Yes,Yes,DSL,No,No,No,Yes,No,Yes,Two year,No,Electronic check,45.89,181.97,No
CUST-06484,Male,1,No,No,57,Yes,No,DSL,Yes,No,No,No,Yes,No,Month-to-month,No,Electronic check,64.04,3647.64,Yes
CUST-06485,Male,0,Yes,No,54,No,No phone service,Fiber optic,No,No,Yes,No,Yes,Yes,Month-to-month,No,Bank transfer (automatic),74.17,3997.91,Yes
CUST-06486,Male,1,Yes,Yes,28,Yes,Yes,Fiber optic,No,No,Yes,No,Yes,No,Month-to-month,Yes,Mailed check,90.47,2540.26,No
CUST-06487,Female,0,No,Yes,16,Yes,Yes,No,No internet service,No internet service,No internet service,No internet service,No internet service,No internet service,One year,Yes,Credit card (automatic),24.03,391.32,Yes
CUST-06488,Female,0,Yes,No,13,Yes,No,No,No internet service,No internet service,No internet service,No internet service,No internet service,No internet service,Month-to-month,Yes,Electronic check,31.77,414.9,No
CUST-06489,Male,0,No,No,72,Yes,No,Fiber optic,Yes,Yes,Yes,No,Yes,No,Month-to-month,Yes,Mailed check,82.58,5954.74,No
CUST-06490,Female,0,No,No,56,No,No phone service,Fiber optic,Yes,Yes,Yes,No,No,No,Month-to-month,Yes,Bank transfer (automatic),84.61,4740.65,No
CUST-06491,Male,0,No,No,53,Yes,No,Fiber optic,Yes,No,No,No,No,Yes,Month-to-month,Yes,Credit card (automatic),87.26,4620.79,Yes
CUST-06492,Male,0,No,No,48,Yes,Yes,Fiber optic,No,Yes,Yes,No,Yes,Yes,Month-to-month,No,Mailed check,94.88,4544.74,Yes
CUST-06493,Female,0,No,No,25,Yes,No,No,No internet service,No internet service,No internet service,No internet service,No internet service,No internet service,Two year,Yes,Electronic check,18.25,454.35,No
CUST-06494,Female,0,Yes,No,66,Yes,No,Fiber optic,No,Yes,No,No,Yes,No,One year,Yes,Credit card (automatic),88.26,5823.1,No
CUST-06495,Male,0,No,No,30,Yes,No,DSL,No,No,No,No,Yes,Yes,Month-to-month,Yes,Credit card (automatic),63.97,1923.59,No
CUST-06496,Male,0,No,Yes,3,Yes,No,Fiber optic,Yes,No,No,No,Yes,No,Month-to-month,Yes,Credit card (automatic),71.41,210.82,Yes
CUST-06497,Female,0,Yes,No,23,No,No phone service,Fiber optic,Yes,No,No,No,No,Yes,Month-to-month,No,Bank transfer (automatic),73.26,1682.13,No
CUST-06498,Male,1,No,Yes,29,Yes,Yes,Fiber optic,No,No,No,Yes,No,Yes,Month-to-month,Yes,Credit card (automatic),82.97,2404.89,Yes
CUST-06499,Female,0,Yes,No,41,Yes,Yes,Fiber optic,Yes,No,No,No,No,Yes,Month-to-month,No,Mailed check,71.31,2923.88,No
CUST-06500,Male,0,No,No,11,Yes,Yes,No,No internet service,No internet service,No internet service,No internet service,No internet service,No internet service,Month-to-month,Yes,Electronic check,33.08,371.48,Yes
CUST-06501,Female,1,Yes,No,21,Yes,No,DSL,No,No,Yes,No,No,No,Two year,No,Mailed check,45.43,948.75,No
CUST-06502,Male,0,No,No,24,Yes,No,Fiber optic,No,No,No,No,Yes,No,Month-to-month,Yes,Credit card (automatic),81.64,1963.48,No
CUST-06503,Male,0,No,No,65,No,No phone service,No,No internet service,No internet service,No internet service,No internet service,No internet service,No internet service,Month-to-month,Yes,Credit card (automatic),38.68,2523.98,No
CUST-06504,Female,0,No,No,1,Yes,No,No,No internet service,No internet service,No internet service,No internet service,No internet service,No internet service,Month-to-month,Yes,Credit card (automatic),44.22,50.23,No
CUST-06505,Male,0,No,No,54,Yes,Yes,DSL,Yes,No,No,Yes,No,No,One year,Yes,Mailed check,53.25,2874.2,No
CUST-06506,Male,0,No,No,72,Yes,Yes,Fiber optic,No,No,No,No,Yes,Yes,Two year,No,Electronic check,75.82,5451.46,No
CUST-06507,Female,0,Yes,No,34,Yes,Yes,Fiber optic,No,No,No,No,No,Yes,One year,Yes,Electronic check,89.02,3025.51,No
CUST-06508,Male,0,Yes,No,68,Yes,Yes,No,No internet service,No internet service,No internet service,No internet service,No internet service,No internet service,Month-to-month,Yes,Electronic check,22.96,1560.92,Yes
CUST-06509,Male,0,No,Yes,29,Yes,Yes,Fiber optic,Yes,No,No,No,Yes,No,Month-to-month,Yes,Credit card (automatic),78.52,2272.33,No
CUST-06510,Male,0,Yes,Yes,3,Yes,No,Fiber optic,No,No,Yes,No,Yes,Yes,Month-to-month,No,Electronic check,70.62,207.95,No
CUST-06511,Female,1,No,No,11,Yes,No,No,No internet service,No internet service,No internet service,No internet service,No internet service,No internet service,One year,Yes,Bank transfer (automatic),38.44,422.11,No
CUST-06512,Female,0,No,No,8,Yes,No,No,No internet service,No internet service,No internet service,No internet service,No internet service,No internet service,Month-to-month,Yes,Mailed check,27.55,217.55,Yes
CUST-06513,Female,1,No,No,62,Yes,No,Fiber optic,No,No,Yes,No,No,Yes,Two year,Yes,Electronic check,83.12,5151.21,No
CUST-06514,Male,1,Yes,No,33,Yes,Yes,Fiber optic,No,No,No,No,Yes,Yes,Two year,No,Mailed check,69.84,2299.28,No
CUST-06515,Male,0,No,No,8,Yes,Yes,Fiber optic,Yes,No,Yes,No,No,No,Two year,No,Mailed check,93.12,740.69,No
CUST-06516,Male,0,Yes,No,25,Yes,Yes,Fiber optic,No,No,No,Yes,No,Yes,One year,No,Credit card (automatic),94.67,2358.83,No
CUST-06517,Male,0,No,No,26,Yes,Yes,Fiber optic,No,No,No,Yes,Yes,No,One year,No,Bank transfer (automatic),76.72,1996.99,Yes
CUST-06518,Female,1,No,No,26,Yes,No,Fiber optic,No,No,No,Yes,No,No,Month-to-month,Yes,Electronic check,90.27,2341.43,Yes
CUST-06519,Male,0,Yes,No,17,Yes,Yes,DSL,Yes,Yes,No,No,Yes,Yes,Month-to-month,Yes,Credit card (automatic),44.36,745.07,No
CUST-06520,Male,1,No,No,29,Yes,Yes,No,No internet service,No internet service,No internet service,No internet service,No internet service,No internet service,Month-to-month,Yes,Bank transfer (automatic),37.68,1092.37,Yes
CUST-06521,Male,0,Yes,Yes,43,Yes,Yes,No,No internet service,No internet service,No internet service,No internet service,No internet service,No internet service,Two year,Yes,Electronic check,39.55,1709.11,No
CUST-06522,Female,0,No,Yes,5,No,No phone service,No,No internet service,No internet service,No internet service,No internet service,No internet service,No internet service,Two year,Yes,Credit card (automatic),31.47,164.98,No
CUST-06523,Male,0,No,No,50,Yes,Yes,Fiber optic,Yes,Yes,No,No,No,No,One year,Yes,Mailed check,82.16,4114.97,Yes
CUST-06524,Male,0,No,No,56,Yes,Yes,Fiber optic,No,Yes,No,No,No,Yes,One year,Yes,Electronic check,88.5,4951.31,No
CUST-06525,Male,0,Yes,No,63,Yes,Yes,Fiber optic,No,No,No,No,No,No,Month-to-month,No,Credit card (automatic),72.45,4561.37,Yes
CUST-06526,Male,0,No,No,57,Yes,No,DSL,No,Yes,No,No,No,No,Two year,Yes,Mailed check,45.34,2589.23,No
CUST-06527,Male,0,Yes,No,45,Yes,No,Fiber optic,No,No,No,Yes,Yes,No,Month-to-month,No,Electronic check,87.23,3918.22,No
CUST-06528,Female,0,No,No,37,Yes,Yes,No,No internet service,No internet service,No internet service,No internet service,No internet service,No internet service,Month-to-month,Yes,Credit card (automatic),29.73,1103.55,Yes
CUST-06529,Male,1,No,No,72,Yes,No,DSL,No,No,Yes,Yes,Yes,No,Month-to-month,No,Electronic check,66.6,4788.58,Yes
CUST-06530,Male,1,Yes,Yes,36,Yes,No,Fiber optic,No,No,No,Yes,Yes,No,One year,Yes,Credit card (automatic),94.78,3403.11,No
CUST-06531,Male,0,No,Yes,33,Yes,Yes,DSL,No,No,No,No,No,No,Month-to-month,Yes,Electronic check,65.61,2157.41,No
CUST-06532,Male,0,No,No,6,Yes,No,No,No internet service,No internet service,No internet service,No internet service,No internet service,No internet service,One year,No,Bank transfer (automatic),20.64,127.23,Yes
CUST-06533,Male,0,Yes,No,71,Yes,No,Fiber optic,No,Yes,Yes,No,Yes,No,One year,No,Electronic check,78.33,5562.26,No
CUST-06534,Male,0,Yes,No,45,Yes,Yes,Fiber optic,No,No,Yes,No,No,No,Two year,Yes,Electronic check,84.52,3800.96,No
CUST-06535,Male,0,Yes,No,7,Yes,Yes,Fiber optic,No,Yes,Yes,No,Yes,No,Month-to-month,No,Credit card (automatic),73.84,521.31,No
CUST-06536,Male,0,No,No,65,Yes,No,Fiber optic,Yes,Yes,No,No,No,Yes,Month-to-month,Yes,Credit card (automatic),90.16,5867.2,No
CUST-06537,Male,0,Yes,No,24,Yes,Yes,Fiber optic,No,Yes,Yes,Yes,Yes,No,Month-to-month,No,Credit card (automatic),78.4,1871.84,Yes
CUST-06538,Male,1,Yes,No,45,Yes,No,DSL,No,Yes,No,No,No,Yes,Month-to-month,Yes,Bank transfer (automatic),43.28,1955.97,No
CUST-06539,Female,0,No,No,61,Yes,Yes,Fiber optic,Yes,No,No,No,No,No,Month-to-month,No,Mailed check,72.17,4408.85,Yes
CUST-06540,Female,0,Yes,Yes,19,Yes,No,No,No internet service,No internet service,No internet service,No internet service,No internet service,No internet service,Two year,Yes,Bank transfer (automatic),32.87,624.88,No
CUST-06541,Female,0,Yes,No,32,Yes,Yes,Fiber optic,No,Yes,No,Yes,No,No,One year,No,Mailed check,85.53,2731.26,No
CUST-06542,Female,0,No,No,30,Yes,No,DSL,No,No,No,No,No,No,Two year,Yes,Credit card (automatic),60.95,1837.5,No
CUST-06543,Male,0,Yes,No,65,Yes,No,Fiber optic,Yes,Yes,No,Yes,No,No,Month-to-month,Yes,Bank transfer (automatic),69.92,4548.04,No
CUST-06544,Female,0,No,No,32,Yes,No,Fiber optic,No,No,No,No,No,No,Month-to-month,Yes,Bank transfer (automatic),87.94,2804.59,No
CUST-06545,Female,0,Yes,No,57,Yes,No,Fiber optic,No,No,No,Yes,No,No,Month-to-month,No,Electronic check,67.9,3869.06,No
CUST-06546,Male,1,Yes,No,20,Yes,No,DSL,No,No,No,Yes,Yes,Yes,One year,No,Bank transfer (automatic),68.65,1376.8,No
CUST-06547,Female,0,No,No,30,Yes,No,DSL,No,Yes,No,Yes,No,Yes,Month-to-month,Yes,Mailed check,63.1,1898.22,No
CUST-06548,Female,1,Yes,No,59,Yes,No,DSL,No,No,No,No,No,No,Month-to-month,No,Bank transfer (automatic),61.04,3607.69,Yes
CUST-06549,Male,0,No,Yes,62,Yes,No,No,No internet service,No internet service,No internet service,No internet service,No internet service,No internet service,Two year,Yes,Mailed check,21.51,1341.46,No
CUST-06550,Male,1,Yes,No,67,Yes,Yes,No,No internet service,No internet service,No internet service,No internet service,No internet service,No internet service,Two year,Yes,Mailed check,19.24,1295.37,No
CUST-06551,Male,0,Yes,No,31,Yes,No,No,No internet service,No internet service,No internet service,No internet service,No internet service,No internet service,Month-to-month,Yes,Mailed check,19.39,600.18,No
CUST-06552,Female,0,No,No,66,Yes,Yes,Fiber optic,Yes,Yes,Yes,Yes,No,No,One year,No,Credit card (automatic),71.93,4753.04,No
CUST-06553,Female,0,No,No,54,Yes,Yes,No,No internet service,No internet service,No internet service,No internet service,No internet service,No internet service,Month-to-month,No,Bank transfer (automatic),40.06,2161.38,Yes
CUST-06554,Male,0,Yes,Yes,10,No,No phone service,Fiber optic,Yes,No,No,Yes,Yes,Yes,Month-to-month,Yes,Credit card (automatic),84.8,842.8,No
CUST-06555,Male,0,Yes,No,38,No,No phone service,Fiber optic,No,Yes,No,No,No,Yes,One year,Yes,Credit card (automatic),94.04,3569.04,No
CUST-06556,Female,0,Yes,No,31,Yes,Yes,No,No internet service,No internet service,No internet service,No internet service,No internet service,No internet service,One year,Yes,Bank transfer (automatic),18.25,573.37,No
CUST-06557,Male,0,No,Yes,29,Yes,Yes,Fiber optic,No,Yes,No,No,Yes,No,Two year,Yes,Mailed check,86.17,2501.42,No
CUST-06558,Female,0,No,Yes,25,Yes,Yes,Fiber optic,No,No,Yes,No,No,Yes,Month-to-month,No,Mailed check,90.58,2260.74,Yes
CUST-06559,Male,1,Yes,Yes,32,Yes,Yes,No,No internet service,No internet service,No internet service,No internet service,No internet service,No internet service,Month-to-month,No,Credit card (automatic),29.43,940.05,No
CUST-06560,Male,0,Yes,No,17,Yes,Yes,No,No internet service,No internet service,No internet service,No internet service,No internet service,No internet service,Month-to-month,Yes,Electronic check,18.25,305.14,Yes
CUST-06561,Female,0,Yes,Yes,45,No,No phone service,Fiber optic,Yes,No,No,No,No,No,Month-to-month,Yes,Bank transfer (automatic),84.45,3801.24,No
CUST-06562,Male,0,No,Yes,49,Yes,No,DSL,Yes,Yes,Yes,No,No,No,Month-to-month,No,Electronic check,58.64,2864.54,Yes
CUST-06563,Male,0,Yes,Yes,18,No,No phone service,Fiber optic,No,No,Yes,No,Yes,Yes,Two year,No,Electronic check,93.3,1688.1,No
CUST-06564,Male,0,No,No,52,Yes,No,DSL,No,No,No,No,No,Yes,One year,Yes,Mailed check,64.74,3363.72,No
CUST-06565,Female,0,No,No,20,No,No phone service,No,No internet service,No internet service,No internet service,No internet service,No internet service,No internet service,Month-to-month,Yes,Mailed check,31.32,626.27,No
CUST-06566,Male,0,Yes,No,62,Yes,Yes,No,No internet service,No internet service,No internet service,No internet service,No internet service,No internet service,Month-to-month,Yes,Electronic check,18.4,1148.55,Yes
CUST-06567,Male,0,No,No,13,Yes,Yes,Fiber optic,No,Yes,No,Yes,No,No,One year,Yes,Bank transfer (automatic),66.66,872.12,No
CUST-06568,Male,0,No,Yes,43,Yes,No,Fiber optic,No,No,Yes,No,No,No,Month-to-month,No,Bank transfer (automatic),92.08,3959.93,No
CUST-06569,Male,0,Yes,No,21,Yes,No,DSL,No,Yes,Yes,No,No,Yes,Month-to-month,No,Bank transfer (automatic),54.23,1142.78,Yes
CUST-06570,Male,0,Yes,No,6,Yes,No,No,No internet service,No internet service,No internet service,No internet service,No internet service,No internet service,Two year,No,Electronic check,34.26,197.1,No
CUST-06571,Male,0,Yes,Yes,71,Yes,Yes,No,No internet service,No internet service,No internet service,No internet service,No internet service,No internet service,Month-to-month,Yes,Mailed check,36.49,2594.71,Yes
CUST-06572,Female,0,Yes,No,53,Yes,No,DSL,Yes,Yes,No,No,Yes,Yes,Month-to-month,Yes,Electronic check,56.66,2998.21,No
CUST-06573,Female,1,Yes,Yes,52,Yes,No,DSL,Yes,Yes,No,No,No,No,Two year,Yes,Mailed check,65.85,3429.72,No
CUST-06574,Male,1,Yes,Yes,69,Yes,Yes,DSL,No,No,No,No,No,No,Two year,No,Credit card (automatic),41.8,2883.87,No
CUST-06575,Female,0,Yes,No,9,No,No phone service,Fiber optic,Yes,Yes,No,Yes,No,No,Two year,No,Electronic check,87.93,784.66,Yes
CUST-06576,Female,0,No,No,46,Yes,No,DSL,No,No,No,No,No,No,Two year,No,Electronic check,62.87,2895.25,No
CUST-06577,Male,0,Yes,Yes,71,Yes,No,DSL,No,No,No,No,No,No,Month-to-month,No,Electronic check,46.96,3328.93,Yes
CUST-06578,Female,0,Yes,No,30,Yes,No,Fiber optic,No,No,Yes,Yes,No,No,Month-to-month,Yes,Credit card (automatic),68.62,2068.5,Yes
CUST-06579,Female,0,Yes,No,43,Yes,Yes,Fiber optic,Yes,Yes,Yes,No,No,No,One year,Yes,Credit card (automatic),84.15,3623.69,No
CUST-06580,Female,0,Yes,No,59,No,No phone service,No,No internet service,No internet service,No internet service,No internet service,No internet service,No internet service,Month-to-month,Yes,Electronic check,24.98,1473.19,Yes
CUST-06581,Female,0,Yes,No,38,Yes,Yes,No,No internet service,No internet service,No internet service,No internet service,No internet service,No internet service,One year,No,Mailed check,18.25,686.4,No
CUST-06582,Female,0,Yes,No,34,Yes,Yes,Fiber optic,Yes,Yes,No,No,Yes,No,Month-to-month,No,Credit card (automatic),78.18,2666.16,No
CUST-06583,Female,0,No,No,46,Yes,Yes,DSL,No,No,No,No,Yes,No,Two year,No,Electronic check,59.16,2721.56,No
CUST-06584,Female,0,Yes,No,32,No,No phone service,Fiber optic,No,No,Yes,No,No,No,Month-to-month,No,Electronic check,92.53,2961.71,No
CUST-06585,Female,0,No,Yes,16,Yes,No,DSL,No,No,No,No,No,No,Two year,Yes,Bank transfer (automatic),52.98,848.14,No
CUST-06586,Male,0,Yes,No,39,Yes,Yes,DSL,No,No,No,No,No,No,Two year,Yes,Bank transfer (automatic),44.32,1726.83,No
CUST-06587,Male,0,No,No,1,Yes,Yes,DSL,No,No,No,Yes,No,Yes,Month-to-month,Yes,Bank transfer (automatic),52.92,54.17,Yes
CUST-06588,Female,0,No,Yes,57,Yes,No,Fiber optic,No,No,Yes,No,No,No,Month-to-month,No,Electronic check,87.93,5016.57,Yes
CUST-06589,Female,0,No,No,20,Yes,No,DSL,No,No,Yes,No,No,No,Two year,No,Mailed check,42.91,858.04,No
CUST-06590,Male,0,Yes,Yes,42,No,No phone service,Fiber optic,No,Yes,No,No,Yes,No,Two year,Yes,Bank transfer (automatic),70.57,2965.27,No
CUST-06591,Female,0,Yes,No,72,Yes,No,DSL,No,No,Yes,No,Yes,No,One year,Yes,Bank transfer (automatic),48.22,3469.75,Yes
CUST-06592,Female,0,Yes,Yes,34,Yes,No,Fiber optic,Yes,No,No,Yes,No,No,One year,Yes,Electronic check,78.69,2675.76,No
CUST-06593,Male,0,Yes,No,50,Yes,Yes,Fiber optic,Yes,No,No,Yes,No,Yes,Month-to-month,No,Mailed check,92.51,4617.6,Yes
CUST-06594,Male,0,Yes,Yes,11,Yes,No,Fiber optic,No,Yes,Yes,No,Yes,No,One year,No,Mailed check,87.95,966.73,No
CUST-06595,Male,0,Yes,Yes,43,Yes,No,No,No internet service,No internet service,No internet service,No internet service,No internet service,No internet service,Month-to-month,Yes,Electronic check,33.71,1450.54,No
CUST-06596,Female,0,No,No,10,Yes,Yes,No,No internet service,No internet service,No internet service,No internet service,No internet service,No internet service,Month-to-month,No,Credit card (automatic),39.22,402.16,Yes
CUST-06597,Female,1,No,No,8,Yes,Yes,Fiber optic,No,Yes,Yes,Yes,No,No,Two year,Yes,Bank transfer (automatic),91.49,737.7,No
CUST-06598,Male,1,No,No,72,Yes,No,Fiber optic,No,No,Yes,No,No,No,Month-to-month,No,Electronic check,78.87,5676.52,Yes
CUST-06599,Male,0,Yes,Yes,19,Yes,No,DSL,No,No,Yes,No,No,No,Month-to-month,Yes,Mailed check,62.26,1189.37,No
CUST-06600,Female,1,Yes,No,65,Yes,Yes,Fiber optic,No,Yes,Yes,No,Yes,Yes,One year,No,Electronic check,92.75,6034.97,No
CUST-06601,Male,0,No,No,55,Yes,Yes,DSL,No,No,No,No,No,Yes,Two year,Yes,Electronic check,55.96,3075.23,No
CUST-06602,Female,0,Yes,No,52,No,No phone service,DSL,No,No,Yes,No,Yes,Yes,One year,No,Electronic check,62.9,3280.4,No
CUST-06603,Female,0,Yes,No,3,Yes,No,No,No internet service,No internet service,No internet service,No internet service,No internet service,No internet service,One year,No,Credit card (automatic),44.47,132.51,Yes
CUST-06604,Male,1,Yes,No,53,Yes,Yes,DSL,Yes,No,No,No,No,Yes,Month-to-month,No,Electronic check,54.17,2879.9,No
CUST-06605,Male,0,No,No,44,Yes,Yes,Fiber optic,No,Yes,No,No,No,No,Month-to-month,Yes,Credit card (automatic),85.16,3744.28,Yes
CUST-06606,Female,0,No,No,48,No,No phone service,Fiber optic,No,No,Yes,No,Yes,No,One year,Yes,Electronic check,78.4,3771.53,Yes
CUST-06607,Male,0,Yes,No,54,Yes,No,No,No internet service,No internet service,No internet service,No internet service,No internet service,No internet service,Two year,No,Credit card (automatic),36.47,1959.7,No
CUST-06608,Male,0,No,No,16,Yes,Yes,Fiber optic,No,No,No,No,Yes,No,One year,Yes,Electronic check,76.64,1223.67,No
CUST-06609,Male,0,No,No,30,Yes,Yes,DSL,Yes,No,Yes,No,No,Yes,Month-to-month,Yes,Credit card (automatic),43.83,1315.79,Yes
CUST-06610,Male,0,Yes,No,28,Yes,Yes,Fiber optic,No,Yes,No,No,No,No,One year,Yes,Credit card (automatic),91.64,2575.17,No
CUST-06611,Female,0,Yes,Yes,16,Yes,No,Fiber optic,No,No,No,No,No,Yes,Month-to-month,Yes,Credit card (automatic),86.34,1376.74,Yes
CUST-06612,Female,0,No,No,51,Yes,No,No,No internet service,No internet service,No internet service,No internet service,No internet service,No internet service,One year,Yes,Electronic check,44.85,2287.84,No
CUST-06613,Female,0,No,No,33,Yes,No,Fiber optic,Yes,No,No,Yes,Yes,No,Two year,Yes,Bank transfer (automatic),86.8,2865.45,No
CUST-06614,Female,0,Yes,No,25,Yes,Yes,Fiber optic,No,Yes,Yes,Yes,Yes,Yes,One year,Yes,Credit card (automatic),90.35,2255.54,No
CUST-06615,Male,0,Yes,No,18,No,No phone service,Fiber optic,No,Yes,Yes,No,No,Yes,Month-to-month,Yes,Bank transfer (automatic),93.7,1678.9,Yes
CUST-06616,Male,0,Yes,No,26,No,No phone service,Fiber optic,No,No,No,No,Yes,No,Month-to-month,No,Mailed check,66.78,1742.24,Yes
CUST-06617,Female,0,No,No,6,Yes,Yes,Fiber optic,No,No,No,No,Yes,Yes,Month-to-month,Yes,Credit card (automatic),90.71,547.58,Yes
CUST-06618,Female,0,No,No,38,Yes,No,Fiber optic,Yes,No,No,No,No,Yes,Month-to-month,Yes,Electronic check,68.32,2589.79,Yes
CUST-06619,Male,0,Yes,No,44,Yes,No,DSL,Yes,No,Yes,No,Yes,No,Month-to-month,No,Credit card (automatic),66.36,2915.41,Yes
CUST-06620,Female,0,Yes,No,67,Yes,Yes,Fiber optic,No,No,Yes,Yes,No,No,Month-to-month,Yes,Electronic check,88.2,5903.26,No
CUST-06621,Female,1,Yes,No,43,Yes,Yes,DSL,No,Yes,Yes,No,No,No,Two year,Yes,Mailed check,53.98,2316.16,No
CUST-06622,Male,1,Yes,No,6,Yes,Yes,No,No internet service,No internet service,No internet service,No internet service,No internet service,No internet service,Month-to-month,Yes,Mailed check,39.39,233.69,Yes
CUST-06623,Female,0,No,No,64,Yes,Yes,No,No internet service,No internet service,No internet service,No internet service,No internet service,No internet service,Month-to-month,No,Electronic check,27.06,1730.45,Yes
CUST-06624,Male,0,Yes,No,13,Yes,Yes,No,No internet service,No internet service,No internet service,No internet service,No internet service,No internet service,Month-to-month,Yes,Electronic check,36.86,487.45,No
CUST-06625,Male,1,Yes,No,65,Yes,No,Fiber optic,Yes,No,No,Yes,No,No,Two year,Yes,Mailed check,70.94,4609.28,No
CUST-06626,Female,1,No,Yes,38,No,No phone service,No,No internet service,No internet service,No internet service,No internet service,No internet service,No internet service,Two year,Yes,Electronic check,18.25,693.5,No
CUST-06627,Male,1,Yes,No,64,Yes,No,DSL,No,Yes,No,No,No,No,Two year,No,Electronic check,59.97,3847.86,No
CUST-06628,Female,1,No,No,14,Yes,No,DSL,Yes,Yes,Yes,No,No,No,Two year,No,Credit card (automatic),52.4,724.73,No
CUST-06629,Male,0,No,Yes,17,Yes,Yes,Fiber optic,Yes,No,No,No,Yes,Yes,Two year,Yes,Bank transfer (automatic),71.62,1212.56,No
CUST-06630,Female,0,No,No,13,Yes,No,DSL,No,Yes,No,Yes,No,Yes,Month-to-month,Yes,Mailed check,44.87,591.29,Yes
CUST-06631,Female,0,Yes,Yes,6,Yes,No,No,No internet service,No internet service,No internet service,No internet service,No internet service,No internet service,One year,No,Electronic check,41.23,239.96,Yes
CUST-06632,Female,0,No,No,6,Yes,Yes,DSL,Yes,Yes,Yes,No,Yes,No,Month-to-month,No,Bank transfer (automatic),50.45,303.63,No
CUST-06633,Male,0,Yes,No,37,Yes,Yes,Fiber optic,Yes,No,No,No,No,No,Month-to-month,No,Mailed check,89.81,3324.34,Yes
CUST-06634,Male,0,No,No,57,Yes,Yes,Fiber optic,No,No,No,No,No,No,Month-to-month,Yes,Bank transfer (automatic),70.19,4008.53,No
CUST-06635,Female,0,No,No,53,Yes,Yes,DSL,No,No,No,Yes,No,No,Two year,Yes,Mailed check,53.82,2861.19,No
CUST-06636,Male,0,No,No,46,No,No phone service,DSL,No,No,No,No,Yes,No,Month-to-month,No,Electronic check,53.12,2444.01,No
CUST-06637,Female,0,Yes,No,4,Yes,Yes,DSL,No,No,No,Yes,No,No,Two year,Yes,Bank transfer (automatic),46.92,189.99,No
CUST-06638,Female,0,Yes,Yes,34,Yes,No,DSL,No,No,No,Yes,No,Yes,Month-to-month,Yes,Bank transfer (automatic),45.89,1558.37,Yes
CUST-06639,Male,0,No,Yes,66,Yes,No,No,No internet service,No internet service,No internet service,No internet service,No internet service,No internet service,Month-to-month,Yes,Electronic check,29.85,1962.43,Yes
CUST-06640,Female,0,Yes,No,63,Yes,No,DSL,No,No,No,No,No,No,One year,No,Bank transfer (automatic),53.65,3388.61,Yes
CUST-06641,Male,0,No,No,61,Yes,Yes,DSL,No,No,No,No,No,Yes,Two year,No,Mailed check,63.53,3869.15,No
CUST-06642,Female,0,No,Yes,42,Yes,No,Fiber optic,No,No,Yes,No,No,Yes,One year,Yes,Credit card (automatic),79.22,3326.84,No
CUST-06643,Male,0,No,No,64,No,No phone service,Fiber optic,No,No,Yes,Yes,Yes,Yes,Month-to-month,No,Mailed check,74.95,4797.89,Yes
CUST-06644,Female,0,No,No,17,Yes,Yes,No,No internet service,No internet service,No internet service,No internet service,No internet service,No internet service,Month-to-month,Yes,Electronic check,29.42,496.91,No
CUST-06645,Female,0,Yes,No,61,Yes,No,No,No internet service,No internet service,No internet service,No internet service,No internet service,No internet service,One year,Yes,Mailed check,42.54,2600.05,Yes
CUST-06646,Male,0,No,No,30,Yes,No,No,No internet service,No internet service,No internet service,No internet service,No internet service,No internet service,Two year,Yes,Bank transfer (automatic),19.47,588.13,No
CUST-06647,Female,0,Yes,No,43,Yes,Yes,No,No internet service,No internet service,No internet service,No internet service,No internet service,No internet service,Month-to-month,No,Electronic check,42.49,1821.49,Yes
CUST-06648,Female,1,No,No,7,Yes,No,DSL,No,No,Yes,No,Yes,Yes,Month-to-month,No,Electronic check,60.94,425.7,No
CUST-06649,Male,0,No,No,46,Yes,No,Fiber optic,No,No,Yes,No,Yes,Yes,Month-to-month,No,Bank transfer (automatic),84.96,3915.89,Yes
CUST-06650,Female,0,No,No,23,Yes,No,Fiber optic,No,No,Yes,No,No,No,Month-to-month,Yes,Mailed check,77.99,1795.38,Yes
CUST-06651,Male,0,No,No,36,Yes,Yes,Fiber optic,No,No,No,No,No,No,Month-to-month,Yes,Electronic check,75.82,2724.18,No
CUST-06652,Female,0,No,Yes,14,Yes,No,DSL,No,No,No,No,No,No,Month-to-month,No,Electronic check,62.4,868.71,Yes
CUST-06653,Male,0,Yes,Yes,20,Yes,Yes,DSL,Yes,No,No,No,Yes,No,Two year,No,Mailed check,58.31,1165.96,No
CUST-06654,Female,1,Yes,Yes,56,Yes,Yes,Fiber optic,Yes,No,Yes,No,Yes,No,One year,No,Electronic check,84.57,4742.72,Yes
CUST-06655,Female,0,No,No,32,Yes,Yes,DSL,No,Yes,Yes,No,No,No,One year,Yes,Bank transfer (automatic),58.58,1869.06,No
CUST-06656,Female,0,Yes,No,25,No,No phone service,DSL,Yes,Yes,No,No,No,Yes,Month-to-month,No,Mailed check,41.78,1037.85,No
CUST-06657,Male,0,Yes,No,49,Yes,No,Fiber optic,No,Yes,Yes,Yes,No,Yes,Month-to-month,Yes,Mailed check,80.47,3939.92,No
CUST-06658,Male,0,No,No,57,No,No phone service,Fiber optic,No,Yes,Yes,No,No,No,One year,Yes,Electronic check,75.84,4314.07,Yes
CUST-06659,Male,0,No,No,27,Yes,No,No,No internet service,No internet service,No internet service,No internet service,No internet service,No internet service,Month-to-month,Yes,Mailed check,39.06,1062.49,No
CUST-06660,Male,0,No,No,27,Yes,Yes,Fiber optic,No,Yes,Yes,No,Yes,No,Month-to-month,No,Electronic check,82.66,2231.45,Yes
CUST-06661,Female,0,No,No,46,Yes,No,No,No internet service,No internet service,No internet service,No internet service,No internet service,No internet service,Month-to-month,No,Mailed check,28.06,1298.64,No
CUST-06662,Female,0,Yes,Yes,45,Yes,No,DSL,No,Yes,No,No,No,No,Two year,No,Electronic check,69.78,3142.14,No
CUST-06663,Male,1,Yes,No,26,Yes,Yes,Fiber optic,No,No,No,No,Yes,No,Month-to-month,No,Bank transfer (automatic),85.2,2220.22,Yes
CUST-06664,Male,0,Yes,No,14,Yes,No,DSL,No,No,No,No,No,No,One year,Yes,Bank transfer (automatic),66.47,924.86,No
CUST-06665,Male,0,Yes,No,48,Yes,Yes,Fiber optic,No,Yes,Yes,No,No,No,Month-to-month,No,Mailed check,92.65,4438.26,No
CUST-06666,Female,0,No,No,15,Yes,Yes,No,No internet service,No internet service,No internet service,No internet service,No internet service,No internet service,Month-to-month,Yes,Credit card (automatic),37.28,558.8,Yes
CUST-06667,Male,0,No,Yes,51,Yes,Yes,DSL,No,Yes,Yes,No,No,Yes,Month-to-month,No,Electronic check,52.59,2685.12,Yes
CUST-06668,Male,0,No,No,54,Yes,Yes,Fiber optic,No,Yes,No,No,No,Yes,Month-to-month,Yes,Electronic check,79.77,4300.81,Yes
CUST-06669,Female,0,No,No,11,Yes,No,No,No internet service,No internet service,No internet service,No internet service,No internet service,No internet service,One year,Yes,Credit card (automatic),19.74,209.49,No
CUST-06670,Female,0,Yes,Yes,28,No,No phone service,Fiber optic,Yes,No,No,No,No,Yes,Month-to-month,No,Mailed check,83.49,2341.76,Yes
CUST-06671,Male,0,Yes,No,55,Yes,Yes,DSL,No,No,No,No,No,No,One year,Yes,Electronic check,55.37,3037.53,Yes
CUST-06672,Female,0,No,No,69,Yes,No,DSL,No,No,No,No,Yes,Yes,Month-to-month,No,Electronic check,46.42,3202.72,Yes
CUST-06673,Male,0,Yes,No,72,Yes,Yes,DSL,No,No,No,No,Yes,No,One year,Yes,Electronic check,41.23,2959.74,No
CUST-06674,Female,0,Yes,No,26,Yes,Yes,DSL,No,No,No,No,No,No,Month-to-month,Yes,Bank transfer (automatic),66.07,1709.26,No
CUST-06675,Male,0,No,No,70,Yes,No,Fiber optic,No,Yes,No,No,Yes,Yes,Month-to-month,Yes,Mailed check,65.92,4621.07,No
CUST-06676,Male,1,Yes,Yes,32,Yes,Yes,Fiber optic,Yes,No,No,No,No,No,Month-to-month,No,Mailed check,76.42,2448.18,No
CUST-06677,Male,0,No,No,48,Yes,No,Fiber optic,No,No,Yes,No,No,No,Month-to-month,Yes,Electronic check,81.8,3919.49,Yes
CUST-06678,Male,0,Yes,No,12,Yes,No,Fiber optic,No,No,No,No,No,Yes,Month-to-month,Yes,Bank transfer (automatic),80.88,961.39,Yes
CUST-06679,Female,0,Yes,No,70,Yes,Yes,DSL,No,No,No,Yes,No,No,Month-to-month,Yes,Electronic check,56.02,3918.48,No
CUST-06680,Female,0,No,Yes,61,Yes,No,Fiber optic,Yes,No,Yes,No,Yes,No,One year,Yes,Electronic check,71.8,4374.13,No
CUST-06681,Female,0,No,No,34,Yes,Yes,Fiber optic,No,No,No,No,No,No,Two year,Yes,Mailed check,74.93,2547.98,No
CUST-06682,Female,1,No,No,45,Yes,No,DSL,No,Yes,No,No,No,Yes,One year,Yes,Credit card (automatic),40.18,1811.66,No
CUST-06683,Male,0,Yes,No,60,Yes,No,No,No internet service,No internet service,No internet service,No internet service,No internet service,No internet service,Two year,Yes,Mailed check,42.75,2560.44,No
CUST-06684,Male,1,No,Yes,65,Yes,Yes,DSL,No,No,No,No,Yes,No,One year,No,Electronic check,58.17,3790.03,No
CUST-06685,Female,0,Yes,Yes,71,Yes,Yes,Fiber optic,Yes,No,Yes,No,No,No,One year,Yes,Credit card (automatic),89.56,6367.46,No
CUST-06686,Female,0,No,Yes,13,Yes,No,DSL,Yes,No,Yes,No,No,No,One year,Yes,Bank transfer (automatic),61.67,792.33,Yes
CUST-06687,Female,0,Yes,No,48,Yes,Yes,Fiber optic,No,Yes,No,No,Yes,No,Two year,Yes,Electronic check,81.9,3931.9,No
CUST-06688,Female,0,No,Yes,49,Yes,Yes,No,No internet service,No internet service,No internet service,No internet service,No internet service,No internet service,Two year,Yes,Bank transfer (automatic),30.41,1491.38,No
CUST-06689,Female,0,No,No,58,Yes,Yes,No,No internet service,No internet service,No internet service,No internet service,No internet service,No internet service,Month-to-month,Yes,Electronic check,28.4,1642.92,Yes
CUST-06690,Male,1,Yes,No,70,Yes,No,DSL,No,No,No,No,No,No,One year,Yes,Mailed check,56.59,3956.58,No
CUST-06691,Male,0,Yes,No,61,Yes,Yes,No,No internet service,No internet service,No internet service,No internet service,No internet service,No internet service,Month-to-month,No,Credit card (automatic),21.06,1281.62,Yes
CUST-06692,Male,1,No,No,26,Yes,No,DSL,No,No,Yes,Yes,Yes,No,One year,No,Electronic check,51.87,1347.98,No
CUST-06693,Female,1,Yes,No,39,Yes,No,No,No internet service,No internet service,No internet service,No internet service,No internet service,No internet service,Month-to-month,No,Credit card (automatic),31.53,1225.09,No
CUST-06694,Female,1,No,No,58,Yes,No,Fiber optic,Yes,No,No,No,No,No,One year,No,Mailed check,87.01,5048.71,Yes
CUST-06695,Female,0,Yes,No,27,No,No phone service,Fiber optic,No,Yes,Yes,No,Yes,No,Month-to-month,Yes,Electronic check,88.58,2399.84,Yes
CUST-06696,Female,0,Yes,Yes,40,Yes,Yes,No,No internet service,No internet service,No internet service,No internet service,No internet service,No internet service,Two year,Yes,Electronic check,40.87,1639.39,No
CUST-06697,Male,0,No,Yes,31,No,No phone service,Fiber optic,Yes,Yes,Yes,No,No,No,One year,Yes,Credit card (automatic),75.5,2332.98,No
CUST-06698,Male,0,No,No,3,Yes,Yes,DSL,No,Yes,Yes,No,No,No,Two year,Yes,Mailed check,57.7,163.79,No
CUST-06699,Female,0,Yes,No,15,Yes,Yes,DSL,No,No,Yes,No,No,Yes,Month-to-month,Yes,Electronic check,56.11,844.53,Yes
CUST-06700,Male,0,Yes,Yes,54,Yes,Yes,No,No internet service,No internet service,No internet service,No internet service,No internet service,No internet service,Month-to-month,No,Electronic check,27.06,1464.32,No
CUST-06701,Male,0,Yes,No,70,Yes,No,Fiber optic,No,No,No,No,Yes,No,Two year,No,Mailed check,75.08,5258.32,No
CUST-06702,Female,1,Yes,No,11,Yes,No,Fiber optic,No,Yes,Yes,No,No,No,Month-to-month,Yes,Bank transfer (automatic),65.29,710.26,No
CUST-06703,Female,1,No,Yes,30,Yes,Yes,DSL,Yes,Yes,Yes,Yes,No,No,Month-to-month,No,Electronic check,45.32,1356.63,Yes
CUST-06704,Female,0,No,No,35,Yes,No,DSL,No,No,No,No,No,No,One year,No,Electronic check,44.12,1537.66,No
CUST-06705,Female,0,Yes,Yes,43,No,No phone service,DSL,Yes,No,No,No,No,Yes,Month-to-month,No,Mailed check,49.01,2106.93,No
CUST-06706,Female,0,No,No,61,Yes,No,DSL,Yes,No,Yes,Yes,Yes,No,Two year,No,Credit card (automatic),50.8,3098.65,No
CUST-06707,Female,0,Yes,No,40,No,No phone service,Fiber optic,No,No,No,No,Yes,Yes,Month-to-month,No,Credit card (automatic),73.39,2925.99,No
CUST-06708,Male,0,Yes,No,42,Yes,No,DSL,No,No,Yes,No,No,No,Month-to-month,Yes,Bank transfer (automatic),63.78,2684.11,Yes
CUST-06709,Male,0,Yes,No,42,Yes,No,DSL,Yes,Yes,No,No,No,Yes,Two year,Yes,Credit card (automatic),45.95,1924.45,No
CUST-06710,Female,0,No,No,3,Yes,No,Fiber optic,No,No,Yes,No,No,No,Two year,Yes,Electronic check,72.9,227.35,No
CUST-06711,Male,0,Yes,No,21,Yes,Yes,DSL,Yes,Yes,Yes,No,No,No,One year,No,Credit card (automatic),55.09,1159.01,No
CUST-06712,Female,0,No,No,53,Yes,No,No,No internet service,No internet service,No internet service,No internet service,No internet service,No internet service,Two year,Yes,Electronic check,23.53,1255.23,No
CUST-06713,Female,0,No,No,44,Yes,Yes,DSL,No,No,No,No,No,Yes,One year,No,Mailed check,66.88,2949.17,No
CUST-06714,Female,1,Yes,No,46,No,No phone service,Fiber optic,Yes,Yes,No,No,No,Yes,Month-to-month,Yes,Electronic check,83.36,3835.51,Yes
CUST-06715,Female,0,No,No,37,Yes,Yes,Fiber optic,No,No,No,No,Yes,No,Month-to-month,No,Mailed check,75.11,2781.07,Yes
CUST-06716,Male,0,Yes,No,38,Yes,Yes,DSL,Yes,Yes,No,No,No,No,Month-to-month,No,Credit card (automatic),53.57,2034.04,No
CUST-06717,Female,0,Yes,Yes,38,Yes,No,No,No internet service,No internet service,No internet service,No internet service,No internet service,No internet service,Month-to-month,Yes,Electronic check,27.68,1049.76,No
CUST-06718,Male,0,No,Yes,11,Yes,No,Fiber optic,No,Yes,No,Yes,No,Yes,Month-to-month,No,Bank transfer (automatic),91.72,1004.19,Yes
CUST-06719,Female,0,Yes,No,45,Yes,No,DSL,No,No,Yes,No,Yes,Yes,Two year,Yes,Bank transfer (automatic),57.53,2581.56,No
CUST-06720,Female,0,No,Yes,64,Yes,No,No,No internet service,No internet service,No internet service,No internet service,No internet service,No internet service,Two year,Yes,Mailed check,26.15,1665.04,No
CUST-06721,Female,0,No,No,44,Yes,No,No,No internet service,No internet service,No internet service,No internet service,No internet service,No internet service,Month-to-month,Yes,Electronic check,29.86,1316.01,No
CUST-06722,Male,0,No,No,62,No,No phone service,Fiber optic,Yes,No,No,No,Yes,Yes,Two year,Yes,Credit card (automatic),75.88,4706.89,No
CUST-06723,Female,0,Yes,No,61,No,No phone service,DSL,No,Yes,No,No,No,No,Month-to-month,Yes,Bank transfer (automatic),63.07,3842.53,No
CUST-06724,Female,0,No,No,12,Yes,No,Fiber optic,No,No,No,No,Yes,Yes,Month-to-month,Yes,Bank transfer (automatic),65.56,783.08,Yes
CUST-06725,Female,0,Yes,No,9,Yes,Yes,Fiber optic,No,No,Yes,No,No,Yes,One year,Yes,Credit card (automatic),79.94,718.64,No
CUST-06726,Male,0,Yes,No,67,Yes,Yes,DSL,No,Yes,No,No,Yes,No,Two year,Yes,Mailed check,47.42,3172.36,Yes
CUST-06727,Male,0,No,Yes,2,Yes,No,Fiber optic,Yes,Yes,No,No,No,Yes,Month-to-month,Yes,Bank transfer (automatic),71.97,145.98,Yes
CUST-06728,Male,0,No,No,8,Yes,Yes,Fiber optic,No,No,Yes,No,No,No,Month-to-month,No,Bank transfer (automatic),70.55,566.76,No
CUST-06729,Female,1,Yes,Yes,43,Yes,Yes,Fiber optic,No,No,No,No,Yes,No,Month-to-month,Yes,Mailed check,80.02,3436.21,Yes
CUST-06730,Male,0,No,No,18,Yes,Yes,Fiber optic,No,Yes,No,Yes,No,No,Month-to-month,Yes,Credit card (automatic),68.2,1230.91,No
CUST-06731,Female,1,No,No,52,Yes,No,No,No internet service,No internet service,No internet service,No internet service,No internet service,No internet service,Two year,Yes,Credit card (automatic),30.59,1587.42,No
CUST-06732,Male,0,No,No,39,Yes,Yes,No,No internet service,No internet service,No internet service,No internet service,No internet service,No internet service,Month-to-month,No,Mailed check,33.1,1286.99,No
CUST-06733,Male,1,Yes,No,31,Yes,Yes,Fiber optic,No,Yes,Yes,No,Yes,No,Two year,No,Electronic check,91.96,2853.36,Yes
CUST-06734,Female,0,No,Yes,14,Yes,No,DSL,No,No,No,Yes,No,No,Month-to-month,Yes,Mailed check,62.96,877.1,Yes
CUST-06735,Male,0,Yes,No,64,Yes,No,No,No internet service,No internet service,No internet service,No internet service,No internet service,No internet service,One year,No,Electronic check,34.49,2202.54,No
CUST-06736,Female,1,Yes,Yes,44,Yes,No,DSL,No,No,No,No,Yes,No,Month-to-month,Yes,Mailed check,,2832.93,Yes
CUST-06737,Female,0,No,No,60,Yes,Yes,DSL,No,Yes,No,No,No,Yes,Month-to-month,Yes,Electronic check,50.55,3029.74,No
CUST-06738,Male,0,No,No,2,Yes,Yes,Fiber optic,No,No,Yes,No,Yes,No,Month-to-month,Yes,Credit card (automatic),80.96,162.01,Yes
CUST-06739,Female,0,Yes,No,32,Yes,No,Fiber optic,No,No,Yes,No,Yes,No,Month-to-month,No,Electronic check,67.57,2170.1,No
CUST-06740,Female,0,Yes,No,36,Yes,No,Fiber optic,No,Yes,Yes,No,No,No,One year,Yes,Bank transfer (automatic),80.68,2895.9,Yes
CUST-06741,Male,0,No,No,55,Yes,No,Fiber optic,No,No,No,Yes,Yes,Yes,Month-to-month,Yes,Electronic check,76.67,4223.35,Yes
CUST-06742,Male,0,Yes,Yes,63,Yes,No,No,No internet service,No internet service,No internet service,No internet service,No internet service,No internet service,One year,Yes,Bank transfer (automatic),42.39,2661.45,No
CUST-06743,Female,1,No,No,69,Yes,No,No,No internet service,No internet service,No internet service,No internet service,No internet service,No internet service,Month-to-month,No,Mailed check,24.05,1661.21,No
CUST-06744,Male,0,Yes,No,40,Yes,Yes,Fiber optic,Yes,No,No,No,No,Yes,One year,No,Mailed check,85.6,3422.55,Yes
CUST-06745,Female,1,No,No,24,Yes,No,Fiber optic,No,Yes,Yes,No,No,No,Month-to-month,No,Mailed check,85.63,2063.91,Yes
CUST-06746,Female,1,Yes,No,58,Yes,Yes,Fiber optic,Yes,No,No,No,No,No,Month-to-month,Yes,Bank transfer (automatic),86.4,5020.85,Yes
CUST-06747,Male,0,No,No,28,Yes,No,DSL,No,No,No,Yes,No,No,Two year,No,Mailed check,60.43,1699.4,No
CUST-06748,Male,0,No,No,62,Yes,Yes,Fiber optic,No,No,Yes,No,Yes,No,Two year,Yes,Bank transfer (automatic),91.48,5674.36,No
CUST-06749,Male,0,Yes,Yes,25,Yes,Yes,No,No internet service,No internet service,No internet service,No internet service,No internet service,No internet service,Two year,Yes,Electronic check,32.88,817.29,No
CUST-06750,Male,0,No,No,7,Yes,No,No,No internet service,No internet service,No internet service,No internet service,No internet service,No internet service,Month-to-month,No,Credit card (automatic),40.66,291.84,No
CUST-06751,Female,0,Yes,No,38,Yes,Yes,Fiber optic,No,Yes,No,No,No,No,Month-to-month,Yes,Mailed check,85.21,3228.9,No
CUST-06752,Female,0,Yes,No,71,Yes,Yes,No,No internet service,No internet service,No internet service,No internet service,No internet service,No internet service,Month-to-month,Yes,Bank transfer (automatic),41.44,2935.94,No
CUST-06753,Male,0,Yes,No,45,Yes,No,No,No internet service,No internet service,No internet service,No internet service,No internet service,No internet service,Two year,No,Bank transfer (automatic),36.86,1654.67,Yes
CUST-06754,Male,0,Yes,No,32,No,No phone service,No,No internet service,No internet service,No internet service,No internet service,No internet service,No internet service,Two year,No,Bank transfer (automatic),28.73,923.21,No
CUST-06755,Female,0,No,Yes,32,Yes,Yes,No,No internet service,No internet service,No internet service,No internet service,No internet service,No internet service,Month-to-month,Yes,Mailed check,23.12,740.08,No
CUST-06756,Female,0,Yes,No,1,Yes,Yes,No,No internet service,No internet service,No internet service,No internet service,No internet service,No internet service,Month-to-month,No,Electronic check,42.27,50.93,No
CUST-06757,Female,0,Yes,Yes,45,Yes,No,DSL,No,No,No,No,No,No,Two year,Yes,Mailed check,43.96,1974.93,No
CUST-06758,Female,0,Yes,No,64,Yes,No,No,No internet service,No internet service,No internet service,No internet service,No internet service,No internet service,One year,Yes,Credit card (automatic),41.09,2633.66,No
CUST-06759,Male,0,No,No,68,No,No phone service,Fiber optic,No,No,No,No,Yes,Yes,Two year,Yes,Credit card (automatic),84.57,5741.53,No
CUST-06760,Female,1,Yes,No,7,Yes,Yes,Fiber optic,No,No,No,Yes,No,Yes,Month-to-month,No,Electronic check,83.31,586.79,Yes
CUST-06761,Female,0,No,No,38,Yes,No,No,No internet service,No internet service,No internet service,No internet service,No internet service,No internet service,Month-to-month,Yes,Bank transfer (automatic),31.09,1179.8,Yes
CUST-06762,Male,0,No,Yes,70,Yes,No,DSL,No,No,Yes,Yes,Yes,No,Two year,Yes,Credit card (automatic),48.77,3420.93,No
CUST-06763,Female,0,Yes,No,53,Yes,Yes,DSL,Yes,Yes,Yes,No,No,No,Month-to-month,No,Mailed check,58.24,3089.05,Yes
CUST-06764,Female,1,No,Yes,30,Yes,Yes,Fiber optic,Yes,Yes,Yes,No,Yes,Yes,Month-to-month,Yes,Bank transfer (automatic),79.29,2382.52,Yes
CUST-06765,Male,0,Yes,Yes,22,Yes,Yes,No,No internet service,No internet service,No internet service,No internet service,No internet service,No internet service,Month-to-month,No,Bank transfer (automatic),26.98,600.34,Yes
CUST-06766,Male,0,No,No,58,Yes,No,No,No internet service,No internet service,No internet service,No internet service,No internet service,No internet service,One year,Yes,Credit card (automatic),34.24,1976.59,No
CUST-06767,Male,1,No,Yes,55,Yes,Yes,No,No internet service,No internet service,No internet service,No internet service,No internet service,No internet service,Month-to-month,No,Mailed check,18.25,1013.49,No
CUST-06768,Female,0,Yes,No,46,Yes,Yes,No,No internet service,No internet service,No internet service,No internet service,No internet service,No internet service,One year,Yes,Bank transfer (automatic),33.15,1519.14,No
CUST-06769,Female,0,No,No,26,Yes,Yes,No,No internet service,No internet service,No internet service,No internet service,No internet service,No internet service,Two year,No,Electronic check,44.93,1161.94,No
CUST-06770,Male,0,Yes,No,64,Yes,No,DSL,Yes,No,No,Yes,Yes,No,Month-to-month,Yes,Bank transfer (automatic),41.28,2647.93,No
CUST-06771,Male,1,No,No,9,Yes,Yes,Fiber optic,No,No,No,No,No,Yes,Month-to-month,No,Mailed check,79.24,711.63,Yes
CUST-06772,Female,0,Yes,No,15,Yes,Yes,DSL,No,No,No,No,No,No,Month-to-month,No,Electronic check,53.61,798.14,Yes
CUST-06773,Male,0,Yes,No,19,Yes,Yes,DSL,Yes,No,Yes,No,No,No,Two year,Yes,Electronic check,42.22,795.83,No
CUST-06774,Male,0,Yes,No,16,Yes,No,No,No internet service,No internet service,No internet service,No internet service,No internet service,No internet service,Two year,Yes,Bank transfer (automatic),29.79,469.63,No
CUST-06775,Male,0,Yes,Yes,25,Yes,Yes,Fiber optic,Yes,Yes,No,No,No,Yes,Month-to-month,No,Credit card (automatic),69.5,1736.31,No
CUST-06776,Female,0,No,No,51,Yes,Yes,No,No internet service,No internet service,No internet service,No internet service,No internet service,No internet service,Month-to-month,No,Credit card (automatic),39.66,2013.82,No
CUST-06777,Female,0,Yes,No,46,Yes,No,Fiber optic,No,No,No,No,Yes,No,Two year,No,Mailed check,92.01,4222.66,No
CUST-06778,Female,0,Yes,No,7,Yes,Yes,Fiber optic,Yes,No,No,Yes,No,No,Month-to-month,No,Electronic check,89.72,634.27,No
CUST-06779,Female,0,Yes,Yes,34,Yes,No,Fiber optic,No,No,No,No,No,Yes,Two year,Yes,Credit card (automatic),92.84,3157.73,No
CUST-06780,Female,0,Yes,Yes,58,Yes,No,No,No internet service,No internet service,No internet service,No internet service,No internet service,No internet service,Two year,No,Mailed check,34.42,1991.51,No
CUST-06781,Female,0,No,No,23,Yes,No,Fiber optic,Yes,No,No,No,No,Yes,Month-to-month,Yes,Mailed check,90.31,2068.83,Yes
CUST-06782,Male,0,Yes,No,23,No,No phone service,DSL,Yes,No,Yes,No,Yes,No,Month-to-month,Yes,Bank transfer (automatic),54.98,1268.35,No
CUST-06783,Female,0,No,No,17,Yes,No,No,No internet service,No internet service,No internet service,No internet service,No internet service,No internet service,Month-to-month,Yes,Mailed check,38.71,664.16,Yes
CUST-06784,Female,0,Yes,No,13,Yes,No,Fiber optic,No,No,No,No,No,No,Month-to-month,No,Mailed check,93.4,1213.66,No
CUST-06785,Male,0,Yes,No,27,Yes,Yes,DSL,No,No,No,No,Yes,No,Month-to-month,Yes,Electronic check,51.42,1394.61,Yes
CUST-06786,Female,0,Yes,No,66,Yes,No,Fiber optic,No,Yes,No,No,Yes,Yes,Month-to-month,No,Mailed check,90.02,5949.29,Yes
CUST-06787,Female,0,Yes,Yes,30,Yes,Yes,DSL,Yes,No,No,Yes,No,No,Two year,No,Bank transfer (automatic),54.22,1625.36,No
CUST-06788,Male,0,Yes,No,4,Yes,No,No,No internet service,No internet service,No internet service,No internet service,No internet service,No internet service,Month-to-month,No,Electronic check,33.38,142.18,Yes
CUST-06789,Male,0,Yes,Yes,67,Yes,Yes,Fiber optic,No,No,Yes,No,No,No,Month-to-month,No,Electronic check,91.48,6122.28,No
CUST-06790,Male,0,No,No,14,Yes,Yes,No,No internet service,No internet service,No internet service,No internet service,No internet service,No internet service,Two year,No,Electronic check,41.43,583.04,No
CUST-06791,Female,1,No,No,11,Yes,No,DSL,No,No,Yes,No,No,No,One year,No,Credit card (automatic),62.26,683.55,No
CUST-06792,Male,0,Yes,No,40,Yes,Yes,No,No internet service,No internet service,No internet service,No internet service,No internet service,No internet service,Month-to-month,Yes,Credit card (automatic),24.38,967.11,No
CUST-06793,Female,0,Yes,No,3,Yes,Yes,Fiber optic,No,No,Yes,Yes,No,Yes,One year,No,Mailed check,67.6,211.41,No
CUST-06794,Female,1,Yes,Yes,1,Yes,No,DSL,No,Yes,Yes,No,No,No,One year,Yes,Bank transfer (automatic),69.6,75.36,No
CUST-06795,Female,0,No,No,9,Yes,Yes,DSL,Yes,No,Yes,No,Yes,No,Month-to-month,No,Electronic check,57.05,514.38,No
CUST-06796,Female,0,Yes,No,1,Yes,Yes,DSL,No,No,No,No,No,Yes,Month-to-month,Yes,Credit card (automatic),43.32,48.19,No
CUST-06797,Male,0,No,No,16,Yes,No,Fiber optic,No,No,No,No,No,Yes,Two year,No,Credit card (automatic),93.78,1500.08,No
CUST-06798,Male,0,No,No,72,Yes,Yes,DSL,No,No,No,Yes,No,No,Month-to-month,No,Electronic check,53.72,3869.55,Yes
CUST-06799,Female,0,No,No,46,Yes,Yes,Fiber optic,No,Yes,No,No,No,Yes,Month-to-month,Yes,Credit card (automatic),93.87,4312.07,No
CUST-06800,Male,0,No,Yes,10,Yes,No,Fiber optic,No,No,No,No,Yes,Yes,Two year,No,Mailed check,75.96,759.38,No
CUST-06801,Female,0,No,No,33,Yes,Yes,Fiber optic,Yes,No,No,Yes,Yes,No,Month-to-month,Yes,Mailed check,92.28,3039.34,Yes
CUST-06802,Female,0,Yes,Yes,41,Yes,Yes,No,No internet service,No internet service,No internet service,No internet service,No internet service,No internet service,Two year,No,Bank transfer (automatic),40.6,1673.84,No
CUST-06803,Female,0,No,No,51,Yes,No,Fiber optic,No,Yes,Yes,Yes,No,No,Month-to-month,Yes,Mailed check,79.14,4034.95,No
CUST-06804,Male,1,No,No,22,Yes,Yes,DSL,No,Yes,Yes,Yes,No,Yes,Two year,Yes,Bank transfer (automatic),49.37,1084.63,No
CUST-06805,Female,0,Yes,No,16,Yes,No,Fiber optic,No,Yes,No,No,Yes,Yes,One year,Yes,Mailed check,87.21,1404.72,No
CUST-06806,Female,0,Yes,No,62,Yes,No,DSL,No,No,No,No,Yes,Yes,Two year,No,Electronic check,65.51,4070.57,No
CUST-06807,Male,0,No,Yes,53,Yes,Yes,Fiber optic,Yes,No,No,No,Yes,No,Month-to-month,No,Mailed check,66.28,3517.57,No
CUST-06808,Male,0,Yes,No,14,Yes,Yes,Fiber optic,No,Yes,No,Yes,No,No,Month-to-month,Yes,Electronic check,71.75,1009.37,Yes
CUST-06809,Male,0,Yes,Yes,59,Yes,No,DSL,No,No,No,Yes,No,No,Two year,No,Electronic check,52.9,3128.99,No
CUST-06810,Male,0,Yes,Yes,26,Yes,No,Fiber optic,No,No,Yes,No,Yes,Yes,Two year,No,Bank transfer (automatic),71.24,1861.55,No
CUST-06811,Female,0,No,No,44,Yes,No,DSL,No,No,Yes,No,Yes,Yes,Month-to-month,No,Mailed check,48.14,2125.81,Yes
CUST-06812,Male,0,No,Yes,20,Yes,No,Fiber optic,No,Yes,Yes,No,No,Yes,Month-to-month,No,Mailed check,80.44,1599.27,Yes
CUST-06813,Female,0,Yes,Yes,5,Yes,Yes,No,No internet service,No internet service,No internet service,No internet service,No internet service,No internet service,Month-to-month,No,Electronic check,,135.97,No
CUST-06814,Male,0,Yes,No,65,Yes,No,Fiber optic,No,Yes,Yes,No,No,Yes,Month-to-month,Yes,Bank transfer (automatic),93.03,6056.08,No
CUST-06815,Male,1,No,No,11,Yes,Yes,No,No internet service,No internet service,No internet service,No internet service,No internet service,No internet service,One year,Yes,Electronic check,,437.37,No
CUST-06816,Male,1,No,Yes,47,Yes,Yes,No,No internet service,No internet service,No internet service,No internet service,No internet service,No internet service,One year,No,Electronic check,21.25,999.71,No
CUST-06817,Male,0,Yes,No,10,Yes,Yes,DSL,Yes,Yes,Yes,No,No,No,Month-to-month,Yes,Credit card (automatic),68.45,694.43,No
CUST-06818,Male,0,No,No,61,Yes,Yes,Fiber optic,Yes,Yes,No,Yes,Yes,No,Month-to-month,Yes,Electronic check,71.51,4363.27,Yes
CUST-06819,Male,0,No,No,45,Yes,Yes,DSL,No,No,No,No,Yes,No,Month-to-month,No,Bank transfer (automatic),57.9,2602.02,No
CUST-06820,Female,0,Yes,No,47,Yes,Yes,Fiber optic,Yes,No,No,Yes,Yes,Yes,One year,Yes,Electronic check,74.21,3492.94,Yes
CUST-06821,Male,1,Yes,No,34,Yes,Yes,Fiber optic,No,No,Yes,Yes,Yes,No,One year,Yes,Credit card (automatic),73.54,2510.13,Yes
CUST-06822,Male,0,No,No,13,Yes,Yes,Fiber optic,Yes,No,No,No,No,No,Month-to-month,Yes,Bank transfer (automatic),81.21,1047.29,Yes
CUST-06823,Male,0,No,No,23,Yes,No,DSL,Yes,No,No,Yes,Yes,No,One year,No,Electronic check,68.41,1565.93,No
CUST-06824,Male,1,No,Yes,36,Yes,Yes,DSL,Yes,Yes,No,Yes,No,Yes,One year,Yes,Electronic check,52.57,1894.21,Yes
CUST-06825,Female,1,Yes,No,63,Yes,Yes,Fiber optic,No,Yes,Yes,No,No,Yes,Two year,Yes,Bank transfer (automatic),73.44,4631.94,No
CUST-06826,Male,0,Yes,No,47,Yes,Yes,Fiber optic,No,No,No,No,Yes,No,Two year,No,Credit card (automatic),72.51,3413.26,No
CUST-06827,Male,0,Yes,No,66,Yes,No,DSL,No,No,No,Yes,No,Yes,Two year,No,Bank transfer (automatic),49.27,3252.25,No
CUST-06828,Male,0,Yes,Yes,14,Yes,Yes,Fiber optic,No,No,No,Yes,Yes,No,Month-to-month,No,Electronic check,78.34,1106.1,No
CUST-06829,Male,0,No,No,53,Yes,Yes,Fiber optic,No,Yes,No,Yes,No,No,Month-to-month,Yes,Bank transfer (automatic),91.19,4836.12,Yes
CUST-06830,Female,0,Yes,No,66,Yes,Yes,Fiber optic,No,No,No,No,Yes,No,Month-to-month,Yes,Electronic check,74.44,4912.57,Yes
CUST-06831,Male,0,Yes,No,49,Yes,Yes,DSL,No,No,No,Yes,No,No,Two year,Yes,Mailed check,48.17,2361.67,No
CUST-06832,Female,0,No,No,16,Yes,No,No,No internet service,No internet service,No internet service,No internet service,No internet service,No internet service,One year,Yes,Electronic check,32.23,521.85,No
CUST-06833,Male,0,Yes,No,68,Yes,No,Fiber optic,No,No,No,No,No,Yes,Month-to-month,Yes,Electronic check,82.74,5634.36,Yes
CUST-06834,Female,0,No,Yes,43,Yes,Yes,Fiber optic,No,Yes,Yes,No,No,No,One year,No,Credit card (automatic),78.37,3376.51,No
CUST-06835,Female,0,Yes,No,65,Yes,Yes,No,No internet service,No internet service,No internet service,No internet service,No internet service,No internet service,One year,Yes,Bank transfer (automatic),20.72,1348.63,No
CUST-06836,Male,0,No,No,9,Yes,No,DSL,No,Yes,Yes,Yes,No,Yes,Two year,No,Electronic check,45.73,402.96,No
CUST-06837,Male,0,No,Yes,21,Yes,No,Fiber optic,No,Yes,Yes,No,Yes,Yes,Month-to-month,No,Electronic check,80.61,1697.39,Yes
CUST-06838,Female,0,No,No,43,No,No phone service,Fiber optic,No,Yes,No,Yes,No,Yes,One year,Yes,Electronic check,73.55,3167.85,Yes
CUST-06839,Female,0,Yes,No,66,Yes,No,DSL,No,Yes,No,No,No,No,Month-to-month,Yes,Mailed check,44.59,2934.71,Yes
CUST-06840,Male,0,No,No,4,No,No phone service,Fiber optic,No,No,No,Yes,Yes,Yes,Month-to-month,No,Credit card (automatic),65.79,259.46,No
CUST-06841,Female,0,Yes,No,7,Yes,No,DSL,No,No,Yes,No,No,No,Month-to-month,No,Bank transfer (automatic),44.03,299.9,No
CUST-06842,Female,0,Yes,Yes,58,Yes,Yes,Fiber optic,No,No,Yes,No,No,No,Month-to-month,Yes,Mailed check,89.93,5214.07,Yes
CUST-06843,Female,0,Yes,Yes,4,Yes,Yes,Fiber optic,Yes,No,Yes,Yes,No,Yes,Month-to-month,No,Electronic check,69.67,279.47,Yes
CUST-06844,Male,0,Yes,Yes,20,Yes,No,Fiber optic,Yes,No,No,Yes,No,No,Month-to-month,Yes,Electronic check,65.08,1295.0,No
CUST-06845,Female,0,Yes,No,35,Yes,No,No,No internet service,No internet service,No internet service,No internet service,No internet service,No internet service,Two year,Yes,Electronic check,26.74,937.92,No
CUST-06846,Female,0,Yes,No,59,Yes,No,No,No internet service,No internet service,No internet service,No internet service,No internet service,No internet service,Month-to-month,Yes,Credit card (automatic),42.84,2532.89,No
CUST-06847,Female,0,No,No,45,Yes,Yes,Fiber optic,No,Yes,Yes,No,Yes,Yes,Two year,Yes,Mailed check,80.65,3636.84,No
CUST-06848,Male,0,No,No,14,Yes,No,DSL,No,No,No,No,Yes,No,Month-to-month,No,Credit card (automatic),40.31,571.65,No
CUST-06849,Male,0,Yes,Yes,22,No,No phone service,No,No internet service,No internet service,No internet service,No internet service,No internet service,No internet service,Month-to-month,No,Bank transfer (automatic),36.28,801.39,No
CUST-06850,Female,1,Yes,Yes,48,Yes,Yes,Fiber optic,No,Yes,Yes,No,Yes,No,Two year,Yes,Bank transfer (automatic),77.02,3700.74,No
CUST-06851,Male,0,Yes,No,30,Yes,No,Fiber optic,Yes,No,No,No,No,Yes,Month-to-month,No,Mailed check,88.06,2634.1,Yes
CUST-06852,Female,0,Yes,Yes,29,Yes,No,Fiber optic,Yes,No,No,Yes,No,No,Two year,No,Mailed check,82.91,2398.79,No
CUST-06853,Male,0,Yes,Yes,36,Yes,Yes,DSL,Yes,No,No,Yes,No,Yes,Month-to-month,Yes,Electronic check,44.18,1599.77,Yes
CUST-06854,Male,0,No,No,42,Yes,Yes,Fiber optic,No,Yes,Yes,No,No,No,Month-to-month,No,Credit card (automatic),79.16,3334.7,No
CUST-06855,Female,0,No,No,29,Yes,Yes,DSL,No,No,No,No,No,No,Two year,No,Mailed check,56.66,1633.58,No
CUST-06856,Male,0,Yes,No,7,Yes,No,Fiber optic,No,No,No,No,No,Yes,One year,No,Bank transfer (automatic),80.01,565.33,No
CUST-06857,Male,0,Yes,No,32,Yes,No,Fiber optic,Yes,No,No,No,No,No,Month-to-month,No,Electronic check,88.63,2838.78,Yes
CUST-06858,Male,0,No,No,13,Yes,No,No,No internet service,No internet service,No internet service,No internet service,No internet service,No internet service,Month-to-month,Yes,Electronic check,40.49,517.0,Yes
CUST-06859,Female,0,Yes,No,13,Yes,Yes,Fiber optic,Yes,No,No,No,Yes,Yes,Month-to-month,No,Electronic check,85.0,1106.57,Yes
CUST-06860,Male,1,Yes,Yes,54,Yes,No,Fiber optic,No,No,No,No,No,Yes,Two year,No,Bank transfer (automatic),66.12,3572.31,No
CUST-06861,Male,0,Yes,No,14,Yes,No,DSL,No,No,No,No,No,No,Month-to-month,Yes,Bank transfer (automatic),50.57,704.72,Yes
CUST-06862,Female,0,No,Yes,6,Yes,No,Fiber optic,No,No,No,Yes,Yes,No,One year,No,Bank transfer (automatic),76.07,464.84,Yes
CUST-06863,Male,0,No,Yes,16,Yes,Yes,Fiber optic,Yes,No,No,No,Yes,Yes,Month-to-month,Yes,Mailed check,71.67,1156.61,No
CUST-06864,Male,0,Yes,Yes,41,Yes,No,DSL,No,No,No,Yes,No,Yes,One year,No,Electronic check,52.83,2174.54,Yes
CUST-06865,Male,0,No,No,52,Yes,No,Fiber optic,Yes,No,No,No,No,No,Month-to-month,No,Credit card (automatic),70.63,3662.86,Yes
CUST-06866,Male,0,No,No,16,Yes,No,Fiber optic,Yes,No,Yes,No,No,No,One year,Yes,Electronic check,87.67,1397.51,No
CUST-06867,Male,0,Yes,No,5,Yes,No,Fiber optic,Yes,Yes,No,No,No,No,Month-to-month,Yes,Electronic check,90.03,450.8,Yes
CUST-06868,Female,0,No,No,24,Yes,No,No,No internet service,No internet service,No internet service,No internet service,No internet service,No internet service,Month-to-month,Yes,Electronic check,43.03,1038.4,No
CUST-06869,Female,0,No,No,43,Yes,Yes,DSL,Yes,No,Yes,No,Yes,No,Month-to-month,Yes,Bank transfer (automatic),40.42,1730.34,No
CUST-06870,Male,0,No,No,65,Yes,Yes,Fiber optic,No,Yes,No,Yes,Yes,Yes,Month-to-month,Yes,Credit card (automatic),81.16,5276.63,Yes
CUST-06871,Male,0,No,No,10,Yes,Yes,Fiber optic,Yes,No,Yes,No,No,No,One year,No,Electronic check,71.27,707.2,No
CUST-06872,Male,0,No,No,59,Yes,Yes,DSL,No,Yes,Yes,Yes,Yes,No,One year,Yes,Electronic check,55.92,3297.4,No
CUST-06873,Female,1,No,No,35,Yes,Yes,No,No internet service,No internet service,No internet service,No internet service,No internet service,No internet service,Month-to-month,Yes,Bank transfer (automatic),18.25,647.51,No
CUST-06874,Female,1,Yes,No,31,Yes,No,No,No internet service,No internet service,No internet service,No internet service,No internet service,No internet service,Two year,Yes,Credit card (automatic),37.96,1173.94,No
CUST-06875,Male,0,Yes,No,11,Yes,Yes,Fiber optic,No,No,No,No,No,Yes,Two year,No,Electronic check,73.85,814.72,No
CUST-06876,Male,0,Yes,Yes,9,Yes,Yes,No,No internet service,No internet service,No internet service,No internet service,No internet service,No internet service,Two year,Yes,Credit card (automatic),32.0,281.78,No
CUST-06877,Female,0,No,No,66,Yes,No,DSL,No,No,Yes,No,Yes,No,Month-to-month,Yes,Bank transfer (automatic),63.9,4208.93,No
CUST-06878,Male,0,Yes,No,44,Yes,Yes,DSL,No,No,Yes,No,Yes,No,Month-to-month,No,Electronic check,53.02,2341.18,Yes
CUST-06879,Female,0,No,No,16,Yes,Yes,DSL,Yes,Yes,Yes,No,Yes,No,Month-to-month,Yes,Bank transfer (automatic),69.79,1126.48,No
CUST-06880,Female,1,No,No,48,Yes,Yes,Fiber optic,Yes,No,No,Yes,No,Yes,Month-to-month,No,Electronic check,89.16,4270.2,Yes
CUST-06881,Male,0,Yes,No,53,Yes,Yes,Fiber optic,No,Yes,No,Yes,No,No,Month-to-month,No,Credit card (automatic),77.71,4118.21,No
CUST-06882,Female,0,No,No,65,Yes,No,No,No internet service,No internet service,No internet service,No internet service,No internet service,No internet service,Two year,No,Mailed check,36.14,2340.17,No
CUST-06883,Male,0,Yes,No,48,Yes,No,Fiber optic,No,No,No,No,No,No,Two year,Yes,Electronic check,85.09,4085.33,No
CUST-06884,Male,0,No,No,70,Yes,Yes,DSL,Yes,No,Yes,No,No,No,Month-to-month,Yes,Bank transfer (automatic),41.3,2896.49,No
CUST-06885,Male,0,Yes,No,46,Yes,Yes,No,No internet service,No internet service,No internet service,No internet service,No internet service,No internet service,Month-to-month,No,Electronic check,26.12,1200.66,Yes
CUST-06886,Male,0,Yes,No,33,Yes,No,Fiber optic,No,Yes,No,No,No,No,Month-to-month,Yes,Mailed check,80.77,2659.62,Yes
CUST-06887,Male,0,Yes,Yes,52,Yes,Yes,No,No internet service,No internet service,No internet service,No internet service,No internet service,No internet service,Month-to-month,No,Credit card (automatic),27.45,1428.83,No
CUST-06888,Male,0,Yes,No,55,Yes,No,Fiber optic,Yes,No,No,Yes,No,No,One year,No,Bank transfer (automatic),70.46,3869.99,No
CUST-06889,Female,1,No,Yes,51,Yes,No,DSL,Yes,Yes,Yes,Yes,No,Yes,Month-to-month,Yes,Electronic check,59.85,3059.32,Yes
CUST-06890,Female,0,Yes,No,40,Yes,Yes,No,No internet service,No internet service,No internet service,No internet service,No internet service,No internet service,Month-to-month,No,Credit card (automatic),44.64,1791.21,Yes
CUST-06891,Female,1,No,Yes,25,Yes,Yes,No,No internet service,No internet service,No internet service,No internet service,No internet service,No internet service,One year,Yes,Credit card (automatic),25.22,632.11,No
CUST-06892,Female,0,Yes,No,63,Yes,Yes,Fiber optic,Yes,No,Yes,Yes,Yes,No,Two year,No,Bank transfer (automatic),93.8,5907.8,No
CUST-06893,Male,0,Yes,Yes,22,Yes,Yes,DSL,No,Yes,No,No,Yes,No,One year,No,Electronic check,62.69,1386.1,No
CUST-06894,Female,0,Yes,Yes,38,Yes,Yes,DSL,Yes,No,No,No,Yes,Yes,Month-to-month,Yes,Bank transfer (automatic),49.85,1897.85,Yes
CUST-06895,Female,0,No,No,9,Yes,Yes,Fiber optic,No,No,Yes,No,Yes,No,One year,Yes,Bank transfer (automatic),77.59,701.85,No
CUST-06896,Female,0,Yes,No,37,Yes,Yes,Fiber optic,No,No,No,No,No,Yes,One year,Yes,Bank transfer (automatic),83.81,3104.72,Yes
CUST-06897,Male,0,Yes,Yes,5,Yes,Yes,DSL,Yes,Yes,No,Yes,No,No,Month-to-month,No,Electronic check,62.43,304.56,Yes
CUST-06898,Female,0,No,No,22,Yes,Yes,DSL,No,Yes,No,No,No,Yes,One year,Yes,Credit card (automatic),62.41,1374.7,No
CUST-06899,Male,0,Yes,No,12,Yes,Yes,No,No internet service,No internet service,No internet service,No internet service,No internet service,No internet service,One year,No,Electronic check,34.23,407.88,Yes
CUST-06900,Female,0,No,Yes,60,Yes,No,No,No internet service,No internet service,No internet service,No internet service,No internet service,No internet service,Month-to-month,Yes,Mailed check,18.37,1100.21,Yes
CUST-06901,Male,0,Yes,No,44,Yes,Yes,Fiber optic,Yes,No,No,No,No,No,Month-to-month,No,Mailed check,90.63,3988.73,No
CUST-06902,Male,0,Yes,No,22,Yes,Yes,DSL,Yes,No,No,No,Yes,Yes,Month-to-month,Yes,Credit card (automatic),48.02,1066.37,Yes
CUST-06903,Female,0,Yes,No,6,Yes,No,DSL,No,Yes,No,No,No,No,Month-to-month,No,Electronic check,45.26,279.66,Yes
CUST-06904,Male,0,No,No,27,Yes,No,No,No internet service,No internet service,No internet service,No internet service,No internet service,No internet service,Month-to-month,No,Bank transfer (automatic),21.36,586.63,Yes
CUST-06905,Male,0,Yes,No,55,Yes,Yes,Fiber optic,No,No,No,Yes,No,No,One year,No,Mailed check,66.21,3647.7,No
CUST-06906,Female,0,Yes,Yes,15,No,No phone service,Fiber optic,No,No,No,No,No,Yes,Month-to-month,Yes,Bank transfer (automatic),87.07,1298.48,No
CUST-06907,Female,1,Yes,No,64,Yes,Yes,DSL,Yes,No,No,No,Yes,Yes,Month-to-month,Yes,Electronic check,41.56,2652.84,No
CUST-06908,Female,0,No,Yes,17,Yes,No,DSL,Yes,No,No,No,No,No,Month-to-month,Yes,Bank transfer (automatic),41.25,695.82,No
CUST-06909,Male,0,No,No,3,Yes,No,DSL,No,Yes,No,Yes,No,Yes,One year,Yes,Electronic check,40.05,130.12,Yes
CUST-06910,Male,1,No,Yes,10,Yes,No,Fiber optic,No,No,No,No,No,No,One year,Yes,Mailed check,65.14,651.5,No
CUST-06911,Male,1,No,No,63,Yes,Yes,Fiber optic,No,Yes,Yes,No,No,Yes,Month-to-month,Yes,Mailed check,85.4,5385.73,Yes
CUST-06912,Female,0,No,No,63,Yes,No,DSL,No,Yes,No,No,Yes,Yes,Two year,Yes,Credit card (automatic),54.86,3461.43,No
CUST-06913,Male,1,No,No,62,Yes,No,No,No internet service,No internet service,No internet service,No internet service,No internet service,No internet service,Month-to-month,Yes,Mailed check,35.17,2189.97,Yes
CUST-06914,Male,0,Yes,No,9,Yes,No,Fiber optic,No,Yes,No,No,No,Yes,One year,Yes,Mailed check,71.95,639.4,No
CUST-06915,Male,0,Yes,No,24,Yes,No,Fiber optic,Yes,No,Yes,No,No,No,Month-to-month,Yes,Bank transfer (automatic),86.58,2069.7,Yes
CUST-06916,Male,0,Yes,No,32,Yes,No,Fiber optic,No,No,No,No,No,Yes,Month-to-month,No,Mailed check,74.35,2384.42,Yes
CUST-06917,Male,0,Yes,No,3,Yes,No,DSL,No,Yes,No,No,Yes,Yes,Month-to-month,Yes,Credit card (automatic),54.91,155.02,Yes
CUST-06918,Male,0,Yes,Yes,33,Yes,Yes,DSL,Yes,No,Yes,Yes,Yes,No,Month-to-month,Yes,Mailed check,65.87,2181.19,No
CUST-06919,Male,0,No,Yes,43,Yes,Yes,Fiber optic,No,No,No,No,No,No,Month-to-month,Yes,Credit card (automatic),66.94,2878.64,Yes
CUST-06920,Female,1,No,No,12,Yes,Yes,DSL,No,No,Yes,No,No,No,Month-to-month,No,Bank transfer (automatic),65.66,783.08,Yes
CUST-06921,Female,0,No,No,32,Yes,No,Fiber optic,No,Yes,No,Yes,No,No,Two year,Yes,Bank transfer (automatic),74.95,2406.62,No
CUST-06922,Female,0,Yes,Yes,20,Yes,No,Fiber optic,No,Yes,Yes,No,No,No,One year,Yes,Mailed check,72.37,1452.2,No
CUST-06923,Male,0,No,Yes,67,Yes,No,No,No internet service,No internet service,No internet service,No internet service,No internet service,No internet service,Two year,Yes,Mailed check,40.46,2706.65,No
CUST-06924,Male,0,Yes,Yes,68,Yes,Yes,Fiber optic,Yes,Yes,No,No,No,No,Month-to-month,No,Mailed check,85.85,5842.61,No
CUST-06925,Female,0,No,No,17,Yes,No,Fiber optic,No,No,Yes,No,Yes,No,One year,Yes,Credit card (automatic),73.88,1252.03,No
CUST-06926,Male,0,Yes,No,19,Yes,No,No,No internet service,No internet service,No internet service,No internet service,No internet service,No internet service,Month-to-month,Yes,Bank transfer (automatic),35.91,683.06,No
CUST-06927,Female,1,No,No,4,Yes,No,Fiber optic,No,No,No,No,Yes,Yes,Month-to-month,No,Electronic check,92.1,373.39,Yes
CUST-06928,Male,0,Yes,Yes,17,Yes,No,DSL,Yes,Yes,No,Yes,Yes,No,Two year,Yes,Bank transfer (automatic),66.11,1122.35,No
CUST-06929,Male,0,No,Yes,64,Yes,No,Fiber optic,No,No,Yes,No,Yes,Yes,Two year,Yes,Electronic check,89.19,5714.42,Yes
CUST-06930,Female,0,Yes,No,22,Yes,No,DSL,No,No,Yes,No,Yes,No,Two year,No,Credit card (automatic),,1530.97,No
CUST-06931,Female,0,No,No,66,No,No phone service,Fiber optic,Yes,No,Yes,Yes,Yes,No,Month-to-month,Yes,Electronic check,70.07,4625.0,Yes
CUST-06932,Female,1,Yes,No,42,Yes,Yes,Fiber optic,No,No,No,Yes,No,No,Month-to-month,Yes,Electronic check,87.48,3664.76,Yes
CUST-06933,Female,0,Yes,Yes,45,Yes,Yes,Fiber optic,Yes,No,Yes,Yes,No,Yes,Month-to-month,Yes,Electronic check,73.83,3331.96,No
CUST-06934,Female,0,Yes,No,11,Yes,No,DSL,No,No,No,No,No,No,Month-to-month,Yes,Credit card (automatic),67.96,741.09,No
CUST-06935,Male,0,Yes,No,53,Yes,Yes,Fiber optic,No,No,No,No,No,No,Two year,No,Mailed check,67.41,3566.0,No
CUST-06936,Male,0,No,No,60,Yes,No,Fiber optic,Yes,No,Yes,Yes,No,No,Month-to-month,No,Credit card (automatic),85.03,5100.64,Yes
CUST-06937,Male,0,No,No,29,Yes,No,Fiber optic,No,No,Yes,No,No,No,One year,Yes,Electronic check,71.06,2052.07,Yes
CUST-06938,Female,0,No,Yes,20,Yes,Yes,DSL,No,Yes,No,No,Yes,Yes,Month-to-month,Yes,Electronic check,69.72,1401.84,No
CUST-06939,Female,0,Yes,No,5,Yes,No,No,No internet service,No internet service,No internet service,No internet service,No internet service,No internet service,One year,Yes,Credit card (automatic),30.59,146.82,No
CUST-06940,Female,0,No,No,25,Yes,Yes,DSL,No,Yes,No,No,Yes,Yes,Month-to-month,No,Credit card (automatic),55.99,1402.37,No
CUST-06941,Female,0,Yes,No,34,No,No phone service,No,No internet service,No internet service,No internet service,No internet service,No internet service,No internet service,Month-to-month,No,Mailed check,30.82,1053.65,Yes
CUST-06942,Female,0,No,No,12,Yes,Yes,Fiber optic,No,No,No,Yes,Yes,No,Month-to-month,Yes,Bank transfer (automatic),87.76,1053.1,Yes
CUST-06943,Female,0,Yes,Yes,28,Yes,No,DSL,No,Yes,No,No,No,Yes,Month-to-month,Yes,Electronic check,69.14,1926.64,No
CUST-06944,Male,0,No,No,6,Yes,No,DSL,Yes,No,Yes,Yes,No,No,One year,Yes,Bank transfer (automatic),68.82,409.25,No
CUST-06945,Male,1,Yes,No,19,Yes,No,Fiber optic,No,Yes,No,No,No,Yes,One year,No,Electronic check,72.0,1370.17,No
CUST-06946,Male,0,Yes,No,12,Yes,Yes,No,No internet service,No internet service,No internet service,No internet service,No internet service,No internet service,Month-to-month,No,Mailed check,31.76,378.53,No
CUST-06947,Male,0,No,Yes,25,Yes,Yes,No,No internet service,No internet service,No internet service,No internet service,No internet service,No internet service,Two year,Yes,Mailed check,31.38,787.45,No
CUST-06948,Male,0,No,Yes,13,Yes,Yes,DSL,No,No,No,Yes,No,No,One year,Yes,Electronic check,43.74,568.87,No
CUST-06949,Female,0,No,Yes,3,Yes,No,Fiber optic,No,Yes,Yes,No,No,Yes,Month-to-month,No,Mailed check,85.91,257.3,Yes
CUST-06950,Female,0,Yes,Yes,24,Yes,No,DSL,Yes,Yes,No,Yes,No,Yes,Month-to-month,No,Bank transfer (automatic),62.77,1501.36,No
CUST-06951,Female,1,Yes,No,8,Yes,No,DSL,No,No,No,No,No,No,Two year,No,Mailed check,66.08,537.65,No
CUST-06952,Female,0,Yes,Yes,45,Yes,No,No,No internet service,No internet service,No internet service,No internet service,No internet service,No internet service,Month-to-month,Yes,Mailed check,37.07,1669.41,No
CUST-06953,Female,0,No,No,72,Yes,Yes,No,No internet service,No internet service,No internet service,No internet service,No internet service,No internet service,Month-to-month,Yes,Bank transfer (automatic),18.56,1330.72,Yes
CUST-06954,Female,0,Yes,Yes,1,Yes,No,Fiber optic,No,No,Yes,No,No,Yes,Month-to-month,No,Credit card (automatic),92.57,89.91,No
CUST-06955,Male,1,No,No,3,Yes,No,DSL,No,Yes,No,No,Yes,No,Two year,Yes,Mailed check,46.33,131.31,Yes
CUST-06956,Female,0,Yes,No,65,Yes,Yes,Fiber optic,No,No,Yes,No,No,No,Month-to-month,No,Mailed check,83.29,5419.72,Yes
CUST-06957,Female,0,No,No,15,Yes,No,DSL,No,No,No,No,Yes,No,Month-to-month,Yes,Credit card (automatic),59.35,892.13,No
CUST-06958,Female,1,Yes,No,50,Yes,No,No,No internet service,No internet service,No internet service,No internet service,No internet service,No internet service,Month-to-month,Yes,Electronic check,19.56,983.6,Yes
CUST-06959,Female,0,Yes,No,20,Yes,Yes,No,No internet service,No internet service,No internet service,No internet service,No internet service,No internet service,Two year,No,Mailed check,25.3,509.68,No
CUST-06960,Male,0,No,No,3,Yes,No,DSL,No,No,Yes,Yes,No,No,Two year,Yes,Electronic check,48.99,156.22,Yes
CUST-06961,Male,0,Yes,No,61,Yes,Yes,DSL,No,No,No,No,No,No,One year,Yes,Mailed check,61.29,3743.58,Yes
CUST-06962,Female,0,Yes,No,15,Yes,No,No,No internet service,No internet service,No internet service,No internet service,No internet service,No internet service,Month-to-month,No,Electronic check,33.75,509.74,Yes
CUST-06963,Male,0,No,No,59,Yes,Yes,Fiber optic,No,No,Yes,Yes,No,Yes,Month-to-month,No,Mailed check,77.67,4584.66,Yes
CUST-06964,Male,0,Yes,Yes,54,Yes,No,Fiber optic,No,No,No,No,No,Yes,Month-to-month,No,Mailed check,69.96,3769.31,No
CUST-06965,Female,0,No,No,60,Yes,Yes,DSL,Yes,No,Yes,Yes,No,No,Month-to-month,Yes,Electronic check,62.17,3721.48,Yes
CUST-06966,Female,0,No,Yes,37,Yes,No,DSL,No,No,Yes,No,No,No,Two year,No,Mailed check,68.17,2527.7,No
CUST-06967,Female,0,Yes,No,21,Yes,No,DSL,Yes,No,Yes,No,No,No,One year,No,Bank transfer (automatic),57.31,1207.93,No
CUST-06968,Female,0,Yes,No,23,Yes,Yes,DSL,No,No,No,Yes,No,Yes,One year,Yes,Electronic check,67.36,1544.02,No
CUST-06969,Female,0,Yes,No,18,Yes,Yes,Fiber optic,No,No,No,No,No,Yes,One year,No,Electronic check,89.33,1617.68,Yes
CUST-06970,Male,0,No,No,17,Yes,Yes,Fiber optic,Yes,No,No,No,No,No,Two year,No,Credit card (automatic),93.5,1582.41,No
CUST-06971,Female,0,Yes,No,31,Yes,No,Fiber optic,No,No,No,No,Yes,No,Month-to-month,Yes,Mailed check,75.18,2329.57,No
CUST-06972,Female,0,No,No,64,Yes,Yes,DSL,No,No,Yes,No,No,Yes,Month-to-month,Yes,Electronic check,58.96,3783.38,Yes
CUST-06973,Female,0,Yes,No,48,Yes,No,DSL,Yes,Yes,No,No,No,Yes,One year,Yes,Bank transfer (automatic),46.85,2256.98,Yes
CUST-06974,Male,0,Yes,No,26,Yes,Yes,Fiber optic,No,Yes,Yes,No,No,Yes,Month-to-month,Yes,Credit card (automatic),87.14,2259.67,No
CUST-06975,Female,0,No,No,22,Yes,No,Fiber optic,No,Yes,No,No,Yes,Yes,One year,No,Credit card (automatic),94.52,2071.48,Yes
CUST-06976,Female,0,Yes,No,45,Yes,No,No,No internet service,No internet service,No internet service,No internet service,No internet service,No internet service,Two year,Yes,Credit card (automatic),24.65,1101.3,No
CUST-06977,Female,0,Yes,Yes,36,Yes,Yes,Fiber optic,No,No,Yes,Yes,No,No,Month-to-month,Yes,Bank transfer (automatic),66.97,2406.17,No
CUST-06978,Male,0,Yes,No,64,Yes,No,Fiber optic,Yes,No,No,No,No,Yes,One year,No,Credit card (automatic),94.2,6028.75,No
CUST-06979,Female,0,Yes,No,35,Yes,Yes,Fiber optic,No,Yes,No,No,Yes,Yes,Month-to-month,Yes,Mailed check,65.94,2315.01,Yes
CUST-06980,Female,0,Yes,No,27,Yes,Yes,No,No internet service,No internet service,No internet service,No internet service,No internet service,No internet service,One year,No,Mailed check,25.93,690.73,No
CUST-06981,Female,0,No,No,68,Yes,Yes,DSL,No,No,Yes,No,No,No,Month-to-month,Yes,Bank transfer (automatic),56.79,3861.58,No
CUST-06982,Male,0,Yes,No,17,Yes,No,No,No internet service,No internet service,No internet service,No internet service,No internet service,No internet service,Month-to-month,Yes,Credit card (automatic),38.46,646.75,Yes
CUST-06983,Female,0,No,No,70,Yes,No,Fiber optic,No,Yes,No,No,Yes,No,One year,No,Electronic check,71.5,5007.9,No
CUST-06984,Female,0,Yes,No,11,Yes,No,No,No internet service,No internet service,No internet service,No internet service,No internet service,No internet service,Two year,Yes,Mailed check,18.25,205.28,No
CUST-06985,Female,0,Yes,Yes,5,Yes,No,No,No internet service,No internet service,No internet service,No internet service,No internet service,No internet service,Month-to-month,No,Bank transfer (automatic),35.91,174.39,Yes
CUST-06986,Male,1,No,Yes,58,Yes,Yes,DSL,Yes,No,No,Yes,No,No,One year,No,Electronic check,42.91,2488.72,No
CUST-06987,Female,0,Yes,Yes,57,Yes,No,Fiber optic,No,Yes,No,Yes,Yes,No,Two year,No,Electronic check,72.32,4122.12,No
CUST-06988,Female,0,Yes,Yes,14,Yes,Yes,Fiber optic,No,Yes,Yes,No,No,Yes,Month-to-month,Yes,Mailed check,73.03,1014.63,No
CUST-06989,Female,0,No,Yes,72,Yes,No,Fiber optic,No,Yes,Yes,No,No,No,Month-to-month,No,Credit card (automatic),90.13,6493.29,No
CUST-06990,Male,0,No,Yes,1,Yes,No,DSL,No,No,No,No,No,No,Month-to-month,Yes,Bank transfer (automatic),57.38,60.14,Yes
CUST-06991,Male,0,Yes,Yes,16,Yes,No,No,No internet service,No internet service,No internet service,No internet service,No internet service,No internet service,Two year,No,Bank transfer (automatic),28.55,453.97,No
CUST-06992,Female,0,No,No,26,Yes,No,No,No internet service,No internet service,No internet service,No internet service,No internet service,No internet service,Month-to-month,Yes,Electronic check,18.25,466.06,No
CUST-06993,Male,0,No,Yes,49,Yes,Yes,Fiber optic,No,No,No,No,Yes,No,Month-to-month,No,Mailed check,80.24,3930.24,No
CUST-06994,Male,0,No,No,42,Yes,No,DSL,No,No,Yes,No,Yes,No,Two year,Yes,Credit card (automatic),61.38,2576.29,No
CUST-06995,Male,0,No,No,70,Yes,Yes,No,No internet service,No internet service,No internet service,No internet service,No internet service,No internet service,Two year,No,Credit card (automatic),44.3,3100.28,No
CUST-06996,Female,0,Yes,No,66,Yes,Yes,Fiber optic,Yes,No,No,No,Yes,No,One year,Yes,Credit card (automatic),79.48,5241.24,No
CUST-06997,Female,1,Yes,No,53,Yes,No,Fiber optic,Yes,No,No,No,No,No,Month-to-month,Yes,Credit card (automatic),81.71,4339.71,No
CUST-06998,Male,0,No,No,9,Yes,No,DSL,Yes,Yes,No,No,Yes,No,Month-to-month,No,Credit card (automatic),49.64,436.95,Yes
CUST-06999,Male,1,Yes,No,69,Yes,Yes,DSL,No,No,No,No,Yes,No,Month-to-month,Yes,Electronic check,64.47,4455.43,Yes
CUST-07000,Male,0,No,Yes,40,Yes,No,Fiber optic,No,No,Yes,No,Yes,No,Two year,Yes,Electronic check,81.21,3249.73,No
CUST-07001,Female,1,Yes,No,56,Yes,No,DSL,Yes,No,No,Yes,No,No,Two year,No,Bank transfer (automatic),51.28,2872.1,No
CUST-07002,Female,0,Yes,No,5,Yes,Yes,Fiber optic,No,No,No,No,Yes,No,Month-to-month,Yes,Bank transfer (automatic),68.49,350.09,Yes
CUST-07003,Male,0,No,No,56,Yes,No,DSL,No,No,Yes,No,No,No,Month-to-month,No,Credit card (automatic),66.76,3733.13,Yes
CUST-07004,Male,0,No,No,72,No,No phone service,No,No internet service,No internet service,No internet service,No internet service,No internet service,No internet service,Month-to-month,Yes,Mailed check,39.04,2804.16,No
CUST-07005,Male,1,Yes,No,5,No,No phone service,No,No internet service,No internet service,No internet service,No internet service,No internet service,No internet service,Month-to-month,No,Mailed check,21.22,96.8,Yes
CUST-07006,Male,0,Yes,Yes,69,Yes,Yes,DSL,Yes,No,No,No,Yes,Yes,Month-to-month,No,Credit card (automatic),66.25,4581.22,No
CUST-07007,Female,0,Yes,Yes,52,Yes,Yes,DSL,No,No,No,No,No,No,One year,No,Electronic check,56.72,2944.41,No
CUST-07008,Male,1,No,No,33,Yes,Yes,Fiber optic,No,No,Yes,No,No,Yes,Month-to-month,No,Mailed check,88.12,2899.98,Yes
CUST-07009,Female,0,Yes,No,22,Yes,No,Fiber optic,No,No,Yes,No,No,No,Two year,Yes,Electronic check,84.54,1866.21,No
CUST-07010,Male,0,No,Yes,15,Yes,No,DSL,No,No,No,No,No,No,Month-to-month,No,Credit card (automatic),42.11,641.26,No
CUST-07011,Male,1,No,No,65,Yes,Yes,Fiber optic,No,No,No,Yes,No,No,One year,Yes,Bank transfer (automatic),72.46,4719.14,No
CUST-07012,Male,0,No,Yes,71,Yes,No,No,No internet service,No internet service,No internet service,No internet service,No internet service,No internet service,One year,No,Electronic check,27.68,1968.12,No
CUST-07013,Male,0,Yes,No,23,Yes,Yes,DSL,No,No,No,Yes,No,Yes,One year,Yes,Mailed check,43.35,988.54,No
CUST-07014,Male,0,No,No,6,No,No phone service,DSL,No,No,No,No,Yes,No,Month-to-month,Yes,Bank transfer (automatic),51.18,310.19,Yes
CUST-07015,Female,0,Yes,No,58,Yes,No,Fiber optic,Yes,No,Yes,Yes,No,No,Month-to-month,Yes,Credit card (automatic),66.08,3830.58,No
CUST-07016,Male,0,No,Yes,26,Yes,Yes,No,No internet service,No internet service,No internet service,No internet service,No internet service,No internet service,Month-to-month,Yes,Electronic check,41.51,1082.46,No
CUST-07017,Male,1,Yes,No,12,Yes,No,DSL,No,No,No,No,Yes,Yes,One year,No,Electronic check,41.3,505.3,No
CUST-07018,Male,0,Yes,No,2,Yes,No,Fiber optic,No,Yes,Yes,No,No,Yes,One year,Yes,Mailed check,81.45,158.3,Yes
CUST-07019,Female,0,No,Yes,32,Yes,No,DSL,Yes,Yes,No,Yes,Yes,Yes,Month-to-month,Yes,Bank transfer (automatic),60.69,1942.72,Yes
CUST-07020,Female,0,No,Yes,50,Yes,Yes,No,No internet service,No internet service,No internet service,No internet service,No internet service,No internet service,One year,Yes,Credit card (automatic),23.78,1188.29,No
CUST-07021,Female,0,Yes,No,61,Yes,No,Fiber optic,No,No,No,No,No,Yes,Two year,Yes,Mailed check,65.06,3969.76,No
CUST-07022,Female,0,Yes,No,11,Yes,No,Fiber optic,No,Yes,Yes,No,Yes,Yes,Month-to-month,No,Electronic check,81.62,898.33,Yes
CUST-07023,Male,0,No,Yes,68,Yes,No,No,No internet service,No internet service,No internet service,No internet service,No internet service,No internet service,Month-to-month,Yes,Credit card (automatic),28.95,1970.05,No
CUST-07024,Male,0,No,No,34,Yes,No,Fiber optic,No,No,No,Yes,No,No,Month-to-month,Yes,Credit card (automatic),70.61,2401.67,Yes
CUST-07025,Male,0,Yes,No,8,No,No phone service,Fiber optic,Yes,No,No,No,No,No,Month-to-month,No,Electronic check,67.76,534.87,No
CUST-07026,Female,0,Yes,Yes,8,Yes,Yes,DSL,No,No,No,No,No,No,Month-to-month,Yes,Bank transfer (automatic),63.93,506.7,Yes
CUST-07027,Male,0,No,No,15,Yes,No,Fiber optic,No,Yes,Yes,Yes,Yes,No,One year,No,Electronic check,70.85,1055.95,No
CUST-07028,Male,0,Yes,Yes,5,Yes,No,DSL,No,No,No,No,No,No,Month-to-month,Yes,Credit card (automatic),52.75,259.45,Yes
CUST-07029,Female,0,No,Yes,19,Yes,Yes,No,No internet service,No internet service,No internet service,No internet service,No internet service,No internet service,One year,Yes,Mailed check,38.64,738.55,No
CUST-07030,Female,0,No,Yes,9,Yes,No,Fiber optic,Yes,Yes,No,No,No,Yes,Month-to-month,Yes,Credit card (automatic),92.46,841.26,No
CUST-07031,Female,0,No,No,57,Yes,No,No,No internet service,No internet service,No internet service,No internet service,No internet service,No internet service,One year,Yes,Mailed check,26.96,1531.12,No
CUST-07032,Male,0,No,No,54,Yes,Yes,DSL,No,Yes,No,No,Yes,No,Two year,Yes,Bank transfer (automatic),53.98,2911.73,No
CUST-07033,Male,0,Yes,Yes,29,Yes,Yes,DSL,No,No,No,No,No,Yes,Two year,No,Mailed check,61.32,1779.89,No
CUST-07034,Female,0,No,No,19,Yes,No,Fiber optic,No,No,No,No,No,No,Two year,Yes,Mailed check,69.59,1322.02,No
CUST-07035,Male,0,No,No,46,Yes,Yes,DSL,No,Yes,No,No,No,No,One year,Yes,Bank transfer (automatic),65.19,3001.5,No
CUST-07036,Female,0,Yes,Yes,62,Yes,Yes,DSL,Yes,No,Yes,Yes,No,No,Two year,No,Electronic check,48.16,2982.9,No
CUST-07037,Female,0,Yes,No,60,Yes,No,No,No internet service,No internet service,No internet service,No internet service,No internet service,No internet service,One year,No,Electronic check,27.49,1640.47,Yes
CUST-07038,Male,0,No,No,5,Yes,No,DSL,No,Yes,No,No,Yes,No,Month-to-month,Yes,Electronic check,68.15,338.79,Yes
CUST-07039,Female,0,No,No,33,Yes,Yes,Fiber optic,No,No,No,Yes,Yes,Yes,Two year,No,Mailed check,94.11,3101.99,Yes
CUST-07040,Female,0,No,No,55,No,No phone service,No,No internet service,No internet service,No internet service,No internet service,No internet service,No internet service,Month-to-month,Yes,Bank transfer (automatic),28.0,1539.3,No
CUST-07041,Female,0,No,No,19,Yes,No,DSL,No,No,No,Yes,No,No,Two year,No,Electronic check,48.06,911.7,No
CUST-07042,Male,1,No,No,17,Yes,Yes,Fiber optic,No,No,No,No,No,No,Two year,Yes,Electronic check,69.11,1180.16,No
CUST-07043,Female,0,No,Yes,42,Yes,No,No,No internet service,No internet service,No internet service,No internet service,No internet service,No internet service,Two year,Yes,Bank transfer (automatic),19.67,827.53,No
CUST-03281,Female,0,Yes,No,71,Yes,Yes,DSL,No,No,No,No,No,No,One year,Yes,Bank transfer (automatic),43.74,3102.21,No
CUST-06940,Female,0,No,No,25,Yes,Yes,DSL,No,Yes,No,No,Yes,Yes,Month-to-month,No,Credit card (automatic),55.99,1402.37,No
CUST-01839,Female,1,No,Yes,28,Yes,Yes,No,No internet service,No internet service,No internet service,No internet service,No internet service,No internet service,One year,No,Bank transfer (automatic),39.23,1094.33,Yes
CUST-00715,Female,1,No,No,1,Yes,Yes,Fiber optic,No,No,Yes,Yes,Yes,No,Month-to-month,Yes,Mailed check,74.14,71.82,No
CUST-03428,Male,1,Yes,No,67,Yes,No,DSL,No,Yes,No,No,No,Yes,One year,Yes,Mailed check,66.2,4444.85,No
