Customer_ID,Gender,Age,Education,Employment_Status,Marital_Status,Dependents,Annual_Income,Credit_Score,Existing_Loans,Loan_ID,Loan_Type,Loan_Amount,Loan_Term_Months,Interest_Rate,Monthly_Installment,Debt_to_Income_Ratio,Employment_Years,Previous_Defaults,Credit_History,Property_Ownership,Region,Loan_Status,Default_Status
CUST00834,Male,49,Bachelor's,Employed,Single,1,39754.0,619,1,LOAN00834,Personal,6266.0,36,11.63,207.02,0.0625,22,0,4,Rented,Central,Active,0
CUST01835,Female,39,High School,Unemployed,Divorced,3,28423.0,665,1,LOAN01835,Home,308200.0,24,13.65,14746.66,0.99,0,0,22,Rented,East,Active,0
CUST00595,Female,26,Master's,Employed,Divorced,0,138793.0,752,1,LOAN00595,Personal,6746.0,240,10.86,68.99,0.01,14,1,4,Mortgaged,North,Active,0
CUST00345,Male,54,Master's,Employed,Married,0,101988.0,654,0,LOAN00345,Auto,33713.0,36,11.6,1113.32,0.131,22,0,5,Rented,Central,Active,0
CUST01498,Male,29,Bachelor's,Unemployed,Single,3,17648.0,764,1,LOAN01498,Home,209095.0,84,9.88,3458.27,0.99,0,0,3,Mortgaged,South,Active,0
CUST01827,Male,29,High School,Employed,Divorced,3,107918.0,573,1,LOAN01827,Education,13897.0,120,5.27,149.24,0.0166,6,1,18,Rented,West,Active,0
CUST00111,Male,22,Bachelor's,Unemployed,Married,3,28544.0,670,2,LOAN00111,Personal,43034.0,48,14.15,1179.21,0.4957,0,1,18,Rented,North,Active,0
CUST00916,Male,22,Master's,Self-Employed,Married,1,139365.0,588,2,LOAN00916,Personal,14363.0,36,17.58,516.24,0.0445,8,0,16,Owned,North,Active,0
CUST00299,Female,34,High School,Employed,Single,2,50396.0,692,0,LOAN00299,Auto,52237.0,84,12.87,946.61,0.2254,3,0,14,Mortgaged,North,Active,0
CUST01730,Female,21,Bachelor's,Employed,Divorced,0,127504.0,560,3,LOAN01730,Personal,21024.0,120,11.17,291.63,0.0274,16,0,11,Rented,North,Active,0
CUST00378,Male,44,Master's,Unemployed,Divorced,3,69622.0,674,0,LOAN00378,Auto,42804.0,12,8.86,3740.49,0.99,0,0,1,Rented,West,Active,0
CUST00566,Female,54,High School,Employed,Married,0,99902.0,722,1,LOAN00566,Personal,7306.0,60,7.78,147.37,0.0177,16,0,21,Rented,West,Active,0
CUST01632,Male,25,Master's,Employed,Married,0,112945.0,572,2,LOAN01632,Personal,5204.0,84,9.55,85.19,0.01,21,2,3,Rented,Central,Active,0
CUST00994,Female,45,Master's,Employed,Single,2,147616.0,699,0,LOAN00994,Auto,34398.0,60,14.7,812.92,0.0661,30,0,3,Owned,West,Active,0
CUST01442,Male,44,Bachelor's,Self-Employed,Single,0,45493.0,535,3,LOAN01442,Auto,41093.0,36,14.33,1411.06,0.3722,30,2,20,Rented,South,Active,0
CUST00173,Male,65,High School,Employed,Married,0,75168.0,696,3,LOAN00173,Home,392512.0,36,8.61,12410.65,0.99,13,0,18,Rented,Central,Active,0
CUST00230,Female,31,Bachelor's,Unemployed,Single,2,17015.0,648,3,LOAN00230,Home,86493.0,36,5.91,2627.76,0.99,0,0,14,Rented,North,Active,0
CUST01565,Female,25,High School,Self-Employed,Married,1,74200.0,633,3,LOAN01565,Personal,27166.0,180,8.9,273.92,0.0443,25,3,17,Owned,South,Active,0
CUST01297,Male,34,High School,Self-Employed,Single,2,108578.0,654,0,LOAN01297,Education,9020.0,24,13.96,432.91,0.0478,23,3,16,Owned,North,Active,0
CUST01386,Male,32,High School,Retired,Married,2,34063.0,570,0,LOAN01386,Personal,44635.0,48,7.35,1076.1,0.3791,6,0,14,Rented,South,Active,0
CUST00946,Male,41,Bachelor's,Employed,Single,4,62471.0,567,1,LOAN00946,Personal,36495.0,36,13.98,1246.96,0.2395,18,2,12,Mortgaged,Central,Active,0
CUST01735,Male,54,Other,Employed,Single,2,53102.0,700,0,LOAN01735,Business,186730.0,180,12.55,2307.57,0.5215,7,1,15,Owned,Central,Active,0
CUST00453,Male,43,High School,Self-Employed,Single,1,38469.0,625,1,LOAN00453,Home,264052.0,48,11.9,6940.54,0.99,2,1,6,Owned,South,Active,0
CUST00361,Male,60,High School,Employed,Divorced,0,116150.0,547,2,LOAN00361,Home,121239.0,36,15.43,4228.36,0.4369,2,2,7,Owned,Central,Active,0
CUST00003,Female,55,Master's,Self-Employed,Divorced,3,67596.0,627,2,LOAN00003,Auto,57999.0,84,10.52,978.51,0.1737,4,0,16,Mortgaged,West,Active,0
CUST00331,Male,31,Master's,Unemployed,Married,1,24387.0,641,1,LOAN00331,Auto,21136.0,60,14.63,498.73,0.2454,0,0,4,Rented,West,Active,0
CUST01074,Male,54,Bachelor's,Employed,Married,5,128120.0,746,0,LOAN01074,Personal,42024.0,84,13.16,768.16,0.0719,26,0,9,Rented,West,Active,0
CUST00493,Male,22,Master's,Employed,Married,0,94575.0,648,1,LOAN00493,Home,259685.0,48,8.69,6424.11,0.8151,10,1,23,Mortgaged,East,Active,0
CUST01918,Female,41,Master's,Employed,Divorced,0,55933.0,696,1,LOAN01918,Personal,26253.0,24,11.23,1226.4,0.2631,0,0,20,Rented,South,Active,0
CUST01503,Male,56,Bachelor's,Employed,Married,0,104362.0,585,1,LOAN01503,Personal,21605.0,12,10.25,1901.94,0.2187,24,1,7,Rented,North,Active,0
CUST00650,Male,39,Master's,Unemployed,Married,1,15912.0,600,2,LOAN00650,Personal,46525.0,48,5.79,1088.17,0.8206,0,0,21,Owned,South,Defaulted,1
CUST01917,Female,26,High School,Self-Employed,Single,4,106574.0,651,1,LOAN01917,Home,310876.0,12,8.04,27048.36,0.99,6,0,21,Mortgaged,Central,Active,0
CUST01963,Female,44,Bachelor's,Employed,Married,3,65069.0,626,4,LOAN01963,Auto,17402.0,24,16.46,855.89,0.1578,6,0,19,Rented,East,Active,0
CUST00362,Female,41,High School,Self-Employed,Single,0,56190.0,624,3,LOAN00362,Business,168462.0,48,8.33,4138.79,0.8839,3,3,5,Owned,South,Defaulted,1
CUST01682,Female,29,Bachelor's,Unemployed,Single,1,19175.0,667,1,LOAN01682,Business,151290.0,120,6.7,1733.3,0.99,0,0,24,Rented,South,Active,0
CUST01926,Male,49,High School,Employed,Married,0,103391.0,648,2,LOAN01926,Personal,30424.0,48,7.29,732.64,0.085,27,0,15,Owned,West,Active,0
CUST01739,Male,59,Master's,Employed,Single,2,42872.0,660,3,LOAN01739,Personal,14536.0,12,14.19,1306.45,0.3657,30,3,10,Owned,West,Active,0
CUST01158,Female,63,Master's,Employed,Married,1,34858.0,636,1,LOAN01158,Home,116123.0,24,15.29,5646.43,0.99,13,3,13,Rented,Central,Active,0
CUST00796,Female,33,Bachelor's,Employed,Married,2,80606.0,631,0,LOAN00796,Home,171471.0,180,9.12,1751.43,0.2607,29,1,19,Mortgaged,West,Active,0
CUST01509,Female,46,Bachelor's,Employed,Married,0,49195.0,663,4,LOAN01509,Home,136238.0,120,9.92,1794.37,0.4377,0,0,14,Rented,Central,Active,0
CUST01180,Female,52,Master's,Employed,Single,0,33659.0,661,2,LOAN01180,Home,496838.0,84,16.55,10024.5,0.99,26,0,18,Rented,South,Active,0
CUST01082,Male,38,High School,Unemployed,Widowed,0,31873.0,751,1,LOAN01082,Auto,59213.0,48,10.01,1502.08,0.5655,0,0,5,Owned,North,Active,0
CUST00128,Female,30,High School,Employed,Single,2,30958.0,539,0,LOAN00128,Home,208686.0,60,13.05,4753.59,0.99,21,2,9,Owned,East,Active,0
CUST01385,Female,39,Master's,Employed,Single,4,95958.0,647,0,LOAN01385,Home,178376.0,240,11.99,1962.83,0.2455,10,3,21,Rented,South,Active,0
CUST00658,Male,59,Master's,Employed,Widowed,1,81337.0,591,2,LOAN00658,Home,411532.0,12,10.35,36247.23,0.99,3,0,1,Mortgaged,East,Active,0
CUST00758,Male,55,Bachelor's,Retired,Married,2,25720.0,538,2,LOAN00758,Business,20747.0,60,13.44,476.74,0.2224,12,0,8,Mortgaged,North,Active,0
CUST01239,Female,40,Other,Employed,Married,0,132617.0,677,2,LOAN01239,Auto,58538.0,180,4.69,453.52,0.041,0,0,16,Rented,Central,Active,0
CUST00603,Male,52,Bachelor's,Employed,Single,3,81324.0,476,0,LOAN00603,Auto,20468.0,36,11.09,670.97,0.099,12,0,6,Owned,East,Active,0
CUST01084,Female,30,Master's,Employed,Married,3,86588.0,758,3,LOAN01084,Education,79737.0,48,18.26,2353.12,0.3261,15,0,24,Owned,Central,Active,0
CUST01627,Male,21,Bachelor's,Unemployed,Divorced,3,32708.0,641,1,LOAN01627,Personal,11762.0,120,13.98,182.48,0.0669,0,0,24,Rented,South,Active,0
CUST01199,Female,47,Bachelor's,Self-Employed,Divorced,1,138024.0,616,4,LOAN01199,Business,148373.0,24,10.17,6858.31,0.5963,3,0,6,,Central,Active,0
CUST00638,Male,42,Master's,Employed,Married,0,128847.0,617,1,LOAN00638,Auto,31388.0,120,15.44,514.89,0.048,14,0,7,Mortgaged,West,Active,0
CUST01490,Male,50,Bachelor's,Employed,Married,3,77287.0,516,1,LOAN01490,Auto,56702.0,180,7.64,530.16,0.0823,15,0,9,Rented,North,Active,0
CUST00279,Female,50,High School,Unemployed,Married,2,14854.0,574,1,LOAN00279,Auto,39224.0,60,10.9,850.87,0.6874,0,0,12,Rented,North,Active,0
CUST01133,Male,33,Bachelor's,Self-Employed,Single,1,49897.0,648,2,LOAN01133,Personal,40032.0,12,8.78,3496.77,0.841,22,0,1,Owned,South,Active,0
CUST01800,Male,35,Bachelor's,Employed,Single,1,136262.0,675,0,LOAN01800,Auto,42583.0,240,11.14,443.6,0.0391,17,0,8,Rented,South,Active,0
CUST00888,Male,50,High School,Employed,Single,4,50936.0,642,0,LOAN00888,Personal,29787.0,24,10.53,1381.82,0.3255,5,2,11,Rented,South,Active,0
CUST00354,Male,32,High School,Employed,Married,5,76149.0,565,3,LOAN00354,Personal,13294.0,180,8.8,133.26,0.021,14,0,3,Owned,South,Active,0
CUST01299,Female,59,Bachelor's,Employed,Married,3,55412.0,702,1,LOAN01299,Home,92251.0,24,16.35,4532.34,0.9815,3,0,16,,West,Active,0
CUST01375,Male,60,Other,Unemployed,Widowed,0,23368.0,611,2,LOAN01375,Education,65513.0,60,7.82,1322.73,0.6793,0,3,13,Rented,East,Defaulted,1
CUST00998,Male,36,Bachelor's,Retired,Single,0,10863.0,767,1,LOAN00998,Personal,6216.0,48,9.86,157.24,0.1737,5,0,7,Mortgaged,South,Active,0
CUST01546,Male,35,Bachelor's,Employed,Married,2,88204.0,556,2,LOAN01546,Business,130533.0,120,10.45,1757.69,0.2391,25,1,19,Rented,West,Active,0
CUST00541,Female,53,Bachelor's,Self-Employed,Married,1,114546.0,558,1,LOAN00541,Auto,24324.0,24,16.96,1202.17,0.1259,6,0,21,,West,Active,0
CUST00141,Female,62,PhD,Retired,Married,3,14150.0,680,2,LOAN00141,Personal,48568.0,36,9.04,1545.35,0.99,26,1,17,Mortgaged,North,Active,0
CUST01818,Female,22,Bachelor's,Employed,Married,0,99585.0,675,0,LOAN01818,Education,70743.0,60,9.48,1485.04,0.1789,8,0,9,Rented,South,Active,0
CUST00397,Female,62,Master's,Employed,Divorced,3,98319.0,713,2,LOAN00397,Personal,10066.0,240,12.91,117.29,0.0143,29,0,20,Owned,West,Active,0
CUST01346,Male,40,Other,Self-Employed,Married,2,99694.0,786,1,LOAN01346,Education,58804.0,36,9.25,1876.8,0.2259,17,0,15,Rented,West,Active,0
CUST01582,Male,23,Master's,Employed,Single,1,132715.0,646,2,LOAN01582,Business,190627.0,84,10.0,3164.63,0.2861,12,0,11,Mortgaged,Central,Active,0
CUST01159,Female,41,High School,Unemployed,Single,4,34119.0,554,1,LOAN01159,Education,15125.0,180,11.83,179.87,0.0633,0,0,24,Rented,North,Active,0
CUST01519,Male,45,Bachelor's,Retired,Married,4,16209.0,664,0,LOAN01519,Home,137344.0,48,8.29,3371.7,0.99,27,0,12,Rented,North,Active,0
CUST00205,Female,29,Bachelor's,Self-Employed,Married,1,75037.0,528,1,LOAN00205,Home,467332.0,24,15.84,22846.32,0.99,18,2,23,Mortgaged,East,Active,0
CUST01685,Male,43,PhD,Employed,Married,4,88860.0,711,2,LOAN01685,Personal,47759.0,60,13.47,1098.19,0.1483,4,0,12,Owned,West,Active,0
CUST01842,Male,26,Other,Employed,Married,0,35776.0,621,1,LOAN01842,Education,62450.0,60,11.4,1370.31,0.4596,1,0,15,Rented,Central,Active,0
CUST01179,Female,21,High School,Employed,Single,2,123676.0,730,3,LOAN01179,Personal,30205.0,120,9.48,390.51,0.0379,6,0,24,Owned,North,Active,0
CUST00759,Female,28,Bachelor's,Employed,Divorced,2,143769.0,651,2,LOAN00759,Education,53720.0,60,7.54,1077.46,0.0899,22,2,12,Rented,South,Active,0
CUST00472,Female,32,Bachelor's,Self-Employed,Single,1,34370.0,604,2,LOAN00472,Business,84552.0,60,4.0,1557.15,0.5437,6,0,19,Rented,Central,Active,0
CUST00186,Female,53,High School,Employed,Divorced,4,99110.0,508,2,LOAN00186,Auto,35497.0,84,8.26,557.87,0.0675,6,0,10,Mortgaged,Central,Active,0
CUST00721,Female,50,High School,Self-Employed,Widowed,3,87135.0,690,0,LOAN00721,Personal,27585.0,36,5.05,827.37,0.1139,19,3,10,Rented,North,Active,0
CUST01138,Male,56,Bachelor's,Employed,Single,0,56897.0,707,1,LOAN01138,Auto,52086.0,84,13.93,974.08,0.2054,4,0,13,Mortgaged,South,Active,0
CUST01938,Female,40,Bachelor's,Employed,Divorced,1,113459.0,618,2,LOAN01938,Auto,36465.0,120,15.58,601.33,0.0636,19,0,16,Rented,East,Active,0
CUST00197,Female,58,Master's,Retired,Married,0,17693.0,766,1,LOAN00197,Personal,27736.0,84,10.04,461.02,0.3127,9,0,13,Mortgaged,Central,Active,0
CUST01306,Female,51,PhD,Employed,Divorced,0,84679.0,613,2,LOAN01306,Auto,26997.0,36,7.3,837.3,0.1187,17,1,10,Rented,West,Active,0
CUST00413,Female,46,Bachelor's,Employed,Single,1,37549.0,677,1,LOAN00413,Business,179504.0,84,14.63,3426.69,0.99,24,0,18,,South,Active,0
CUST00431,Male,39,High School,Employed,Married,2,137955.0,612,2,LOAN00431,Personal,40145.0,84,10.1,668.53,0.0582,30,1,12,Owned,South,Active,0
CUST01619,Female,44,Bachelor's,Employed,Single,0,80314.0,704,3,LOAN01619,Auto,24903.0,24,7.39,1119.38,0.1673,6,0,21,Owned,Central,Active,0
CUST00451,Female,45,Other,Employed,Married,3,44781.0,674,0,LOAN00451,Home,149798.0,240,6.16,1087.07,0.2913,13,3,18,Rented,South,Active,0
CUST01649,Female,43,Bachelor's,Unemployed,Divorced,2,12964.0,652,0,LOAN01649,Personal,30897.0,120,10.14,410.71,0.3802,0,1,24,Rented,West,Active,0
CUST00207,Male,44,Master's,Self-Employed,Divorced,4,113040.0,648,0,LOAN00207,Personal,28453.0,36,4.39,844.99,0.0897,29,0,15,Rented,East,Active,0
CUST01959,Female,42,Bachelor's,Employed,Single,1,39442.0,629,1,LOAN01959,Business,22128.0,24,13.78,1060.13,0.3225,20,1,18,Owned,South,Active,0
CUST00604,Male,42,Bachelor's,Employed,Married,2,81962.0,707,1,LOAN00604,Personal,39879.0,120,4.0,403.76,0.0591,0,0,11,Rented,West,Active,0
CUST00962,Female,30,Bachelor's,Self-Employed,Married,3,64725.0,514,0,LOAN00962,Personal,45489.0,120,11.21,632.03,0.1172,3,0,8,Rented,South,Active,0
CUST00109,Male,48,High School,Self-Employed,Married,0,112298.0,635,1,LOAN00109,Education,5733.0,12,10.85,506.29,0.0541,19,2,21,Rented,North,Active,0
CUST01745,Male,25,Other,Unemployed,Divorced,0,20140.0,778,1,LOAN01745,Education,64057.0,60,9.77,1353.78,0.8066,0,1,22,Mortgaged,North,Active,0
CUST00857,Male,64,High School,Self-Employed,Married,2,116728.0,532,2,LOAN00857,Personal,33672.0,12,18.57,3096.19,0.3183,22,0,4,Rented,South,Active,0
CUST00869,Female,46,Bachelor's,Self-Employed,Single,2,51637.0,707,1,LOAN00869,Auto,17547.0,84,9.17,283.83,0.066,22,0,17,Owned,West,Active,0
CUST01369,Male,24,High School,Employed,Married,0,69622.0,629,0,LOAN01369,Education,57350.0,60,12.47,1289.38,0.2724,30,0,19,,South,Active,0
CUST00420,Female,44,Bachelor's,Retired,Widowed,0,31684.0,728,2,LOAN00420,Personal,6273.0,60,11.81,138.94,0.0526,16,2,21,,West,Active,0
CUST00038,Male,46,High School,Employed,Divorced,0,61449.0,715,4,LOAN00038,Auto,50998.0,60,12.89,1157.49,0.226,8,1,2,Mortgaged,South,Active,0
CUST00242,Female,48,Master's,Employed,Married,0,82330.0,711,2,LOAN00242,Home,323724.0,180,8.29,3148.11,0.4589,27,0,24,Rented,Central,Active,0
CUST01040,Male,42,Bachelor's,Unemployed,Single,3,15783.0,659,3,LOAN01040,Personal,40173.0,84,6.94,605.14,0.4601,0,3,19,Rented,South,Active,0
CUST01353,Male,23,Bachelor's,Self-Employed,Married,1,99702.0,497,0,LOAN01353,Personal,40088.0,12,8.23,3491.46,0.4202,28,0,22,Owned,North,Active,0
CUST01079,Male,26,Bachelor's,Self-Employed,Married,1,142647.0,542,1,LOAN01079,Business,109586.0,36,12.72,3677.62,0.3094,3,1,17,Mortgaged,South,Active,0
CUST00059,Male,42,Bachelor's,Self-Employed,Single,0,95029.0,672,0,LOAN00059,Personal,28794.0,36,7.38,894.09,0.1129,10,1,8,Mortgaged,East,Active,0
CUST01501,Male,26,High School,Retired,Married,5,22925.0,674,1,LOAN01501,Education,49180.0,24,10.44,2279.41,0.99,5,0,5,Owned,South,Active,0
CUST01850,Female,46,Other,Employed,Married,1,52340.0,711,1,LOAN01850,Home,287353.0,24,10.65,13346.26,0.99,12,0,22,Rented,North,Active,0
CUST01687,Female,52,Bachelor's,Employed,Married,1,78648.0,833,3,LOAN01687,Home,447327.0,60,4.0,8238.21,0.99,5,0,18,,Central,Active,0
CUST00842,Female,44,Bachelor's,Employed,Married,0,124449.0,512,0,LOAN00842,Auto,33815.0,180,13.69,443.31,0.0427,13,0,13,Mortgaged,West,Defaulted,1
CUST00896,Male,62,High School,Unemployed,Single,3,16629.0,666,1,LOAN00896,Personal,35012.0,240,8.28,298.98,0.2158,0,0,10,Rented,South,Active,0
CUST01799,Male,65,Master's,Employed,Single,4,30929.0,795,0,LOAN01799,Personal,46327.0,12,15.58,4194.09,0.99,17,0,24,Owned,North,Active,0
CUST01409,Female,32,Bachelor's,Self-Employed,Married,3,68345.0,631,1,LOAN01409,Home,495373.0,36,10.71,16149.93,0.99,4,0,19,Rented,Central,Active,0
CUST01191,Male,47,Other,Employed,Divorced,3,121150.0,676,1,LOAN01191,Education,43397.0,60,10.86,940.53,0.0932,27,0,1,Rented,East,Active,0
CUST00035,Female,27,Bachelor's,Retired,Single,0,16259.0,737,1,LOAN00035,Education,33353.0,48,6.84,796.21,0.5876,24,0,24,Rented,South,Active,0
CUST00218,Female,53,Other,Employed,Single,0,69622.0,402,2,LOAN00218,Education,53723.0,48,13.98,1467.52,0.2105,22,0,1,Rented,South,Active,0
CUST00811,Female,52,Other,Retired,Single,0,31148.0,757,1,LOAN00811,Home,276318.0,84,9.71,4545.91,0.99,7,1,16,Rented,South,Active,0
CUST00351,Male,43,Master's,Employed,Single,0,77738.0,534,2,LOAN00351,Auto,11555.0,24,15.72,564.22,0.0871,26,1,5,Rented,East,Active,0
CUST01421,Male,53,Master's,Employed,Married,3,145019.0,658,4,LOAN01421,Business,26171.0,120,11.67,370.5,0.0307,21,0,3,,West,Active,0
CUST00515,Male,44,Master's,Employed,Widowed,3,82256.0,679,2,LOAN00515,Auto,44872.0,60,9.67,946.13,0.138,20,0,23,Owned,South,Active,0
CUST00393,Male,46,Bachelor's,Employed,Single,3,52925.0,545,2,LOAN00393,Personal,36698.0,36,9.96,1183.45,0.2683,28,0,5,Owned,Central,Active,0
CUST01950,Male,35,Bachelor's,Employed,Single,0,147083.0,553,2,LOAN01950,Education,54942.0,60,12.56,1237.76,0.101,2,0,6,Rented,East,Active,0
CUST01119,Male,38,High School,Employed,Married,2,147971.0,594,2,LOAN01119,Personal,15470.0,180,13.61,201.98,0.0164,2,0,15,,East,Active,0
CUST01491,Male,54,Bachelor's,Unemployed,Married,1,16364.0,476,1,LOAN01491,Business,20667.0,60,8.36,422.62,0.3099,0,0,23,Rented,East,Active,0
CUST01987,Female,43,Other,Unemployed,Single,2,28756.0,579,1,LOAN01987,Auto,56493.0,84,12.79,1021.28,0.4262,0,2,18,Owned,North,Active,0
CUST01588,Male,62,Master's,Retired,Married,0,29481.0,623,2,LOAN01588,Personal,11290.0,120,11.83,160.87,0.0655,3,0,9,,East,Active,0
CUST01021,Female,54,Bachelor's,Retired,Widowed,0,31623.0,680,1,LOAN01021,Home,333269.0,180,7.31,3053.57,0.99,7,0,10,Owned,East,Active,0
CUST01957,Female,50,Master's,Self-Employed,Single,3,110570.0,732,2,LOAN01957,Education,23558.0,60,14.55,554.89,0.0602,0,0,11,Mortgaged,West,Active,0
CUST01691,Male,60,Bachelor's,Self-Employed,Married,1,145530.0,594,1,LOAN01691,Education,16391.0,180,9.8,174.14,0.0144,12,0,1,Rented,West,Active,0
CUST00557,Male,48,Master's,Employed,Married,4,48201.0,722,1,LOAN00557,Auto,29314.0,120,12.19,423.8,0.1055,22,1,16,,East,Active,0
CUST00008,Female,36,Bachelor's,Employed,Single,2,77027.0,585,0,LOAN00008,Education,26185.0,12,14.01,2351.2,0.3663,20,3,15,Mortgaged,East,Active,0
CUST00665,Male,26,Bachelor's,Employed,Single,0,70854.0,686,1,LOAN00665,Education,78711.0,120,9.64,1024.54,0.1735,20,1,16,Owned,East,Active,0
CUST01559,Female,65,Bachelor's,Unemployed,Married,3,26665.0,743,0,LOAN01559,Personal,46798.0,48,14.65,1294.14,0.5824,0,0,13,,North,Active,0
CUST00978,Male,48,Bachelor's,Self-Employed,Single,1,72738.0,641,4,LOAN00978,Personal,46604.0,48,11.45,1214.71,0.2004,21,0,21,Rented,East,Active,0
CUST00466,Male,57,Master's,Employed,Married,1,116284.0,619,1,LOAN00466,Auto,17125.0,60,11.22,374.22,0.0386,2,0,23,Rented,Central,Active,0
CUST00021,Female,63,Other,Employed,Married,3,63978.0,630,1,LOAN00021,Personal,23233.0,120,7.92,280.9,0.0527,11,1,3,Owned,Central,Active,0
CUST00700,Male,58,Bachelor's,Employed,Married,3,57606.0,818,1,LOAN00700,Personal,19959.0,84,13.87,372.6,0.0776,20,0,14,Owned,South,Active,0
CUST01606,Male,63,Bachelor's,Employed,Widowed,0,63630.0,587,3,LOAN01606,Personal,7593.0,12,10.54,669.45,0.1263,12,0,5,Rented,Central,Active,0
CUST01048,Male,45,High School,Unemployed,Single,2,23349.0,629,1,LOAN01048,Personal,39118.0,48,6.16,921.56,0.4736,0,3,10,Mortgaged,East,Active,0
CUST00238,Male,54,Master's,Retired,Single,1,33194.0,660,1,LOAN00238,Auto,47187.0,36,11.61,1558.51,0.5634,29,0,24,Mortgaged,Central,Active,0
CUST01019,Female,61,High School,Employed,Single,0,110084.0,530,1,LOAN01019,Auto,19108.0,12,7.53,1658.03,0.1807,30,0,13,Rented,South,Active,0
CUST01134,Male,62,Bachelor's,Retired,Single,3,33487.0,677,1,LOAN01134,Home,160836.0,240,10.07,1559.57,0.5589,19,2,17,Mortgaged,North,Active,0
CUST01784,Female,38,High School,Unemployed,Married,2,19623.0,516,0,LOAN01784,Personal,2443.0,12,16.89,222.69,0.1362,0,2,12,Rented,North,Active,0
CUST01539,Male,37,Other,Employed,Divorced,0,53557.0,581,0,LOAN01539,Home,416051.0,120,14.15,6497.45,0.99,23,1,23,Rented,Central,Active,0
CUST01892,Male,41,Bachelor's,Employed,Single,4,129992.0,657,2,LOAN01892,Personal,42686.0,36,11.66,1410.86,0.1302,19,0,23,Rented,North,Active,0
CUST00859,Female,56,Master's,Employed,Widowed,0,48839.0,783,0,LOAN00859,Home,361978.0,12,10.29,31872.46,0.99,12,0,7,Mortgaged,South,Active,0
CUST00364,Female,40,High School,Employed,Married,0,40928.0,623,1,LOAN00364,Auto,44594.0,240,10.71,451.53,0.1324,28,1,5,Rented,West,Active,0
CUST01321,Male,57,Bachelor's,Employed,Married,0,140075.0,575,2,LOAN01321,Home,227053.0,180,10.74,2543.73,0.2179,7,0,17,Owned,South,Defaulted,1
CUST01567,Female,54,Bachelor's,Employed,Single,3,40895.0,588,3,LOAN01567,Business,158227.0,180,10.2,1719.73,0.5046,14,1,20,Rented,East,Defaulted,1
CUST01347,Male,23,Bachelor's,Employed,Single,0,71773.0,577,1,LOAN01347,Personal,27814.0,48,10.3,709.45,0.1186,22,0,20,Mortgaged,North,Active,0
CUST01466,Male,54,Master's,Self-Employed,Single,0,83096.0,542,1,LOAN01466,Personal,27808.0,36,16.58,985.63,0.1423,27,1,23,Rented,East,Active,0
CUST01489,Male,22,Bachelor's,Self-Employed,Single,2,132865.0,690,3,LOAN01489,Auto,10900.0,240,12.7,125.38,0.0113,23,0,21,Mortgaged,Central,Active,0
CUST00934,Male,56,Bachelor's,Self-Employed,Married,2,128917.0,543,1,LOAN00934,Education,26874.0,120,7.2,314.81,0.0293,12,0,15,Owned,Central,Active,0
CUST00684,Female,47,Other,Unemployed,Married,0,33814.0,708,4,LOAN00684,Personal,45908.0,240,12.01,505.81,0.1795,0,1,11,Owned,South,Active,0
CUST00376,Male,64,Bachelor's,Retired,Married,5,22134.0,648,1,LOAN00376,Business,140283.0,240,15.42,1890.91,0.99,17,0,1,Owned,East,Active,0
CUST01484,Male,40,Bachelor's,Employed,Married,0,134089.0,679,2,LOAN01484,Auto,32341.0,84,5.93,471.37,0.0422,26,2,14,Rented,Central,Active,0
CUST01941,Male,51,Master's,Employed,Single,5,71196.0,701,4,LOAN01941,Personal,10666.0,24,13.5,509.59,0.0859,10,0,6,Owned,West,Active,0
CUST01406,Male,36,Master's,Self-Employed,Divorced,1,35443.0,615,1,LOAN01406,Business,22120.0,60,5.46,422.11,0.1429,28,2,4,Mortgaged,North,Active,0
CUST00359,Female,49,High School,Employed,Single,0,84512.0,624,0,LOAN00359,Education,21660.0,12,4.0,1844.35,0.2619,12,0,8,Rented,East,Active,0
CUST00928,Female,65,PhD,Self-Employed,Single,2,130658.0,646,4,LOAN00928,Education,78191.0,48,7.55,1892.4,0.1738,2,2,20,Rented,South,Active,0
CUST01622,Male,35,High School,Employed,Divorced,2,47230.0,630,3,LOAN01622,Auto,46652.0,48,6.73,1111.31,0.2824,27,1,20,Owned,Central,Active,0
CUST01747,Male,23,High School,Unemployed,Single,0,31170.0,439,2,LOAN01747,Education,52974.0,36,10.78,1728.79,0.6656,0,3,20,Mortgaged,South,Active,0
CUST00052,Female,41,Master's,Self-Employed,Married,2,45162.0,615,1,LOAN00052,Auto,50596.0,60,13.84,1173.09,0.3117,26,1,9,Rented,North,Active,0
CUST00037,Male,62,Master's,Unemployed,Single,0,25579.0,610,1,LOAN00037,Personal,22631.0,180,9.7,239.06,0.1122,0,1,17,Rented,Central,Active,0
CUST00368,Female,48,Master's,Self-Employed,Married,3,116117.0,629,1,LOAN00368,Home,283803.0,12,10.15,24970.6,0.99,25,0,9,Rented,Central,Active,0
CUST01275,Male,30,Bachelor's,Self-Employed,Married,5,89534.0,703,3,LOAN01275,Auto,32291.0,180,5.21,258.9,0.0347,5,1,21,Mortgaged,North,Active,0
CUST00730,Male,27,Bachelor's,Self-Employed,Single,1,39950.0,561,4,LOAN00730,Personal,41801.0,84,10.24,699.14,0.21,12,0,4,,West,Active,0
CUST00309,Female,53,Other,Employed,Widowed,0,86147.0,764,1,LOAN00309,Home,153509.0,180,6.73,1356.71,0.189,14,0,16,Mortgaged,Central,Active,0
CUST01449,Female,30,High School,Employed,Single,1,141545.0,645,1,LOAN01449,Auto,10645.0,60,11.02,231.55,0.0196,30,0,16,Rented,North,Active,0
CUST01641,Male,55,Bachelor's,Employed,Single,3,148636.0,704,1,LOAN01641,Auto,39445.0,48,10.56,1011.07,0.0816,26,0,13,Mortgaged,West,Active,0
CUST01782,Female,50,Bachelor's,Self-Employed,Single,1,104300.0,682,2,LOAN01782,Personal,36295.0,180,4.0,268.47,0.0309,0,0,19,Rented,East,Active,0
CUST00741,Male,28,Bachelor's,Employed,Single,1,66163.0,596,2,LOAN00741,Personal,16141.0,84,8.31,254.08,0.0461,28,3,20,Rented,West,Active,0
CUST01088,Male,23,Bachelor's,Unemployed,Single,1,26444.0,758,3,LOAN01088,Auto,32046.0,240,10.96,329.9,0.1497,0,1,7,Owned,Central,Active,0
CUST01995,Female,32,Master's,Unemployed,Single,4,34967.0,596,0,LOAN01995,Auto,31601.0,84,13.97,591.68,0.2031,0,3,1,Rented,North,Active,0
CUST00342,Male,24,Bachelor's,Employed,Married,0,73755.0,623,4,LOAN00342,Personal,32760.0,12,12.93,2924.96,0.4759,16,0,15,Mortgaged,North,Active,0
CUST00952,Female,30,Master's,Employed,Married,0,43698.0,516,0,LOAN00952,Education,71251.0,36,4.0,2103.61,0.5777,21,2,3,Mortgaged,North,Active,0
CUST00757,Female,31,Bachelor's,Unemployed,Married,4,18294.0,638,1,LOAN00757,Auto,37419.0,240,15.43,504.66,0.331,0,0,3,,South,Active,0
CUST00352,Female,60,Master's,Self-Employed,Single,0,83452.0,576,2,LOAN00352,Personal,42396.0,60,5.14,802.79,0.1154,24,1,9,Owned,West,Active,0
CUST01928,Male,60,Bachelor's,Employed,Married,0,139633.0,558,2,LOAN01928,Home,133513.0,120,8.82,1678.31,0.1442,7,2,10,Owned,West,Active,0
CUST01753,Male,45,Other,Self-Employed,Divorced,2,55223.0,651,2,LOAN01753,Education,26009.0,84,16.99,531.36,0.1155,3,0,16,Mortgaged,North,Active,0
CUST00147,Female,36,PhD,Retired,Divorced,0,33563.0,537,1,LOAN00147,Business,131558.0,180,4.0,973.12,0.3479,18,0,24,Owned,East,Active,0
CUST01222,Male,31,Other,Employed,Single,1,54232.0,671,2,LOAN01222,Personal,43913.0,84,8.9,704.29,0.1558,18,2,23,Rented,East,Active,0
CUST00464,Female,56,Master's,Retired,Married,0,20627.0,691,0,LOAN00464,Personal,41806.0,84,6.98,630.56,0.3668,18,3,1,,South,Active,0
CUST01447,Female,46,High School,Employed,Married,2,64488.0,699,3,LOAN01447,Home,282592.0,48,9.68,7123.91,0.99,6,2,9,Owned,Central,Active,0
CUST00518,Female,41,Bachelor's,Self-Employed,Single,2,88186.0,808,2,LOAN00518,Personal,24539.0,36,6.83,755.79,0.1028,20,0,23,Rented,South,Active,0
CUST00701,Male,23,Bachelor's,Retired,Married,3,32731.0,709,1,LOAN00701,Auto,58394.0,24,10.26,2701.6,0.99,4,0,16,,East,Active,0
CUST00373,Male,65,Master's,Employed,Widowed,2,142143.0,699,0,LOAN00373,Home,407321.0,84,17.22,8375.8,0.7071,7,0,13,Owned,South,Active,0
CUST01345,Female,26,Master's,Employed,Married,2,72238.0,815,0,LOAN01345,Auto,46409.0,120,8.49,575.16,0.0955,27,0,19,,West,Active,0
CUST01973,Male,41,High School,Employed,Single,3,78534.0,754,2,LOAN01973,Auto,14537.0,180,6.52,126.79,0.0194,9,1,4,,East,Active,0
CUST01858,Male,33,Other,Employed,Married,0,132658.0,605,1,LOAN01858,Home,466224.0,24,14.74,22548.09,0.99,16,1,6,Mortgaged,East,Active,0
CUST00926,Male,43,PhD,Self-Employed,Married,0,52791.0,709,1,LOAN00926,Home,98767.0,84,14.62,1884.89,0.4285,17,0,13,Rented,Central,Active,0
CUST00624,Male,59,PhD,Unemployed,Married,0,29623.0,764,1,LOAN00624,Personal,14268.0,180,9.03,144.97,0.0587,0,0,20,Mortgaged,South,Active,0
CUST01890,Female,52,Bachelor's,Employed,Married,2,34318.0,601,1,LOAN01890,Personal,13203.0,120,12.08,190.04,0.0665,27,1,22,Rented,Central,Active,0
CUST01318,Female,24,Bachelor's,Self-Employed,Single,2,138362.0,613,1,LOAN01318,Personal,14034.0,120,4.26,143.83,0.0125,18,2,9,Owned,South,Active,0
CUST01702,Male,37,Bachelor's,Employed,Married,3,116940.0,656,1,LOAN01702,Business,140041.0,180,14.87,1947.54,0.1999,16,0,8,Rented,West,Active,0
CUST00263,Male,55,Master's,Employed,Single,0,58174.0,689,3,LOAN00263,Auto,29476.0,120,9.8,386.27,0.0797,17,0,16,,South,Active,0
CUST01646,Female,32,Master's,Employed,Divorced,0,41255.0,719,0,LOAN01646,Home,175485.0,60,13.92,4075.95,0.99,22,1,7,Mortgaged,West,Active,0
CUST00572,Female,65,High School,Employed,Single,2,50615.0,605,1,LOAN00572,Auto,42583.0,24,13.57,2035.89,0.4827,30,0,7,Rented,North,Active,0
CUST01893,Female,33,Other,Employed,Married,3,96003.0,577,2,LOAN01893,Education,49758.0,48,9.27,1244.62,0.1556,13,1,20,Rented,South,Active,0
CUST00877,Female,41,Master's,Employed,Single,5,30169.0,660,0,LOAN00877,Auto,28083.0,60,11.84,622.42,0.2476,28,2,23,,North,Active,0
CUST01091,Female,49,High School,Self-Employed,Married,2,135297.0,719,2,LOAN01091,Auto,52372.0,24,5.46,2308.44,0.2047,22,0,5,Owned,Central,Active,0
CUST00260,Male,37,PhD,Retired,Married,3,13006.0,849,2,LOAN00260,Education,37945.0,84,17.59,788.43,0.7274,3,1,14,Mortgaged,East,Active,0
CUST00142,Male,40,PhD,Employed,Married,2,122945.0,567,2,LOAN00142,Auto,19212.0,84,5.82,279.0,0.0272,19,1,19,Owned,Central,Active,0
CUST01126,Female,37,High School,Self-Employed,Single,0,45077.0,511,0,LOAN01126,Auto,14006.0,12,9.98,1231.22,0.3278,15,0,14,Rented,South,Active,0
CUST00442,Female,65,High School,Employed,Married,0,130488.0,610,0,LOAN00442,Business,111892.0,84,10.59,1891.83,0.174,12,0,3,Rented,South,Active,0
CUST01854,Female,42,High School,Employed,Single,0,36668.0,662,1,LOAN01854,Auto,22629.0,48,9.54,568.94,0.1862,16,0,23,Owned,West,Active,0
CUST01168,Male,47,Bachelor's,Self-Employed,Widowed,1,132207.0,762,4,LOAN01168,Personal,49308.0,24,17.81,2457.13,0.223,12,0,5,Owned,West,Active,0
CUST01122,Female,24,High School,Self-Employed,Widowed,0,69244.0,703,1,LOAN01122,Home,266205.0,12,7.9,23144.45,0.99,29,2,19,Rented,North,Active,0
CUST01059,Male,31,High School,Self-Employed,Single,3,145910.0,524,3,LOAN01059,Home,188165.0,240,13.54,2277.27,0.1873,28,0,24,Rented,South,Active,0
CUST00929,Female,54,Bachelor's,Self-Employed,Single,0,133623.0,621,0,LOAN00929,Home,205274.0,60,12.32,4599.47,0.4131,8,0,4,Owned,North,Active,0
CUST01068,Male,40,High School,Self-Employed,Married,1,110732.0,752,3,LOAN01068,Auto,46256.0,36,7.4,1436.73,0.1557,16,1,24,Rented,North,Active,0
CUST01089,Female,50,High School,Employed,Single,0,124671.0,784,1,LOAN01089,Personal,11559.0,60,10.72,249.71,0.024,9,0,13,Mortgaged,East,Active,0
CUST00803,Female,37,Master's,Unemployed,Divorced,1,69622.0,641,1,LOAN00803,Home,439282.0,48,8.29,10784.06,0.99,0,2,23,Rented,East,Defaulted,1
CUST01278,Female,59,Bachelor's,Unemployed,Married,0,30681.0,615,1,LOAN01278,Personal,17223.0,60,16.43,422.78,0.1654,0,0,1,Owned,East,Active,0
CUST00817,Female,50,Bachelor's,Retired,Single,0,27653.0,664,1,LOAN00817,Personal,25964.0,180,8.87,261.34,0.1134,5,0,24,Owned,North,Active,0
CUST00864,Male,26,Master's,Employed,Married,4,116569.0,720,1,LOAN00864,Home,319204.0,12,15.11,28827.39,0.99,1,0,1,Mortgaged,South,Active,0
CUST00670,Male,64,High School,Employed,Divorced,4,32985.0,681,0,LOAN00670,Business,104419.0,24,11.26,4879.36,0.99,17,0,23,Mortgaged,West,Active,0
CUST01433,Male,27,High School,Employed,Divorced,1,50881.0,705,2,LOAN01433,Personal,8777.0,240,12.33,98.67,0.0233,5,3,18,Rented,West,Active,0
CUST00719,Male,44,Bachelor's,Employed,Divorced,1,30888.0,676,0,LOAN00719,Auto,52148.0,120,12.71,769.73,0.299,7,0,16,Rented,East,Active,0
CUST00703,Male,33,PhD,Self-Employed,Married,0,37551.0,580,1,LOAN00703,Home,125216.0,60,10.25,2675.9,0.8551,3,1,17,,North,Defaulted,1
CUST00180,Male,58,Bachelor's,Employed,Married,0,35902.0,699,0,LOAN00180,Personal,32971.0,60,12.54,742.45,0.2482,11,2,24,,Central,Active,0
CUST00861,Female,35,Bachelor's,Self-Employed,Married,2,135696.0,702,1,LOAN00861,Education,73348.0,12,10.01,6448.8,0.5703,3,3,10,Owned,East,Active,0
CUST01190,Female,59,High School,Employed,Married,2,31358.0,704,0,LOAN01190,Home,280721.0,180,9.18,2877.4,0.99,5,0,14,Rented,West,Active,0
CUST00387,Male,42,Bachelor's,Employed,Married,0,78750.0,516,2,LOAN00387,Home,146269.0,24,4.15,6361.49,0.9694,0,1,9,Rented,West,Active,0
CUST00639,Male,44,High School,Self-Employed,Married,2,66668.0,550,4,LOAN00639,Home,205027.0,12,10.06,18030.85,0.99,17,0,11,Owned,West,Active,0
CUST00475,Male,59,Bachelor's,Retired,Single,2,24614.0,779,3,LOAN00475,Business,151988.0,24,9.38,6970.06,0.99,12,0,19,Rented,North,Active,0
CUST00285,Female,34,PhD,Employed,Married,1,118559.0,772,3,LOAN00285,Home,359600.0,60,11.1,7836.52,0.7932,24,0,15,Owned,West,Active,0
CUST01128,Male,63,Master's,Unemployed,Single,1,31125.0,614,0,LOAN01128,Home,458800.0,180,7.92,4363.37,0.99,0,0,15,Mortgaged,Central,Active,0
CUST00375,Male,42,High School,Self-Employed,Married,1,133716.0,671,0,LOAN00375,Auto,46158.0,180,6.0,389.51,0.035,9,0,4,Mortgaged,North,Active,0
CUST00424,Male,44,Bachelor's,Employed,Married,2,35833.0,579,1,LOAN00424,Personal,30094.0,120,16.77,518.65,0.1737,18,0,11,Owned,South,Active,0
CUST01410,Female,31,Bachelor's,Retired,Married,2,21632.0,613,3,LOAN01410,Education,37558.0,240,10.58,376.99,0.2091,10,2,2,Rented,South,Active,0
CUST00072,Male,26,High School,Employed,Single,0,88739.0,770,2,LOAN00072,Personal,30085.0,84,6.38,445.0,0.0602,12,0,15,,North,Active,0
CUST01820,Male,48,Master's,Employed,Widowed,2,69622.0,560,0,LOAN01820,Auto,39500.0,180,11.58,463.45,0.0571,20,0,9,Owned,West,Active,0
CUST00763,Male,65,Other,Unemployed,Widowed,3,32119.0,610,0,LOAN00763,Auto,58100.0,180,10.93,657.81,0.2458,0,1,7,Owned,East,Active,0
CUST01430,Female,53,Bachelor's,Employed,Divorced,1,31949.0,597,0,LOAN01430,Home,255767.0,60,7.79,5160.37,0.99,20,0,9,Rented,West,Active,0
CUST00673,Male,56,Master's,Employed,Widowed,5,114814.0,532,2,LOAN00673,Home,121819.0,48,16.5,3483.66,0.3641,17,0,19,Mortgaged,South,Active,0
CUST01362,Male,63,High School,Employed,Married,3,52097.0,574,0,LOAN01362,Business,154884.0,120,9.36,1992.31,0.4589,12,0,5,Rented,Central,Active,0
CUST01584,Male,58,Bachelor's,Employed,Single,0,56022.0,718,2,LOAN01584,Personal,38312.0,12,10.25,3372.69,0.7224,24,0,16,Mortgaged,South,Active,0
CUST00329,Male,32,PhD,Employed,Married,0,124633.0,597,1,LOAN00329,Personal,18761.0,36,11.07,614.83,0.0592,21,0,11,Owned,West,Active,0
CUST00201,Female,31,Master's,Unemployed,Married,1,19305.0,723,0,LOAN00201,Personal,28798.0,48,12.7,768.3,0.4776,0,3,17,Owned,West,Defaulted,1
CUST01085,Female,33,Bachelor's,Employed,Married,1,33090.0,445,3,LOAN01085,Auto,57159.0,48,16.02,1620.49,0.5877,26,1,6,Owned,Central,Active,0
CUST00300,Male,29,Master's,Self-Employed,Single,2,122661.0,711,2,LOAN00300,Education,15934.0,84,9.57,261.0,0.0255,16,0,1,Mortgaged,East,Active,0
CUST01117,Male,43,High School,Employed,Single,5,119905.0,812,3,LOAN01117,Personal,49726.0,60,6.43,971.32,0.0972,19,0,18,Mortgaged,Central,Active,0
CUST01758,Male,52,High School,Employed,Single,1,57482.0,629,1,LOAN01758,Auto,51391.0,60,13.2,1174.57,0.2452,22,1,5,Rented,Central,Active,0
CUST00505,Female,63,Bachelor's,Self-Employed,Married,1,45198.0,677,1,LOAN00505,Personal,30603.0,180,12.53,377.79,0.1003,1,0,11,,East,Active,0
CUST00489,Female,23,Master's,Unemployed,Married,2,23636.0,648,1,LOAN00489,Education,66980.0,60,10.91,1453.3,0.7378,0,0,21,Owned,East,Active,0
CUST00769,Male,36,Bachelor's,Employed,Married,2,143591.0,658,1,LOAN00769,Home,252236.0,48,7.64,6115.28,0.5111,28,0,11,Rented,North,Active,0
CUST00612,Female,42,High School,Self-Employed,Divorced,2,112864.0,737,3,LOAN00612,Business,107022.0,60,11.07,2330.66,0.2478,24,1,9,,South,Active,0
CUST01848,Male,23,High School,Unemployed,Married,1,22454.0,681,0,LOAN01848,Business,156238.0,24,7.72,7046.29,0.99,0,3,22,Mortgaged,West,Defaulted,1
CUST01897,Female,42,Other,Employed,Single,1,119199.0,669,2,LOAN01897,Home,273185.0,120,8.77,3426.68,0.345,8,0,7,Mortgaged,West,Active,0
CUST00526,Male,50,Bachelor's,Employed,Single,3,108411.0,442,0,LOAN00526,Auto,49776.0,60,8.09,1011.42,0.112,12,0,3,Owned,North,Active,0
CUST00117,Female,62,High School,Self-Employed,Married,2,132187.0,651,1,LOAN00117,Personal,18176.0,24,8.05,822.47,0.0747,20,0,5,Owned,Central,Active,0
CUST01230,Male,27,Bachelor's,Unemployed,Single,2,30907.0,621,1,LOAN01230,Home,471291.0,60,4.0,8679.54,0.99,0,0,19,Mortgaged,East,Active,0
CUST01228,Male,65,Bachelor's,Self-Employed,Married,1,40052.0,588,1,LOAN01228,Personal,27194.0,24,7.66,1225.7,0.3672,25,1,24,Mortgaged,Central,Active,0
CUST01895,Female,56,Bachelor's,Employed,Married,2,137841.0,725,3,LOAN01895,Home,444102.0,84,12.4,7934.93,0.6908,25,0,7,Owned,East,Active,0
CUST00439,Female,32,Bachelor's,Employed,Married,0,36732.0,643,0,LOAN00439,Personal,36405.0,48,10.08,924.72,0.3021,21,0,22,Mortgaged,West,Active,0
CUST01965,Female,56,High School,Employed,Single,3,68560.0,755,3,LOAN01965,Personal,22717.0,180,10.74,254.5,0.0445,15,0,17,Rented,South,Active,0
CUST00654,Female,65,Master's,Employed,Married,1,42930.0,497,0,LOAN00654,Education,72617.0,36,10.4,2356.81,0.6588,11,1,3,Owned,South,Active,0
CUST00005,Male,34,PhD,Unemployed,Married,1,20271.0,655,4,LOAN00005,Home,188903.0,60,9.82,3996.92,0.99,0,3,1,Mortgaged,North,Active,0
CUST01804,Male,49,Master's,Unemployed,Married,5,25210.0,706,2,LOAN01804,Personal,11147.0,60,6.55,218.37,0.1039,0,0,13,Rented,Central,Active,0
CUST00047,Male,46,Bachelor's,Employed,Single,2,144944.0,654,0,LOAN00047,Auto,50089.0,24,8.13,2268.36,0.1878,6,1,15,Mortgaged,North,Active,0
CUST00831,Male,32,High School,Unemployed,Married,3,10774.0,624,1,LOAN00831,Auto,10514.0,84,11.21,181.19,0.2018,0,1,1,Owned,North,Active,0
CUST01207,Female,43,High School,Self-Employed,Married,2,51972.0,602,3,LOAN01207,Auto,53945.0,24,13.97,2589.29,0.5979,30,0,2,Owned,North,Active,0
CUST01282,Female,23,Master's,Employed,Married,2,37163.0,817,0,LOAN01282,Auto,26677.0,180,5.76,221.67,0.0716,12,0,24,Rented,South,Active,0
CUST01264,Male,24,Bachelor's,Employed,Married,2,131658.0,790,0,LOAN01264,Personal,6386.0,84,4.0,87.29,0.01,15,1,4,Mortgaged,East,Active,0
CUST01378,Male,25,Bachelor's,Employed,Married,2,127180.0,591,1,LOAN01378,Personal,24137.0,84,16.21,482.3,0.0455,30,0,6,Owned,North,Active,0
CUST00312,Male,31,Master's,Self-Employed,Single,4,73827.0,663,0,LOAN00312,Home,122392.0,84,8.86,1960.49,0.3187,10,0,6,Rented,East,Active,0
CUST01905,Female,26,Other,Employed,Divorced,1,58273.0,645,1,LOAN01905,Personal,43449.0,12,12.76,3875.86,0.7981,23,0,11,Owned,West,Active,0
CUST00958,Male,42,Master's,Employed,Divorced,3,109483.0,613,0,LOAN00958,Education,51811.0,120,8.34,637.96,0.0699,5,0,17,Owned,Central,Active,0
CUST01710,Female,29,Bachelor's,Self-Employed,Single,0,31648.0,745,2,LOAN01710,Home,185678.0,240,9.15,1688.55,0.6402,12,0,1,Rented,West,Active,0
CUST01277,Male,27,High School,Self-Employed,Divorced,3,148169.0,630,0,LOAN01277,Home,443916.0,48,6.68,10564.34,0.8556,6,0,10,Rented,South,Active,0
CUST01872,Male,35,Bachelor's,Unemployed,Single,3,20349.0,704,2,LOAN01872,Education,50207.0,120,13.51,764.82,0.451,0,0,8,Mortgaged,West,Active,0
CUST00195,Male,49,High School,Employed,Married,0,130695.0,654,4,LOAN00195,Business,45977.0,24,5.82,2034.0,0.1868,2,0,23,Mortgaged,South,Active,0
CUST00931,Male,44,Bachelor's,Employed,Single,3,142824.0,569,2,LOAN00931,Home,296261.0,48,10.31,7558.13,0.635,4,0,22,Owned,East,Active,0
CUST01308,Female,30,Master's,Employed,Single,0,78017.0,648,0,LOAN01308,Personal,17706.0,24,10.73,823.02,0.1266,30,0,7,Mortgaged,West,Active,0
CUST01496,Female,47,Other,Employed,Divorced,4,142306.0,604,1,LOAN01496,Business,121333.0,36,16.13,4273.5,0.3604,10,0,10,Mortgaged,South,Active,0
CUST00341,Male,29,High School,Unemployed,Married,0,24319.0,767,0,LOAN00341,Home,111953.0,84,8.09,1749.95,0.8635,0,1,18,Owned,South,Active,0
CUST01517,Female,54,Bachelor's,Employed,Married,1,127357.0,706,1,LOAN01517,Business,99747.0,60,7.68,2007.27,0.1891,16,0,21,Owned,Central,Active,0
CUST00884,Male,31,Bachelor's,Employed,Married,1,83987.0,583,0,LOAN00884,Auto,21696.0,120,11.0,298.86,0.0427,30,0,14,Mortgaged,South,Active,0
CUST01882,Female,58,High School,Self-Employed,Single,3,41352.0,535,1,LOAN01882,Auto,25187.0,84,9.11,406.64,0.118,20,0,2,Rented,East,Active,0
CUST01404,Female,39,Bachelor's,Employed,Married,3,100683.0,712,0,LOAN01404,Education,49089.0,60,14.66,1159.08,0.1381,11,1,22,Rented,Central,Active,0
CUST00858,Male,24,Bachelor's,Employed,Married,0,77259.0,647,0,LOAN00858,Personal,26091.0,12,8.77,2278.91,0.354,16,1,9,Owned,North,Active,0
CUST01479,Female,49,High School,Employed,Married,4,136392.0,552,3,LOAN01479,Education,77118.0,120,8.91,973.15,0.0856,7,2,18,Rented,West,Active,0
CUST00427,Male,61,High School,Self-Employed,Divorced,0,130349.0,547,1,LOAN00427,Personal,15660.0,12,14.72,1411.38,0.1299,24,0,1,Owned,Central,Active,0
CUST01601,Male,22,High School,Employed,Widowed,0,141239.0,525,2,LOAN01601,Personal,41101.0,240,13.65,500.69,0.0425,20,0,6,Rented,North,Active,0
CUST00110,Male,46,PhD,Retired,Single,2,34996.0,658,0,LOAN00110,Personal,47241.0,180,13.6,616.48,0.2114,13,0,22,Rented,North,Active,0
CUST00789,Male,49,Other,Employed,Divorced,1,31333.0,668,4,LOAN00789,Personal,49201.0,84,7.93,765.14,0.293,1,0,6,Mortgaged,West,Active,0
CUST00957,Male,22,Master's,Self-Employed,Divorced,1,41171.0,648,1,LOAN00957,Auto,47424.0,180,14.02,632.2,0.1843,27,0,12,Rented,South,Active,0
CUST00502,Male,61,High School,Employed,Single,2,50710.0,435,1,LOAN00502,Business,52519.0,12,9.61,4607.73,0.99,0,2,5,Mortgaged,South,Active,0
CUST00398,Male,21,Bachelor's,Employed,Single,3,39605.0,653,1,LOAN00398,Education,27077.0,48,12.93,725.47,0.2198,18,0,9,Owned,West,Active,0
CUST00954,Female,57,Master's,Unemployed,Divorced,2,18818.0,643,2,LOAN00954,Auto,51200.0,48,12.52,1361.4,0.8681,0,0,17,Owned,North,Active,0
CUST00718,Female,61,High School,Employed,Single,2,136745.0,727,2,LOAN00718,Auto,50014.0,60,6.79,985.39,0.0865,0,0,6,,West,Active,0
CUST01245,Female,39,High School,Employed,Single,0,107400.0,668,1,LOAN01245,Home,287041.0,180,8.66,2853.59,0.3188,24,0,5,Owned,South,Active,0
CUST00096,Male,46,High School,Self-Employed,Married,0,146254.0,635,4,LOAN00096,Home,375035.0,84,4.72,5251.51,0.4309,30,1,24,Owned,South,Active,0
CUST01651,Male,41,Bachelor's,Employed,Married,0,65098.0,612,1,LOAN01651,Business,62174.0,36,15.83,2180.64,0.402,24,1,3,Owned,West,Active,0
CUST01788,Female,42,Other,Employed,Single,1,127449.0,637,0,LOAN01788,Home,85830.0,36,12.9,2887.82,0.2719,26,0,17,Rented,West,Active,0
CUST00020,Male,38,Bachelor's,Self-Employed,Divorced,0,77376.0,539,1,LOAN00020,Home,234165.0,120,5.82,2578.6,0.3999,19,0,22,Mortgaged,Central,Active,0
CUST00667,Male,39,High School,Retired,Single,0,18067.0,714,0,LOAN00667,Home,236679.0,180,10.83,2664.87,0.99,9,0,13,Rented,South,Active,0
CUST01083,Male,34,High School,Employed,Single,2,73202.0,596,3,LOAN01083,Auto,35811.0,60,14.33,839.4,0.1376,6,0,13,Rented,West,Active,0
CUST01422,Male,61,Bachelor's,Employed,Married,1,37485.0,607,4,LOAN01422,Home,473642.0,120,5.21,5072.47,0.99,12,1,10,Rented,Central,Active,0
CUST00631,Female,54,High School,Employed,Divorced,0,144540.0,648,1,LOAN00631,Personal,9421.0,84,6.5,139.9,0.0116,26,0,23,Owned,North,Active,0
CUST01261,Male,44,PhD,Employed,Single,0,106497.0,674,2,LOAN01261,Personal,18742.0,60,4.84,352.31,0.0397,17,0,12,Rented,West,Active,0
CUST01534,Male,62,Bachelor's,Self-Employed,Married,2,47238.0,672,2,LOAN01534,Personal,41396.0,12,13.63,3709.62,0.9424,10,1,13,Rented,South,Active,0
CUST00456,Male,43,Bachelor's,Employed,Married,4,69622.0,653,1,LOAN00456,Personal,42168.0,24,10.3,1951.68,0.4691,19,1,5,Owned,West,Active,0
CUST01204,Male,46,Other,Employed,Widowed,1,105051.0,832,0,LOAN01204,Auto,49531.0,12,9.95,4353.41,0.4973,1,0,3,Owned,East,Active,0
CUST00529,Male,52,Bachelor's,Self-Employed,Married,1,64062.0,645,2,LOAN00529,Auto,51594.0,48,15.64,1452.69,0.2721,10,0,18,,South,Active,0
CUST00223,Male,38,Bachelor's,Retired,Single,2,24225.0,682,2,LOAN00223,Personal,7629.0,24,8.79,347.79,0.1723,15,0,10,Mortgaged,South,Active,0
CUST01381,Male,26,Bachelor's,Retired,Divorced,0,11025.0,601,0,LOAN01381,Personal,47937.0,240,11.96,526.49,0.5731,10,1,9,Mortgaged,East,Active,0
CUST00507,Female,65,Bachelor's,Employed,Divorced,1,136384.0,692,0,LOAN00507,Personal,6937.0,48,4.75,158.97,0.014,20,2,24,Mortgaged,West,Active,0
CUST01042,Female,37,Master's,Employed,Single,0,141562.0,594,3,LOAN01042,Home,172079.0,240,8.2,1460.83,0.1238,1,0,10,Mortgaged,Central,Active,0
CUST00689,Female,65,Master's,Self-Employed,Married,3,80393.0,602,2,LOAN00689,Home,334704.0,24,7.36,15040.25,0.99,3,1,9,,Central,Active,0
CUST00112,Male,45,Other,Employed,Divorced,3,55622.0,595,2,LOAN00112,Personal,49336.0,240,10.04,477.41,0.103,28,1,16,Rented,East,Active,0
CUST01260,Female,49,PhD,Employed,Married,2,81884.0,578,0,LOAN01260,Personal,47231.0,60,14.55,1112.5,0.163,19,0,1,Owned,South,Active,0
CUST00416,Male,62,Other,Self-Employed,Married,5,117973.0,685,2,LOAN00416,Business,117651.0,24,13.64,5628.78,0.5725,15,0,14,Owned,South,Active,0
CUST00314,Female,61,Bachelor's,Employed,Married,2,93576.0,731,2,LOAN00314,Home,156215.0,240,14.87,2042.03,0.2619,10,0,12,Mortgaged,North,Active,0
CUST00288,Female,43,High School,Employed,Married,2,53897.0,772,2,LOAN00288,Business,127887.0,180,15.03,1792.52,0.3991,17,0,20,Mortgaged,East,Active,0
CUST00873,Female,45,Other,Self-Employed,Single,3,127217.0,764,0,LOAN00873,Personal,40000.0,120,9.0,506.7,0.0478,28,0,21,Owned,East,Active,0
CUST00620,Female,64,High School,Self-Employed,Divorced,2,91794.0,453,1,LOAN00620,Personal,46866.0,60,11.42,1028.82,0.1345,6,2,10,Owned,West,Active,0
CUST00825,Male,34,High School,Employed,Single,2,35171.0,605,1,LOAN00825,Personal,20606.0,12,12.28,1833.52,0.6256,1,0,14,Mortgaged,Central,Active,0
CUST01497,Female,30,Master's,Employed,Single,4,122662.0,582,1,LOAN01497,Personal,35653.0,120,12.63,524.59,0.0513,24,0,22,Owned,East,Active,0
CUST01797,Female,22,Bachelor's,Unemployed,Single,0,29528.0,714,1,LOAN01797,Auto,30840.0,12,10.17,2713.76,0.99,0,0,7,Owned,West,Active,0
CUST01090,Male,26,Master's,Employed,Widowed,4,110227.0,462,1,LOAN01090,Personal,45727.0,60,13.3,1047.47,0.114,3,0,22,Mortgaged,East,Active,0
CUST00659,Female,48,Bachelor's,Employed,Married,2,70204.0,674,2,LOAN00659,Auto,35339.0,48,14.5,974.58,0.1666,1,0,18,Rented,West,Active,0
CUST00340,Male,29,Bachelor's,Employed,Married,0,97115.0,560,1,LOAN00340,Home,228591.0,120,16.21,3859.17,0.4769,11,0,12,Mortgaged,South,Active,0
CUST01127,Male,63,Bachelor's,Retired,Widowed,0,29961.0,667,0,LOAN01127,Personal,25681.0,180,9.0,260.47,0.1043,26,1,5,Owned,East,Active,0
CUST00018,Male,63,High School,Employed,Divorced,2,86234.0,633,2,LOAN00018,Personal,46014.0,84,11.09,790.05,0.1099,25,2,12,Rented,North,Active,0
CUST00596,Male,24,Bachelor's,Employed,Single,2,89538.0,648,1,LOAN00596,Auto,56610.0,12,7.76,4918.14,0.6591,28,1,17,Owned,North,Active,0
CUST01187,Female,50,Bachelor's,Employed,Divorced,3,92758.0,540,0,LOAN01187,Auto,23062.0,24,12.01,1085.72,0.1405,20,1,14,Mortgaged,Central,Active,0
CUST00562,Male,31,Master's,Employed,Single,3,36376.0,833,1,LOAN00562,Education,27590.0,180,4.0,204.08,0.0673,3,0,3,Mortgaged,East,Active,0
CUST00594,Male,43,Other,Employed,Divorced,0,43003.0,712,0,LOAN00594,Auto,59045.0,36,8.24,1856.8,0.5181,22,0,21,Mortgaged,Central,Active,0
CUST01003,Female,27,Master's,Employed,Divorced,2,64103.0,605,0,LOAN01003,Business,141345.0,120,10.98,1945.43,0.3642,13,0,5,Owned,North,Active,0
CUST00528,Male,54,High School,Employed,Married,1,47536.0,684,0,LOAN00528,Personal,8874.0,24,12.96,421.72,0.1065,18,3,2,Mortgaged,South,Active,0
CUST01956,Female,31,Bachelor's,Employed,Single,0,79531.0,759,3,LOAN01956,Auto,37552.0,180,11.04,427.76,0.0645,22,0,8,Rented,South,Active,0
CUST00055,Female,53,High School,Employed,Single,5,67499.0,644,1,LOAN00055,Auto,14741.0,24,7.32,662.13,0.1177,16,2,23,Mortgaged,North,Defaulted,1
CUST00264,Male,33,Bachelor's,Employed,Married,2,36861.0,689,4,LOAN00264,Personal,15747.0,12,8.53,1373.67,0.4472,23,0,8,Owned,East,Active,0
CUST00102,Female,35,Bachelor's,Unemployed,Single,0,13830.0,680,0,LOAN00102,Auto,16066.0,180,5.46,130.93,0.1136,0,1,16,Mortgaged,South,Active,0
CUST00276,Male,28,Other,Employed,Married,0,104329.0,823,0,LOAN00276,Home,419107.0,84,10.04,6966.34,0.8013,14,3,1,Mortgaged,North,Active,0
CUST00480,Male,22,Bachelor's,Employed,Married,2,63822.0,643,1,LOAN00480,Auto,43706.0,36,10.11,1412.53,0.2656,1,0,2,Owned,Central,Active,0
CUST01581,Male,33,High School,Employed,Single,2,66884.0,629,1,LOAN01581,Personal,34453.0,48,9.31,862.44,0.1547,23,0,22,Owned,North,Active,0
CUST00250,Female,23,High School,Employed,Divorced,0,73739.0,493,3,LOAN00250,Business,142993.0,36,16.73,5078.9,0.8265,12,1,5,Rented,Central,Active,0
CUST01611,Female,54,High School,Employed,Single,1,75564.0,850,3,LOAN01611,Education,44852.0,12,11.71,3978.96,0.6319,12,1,5,Owned,North,Active,0
CUST01773,Female,49,Bachelor's,Retired,Married,1,17383.0,545,3,LOAN01773,Home,481765.0,36,4.43,14315.96,0.99,6,0,2,Mortgaged,West,Active,0
CUST01115,Female,38,Bachelor's,Employed,Married,4,70364.0,630,1,LOAN01115,Business,185465.0,48,10.25,4726.17,0.806,28,1,20,Mortgaged,Central,Active,0
CUST01814,Male,52,High School,Unemployed,Married,2,29164.0,589,1,LOAN01814,Auto,10937.0,24,11.99,514.79,0.2118,0,0,16,Rented,North,Active,0
CUST01110,Male,46,Master's,Employed,Single,0,77199.0,690,1,LOAN01110,Personal,48397.0,84,12.14,857.97,0.1334,11,2,17,Mortgaged,South,Active,0
CUST01900,Female,35,Bachelor's,Self-Employed,Single,3,142908.0,600,0,LOAN01900,Education,6716.0,12,4.0,571.87,0.048,6,0,17,Rented,East,Active,0
CUST01655,Male,52,Master's,Retired,Single,1,29116.0,673,1,LOAN01655,Home,436944.0,12,14.5,39334.81,0.99,29,0,21,,South,Active,0
CUST01280,Male,41,Bachelor's,Employed,Single,2,80918.0,692,1,LOAN01280,Education,65098.0,120,15.67,1077.13,0.1597,26,1,6,Mortgaged,Central,Active,0
CUST00061,Male,37,Master's,Employed,Married,2,117157.0,548,1,LOAN00061,Business,58759.0,84,16.06,1169.08,0.1197,26,0,21,Owned,West,Active,0
CUST01855,Female,62,Bachelor's,Employed,Single,2,110880.0,748,2,LOAN01855,Personal,48184.0,36,9.8,1550.24,0.1678,2,1,10,Rented,West,Active,0
CUST00726,Female,46,High School,Employed,Married,1,41075.0,672,1,LOAN00726,Auto,29507.0,24,10.66,1370.6,0.4004,28,2,5,Rented,East,Defaulted,1
CUST00972,Female,45,Other,Employed,Married,2,71997.0,606,0,LOAN00972,Personal,38316.0,60,13.52,882.04,0.147,7,2,4,Rented,East,Active,0
CUST00211,Female,32,Master's,Employed,Single,4,51803.0,663,0,LOAN00211,Personal,13220.0,120,8.93,166.96,0.0387,10,0,8,Owned,East,Active,0
CUST00282,Male,45,Bachelor's,Employed,Divorced,1,142715.0,508,0,LOAN00282,Business,177605.0,48,14.41,4889.93,0.4112,30,1,17,Mortgaged,South,Active,0
CUST01703,Male,63,Master's,Self-Employed,Single,0,101279.0,605,0,LOAN01703,Education,35439.0,48,9.6,892.03,0.1057,12,1,6,Mortgaged,West,Active,0
CUST00641,Male,57,Master's,Self-Employed,Single,0,132528.0,651,2,LOAN00641,Business,42303.0,60,9.03,878.76,0.0796,20,0,11,Rented,East,Active,0
CUST01387,Female,36,Bachelor's,Employed,Married,3,56597.0,769,1,LOAN01387,Home,160625.0,36,16.29,5670.12,0.99,7,0,5,Owned,South,Active,0
CUST00770,Female,22,Bachelor's,Self-Employed,Widowed,0,97381.0,628,0,LOAN00770,Personal,48248.0,12,17.85,4419.93,0.5447,20,1,1,Rented,North,Active,0
CUST01402,Male,23,Bachelor's,Unemployed,Single,2,31224.0,606,1,LOAN01402,Home,291352.0,84,4.0,3982.43,0.99,0,0,18,Owned,Central,Active,0
CUST00971,Female,63,High School,Unemployed,Married,2,29728.0,651,0,LOAN00971,Education,76289.0,180,13.71,1001.15,0.4041,0,2,9,Rented,East,Active,0
CUST00611,Male,65,Bachelor's,Employed,Single,4,75957.0,598,2,LOAN00611,Home,181051.0,60,6.64,3554.36,0.5615,28,0,12,Mortgaged,South,Active,0
CUST01243,Female,28,Bachelor's,Unemployed,Single,0,15441.0,648,1,LOAN01243,Home,125915.0,240,14.52,1613.55,0.99,0,0,21,Owned,East,Active,0
CUST00325,Female,61,High School,Employed,Single,0,49514.0,650,1,LOAN00325,Education,31187.0,84,12.01,550.7,0.1335,3,0,13,Mortgaged,Central,Active,0
CUST00508,Female,35,Bachelor's,Self-Employed,Divorced,1,97938.0,648,3,LOAN00508,Home,81440.0,48,12.0,2144.63,0.2628,23,0,16,Rented,East,Active,0
CUST01692,Male,41,PhD,Unemployed,Divorced,3,21945.0,749,2,LOAN01692,Auto,50564.0,48,4.0,1141.69,0.6243,0,2,3,Mortgaged,East,Active,0
CUST00029,Female,38,PhD,Employed,Single,1,75489.0,817,1,LOAN00029,Auto,56567.0,180,12.05,680.72,0.1082,26,2,19,Rented,West,Active,0
CUST00821,Female,28,Bachelor's,Unemployed,Divorced,1,26854.0,567,3,LOAN00821,Personal,15065.0,12,16.02,1367.0,0.6109,0,0,15,Owned,West,Active,0
CUST00591,Male,62,Master's,Employed,Married,3,96141.0,690,1,LOAN00591,Home,100509.0,240,11.15,1047.72,0.1308,5,0,21,Owned,Central,Active,0
CUST01912,Female,48,Master's,Employed,Single,0,113406.0,749,1,LOAN01912,Auto,22384.0,36,5.01,670.97,0.071,30,1,5,Owned,East,Active,0
CUST01189,Male,55,Master's,Self-Employed,Divorced,4,35131.0,566,2,LOAN01189,Home,378012.0,24,6.46,16832.18,0.99,7,0,9,Owned,North,Active,0
CUST01783,Male,60,Master's,Employed,Single,0,95714.0,696,1,LOAN01783,Education,54664.0,180,15.79,794.86,0.0997,12,0,19,Rented,East,Active,0
CUST00225,Male,43,Master's,Employed,Widowed,2,75153.0,630,1,LOAN00225,Personal,20049.0,24,5.76,886.42,0.1415,6,0,3,Rented,North,Active,0
CUST00740,Male,60,High School,Employed,Single,0,122174.0,525,0,LOAN00740,Home,151634.0,84,15.37,2957.61,0.2905,2,1,6,Owned,East,Active,0
CUST01592,Female,63,High School,Employed,Widowed,4,92278.0,624,1,LOAN01592,Home,102355.0,60,11.89,2271.14,0.2953,4,0,9,Mortgaged,South,Active,0
CUST01412,Male,47,Master's,Employed,Married,1,130873.0,655,0,LOAN01412,Home,112779.0,48,13.25,3039.59,0.2787,27,1,8,Rented,North,Active,0
CUST00455,Male,65,Bachelor's,Employed,Married,1,111738.0,718,4,LOAN00455,Business,27539.0,48,10.93,710.82,0.0763,20,1,24,Rented,South,Active,0
CUST01224,Female,55,Bachelor's,Unemployed,Married,2,69622.0,708,1,LOAN01224,Auto,15504.0,36,6.2,473.07,0.1629,0,0,18,Owned,South,Active,0
CUST01476,Female,63,High School,Unemployed,Married,1,26446.0,554,0,LOAN01476,Home,255396.0,240,7.43,2046.54,0.9286,0,0,6,Owned,South,Active,0
CUST00432,Female,31,Bachelor's,Self-Employed,Married,2,54832.0,731,2,LOAN00432,Auto,33553.0,36,4.0,990.62,0.2168,29,0,8,Rented,South,Active,0
CUST00448,Female,48,PhD,Employed,Divorced,4,137721.0,562,3,LOAN00448,Business,164652.0,36,17.37,5900.66,0.5141,18,3,13,Rented,South,Defaulted,1
CUST00471,Male,53,Master's,Self-Employed,Married,4,36125.0,760,0,LOAN00471,Auto,14767.0,36,13.71,502.62,0.167,13,0,4,Owned,East,Active,0
CUST00863,Male,39,High School,Unemployed,Widowed,0,13857.0,579,1,LOAN00863,Home,190850.0,24,6.75,8523.23,0.99,0,0,14,,East,Active,0
CUST01211,Male,61,Bachelor's,Self-Employed,Widowed,2,50932.0,537,1,LOAN01211,Auto,14687.0,120,12.34,213.61,0.0503,26,0,20,Rented,North,Active,0
CUST00152,Male,63,Bachelor's,Employed,Single,4,135032.0,746,2,LOAN00152,Personal,37166.0,84,9.42,605.92,0.0538,23,0,2,,West,Active,0
CUST00216,Male,48,Bachelor's,Employed,Single,2,67075.0,797,1,LOAN00216,Personal,35756.0,12,8.68,3121.61,0.5585,15,1,12,Rented,North,Active,0
CUST00099,Male,35,High School,Self-Employed,Single,1,137812.0,599,0,LOAN00099,Auto,19574.0,60,9.99,415.79,0.0362,28,0,13,Rented,South,Active,0
CUST01859,Female,31,Bachelor's,Self-Employed,Married,4,87995.0,545,0,LOAN01859,Personal,34996.0,180,14.17,470.06,0.0641,7,0,5,Mortgaged,Central,Active,0
CUST01738,Male,49,Bachelor's,Employed,Widowed,0,61957.0,710,0,LOAN01738,Auto,28225.0,240,8.53,245.48,0.0475,29,1,13,,East,Active,0
CUST01768,Male,61,High School,Employed,Single,0,126355.0,642,0,LOAN01768,Education,64257.0,12,4.0,5471.48,0.5196,28,2,24,Rented,Central,Active,0
CUST00899,Male,59,High School,Employed,Married,0,110821.0,636,0,LOAN00899,Home,296504.0,180,11.9,3539.49,0.3833,4,2,20,Rented,West,Active,0
CUST01652,Male,44,Bachelor's,Retired,Married,5,22648.0,640,0,LOAN01652,Personal,41806.0,180,7.0,375.76,0.1991,0,2,11,Owned,North,Active,0
CUST00013,Female,26,Bachelor's,Employed,Divorced,2,66992.0,735,2,LOAN00013,Personal,23671.0,180,7.68,221.86,0.0397,18,3,4,Mortgaged,West,Active,0
CUST00411,Male,40,Other,Self-Employed,Divorced,0,88618.0,761,1,LOAN00411,Education,28836.0,240,13.16,341.13,0.0462,1,2,5,Rented,Central,Active,0
CUST01392,Male,51,High School,Self-Employed,Married,0,111619.0,620,4,LOAN01392,Home,466830.0,12,11.4,41346.36,0.99,18,1,20,Rented,West,Active,0
CUST00168,Male,29,Bachelor's,Retired,Married,2,19364.0,671,0,LOAN00168,Personal,35357.0,120,14.05,550.04,0.3409,18,0,9,Mortgaged,West,Active,0
CUST01034,Male,52,High School,Employed,Single,0,71400.0,538,3,LOAN01034,Home,185077.0,120,11.29,2579.91,0.4336,26,3,5,Mortgaged,South,Active,0
CUST01516,Male,56,High School,Unemployed,Widowed,4,19959.0,661,2,LOAN01516,Personal,37624.0,12,8.19,3276.16,0.99,0,0,6,,North,Active,0
CUST00189,Male,40,Other,Employed,Single,4,49575.0,551,2,LOAN00189,Education,5583.0,60,12.0,124.19,0.0301,21,0,5,Mortgaged,Central,Active,0
CUST01063,Female,44,Bachelor's,Employed,Divorced,3,88348.0,714,1,LOAN01063,Home,92324.0,180,7.06,832.93,0.1131,19,0,13,Rented,West,Active,0
CUST00044,Female,25,Bachelor's,Employed,Married,2,59379.0,606,0,LOAN00044,Personal,47596.0,60,8.31,972.15,0.1965,15,0,3,Mortgaged,North,Active,0
CUST01809,Male,60,High School,Retired,Married,1,13819.0,665,1,LOAN01809,Personal,35108.0,240,7.68,286.7,0.249,13,0,7,Mortgaged,East,Active,0
CUST00010,Female,62,Bachelor's,Unemployed,Widowed,1,20431.0,562,0,LOAN00010,Personal,18023.0,48,13.52,488.18,0.2867,0,0,11,,South,Active,0
CUST01343,Female,33,Master's,Employed,Widowed,1,124891.0,740,2,LOAN01343,Business,54575.0,36,6.74,1678.64,0.1613,6,0,1,Rented,West,Active,0
CUST00148,Male,23,Bachelor's,Self-Employed,Divorced,4,147833.0,686,1,LOAN00148,Home,129541.0,24,13.83,6209.24,0.504,14,0,8,Mortgaged,East,Active,0
CUST01823,Female,35,High School,Employed,Married,3,100912.0,623,2,LOAN01823,Auto,56340.0,120,10.36,755.81,0.0899,16,1,6,Rented,Central,Active,0
CUST00014,Male,64,Master's,Employed,Married,1,149942.0,698,0,LOAN00014,Auto,34201.0,180,16.27,508.76,0.0407,20,1,21,Mortgaged,North,Active,0
CUST00390,Female,37,Master's,Self-Employed,Divorced,1,98456.0,627,3,LOAN00390,Personal,45751.0,12,5.59,3929.01,0.4789,12,1,15,Rented,Central,Active,0
CUST01474,Male,42,Bachelor's,Employed,Divorced,2,105419.0,716,1,LOAN01474,Education,31782.0,180,6.23,272.16,0.031,11,1,19,Rented,North,Active,0
CUST01625,Male,34,Bachelor's,Retired,Single,4,28680.0,802,2,LOAN01625,Education,70858.0,240,12.57,808.55,0.3383,14,0,8,Owned,West,Active,0
CUST01664,Male,41,Bachelor's,Employed,Divorced,3,65297.0,653,0,LOAN01664,Home,300740.0,120,17.6,5341.68,0.9817,3,0,24,Owned,Central,Active,0
CUST01201,Female,24,Bachelor's,Unemployed,Married,5,27933.0,654,0,LOAN01201,Education,35836.0,12,10.98,3166.91,0.99,0,0,1,Owned,Central,Active,0
CUST00716,Female,32,Master's,Unemployed,Divorced,2,21041.0,688,2,LOAN00716,Home,149937.0,180,12.01,1800.46,0.99,0,0,17,Rented,South,Active,0
CUST01103,Female,48,Bachelor's,Employed,Widowed,2,124328.0,525,2,LOAN01103,Education,54790.0,12,14.66,4936.47,0.4765,17,0,16,Mortgaged,East,Active,0
CUST01826,Male,28,Other,Employed,Single,0,97113.0,570,0,LOAN01826,Personal,29578.0,60,14.25,692.07,0.0855,15,0,16,,West,Active,0
CUST00587,Male,50,Bachelor's,Employed,Divorced,4,85329.0,603,0,LOAN00587,Home,138976.0,84,13.62,2575.33,0.3622,19,0,5,,Central,Active,0
CUST00833,Male,51,High School,Unemployed,Single,5,18709.0,578,2,LOAN00833,Personal,24214.0,36,4.0,714.89,0.4585,0,0,12,,South,Active,0
CUST01657,Female,25,Bachelor's,Employed,Married,1,107932.0,649,1,LOAN01657,Home,164694.0,180,7.42,1519.26,0.1689,0,0,6,Mortgaged,South,Active,0
CUST01536,Male,52,High School,Employed,Married,1,98264.0,613,1,LOAN01536,Home,174154.0,84,11.44,3022.38,0.3691,18,0,5,Owned,Central,Active,0
CUST01050,Male,65,Bachelor's,Employed,Single,1,148181.0,612,0,LOAN01050,Personal,41398.0,48,14.2,1135.42,0.0919,14,2,23,Rented,East,Active,0
CUST00717,Female,22,Other,Employed,Single,0,145199.0,690,4,LOAN00717,Auto,25136.0,24,11.56,1178.08,0.0974,15,1,8,,Central,Active,0
CUST00597,Female,38,Bachelor's,Employed,Married,1,62089.0,713,3,LOAN00597,Auto,22161.0,84,11.43,384.48,0.0743,18,0,17,Rented,North,Active,0
CUST00836,Male,38,High School,Employed,Divorced,2,37048.0,479,1,LOAN00836,Personal,3658.0,84,4.25,50.42,0.0163,28,0,5,Rented,North,Active,0
CUST00688,Male,27,High School,Self-Employed,Single,2,126319.0,637,2,LOAN00688,Personal,40413.0,180,9.23,415.44,0.0395,9,0,15,Rented,South,Active,0
CUST01307,Female,62,Master's,Retired,Married,3,24175.0,734,1,LOAN01307,Personal,27060.0,24,9.5,1242.45,0.6167,17,0,8,Rented,East,Active,0
CUST00936,Male,23,Other,Unemployed,Divorced,1,30437.0,652,1,LOAN00936,Home,487595.0,36,13.01,16431.35,0.99,0,0,23,Mortgaged,North,Active,0
CUST00026,Female,27,Bachelor's,Retired,Married,1,10016.0,556,0,LOAN00026,Education,30000.0,120,9.37,386.06,0.4625,18,0,1,Mortgaged,Central,Active,0
CUST00732,Female,21,Bachelor's,Self-Employed,Divorced,1,69305.0,766,1,LOAN00732,Auto,44562.0,180,11.69,525.96,0.0911,14,0,23,Rented,South,Active,0
CUST01458,Female,46,Bachelor's,Employed,Divorced,0,129201.0,622,1,LOAN01458,Education,39644.0,12,8.56,3458.84,0.3213,3,0,15,Rented,South,Active,0
CUST00588,Male,62,High School,Employed,Married,0,39217.0,584,4,LOAN00588,Home,363879.0,24,6.03,16132.26,0.99,3,0,20,Rented,East,Active,0
CUST01178,Male,54,Bachelor's,Employed,Married,1,70075.0,583,1,LOAN01178,Home,214624.0,12,12.16,19085.15,0.99,9,0,20,Rented,North,Active,0
CUST00116,Female,53,Bachelor's,Self-Employed,Single,2,65539.0,709,1,LOAN00116,Auto,33038.0,120,15.34,539.92,0.0989,12,0,4,Rented,North,Active,0
CUST00025,Male,47,High School,Self-Employed,Single,0,107989.0,754,0,LOAN00025,Home,200819.0,180,11.74,2376.68,0.2641,7,0,13,Mortgaged,South,Active,0
CUST00371,Male,42,High School,Employed,Single,0,77796.0,713,1,LOAN00371,Personal,26836.0,180,13.92,355.94,0.0549,8,0,14,Rented,East,Active,0
CUST00579,Male,24,High School,Employed,Single,0,39047.0,483,1,LOAN00579,Home,167773.0,84,13.28,3077.72,0.9459,16,0,20,Rented,West,Active,0
CUST00097,Male,24,Other,Self-Employed,Widowed,0,71936.0,611,0,LOAN00097,Personal,11693.0,60,10.32,250.29,0.0418,6,0,4,Rented,East,Active,0
CUST01919,Male,52,High School,Unemployed,Divorced,2,69622.0,505,2,LOAN01919,Personal,41702.0,84,13.54,770.94,0.4409,0,0,24,,North,Active,0
CUST01529,Female,21,Bachelor's,Employed,Married,3,149618.0,547,2,LOAN01529,Business,106079.0,36,4.0,3131.87,0.2512,19,0,12,Rented,South,Active,0
CUST01448,Female,49,Bachelor's,Employed,Married,1,60493.0,747,1,LOAN01448,Personal,31044.0,48,5.07,715.91,0.142,9,0,5,Owned,West,Active,0
CUST00100,Male,60,Master's,Employed,Divorced,1,143858.0,621,0,LOAN00100,Education,71391.0,120,10.96,981.8,0.0819,3,0,9,Mortgaged,East,Active,0
CUST01955,Female,41,Bachelor's,Employed,Single,3,128753.0,624,0,LOAN01955,Personal,39225.0,180,7.54,364.51,0.034,11,0,21,Rented,North,Active,0
CUST01495,Female,35,Master's,Employed,Single,4,139839.0,660,1,LOAN01495,Auto,28059.0,120,16.22,473.88,0.0407,12,2,20,Mortgaged,East,Active,0
CUST01711,Male,62,High School,Employed,Single,4,111213.0,677,2,LOAN01711,Personal,43753.0,60,15.92,1062.13,0.1146,16,2,7,Mortgaged,West,Active,0
CUST00358,Female,46,Master's,Employed,Widowed,1,37019.0,612,2,LOAN00358,Home,357461.0,36,8.23,11239.5,0.99,18,0,13,Owned,South,Active,0
CUST01455,Male,61,Master's,Self-Employed,Single,3,97602.0,687,3,LOAN01455,Business,85978.0,120,9.59,1116.78,0.1373,3,1,10,Rented,Central,Active,0
CUST00977,Female,40,High School,Employed,Married,0,140670.0,741,0,LOAN00977,Personal,12411.0,36,9.37,396.81,0.0339,27,0,24,Owned,North,Active,0
CUST01617,Female,27,Master's,Employed,Single,2,125836.0,718,2,LOAN01617,Business,97059.0,240,10.99,1001.17,0.0955,5,0,5,Owned,North,Active,0
CUST01389,Female,30,High School,Employed,Single,2,124243.0,664,2,LOAN01389,Home,467902.0,12,8.75,40864.5,0.99,24,2,5,,West,Active,0
CUST01200,Male,38,Bachelor's,Employed,Married,1,50577.0,786,1,LOAN01200,Business,190313.0,120,12.41,2775.74,0.6586,2,0,3,,East,Active,0
CUST01355,Male,35,Master's,Employed,Single,4,45076.0,681,1,LOAN01355,Home,225117.0,120,5.87,2484.59,0.6614,3,1,18,,South,Active,0
CUST01324,Male,45,Other,Unemployed,Married,3,21726.0,630,4,LOAN01324,Home,353941.0,120,9.55,4589.6,0.99,0,0,16,Mortgaged,North,Active,0
CUST01505,Male,49,High School,Employed,Married,0,125482.0,574,2,LOAN01505,Auto,40641.0,36,12.58,1361.15,0.1302,3,1,6,Mortgaged,Central,Active,0
CUST00271,Female,47,Master's,Employed,Married,2,69300.0,802,1,LOAN00271,Personal,43599.0,48,14.09,1193.38,0.2066,15,0,21,Owned,Central,Active,0
CUST00119,Female,26,Bachelor's,Employed,Divorced,1,101054.0,633,0,LOAN00119,Personal,7067.0,180,9.36,73.2,0.01,14,0,15,Mortgaged,Central,Active,0
CUST00118,Male,55,Bachelor's,Retired,Single,0,20033.0,850,4,LOAN00118,Personal,23375.0,36,4.0,690.12,0.4134,16,3,7,Rented,North,Active,0
CUST01907,Female,40,PhD,Employed,Married,0,59473.0,697,1,LOAN01907,Education,21919.0,48,14.99,609.91,0.1231,12,0,18,Rented,East,Active,0
CUST01011,Male,45,Bachelor's,Self-Employed,Single,0,31987.0,666,0,LOAN01011,Business,36486.0,120,7.82,439.21,0.1648,7,0,21,Owned,East,Active,0
CUST00675,Male,31,Other,Employed,Widowed,2,63326.0,574,1,LOAN00675,Home,242675.0,84,10.47,4087.87,0.7746,1,0,2,Owned,South,Active,0
CUST00984,Male,47,High School,Employed,Single,5,120855.0,719,0,LOAN00984,Home,284247.0,84,11.26,4905.95,0.4871,23,0,6,Owned,Central,Active,0
CUST01372,Male,39,Bachelor's,Unemployed,Single,2,14234.0,637,2,LOAN01372,Personal,27322.0,84,5.13,387.84,0.327,0,0,1,,West,Active,0
CUST01331,Female,35,High School,Self-Employed,Married,1,39297.0,593,1,LOAN01331,Education,76698.0,48,15.38,2149.37,0.6563,4,1,1,,South,Active,0
CUST00165,Male,26,Bachelor's,Employed,Divorced,1,64571.0,621,1,LOAN00165,Home,325946.0,36,5.27,9808.46,0.99,22,0,19,Owned,South,Active,0
CUST01829,Female,65,High School,Employed,Married,0,68653.0,643,2,LOAN01829,Auto,21999.0,48,7.44,531.3,0.0929,7,0,23,Owned,South,Active,0
CUST01488,Female,55,PhD,Employed,Married,0,60608.0,565,4,LOAN01488,Personal,19488.0,84,16.85,396.57,0.0785,8,1,20,Owned,West,Active,0
CUST01796,Male,38,Bachelor's,Self-Employed,Single,2,149191.0,700,0,LOAN01796,Auto,28083.0,12,5.55,2411.2,0.1939,10,1,24,Rented,Central,Active,0
CUST01152,Female,30,Bachelor's,Employed,Single,2,60783.0,648,0,LOAN01152,Education,23898.0,240,11.25,250.75,0.0495,4,1,13,Mortgaged,North,Active,0
CUST01628,Male,58,High School,Employed,Married,0,121937.0,742,0,LOAN01628,Auto,23040.0,48,9.44,578.18,0.0569,14,1,19,Owned,North,Active,0
CUST00143,Male,26,Master's,Employed,Divorced,1,42442.0,602,1,LOAN00143,Auto,57982.0,48,10.86,1494.64,0.4226,0,0,7,Rented,North,Active,0
CUST00114,Female,28,Master's,Employed,Married,2,36800.0,644,3,LOAN00114,Personal,36198.0,120,6.69,414.53,0.1352,12,0,2,Rented,South,Active,0
CUST01785,Female,22,Bachelor's,Employed,Single,3,79314.0,821,2,LOAN01785,Personal,43346.0,180,14.77,599.85,0.0908,12,2,5,Rented,East,Active,0
CUST00379,Female,54,Bachelor's,Employed,Single,2,143782.0,730,1,LOAN00379,Auto,54376.0,120,4.85,572.76,0.0478,11,1,11,Mortgaged,West,Active,0
CUST00064,Male,48,Bachelor's,Employed,Married,0,70800.0,560,3,LOAN00064,Personal,43735.0,84,7.08,661.79,0.1122,27,0,22,Mortgaged,North,Active,0
CUST00756,Female,58,Bachelor's,Employed,Married,1,46057.0,717,1,LOAN00756,Education,47184.0,120,6.97,547.12,0.1426,23,0,11,Rented,North,Active,0
CUST01400,Female,27,Bachelor's,Employed,Widowed,2,64247.0,663,2,LOAN01400,Personal,7179.0,84,7.14,108.84,0.0203,9,2,7,Owned,Central,Defaulted,1
CUST00187,Female,24,Bachelor's,Employed,Divorced,0,132033.0,707,0,LOAN00187,Business,137608.0,24,12.97,6540.2,0.5944,5,0,11,Rented,East,Active,0
CUST00949,Female,33,Bachelor's,Unemployed,Married,1,26261.0,648,4,LOAN00949,Personal,22410.0,48,4.0,506.0,0.2312,0,0,12,Rented,South,Active,0
CUST01634,Female,48,Bachelor's,Employed,Married,1,80511.0,824,2,LOAN01634,Education,63877.0,12,10.46,5629.48,0.8391,28,0,3,Rented,South,Active,0
CUST01016,Female,60,Bachelor's,Employed,Married,2,106970.0,650,1,LOAN01016,Personal,49960.0,36,4.0,1475.02,0.1655,26,1,3,Rented,East,Active,0
CUST00295,Male,48,Other,Employed,Divorced,2,51125.0,639,1,LOAN00295,Home,132672.0,120,6.12,1480.94,0.3476,22,3,8,Rented,Central,Active,0
CUST01262,Female,44,Master's,Employed,Married,2,47705.0,667,3,LOAN01262,Education,10853.0,120,17.25,190.35,0.0479,21,2,3,Owned,East,Active,0
CUST01196,Female,65,Other,Employed,Married,2,47216.0,530,0,LOAN01196,Personal,17596.0,12,9.78,1545.17,0.3927,1,1,14,,South,Active,0
CUST00287,Male,58,High School,Employed,Divorced,1,141421.0,613,1,LOAN00287,Business,166110.0,84,13.12,3032.71,0.2573,11,0,16,Rented,South,Active,0
CUST01913,Female,28,High School,Employed,Single,1,90683.0,472,0,LOAN01913,Education,49851.0,120,14.19,779.72,0.1032,10,0,11,Mortgaged,West,Active,0
CUST01328,Female,44,High School,Employed,Single,2,111560.0,714,1,LOAN01328,Personal,40986.0,240,12.7,471.45,0.0507,18,2,9,,Central,Active,0
CUST00301,Male,39,PhD,Employed,Divorced,4,118116.0,650,1,LOAN00301,Auto,34011.0,180,14.41,462.35,0.047,14,0,9,Owned,Central,Active,0
CUST00830,Male,61,Bachelor's,Self-Employed,Single,2,145725.0,778,1,LOAN00830,Personal,28798.0,84,15.26,559.92,0.0461,17,0,9,Rented,South,Active,0
CUST00316,Female,50,Master's,Retired,Divorced,2,30702.0,806,1,LOAN00316,Business,164100.0,12,9.88,14417.84,0.99,30,0,21,Owned,South,Active,0
CUST00883,Male,64,Bachelor's,Retired,Single,2,10458.0,592,3,LOAN00883,Home,258587.0,180,15.65,3734.96,0.99,14,0,12,Rented,North,Active,0
CUST01550,Female,47,Master's,Self-Employed,Married,2,110263.0,805,1,LOAN01550,Business,197237.0,120,13.41,2992.85,0.3257,11,0,8,Owned,South,Active,0
CUST00360,Female,42,High School,Employed,Married,2,91690.0,627,2,LOAN00360,Personal,5033.0,36,7.84,157.34,0.0206,13,0,5,Mortgaged,Central,Active,0
CUST00131,Male,48,Master's,Unemployed,Married,0,17687.0,635,1,LOAN00131,Auto,25876.0,36,11.05,847.76,0.5752,0,0,7,,West,Active,0
CUST01877,Female,32,Master's,Unemployed,Single,2,24498.0,572,0,LOAN01877,Education,52561.0,12,17.2,4798.8,0.99,0,0,13,Mortgaged,South,Active,0
CUST01257,Male,60,Bachelor's,Unemployed,Married,1,12118.0,617,0,LOAN01257,Education,9934.0,240,4.0,60.2,0.0596,0,0,7,Mortgaged,Central,Active,0
CUST00190,Male,54,Other,Employed,Single,2,88940.0,682,1,LOAN00190,Home,278823.0,24,13.17,13278.03,0.99,7,0,4,Mortgaged,North,Active,0
CUST00028,Male,35,Master's,Employed,Divorced,2,104225.0,701,1,LOAN00028,Home,411310.0,12,7.14,35615.87,0.99,15,1,8,Owned,East,Active,0
CUST00501,Female,37,High School,Unemployed,Married,1,29478.0,756,0,LOAN00501,Home,384850.0,120,10.83,5264.34,0.99,0,0,10,Mortgaged,West,Active,0
CUST00573,Male,25,Bachelor's,Employed,Single,2,41164.0,730,0,LOAN00573,Personal,33175.0,60,13.73,767.29,0.2237,2,1,6,Mortgaged,West,Active,0
CUST00906,Female,64,PhD,Unemployed,Married,1,23601.0,746,0,LOAN00906,Home,235559.0,24,13.93,11302.08,0.99,0,0,1,,West,Active,0
CUST00736,Female,21,Master's,Employed,Single,3,60085.0,656,1,LOAN00736,Home,453590.0,48,10.91,11703.46,0.99,3,1,7,,South,Active,0
CUST01623,Female,21,Bachelor's,Employed,Single,1,122229.0,698,3,LOAN01623,Personal,47245.0,48,9.56,1188.3,0.1167,0,0,4,Rented,North,Active,0
CUST01150,Female,29,Bachelor's,Unemployed,Married,2,31471.0,733,1,LOAN01150,Auto,11462.0,48,6.14,269.92,0.1029,0,2,14,Owned,East,Active,0
CUST01894,Male,47,Master's,Unemployed,Divorced,2,17145.0,714,1,LOAN01894,Home,463589.0,24,14.99,22475.67,0.99,0,0,5,,Central,Active,0
CUST00747,Male,22,Master's,Self-Employed,Married,1,38198.0,757,1,LOAN00747,Home,195145.0,180,15.87,2848.43,0.8948,0,0,13,Rented,North,Active,0
CUST00849,Male,48,Bachelor's,Self-Employed,Widowed,2,41023.0,685,2,LOAN00849,Home,306277.0,120,12.9,4555.0,0.99,25,1,12,Owned,Central,Active,0
CUST01095,Male,63,Bachelor's,Employed,Divorced,0,36092.0,691,2,LOAN01095,Personal,46146.0,60,4.73,865.14,0.2876,13,0,20,Rented,North,Active,0
CUST01794,Female,48,Bachelor's,Employed,Divorced,2,91902.0,739,0,LOAN01794,Education,10566.0,240,12.08,116.93,0.0153,16,0,5,Owned,South,Active,0
CUST01566,Male,63,High School,Self-Employed,Divorced,1,52970.0,608,1,LOAN01566,Auto,13356.0,180,13.62,174.47,0.0395,14,2,22,Owned,South,Active,0
CUST01166,Female,42,Master's,Self-Employed,Divorced,2,48857.0,567,1,LOAN01166,Education,40942.0,120,11.16,567.69,0.1394,26,0,16,Rented,Central,Active,0
CUST01612,Female,42,High School,Employed,Married,0,141038.0,553,3,LOAN01612,Auto,16277.0,12,5.81,1399.48,0.1191,1,1,6,Owned,South,Active,0
CUST00267,Female,53,Master's,Employed,Single,1,81319.0,627,0,LOAN00267,Home,474327.0,84,9.04,7641.12,0.99,18,1,1,Mortgaged,Central,Active,0
CUST01470,Female,22,PhD,Employed,Married,0,73167.0,668,0,LOAN01470,Auto,11405.0,60,13.37,261.66,0.0429,11,0,12,,East,Active,0
CUST00652,Male,54,Bachelor's,Employed,Single,2,145036.0,598,1,LOAN00652,Home,382740.0,36,8.37,12059.12,0.99,7,0,5,Rented,North,Active,0
CUST00326,Female,36,High School,Unemployed,Divorced,2,32440.0,634,1,LOAN00326,Home,303254.0,48,8.59,7487.59,0.99,0,0,22,Rented,West,Active,0
CUST01544,Male,45,Bachelor's,Employed,Married,2,115513.0,521,2,LOAN01544,Home,361328.0,24,8.49,16422.76,0.99,8,0,10,,North,Defaulted,1
CUST00870,Female,49,Master's,Employed,Single,0,68196.0,741,1,LOAN00870,Home,413679.0,24,7.25,18568.4,0.99,13,2,15,Mortgaged,West,Active,0
CUST01883,Female,23,High School,Self-Employed,Married,0,82196.0,519,1,LOAN01883,Home,327859.0,120,7.5,3891.74,0.5682,30,0,17,Owned,East,Active,0
CUST00076,Female,41,High School,Unemployed,Divorced,0,17400.0,590,1,LOAN00076,Home,415507.0,120,11.23,5777.84,0.99,0,2,23,Rented,Central,Active,0
CUST01873,Male,36,Other,Employed,Married,3,145095.0,559,0,LOAN01873,Personal,45911.0,120,13.14,689.3,0.057,28,1,23,Mortgaged,South,Active,0
CUST01288,Male,56,Bachelor's,Self-Employed,Married,1,108950.0,718,1,LOAN01288,Auto,21388.0,48,13.69,581.14,0.064,1,2,8,,South,Active,0
CUST00699,Male,39,PhD,Employed,Single,3,80629.0,533,0,LOAN00699,Home,410023.0,240,4.0,2484.66,0.3698,11,0,15,Rented,West,Active,0
CUST01322,Male,58,PhD,Employed,Divorced,5,35272.0,596,0,LOAN01322,Personal,32296.0,180,9.19,331.23,0.1127,12,0,23,Owned,South,Active,0
CUST00743,Female,29,Master's,Employed,Single,0,117151.0,557,1,LOAN00743,Home,363485.0,180,9.75,3850.62,0.3944,20,2,18,Rented,South,Active,0
CUST01272,Female,61,High School,Self-Employed,Divorced,4,66180.0,797,0,LOAN01272,Home,471816.0,60,12.01,10497.67,0.99,1,2,6,Owned,East,Active,0
CUST01351,Female,21,Master's,Employed,Single,2,56578.0,686,3,LOAN01351,Education,74908.0,48,6.24,1767.47,0.3749,30,3,5,Rented,East,Active,0
CUST00545,Female,48,Master's,Self-Employed,Married,1,59778.0,646,1,LOAN00545,Personal,33626.0,180,6.64,295.51,0.0593,17,1,24,Rented,Central,Active,0
CUST01303,Male,41,Master's,Employed,Married,2,33405.0,657,1,LOAN01303,Business,67471.0,84,10.38,1133.39,0.4071,17,0,17,Mortgaged,South,Active,0
CUST00181,Male,51,High School,Self-Employed,Single,5,96758.0,577,1,LOAN00181,Home,377048.0,48,9.94,9552.05,0.99,16,0,9,Rented,East,Active,0
CUST00748,Female,60,Master's,Employed,Married,2,64354.0,678,0,LOAN00748,Home,337293.0,48,4.0,7615.76,0.99,12,0,19,Rented,East,Active,0
CUST00685,Female,38,Bachelor's,Employed,Married,1,137158.0,654,4,LOAN00685,Home,460510.0,24,10.16,21284.22,0.99,29,1,15,Rented,North,Active,0
CUST01467,Female,45,Bachelor's,Employed,Divorced,2,85578.0,635,2,LOAN01467,Home,440392.0,120,12.6,6472.03,0.9075,29,0,23,Rented,North,Active,0
CUST00377,Female,22,High School,Employed,Divorced,5,67677.0,683,0,LOAN00377,Personal,25362.0,240,13.21,300.94,0.0534,3,1,22,,South,Active,0
CUST01831,Female,52,Master's,Retired,Widowed,3,31951.0,650,0,LOAN01831,Personal,28976.0,84,19.31,631.46,0.2372,6,1,22,,North,Active,0
CUST00024,Male,53,High School,Employed,Single,0,50501.0,589,2,LOAN00024,Personal,7022.0,180,10.07,75.76,0.018,12,0,12,Rented,South,Active,0
CUST00347,Female,52,Bachelor's,Unemployed,Single,2,17504.0,667,0,LOAN00347,Personal,35713.0,36,11.08,1170.55,0.8025,0,1,8,Rented,Central,Active,0
CUST01639,Female,40,Bachelor's,Employed,Divorced,3,33236.0,683,0,LOAN01639,Personal,20868.0,24,17.5,1036.78,0.3743,14,1,11,Mortgaged,South,Active,0
CUST00563,Male,58,Bachelor's,Employed,Married,2,81673.0,585,0,LOAN00563,Business,123719.0,24,5.86,5475.5,0.8045,30,1,20,Mortgaged,Central,Active,0
CUST01718,Female,48,Master's,Self-Employed,Single,2,138190.0,628,0,LOAN01718,Education,19584.0,60,9.11,407.58,0.0354,29,2,8,,Central,Active,0
CUST00009,Female,51,High School,Employed,Widowed,3,108167.0,648,2,LOAN00009,Education,69889.0,60,10.17,1490.79,0.1654,27,0,17,Owned,Central,Active,0
CUST00229,Female,64,Master's,Employed,Married,2,52555.0,731,1,LOAN00229,Home,395247.0,36,10.62,12868.87,0.99,7,0,19,Owned,North,Active,0
CUST00490,Female,40,High School,Unemployed,Widowed,0,19039.0,546,2,LOAN00490,Home,150565.0,24,9.73,6929.06,0.99,0,0,2,Rented,North,Active,0
CUST00214,Male,46,High School,Employed,Divorced,3,31908.0,719,0,LOAN00214,Auto,37854.0,240,16.06,528.35,0.1987,12,0,9,Rented,North,Active,0
CUST01979,Female,39,Master's,Self-Employed,Married,2,69622.0,558,0,LOAN01979,Business,79888.0,84,9.34,1299.15,0.4181,12,0,13,Mortgaged,West,Active,0
CUST01017,Male,23,Master's,Self-Employed,Widowed,2,93805.0,586,0,LOAN01017,Personal,40835.0,48,6.85,975.01,0.1247,2,3,21,Mortgaged,North,Active,0
CUST00450,Male,28,High School,Employed,Married,0,114217.0,717,0,LOAN00450,Education,61827.0,12,9.04,5408.01,0.5682,14,2,9,Owned,East,Active,0
CUST01704,Male,52,Bachelor's,Employed,Married,2,46494.0,588,1,LOAN01704,Personal,27563.0,24,18.8,1386.74,0.3579,25,0,16,Owned,East,Active,0
CUST00016,Male,65,Bachelor's,Employed,Divorced,1,147886.0,537,1,LOAN00016,Education,45579.0,240,8.99,409.79,0.0333,17,0,9,Mortgaged,Central,Active,0
CUST01477,Female,59,Bachelor's,Employed,Married,1,117753.0,523,0,LOAN01477,Personal,9773.0,60,11.26,213.76,0.0218,29,3,5,Rented,Central,Active,0
CUST01777,Female,61,Other,Employed,Married,0,41565.0,647,2,LOAN01777,Education,26640.0,240,4.5,168.54,0.0487,3,0,7,Rented,North,Active,0
CUST01940,Male,63,High School,Employed,Married,1,110562.0,648,0,LOAN01940,Business,78581.0,36,7.48,2443.64,0.2652,26,0,16,Owned,South,Active,0
CUST01305,Female,36,Master's,Self-Employed,Married,2,40862.0,578,1,LOAN01305,Personal,5939.0,240,9.32,54.66,0.0161,16,1,17,Owned,East,Active,0
CUST00856,Male,54,Bachelor's,Employed,Single,0,106681.0,510,0,LOAN00856,Auto,18904.0,48,8.51,466.04,0.0524,9,1,1,Owned,West,Active,0
CUST00547,Male,27,Master's,Self-Employed,Widowed,3,42651.0,763,2,LOAN00547,Home,498993.0,24,13.14,23755.86,0.99,19,0,13,Mortgaged,Central,Active,0
CUST01157,Male,62,Bachelor's,Employed,Married,4,46713.0,667,1,LOAN01157,Education,12992.0,60,12.94,295.21,0.0758,20,0,5,Rented,South,Active,0
CUST00807,Female,30,High School,Employed,Widowed,2,30792.0,524,4,LOAN00807,Personal,19013.0,48,4.0,429.3,0.1673,10,2,15,Rented,Central,Active,0
CUST00355,Male,35,Bachelor's,Unemployed,Married,1,28440.0,656,4,LOAN00355,Home,124617.0,36,12.22,4152.17,0.99,0,3,23,Rented,East,Active,0
CUST00738,Female,57,Master's,Employed,Married,0,113845.0,600,0,LOAN00738,Home,236526.0,36,8.61,7478.61,0.7883,28,1,19,Mortgaged,South,Active,0
CUST00208,Female,54,High School,Employed,Single,1,141264.0,626,0,LOAN00208,Home,242171.0,48,9.82,6121.17,0.52,1,0,18,Owned,West,Active,0
CUST01594,Male,59,High School,Employed,Married,0,59639.0,593,2,LOAN01594,Auto,52579.0,180,4.0,388.92,0.0783,2,0,12,Rented,Central,Active,0
CUST00729,Male,50,Bachelor's,Unemployed,Single,2,32407.0,651,2,LOAN00729,Auto,59475.0,84,10.15,991.97,0.3673,0,1,18,Rented,East,Active,0
CUST01078,Female,25,Bachelor's,Self-Employed,Married,3,144440.0,604,3,LOAN01078,Auto,10645.0,12,11.25,942.06,0.0783,7,0,12,Rented,East,Active,0
CUST00417,Male,63,Bachelor's,Employed,Married,2,53958.0,630,0,LOAN00417,Personal,9990.0,36,5.71,302.6,0.0673,16,1,15,Rented,East,Active,0
CUST01427,Male,50,Bachelor's,Employed,Married,2,120153.0,600,0,LOAN01427,Home,354657.0,12,11.65,31452.81,0.99,21,2,24,Owned,South,Active,0
CUST01936,Female,58,High School,Self-Employed,Married,2,122345.0,637,1,LOAN01936,Personal,3497.0,180,12.35,42.76,0.01,14,0,6,Owned,North,Active,0
CUST01171,Female,64,Other,Employed,Married,4,89169.0,666,1,LOAN01171,Personal,13502.0,48,11.54,352.52,0.0474,28,1,6,Rented,South,Active,0
CUST00692,Male,28,High School,Employed,Divorced,1,87505.0,737,1,LOAN00692,Personal,7010.0,36,6.89,216.1,0.0296,23,3,24,,South,Active,0
CUST00443,Male,32,Bachelor's,Self-Employed,Divorced,0,87702.0,676,2,LOAN00443,Personal,48548.0,60,4.0,894.09,0.1223,12,0,21,Mortgaged,West,Active,0
CUST01096,Male,64,High School,Employed,Married,1,65674.0,719,2,LOAN01096,Home,94263.0,48,14.79,2613.39,0.4775,23,2,19,Owned,South,Active,0
CUST00644,Male,28,High School,Employed,Single,1,89426.0,661,3,LOAN00644,Personal,2583.0,180,18.55,42.62,0.01,8,3,18,Rented,East,Active,0
CUST00537,Female,60,High School,Employed,Married,2,118636.0,654,0,LOAN00537,Business,145710.0,240,15.03,1921.92,0.1944,8,2,19,Owned,South,Active,0
CUST00349,Male,28,High School,Retired,Divorced,4,28471.0,632,3,LOAN00349,Education,14323.0,180,13.48,185.77,0.0783,9,0,3,Rented,West,Active,0
CUST01356,Female,56,High School,Employed,Married,2,49377.0,684,0,LOAN01356,Education,22650.0,48,18.06,666.05,0.1619,14,0,7,Owned,East,Active,0
CUST00404,Female,55,Bachelor's,Employed,Single,2,127392.0,686,2,LOAN00404,Home,144627.0,120,4.37,1489.84,0.1403,18,1,7,Mortgaged,Central,Active,0
CUST00363,Male,58,Bachelor's,Retired,Married,2,23336.0,577,1,LOAN00363,Personal,32995.0,180,11.12,377.51,0.1941,12,0,9,Owned,North,Active,0
CUST00027,Male,26,Bachelor's,Unemployed,Married,2,69622.0,648,1,LOAN00027,Auto,56828.0,84,12.15,1007.73,0.6605,0,0,4,Owned,North,Active,0
CUST01543,Female,41,Bachelor's,Unemployed,Married,0,26992.0,683,1,LOAN01543,Home,198690.0,12,7.5,17237.83,0.99,0,1,24,Mortgaged,North,Active,0
CUST01172,Female,33,PhD,Employed,Single,1,116366.0,633,3,LOAN01172,Auto,11775.0,180,4.69,91.23,0.01,19,0,13,Owned,East,Active,0
CUST00178,Male,24,Master's,Self-Employed,Married,3,41230.0,786,1,LOAN00178,Business,188728.0,48,14.72,5225.69,0.99,1,0,16,Rented,South,Active,0
CUST01929,Female,33,Master's,Employed,Married,3,53439.0,614,1,LOAN01929,Home,194307.0,120,5.07,2067.58,0.4643,21,1,19,,South,Active,0
CUST01169,Male,49,Bachelor's,Self-Employed,Married,0,35364.0,729,0,LOAN01169,Personal,6214.0,12,7.94,540.37,0.1834,13,0,12,Rented,West,Active,0
CUST01380,Female,36,High School,Employed,Married,0,131281.0,577,0,LOAN01380,Home,94008.0,180,19.43,1611.61,0.1473,21,2,16,Rented,West,Active,0
CUST01281,Female,40,Master's,Unemployed,Married,5,22777.0,687,1,LOAN01281,Home,450302.0,24,6.81,20122.42,0.99,0,0,21,Owned,Central,Active,0
CUST00253,Female,58,Master's,Retired,Single,0,21106.0,556,1,LOAN00253,Home,156969.0,60,10.34,3361.45,0.99,4,0,22,Rented,West,Active,0
CUST00415,Female,41,PhD,Unemployed,Married,2,33874.0,809,1,LOAN00415,Auto,17373.0,48,13.06,466.59,0.1653,0,0,17,,South,Active,0
CUST00559,Female,63,Bachelor's,Unemployed,Divorced,4,23575.0,682,2,LOAN00559,Personal,36888.0,60,9.08,767.17,0.3905,0,0,17,Owned,Central,Active,0
CUST00554,Female,49,Bachelor's,Unemployed,Single,0,18261.0,850,3,LOAN00554,Business,198115.0,24,11.79,9306.54,0.99,0,1,16,,East,Active,0
CUST00194,Female,48,Bachelor's,Retired,Single,2,11436.0,542,1,LOAN00194,Personal,23827.0,180,7.56,221.69,0.2326,6,1,16,Rented,South,Active,0
CUST01967,Male,35,Master's,Self-Employed,Divorced,0,72427.0,676,2,LOAN01967,Business,127447.0,180,12.89,1603.3,0.2656,25,0,8,,North,Active,0
CUST00695,Male,37,Other,Self-Employed,Single,3,122062.0,578,2,LOAN00695,Business,78587.0,180,13.27,1008.32,0.0991,2,0,13,Rented,North,Active,0
CUST01885,Male,23,PhD,Employed,Married,4,34992.0,619,4,LOAN01885,Personal,36820.0,24,9.58,1691.93,0.5802,11,0,23,Owned,West,Active,0
CUST00446,Female,46,Bachelor's,Employed,Married,2,115107.0,712,0,LOAN00446,Home,306829.0,60,12.25,6864.07,0.7156,29,0,21,Owned,South,Active,0
CUST00801,Female,42,Bachelor's,Employed,Married,3,122607.0,608,1,LOAN00801,Personal,10706.0,36,17.07,382.07,0.0374,7,0,4,Owned,East,Active,0
CUST00919,Female,29,Bachelor's,Self-Employed,Widowed,1,129830.0,644,0,LOAN00919,Home,433385.0,24,8.74,19747.42,0.99,14,0,9,Rented,North,Active,0
CUST00979,Male,36,High School,Employed,Married,2,141296.0,549,0,LOAN00979,Personal,35856.0,60,7.52,718.82,0.061,1,0,23,Owned,Central,Active,0
CUST01459,Male,40,Bachelor's,Employed,Married,2,84327.0,685,1,LOAN01459,Home,304811.0,24,9.07,13935.0,0.99,22,0,14,Rented,West,Active,0
CUST00452,Female,47,High School,Retired,Married,2,30304.0,632,1,LOAN00452,Education,18457.0,60,5.72,354.43,0.1403,28,0,1,,East,Active,0
CUST01688,Male,43,PhD,Retired,Married,1,10700.0,687,0,LOAN01688,Personal,40928.0,180,7.58,381.27,0.4276,27,0,10,Mortgaged,Central,Active,0
CUST00465,Female,38,Master's,Retired,Married,3,12804.0,715,1,LOAN00465,Auto,29904.0,120,10.67,406.36,0.3808,30,1,4,Rented,South,Active,0
CUST00745,Male,56,Other,Retired,Single,2,19580.0,550,1,LOAN00745,Personal,34958.0,24,10.75,1625.26,0.99,21,1,1,,North,Active,0
CUST00459,Male,38,Bachelor's,Employed,Single,4,46775.0,591,0,LOAN00459,Personal,32555.0,48,7.78,791.41,0.203,6,1,3,Rented,South,Active,0
CUST01454,Female,48,High School,Unemployed,Single,2,12364.0,632,1,LOAN01454,Personal,37380.0,120,14.47,591.0,0.5736,0,0,23,Rented,South,Active,0
CUST00862,Male,33,Bachelor's,Unemployed,Married,1,19369.0,571,2,LOAN00862,Auto,39079.0,84,4.0,534.16,0.3309,0,3,20,Rented,Central,Active,0
CUST01006,Female,52,High School,Employed,Divorced,1,79264.0,613,3,LOAN01006,Personal,12355.0,84,15.97,245.18,0.0371,20,1,4,Rented,West,Active,0
CUST00370,Male,24,Master's,Unemployed,Married,2,27167.0,646,0,LOAN00370,Home,229812.0,12,9.19,20117.65,0.99,0,0,22,Rented,East,Active,0
CUST00485,Female,38,PhD,Employed,Widowed,3,32669.0,618,1,LOAN00485,Personal,10116.0,180,5.07,80.37,0.0295,29,2,5,,North,Active,0
CUST01139,Male,50,High School,Self-Employed,Married,1,77280.0,691,1,LOAN01139,Business,199847.0,180,15.13,2814.85,0.4371,11,3,18,Owned,Central,Active,0
CUST01660,Male,62,Bachelor's,Employed,Married,0,93401.0,676,1,LOAN01660,Business,21271.0,48,13.84,579.56,0.0745,6,0,15,Rented,East,Active,0
CUST00308,Male,29,Master's,Employed,Married,0,92167.0,607,1,LOAN00308,Home,282521.0,12,16.07,25642.73,0.99,22,0,9,Rented,South,Active,0
CUST00286,Male,46,High School,Employed,Single,3,90616.0,618,1,LOAN00286,Education,76152.0,84,6.51,1131.18,0.1498,28,0,15,Rented,North,Active,0
CUST01444,Male,30,Master's,Employed,Single,2,51199.0,668,0,LOAN01444,Auto,57604.0,48,16.59,1649.97,0.3867,30,0,24,Rented,East,Active,0
CUST01514,Male,41,Bachelor's,Retired,Married,2,17054.0,624,1,LOAN01514,Auto,20851.0,120,9.02,264.36,0.186,30,1,22,Mortgaged,South,Active,0
CUST01716,Female,39,Bachelor's,Employed,Single,1,107281.0,716,4,LOAN01716,Education,68180.0,24,12.41,3222.54,0.3605,15,1,8,Rented,Central,Active,0
CUST01931,Female,38,Master's,Self-Employed,Single,3,41101.0,659,0,LOAN01931,Personal,44360.0,12,11.0,3920.61,0.99,7,0,21,Rented,East,Active,0
CUST01779,Male,35,Bachelor's,Employed,Married,3,123304.0,614,0,LOAN01779,Personal,33107.0,24,12.96,1573.35,0.1531,23,0,21,,West,Active,0
CUST00621,Male,41,Other,Retired,Single,3,19907.0,607,1,LOAN00621,Home,432955.0,120,6.7,4960.29,0.99,21,0,23,,West,Active,0
CUST00661,Male,37,Bachelor's,Employed,Married,2,57848.0,670,1,LOAN00661,Education,61230.0,60,12.06,1363.88,0.2829,26,0,9,Mortgaged,North,Active,0
CUST01206,Female,40,High School,Employed,Single,1,30891.0,483,0,LOAN01206,Auto,47101.0,24,14.52,2273.04,0.883,14,0,20,Owned,North,Active,0
CUST01575,Male,50,Bachelor's,Unemployed,Married,0,20638.0,527,3,LOAN01575,Home,317660.0,48,6.63,7552.35,0.99,0,0,12,,Central,Active,0
CUST00705,Male,36,Bachelor's,Self-Employed,Divorced,1,130972.0,643,1,LOAN00705,Personal,10555.0,12,14.78,951.58,0.0872,10,3,14,Owned,West,Active,0
CUST00636,Male,38,Master's,Employed,Divorced,3,107236.0,648,2,LOAN00636,Personal,42780.0,120,14.8,684.96,0.0766,30,0,5,Mortgaged,North,Active,0
CUST01252,Male,57,Bachelor's,Employed,Married,0,104861.0,763,1,LOAN01252,Personal,32134.0,120,11.45,450.87,0.0516,3,3,20,Owned,North,Active,0
CUST00098,Male,42,Bachelor's,Employed,Married,1,59372.0,704,1,LOAN00098,Personal,40970.0,36,15.87,1437.76,0.2906,2,0,24,Mortgaged,East,Active,0
CUST00780,Female,33,PhD,Employed,Married,2,34629.0,655,1,LOAN00780,Auto,34479.0,84,4.0,471.29,0.1633,14,0,20,Owned,South,Active,0
CUST01313,Female,31,Bachelor's,Self-Employed,Single,4,134152.0,556,1,LOAN01313,Personal,11154.0,60,4.8,209.47,0.0187,25,1,19,Owned,Central,Active,0
CUST00755,Male,51,Bachelor's,Employed,Single,3,70857.0,723,1,LOAN00755,Auto,53633.0,24,9.92,2472.91,0.4188,10,1,21,Owned,Central,Active,0
CUST00140,Female,38,Bachelor's,Unemployed,Divorced,1,19431.0,450,1,LOAN00140,Education,19497.0,24,9.91,898.88,0.5551,0,1,3,Rented,South,Active,0
CUST00922,Male,42,Master's,Retired,Single,0,12926.0,728,0,LOAN00922,Education,48915.0,12,4.0,4165.11,0.99,12,1,4,,Central,Active,0
CUST01921,Female,35,Master's,Employed,Married,0,88735.0,617,2,LOAN01921,Home,192696.0,24,9.82,8875.94,0.99,25,1,14,Rented,East,Active,0
CUST01593,Male,45,Master's,Self-Employed,Single,3,143286.0,607,0,LOAN01593,Home,355975.0,180,14.82,4938.37,0.4136,15,0,20,Mortgaged,East,Active,0
CUST01352,Female,37,Bachelor's,Employed,Married,2,76408.0,499,0,LOAN01352,Business,146934.0,180,17.0,2261.32,0.3551,14,2,24,Rented,West,Active,0
CUST01803,Male,62,Bachelor's,Employed,Married,5,43580.0,709,1,LOAN01803,Personal,34876.0,48,6.79,831.76,0.229,20,1,18,Owned,West,Active,0
CUST00937,Male,48,High School,Self-Employed,Married,0,100994.0,602,1,LOAN00937,Home,410527.0,240,6.85,3145.95,0.3738,11,0,11,Rented,Central,Defaulted,1
CUST01934,Female,31,High School,Unemployed,Widowed,1,25231.0,768,1,LOAN01934,Home,327831.0,84,8.0,5109.64,0.99,0,1,22,Mortgaged,South,Active,0
CUST01932,Female,22,High School,Self-Employed,Single,1,122776.0,600,4,LOAN01932,Business,95558.0,180,14.53,1306.79,0.1277,27,2,10,Owned,Central,Active,0
CUST00129,Male,28,Bachelor's,Employed,Divorced,0,149958.0,754,1,LOAN00129,Personal,10946.0,24,8.47,497.41,0.0398,12,0,8,Rented,West,Active,0
CUST00682,Male,37,Master's,Self-Employed,Married,1,117191.0,774,1,LOAN00682,Home,425896.0,48,10.47,10898.21,0.99,13,0,15,Rented,East,Active,0
CUST01666,Female,26,Bachelor's,Employed,Single,1,146118.0,717,1,LOAN01666,Personal,16688.0,120,7.79,200.62,0.0165,6,0,10,Owned,South,Active,0
CUST01808,Male,34,Bachelor's,Employed,Married,2,47833.0,560,2,LOAN01808,Education,64123.0,12,13.27,5735.42,0.99,21,1,11,Mortgaged,South,Active,0
CUST01734,Male,21,High School,Employed,Single,2,145350.0,569,0,LOAN01734,Home,475735.0,48,11.29,12362.73,0.99,12,1,19,Mortgaged,East,Active,0
CUST00523,Female,65,High School,Employed,Single,2,136887.0,613,3,LOAN00523,Auto,39291.0,36,16.51,1391.27,0.122,29,0,20,Owned,Central,Active,0
CUST00265,Female,35,Bachelor's,Self-Employed,Single,1,36094.0,600,3,LOAN00265,Home,227927.0,12,5.07,19519.57,0.99,19,0,2,Owned,South,Active,0
CUST00987,Female,61,Bachelor's,Self-Employed,Married,2,38566.0,677,1,LOAN00987,Personal,4275.0,60,17.96,108.46,0.0337,9,0,16,Rented,North,Active,0
CUST01076,Male,52,Bachelor's,Self-Employed,Single,0,88535.0,606,2,LOAN01076,Personal,8129.0,24,15.42,395.77,0.0536,9,0,23,Rented,Central,Active,0
CUST01585,Female,21,High School,Self-Employed,Married,1,84504.0,618,4,LOAN01585,Home,325293.0,84,13.18,5949.6,0.8449,19,0,7,Owned,North,Active,0
CUST00632,Female,31,Bachelor's,Employed,Widowed,4,106355.0,615,0,LOAN00632,Home,285705.0,48,15.2,7980.38,0.9004,23,2,23,Owned,East,Defaulted,1
CUST00499,Female,60,High School,Employed,Widowed,0,112048.0,736,1,LOAN00499,Business,117734.0,12,8.43,10264.92,0.99,30,0,20,Rented,East,Active,0
CUST01998,Male,40,Bachelor's,Unemployed,Married,2,31248.0,672,0,LOAN01998,Personal,30352.0,24,8.64,1381.62,0.5306,0,0,9,,Central,Active,0
CUST01751,Male,37,High School,Employed,Married,1,43669.0,640,1,LOAN01751,Personal,27067.0,120,10.93,371.78,0.1022,26,0,2,Owned,North,Active,0
CUST01654,Male,65,Bachelor's,Retired,Single,0,30008.0,521,1,LOAN01654,Education,9317.0,48,7.39,224.8,0.0899,4,0,20,Mortgaged,East,Active,0
CUST01320,Male,41,Bachelor's,Self-Employed,Single,4,52942.0,660,2,LOAN01320,Home,316338.0,36,11.77,10472.23,0.99,2,1,13,Rented,Central,Defaulted,1
CUST00433,Female,33,Other,Employed,Married,3,107857.0,720,1,LOAN00433,Auto,26362.0,48,15.34,738.23,0.0821,16,0,18,Owned,East,Active,0
CUST01153,Female,56,Other,Self-Employed,Married,0,71249.0,727,1,LOAN01153,Home,373000.0,36,7.95,11679.86,0.99,16,1,17,Mortgaged,Central,Active,0
CUST00790,Female,59,Master's,Employed,Single,1,99205.0,692,0,LOAN00790,Auto,21410.0,180,17.34,334.67,0.0405,6,0,19,Mortgaged,Central,Active,0
CUST00069,Male,37,Bachelor's,Unemployed,Married,2,33708.0,694,0,LOAN00069,Personal,43320.0,84,7.66,667.88,0.2378,0,0,11,Rented,North,Active,0
CUST01165,Male,47,Bachelor's,Employed,Married,4,93983.0,496,1,LOAN01165,Personal,6064.0,240,8.0,50.72,0.01,28,0,23,,South,Active,0
CUST00664,Male,32,Bachelor's,Employed,Married,0,142265.0,652,2,LOAN00664,Personal,32905.0,84,13.42,606.15,0.0511,19,0,5,,North,Active,0
CUST01838,Male,27,Bachelor's,Unemployed,Married,0,24643.0,559,2,LOAN01838,Personal,5453.0,36,14.62,188.02,0.0916,0,0,7,Rented,East,Active,0
CUST01349,Female,32,Master's,Retired,Married,0,25474.0,720,2,LOAN01349,Personal,16973.0,120,10.94,233.23,0.1099,19,0,11,Rented,West,Active,0
CUST00574,Female,50,PhD,Employed,Single,4,69316.0,648,2,LOAN00574,Home,134395.0,48,6.85,3208.91,0.5555,29,0,24,Rented,West,Active,0
CUST00335,Male,40,High School,Employed,Married,1,115550.0,608,1,LOAN00335,Business,28312.0,180,8.26,274.83,0.0285,29,0,8,,Central,Active,0
CUST00339,Male,53,High School,Employed,Divorced,2,53653.0,781,4,LOAN00339,Home,411897.0,36,16.74,14632.01,0.99,24,2,3,Rented,North,Active,0
CUST00838,Male,42,Bachelor's,Employed,Single,2,127583.0,510,2,LOAN00838,Personal,30133.0,12,13.02,2691.68,0.2532,6,1,17,Owned,East,Active,0
CUST00384,Female,43,Bachelor's,Self-Employed,Divorced,2,147677.0,675,2,LOAN00384,Personal,4345.0,12,12.45,386.96,0.0314,17,0,6,Rented,North,Active,0
CUST01999,Male,58,High School,Unemployed,Married,1,23084.0,739,1,LOAN01999,Personal,35487.0,48,11.94,933.46,0.4853,0,0,4,Rented,North,Active,0
CUST00056,Female,24,High School,Employed,Married,2,66641.0,729,1,LOAN00056,Personal,42657.0,84,9.28,692.39,0.1247,3,0,24,Rented,South,Active,0
CUST01151,Female,57,High School,Retired,Married,0,31107.0,603,2,LOAN01151,Home,86817.0,12,16.75,7907.83,0.99,15,2,11,Rented,South,Active,0
CUST00766,Female,65,High School,Retired,Married,3,21729.0,666,0,LOAN00766,Personal,44020.0,240,11.08,456.77,0.2523,18,0,12,Owned,North,Active,0
CUST01802,Female,49,Bachelor's,Employed,Divorced,2,128724.0,607,2,LOAN01802,Home,448758.0,36,6.94,13844.04,0.99,4,0,14,Rented,West,Active,0
CUST01530,Male,30,Bachelor's,Employed,Married,1,65133.0,632,1,LOAN01530,Auto,54037.0,84,9.34,878.76,0.1619,11,0,18,Mortgaged,East,Active,0
CUST01865,Female,22,High School,Employed,Married,0,85839.0,544,2,LOAN01865,Personal,19241.0,12,13.21,1720.45,0.2405,3,0,23,Owned,North,Active,0
CUST01676,Male,32,High School,Self-Employed,Widowed,0,114738.0,752,2,LOAN01676,Personal,22570.0,48,11.92,593.47,0.0621,20,0,15,Owned,East,Active,0
CUST00171,Female,36,Bachelor's,Self-Employed,Widowed,4,129846.0,780,2,LOAN00171,Personal,42672.0,24,10.35,1976.0,0.1826,7,0,22,Owned,North,Active,0
CUST01197,Female,49,Bachelor's,Employed,Married,0,71209.0,648,2,LOAN01197,Home,214651.0,36,12.01,7130.51,0.99,27,0,9,Owned,East,Active,0
CUST00944,Female,21,Bachelor's,Self-Employed,Widowed,3,96555.0,610,1,LOAN00944,Home,496836.0,84,14.68,9498.34,0.99,5,0,10,Mortgaged,Central,Active,0
CUST00327,Female,49,Bachelor's,Self-Employed,Single,2,50917.0,585,3,LOAN00327,Education,24493.0,12,11.66,2172.28,0.512,22,1,18,Rented,South,Active,0
CUST00504,Female,55,Other,Self-Employed,Single,2,43448.0,644,4,LOAN00504,Personal,47174.0,240,13.41,566.51,0.1565,25,1,20,,East,Active,0
CUST01597,Male,57,High School,Employed,Married,1,43079.0,699,0,LOAN01597,Auto,21808.0,24,9.47,1001.0,0.2788,27,0,23,Mortgaged,Central,Active,0
CUST00410,Male,63,Master's,Retired,Married,1,25964.0,543,1,LOAN00410,Personal,30946.0,24,13.55,1479.24,0.6837,19,0,19,Mortgaged,West,Active,0
CUST01599,Male,38,Bachelor's,Unemployed,Married,1,10339.0,615,3,LOAN01599,Auto,34093.0,12,9.31,2986.39,0.99,0,1,18,Owned,East,Active,0
CUST00298,Male,27,PhD,Employed,Married,1,74846.0,753,2,LOAN00298,Business,170584.0,12,9.28,14939.98,0.99,13,0,8,Rented,South,Active,0
CUST00913,Female,33,Master's,Unemployed,Divorced,2,31034.0,562,0,LOAN00913,Education,44276.0,24,4.0,1922.68,0.7434,0,0,7,Owned,South,Active,0
CUST00818,Male,24,Bachelor's,Employed,Married,4,113568.0,642,1,LOAN00818,Home,383553.0,36,7.47,11925.6,0.99,27,1,15,Rented,Central,Active,0
CUST00749,Female,43,Master's,Retired,Married,5,21221.0,603,2,LOAN00749,Personal,9368.0,84,7.88,145.45,0.0822,13,0,16,Rented,Central,Defaulted,1
CUST00829,Female,31,PhD,Self-Employed,Single,0,102246.0,642,0,LOAN00829,Auto,30199.0,84,12.11,534.87,0.0628,5,0,20,Rented,North,Active,0
CUST00702,Male,25,Bachelor's,Employed,Single,1,91330.0,717,4,LOAN00702,Business,147611.0,240,12.34,1660.45,0.2182,6,2,4,Owned,South,Active,0
CUST00968,Male,32,Bachelor's,Unemployed,Divorced,2,27897.0,728,1,LOAN00968,Education,54308.0,120,9.81,711.98,0.3063,0,0,7,Mortgaged,South,Active,0
CUST00672,Female,26,Other,Employed,Married,0,73585.0,635,0,LOAN00672,Education,28674.0,36,11.53,945.96,0.1543,12,0,17,Mortgaged,Central,Active,0
CUST00649,Female,56,Bachelor's,Employed,Married,0,120480.0,639,0,LOAN00649,Education,65487.0,60,8.76,1351.79,0.1346,13,0,17,Mortgaged,North,Active,0
CUST00305,Female,60,Bachelor's,Employed,Divorced,3,120155.0,559,1,LOAN00305,Business,179127.0,12,11.79,15897.62,0.99,16,0,20,Rented,North,Active,0
CUST01678,Male,36,High School,Unemployed,Married,2,27676.0,630,1,LOAN01678,Personal,29645.0,12,11.63,2628.79,0.99,0,0,13,Mortgaged,South,Active,0
CUST01981,Male,22,High School,Unemployed,Single,1,14992.0,553,2,LOAN01981,Personal,37278.0,240,13.98,463.02,0.3706,0,1,5,Rented,South,Active,0
CUST01962,Male,34,High School,Employed,Single,0,108179.0,535,3,LOAN01962,Auto,13442.0,180,9.66,141.67,0.0157,18,0,9,Mortgaged,North,Active,0
CUST00706,Female,52,Bachelor's,Employed,Single,1,149623.0,712,2,LOAN00706,Business,157107.0,24,4.0,6822.36,0.5472,21,0,18,Owned,West,Active,0
CUST00708,Female,49,High School,Employed,Married,0,145852.0,535,2,LOAN00708,Home,383286.0,48,9.51,9631.18,0.7924,3,0,22,Owned,East,Active,0
CUST00532,Female,48,Bachelor's,Employed,Divorced,0,61653.0,751,4,LOAN00532,Personal,4989.0,120,7.34,58.8,0.0114,5,0,7,Owned,South,Active,0
CUST00408,Male,58,Bachelor's,Employed,Married,3,67586.0,750,2,LOAN00408,Home,172228.0,84,6.3,2540.85,0.4511,29,3,22,Rented,North,Active,0
CUST00200,Female,64,Bachelor's,Employed,Married,5,140378.0,558,0,LOAN00200,Education,66305.0,180,5.16,529.88,0.0453,13,0,5,Owned,East,Active,0
CUST00474,Female,61,Bachelor's,Employed,Widowed,0,144479.0,593,1,LOAN00474,Business,86944.0,36,9.82,2798.1,0.2324,30,0,16,Mortgaged,West,Active,0
CUST00735,Male,57,Bachelor's,Employed,Single,0,132633.0,760,0,LOAN00735,Personal,19142.0,60,13.56,441.05,0.0399,8,0,7,Mortgaged,East,Active,0
CUST00722,Male,50,High School,Employed,Married,1,59424.0,533,0,LOAN00722,Education,63609.0,12,10.78,5615.34,0.99,18,0,18,Rented,Central,Active,0
CUST00739,Male,33,Master's,Employed,Single,0,126307.0,493,0,LOAN00739,Education,52105.0,84,14.85,1001.08,0.0951,13,0,22,Owned,West,Active,0
CUST00217,Male,46,PhD,Unemployed,Married,0,28581.0,741,3,LOAN00217,Home,454542.0,180,9.89,4853.99,0.99,0,0,5,Rented,South,Active,0
CUST00254,Male,35,High School,Employed,Single,2,135137.0,798,2,LOAN00254,Personal,34752.0,84,12.72,626.93,0.0557,10,0,2,Rented,East,Active,0
CUST00153,Male,60,High School,Employed,Single,2,88051.0,651,4,LOAN00153,Auto,47305.0,60,9.78,999.98,0.1363,2,0,2,Owned,East,Active,0
CUST01147,Female,49,High School,Employed,Single,0,61941.0,550,0,LOAN01147,Home,172358.0,240,8.25,1468.6,0.2845,18,0,13,,Central,Active,0
CUST01760,Female,36,Bachelor's,Unemployed,Divorced,0,16015.0,758,0,LOAN01760,Education,31089.0,12,4.73,2657.61,0.99,0,0,3,Rented,Central,Active,0
CUST01334,Female,26,Bachelor's,Self-Employed,Single,1,94749.0,703,0,LOAN01334,Education,9858.0,60,7.57,197.86,0.0251,24,0,16,Rented,South,Active,0
CUST01439,Male,49,High School,Employed,Single,2,89185.0,588,2,LOAN01439,Education,41512.0,180,8.52,409.27,0.0551,18,1,21,Owned,Central,Active,0
CUST00956,Male,44,High School,Retired,Married,2,19650.0,703,0,LOAN00956,Personal,9430.0,12,13.98,846.6,0.517,16,0,22,Mortgaged,North,Active,0
CUST01052,Male,31,High School,Retired,Divorced,3,21330.0,666,3,LOAN01052,Business,178459.0,60,7.84,3604.86,0.99,4,0,1,Rented,West,Active,0
CUST01942,Male,47,Master's,Self-Employed,Single,1,53569.0,844,0,LOAN01942,Personal,33652.0,120,12.72,496.92,0.1113,27,1,17,Rented,Central,Active,0
CUST01234,Male,41,Bachelor's,Unemployed,Widowed,1,14681.0,553,1,LOAN01234,Education,18241.0,84,11.87,320.74,0.2622,0,0,12,Owned,Central,Active,0
CUST00531,Female,23,High School,Retired,Single,2,15642.0,634,1,LOAN00531,Personal,21203.0,180,7.76,199.7,0.1532,16,0,19,Owned,West,Active,0
CUST01574,Female,38,Bachelor's,Employed,Single,2,91915.0,703,2,LOAN01574,Home,339113.0,180,11.93,4054.67,0.5294,29,0,23,Mortgaged,East,Active,0
CUST01248,Male,47,High School,Self-Employed,Married,0,48055.0,534,1,LOAN01248,Personal,4420.0,180,12.83,55.43,0.0138,20,1,21,Mortgaged,West,Active,0
CUST00241,Female,60,Bachelor's,Unemployed,Married,0,15362.0,620,1,LOAN00241,Home,146332.0,48,10.08,3716.98,0.99,0,0,17,Rented,North,Active,0
CUST01709,Female,54,High School,Employed,Single,3,76235.0,670,2,LOAN01709,Home,181225.0,84,7.2,2752.92,0.4333,14,0,12,Mortgaged,South,Active,0
CUST00982,Female,48,High School,Employed,Single,0,88609.0,575,1,LOAN00982,Education,43222.0,60,8.3,882.61,0.1195,14,0,9,Rented,South,Active,0
CUST00188,Female,45,High School,Retired,Divorced,3,10038.0,604,1,LOAN00188,Personal,19152.0,180,13.52,248.91,0.2976,5,0,7,Owned,Central,Active,0
CUST00247,Male,21,Bachelor's,Employed,Single,0,87755.0,710,1,LOAN00247,Personal,48158.0,36,4.0,1421.82,0.1944,24,1,19,Rented,South,Active,0
CUST00893,Female,39,Master's,Employed,Single,2,69952.0,560,0,LOAN00893,Personal,6283.0,48,7.54,152.03,0.0261,21,0,14,Mortgaged,Central,Active,0
CUST01725,Female,39,Bachelor's,Unemployed,Married,1,30754.0,654,3,LOAN01725,Home,177101.0,240,14.32,2243.57,0.8754,0,0,13,Owned,South,Active,0
CUST01039,Male,48,Bachelor's,Employed,Married,3,100648.0,741,3,LOAN01039,Business,110095.0,240,17.22,1633.32,0.1947,12,2,6,Owned,Central,Active,0
CUST00976,Male,21,Other,Self-Employed,Married,0,55367.0,648,0,LOAN00976,Home,494529.0,48,15.13,13795.72,0.99,30,0,3,Rented,Central,Active,0
CUST00693,Male,65,High School,Employed,Married,0,42417.0,750,1,LOAN00693,Auto,32595.0,24,17.43,1618.31,0.4578,21,0,5,Owned,South,Active,0
CUST00303,Female,58,Master's,Unemployed,Married,2,24755.0,552,1,LOAN00303,Personal,39529.0,240,5.28,267.03,0.1294,0,0,1,Owned,West,Active,0
CUST00284,Male,44,Bachelor's,Employed,Widowed,3,126905.0,610,3,LOAN00284,Business,123523.0,180,17.96,1985.69,0.1878,7,2,18,,North,Active,0
CUST00886,Male,24,High School,Employed,Married,0,110459.0,850,0,LOAN00886,Education,56977.0,48,11.88,1497.07,0.1626,14,0,2,Mortgaged,South,Active,0
CUST00506,Male,21,Bachelor's,Employed,Married,3,103158.0,564,0,LOAN00506,Auto,19449.0,180,12.31,237.31,0.0276,26,0,2,Rented,West,Active,0
CUST01923,Female,26,PhD,Employed,Married,2,99285.0,701,3,LOAN01923,Home,139087.0,180,10.28,1518.55,0.1835,28,1,24,Owned,South,Active,0
CUST00322,Female,22,Bachelor's,Employed,Single,1,105675.0,589,1,LOAN00322,Personal,12258.0,240,13.45,147.56,0.0168,20,2,3,Rented,Central,Active,0
CUST01741,Female,46,Bachelor's,Employed,Widowed,2,77719.0,729,2,LOAN01741,Auto,23986.0,120,9.79,314.19,0.0485,20,2,23,Owned,Central,Active,0
CUST01744,Male,33,Bachelor's,Unemployed,Married,1,19386.0,631,1,LOAN01744,Personal,16581.0,180,15.29,235.37,0.1457,0,2,18,Rented,Central,Active,0
CUST00839,Female,58,High School,Employed,Divorced,0,105019.0,682,1,LOAN00839,Personal,14742.0,48,4.56,336.57,0.0385,9,1,6,Mortgaged,East,Active,0
CUST00622,Male,64,High School,Unemployed,Single,3,16606.0,687,1,LOAN00622,Education,53473.0,12,10.39,4710.83,0.99,0,2,7,Owned,South,Active,0
CUST01107,Male,36,Master's,Employed,Widowed,0,91201.0,664,0,LOAN01107,Personal,42242.0,12,13.71,3787.03,0.4983,3,2,5,Rented,West,Active,0
CUST01038,Female,52,Master's,Employed,Single,0,66527.0,680,3,LOAN01038,Home,219262.0,12,7.13,18985.17,0.99,8,0,8,Owned,East,Active,0
CUST00123,Male,63,High School,Employed,Widowed,3,126981.0,674,2,LOAN00123,Personal,22517.0,240,9.49,209.74,0.0198,3,0,9,Rented,South,Active,0
CUST01672,Female,25,High School,Employed,Single,0,64189.0,610,2,LOAN01672,Personal,9353.0,24,8.82,426.52,0.0797,13,1,1,Mortgaged,South,Active,0
CUST00511,Female,41,High School,Employed,Single,3,124003.0,551,2,LOAN00511,Personal,2236.0,36,10.47,72.64,0.01,18,2,4,Rented,Central,Active,0
CUST00281,Female,40,Master's,Employed,Married,0,72351.0,656,0,LOAN00281,Business,128767.0,120,10.95,1770.12,0.2936,2,0,9,Owned,East,Active,0
CUST01250,Female,35,Bachelor's,Self-Employed,Divorced,2,117508.0,751,2,LOAN01250,Personal,42691.0,36,9.72,1371.91,0.1401,19,3,7,Mortgaged,South,Active,0
CUST01878,Male,46,Bachelor's,Self-Employed,Widowed,2,104159.0,648,0,LOAN01878,Education,6687.0,84,9.97,110.91,0.0128,21,1,13,Rented,East,Active,0
CUST01383,Female,33,Master's,Unemployed,Single,0,13359.0,531,1,LOAN01383,Home,99061.0,240,9.27,908.55,0.8161,0,0,3,Owned,North,Active,0
CUST01382,Male,60,Master's,Employed,Married,4,116298.0,534,0,LOAN01382,Personal,41737.0,84,13.73,775.94,0.0801,16,0,8,Mortgaged,South,Active,0
CUST01028,Female,46,Master's,Unemployed,Married,4,14682.0,614,2,LOAN01028,Auto,55821.0,120,8.06,679.03,0.555,0,0,12,Owned,Central,Active,0
CUST01049,Female,30,Bachelor's,Employed,Married,2,64082.0,732,3,LOAN01049,Auto,31422.0,240,10.95,323.27,0.0605,17,3,21,Rented,East,Active,0
CUST00678,Male,43,Master's,Self-Employed,Single,0,64022.0,537,1,LOAN00678,Home,188777.0,36,15.89,6626.59,0.99,7,0,3,Rented,North,Active,0
CUST00519,Female,63,High School,Self-Employed,Married,2,56547.0,545,1,LOAN00519,Home,199773.0,84,11.62,3486.07,0.7398,12,0,1,Rented,South,Active,0
CUST01551,Female,46,Bachelor's,Unemployed,Married,3,15242.0,490,1,LOAN01551,Home,131730.0,84,10.85,2245.16,0.99,0,1,24,Mortgaged,West,Active,0
CUST01755,Female,35,High School,Employed,Divorced,3,65706.0,648,1,LOAN01755,Home,158615.0,84,13.26,2907.99,0.5311,12,1,10,Mortgaged,South,Active,0
CUST00068,Female,42,Bachelor's,Employed,Single,0,140988.0,666,2,LOAN00068,Home,469215.0,84,4.0,6413.61,0.5459,28,0,18,Owned,North,Active,0
CUST00333,Male,41,Bachelor's,Retired,Married,4,25154.0,575,1,LOAN00333,Personal,49770.0,12,10.42,4385.3,0.99,28,3,4,Mortgaged,North,Active,0
CUST00569,Female,21,Bachelor's,Employed,Divorced,2,107994.0,624,2,LOAN00569,Home,370019.0,180,9.84,3940.1,0.4378,20,0,12,Owned,Central,Active,0
CUST01494,Male,26,Master's,Employed,Single,1,58395.0,627,1,LOAN01494,Business,177555.0,60,17.32,4443.31,0.9131,17,0,4,Mortgaged,Central,Active,0
CUST01193,Male,34,Bachelor's,Employed,Married,1,112307.0,810,0,LOAN01193,Home,284732.0,24,11.49,13335.61,0.99,29,0,4,Rented,North,Active,0
CUST01428,Female,59,Other,Employed,Single,0,67748.0,770,1,LOAN01428,Home,227902.0,48,9.92,5771.43,0.99,26,1,8,,East,Active,0
CUST01910,Male,32,High School,Self-Employed,Single,4,122981.0,716,0,LOAN01910,Home,246544.0,48,10.91,6361.29,0.6207,30,0,9,Owned,West,Active,0
CUST00473,Male,35,High School,Employed,Married,2,34838.0,490,2,LOAN00473,Home,420445.0,84,9.08,6781.66,0.99,0,3,1,,South,Active,0
CUST00948,Female,55,Bachelor's,Self-Employed,Married,1,148216.0,596,0,LOAN00948,Auto,16352.0,36,14.66,564.13,0.0457,18,0,24,Rented,West,Active,0
CUST00512,Male,51,Bachelor's,Employed,Married,5,64961.0,680,2,LOAN00512,Home,255285.0,48,9.81,6451.42,0.99,27,0,2,,South,Active,0
CUST00478,Female,61,Other,Employed,Married,2,73199.0,652,0,LOAN00478,Education,67468.0,36,13.77,2298.37,0.3768,6,1,22,Rented,East,Active,0
CUST01414,Male,37,Other,Unemployed,Divorced,0,69622.0,767,2,LOAN01414,Business,121416.0,84,10.57,2051.59,0.7577,0,0,14,Rented,North,Active,0
CUST01396,Female,22,Master's,Employed,Single,2,121352.0,699,1,LOAN01396,Auto,36194.0,240,9.12,328.45,0.0325,17,0,21,Mortgaged,Central,Active,0
CUST00319,Male,24,Master's,Employed,Married,0,73185.0,680,1,LOAN00319,Auto,11398.0,24,10.47,528.44,0.0866,17,0,10,Rented,North,Active,0
CUST01468,Male,55,Bachelor's,Unemployed,Single,2,12086.0,628,0,LOAN01468,Personal,43104.0,48,7.86,1049.46,0.99,0,3,9,Mortgaged,West,Active,0
CUST01715,Male,59,Bachelor's,Employed,Single,0,46489.0,782,1,LOAN01715,Personal,24047.0,12,6.91,2079.71,0.5368,12,0,3,Mortgaged,East,Active,0
CUST01154,Female,57,Master's,Retired,Married,4,28438.0,685,0,LOAN01154,Personal,16065.0,180,11.69,189.61,0.08,13,1,3,Owned,Central,Active,0
CUST00582,Female,63,High School,Self-Employed,Single,0,36577.0,547,1,LOAN00582,Auto,41896.0,120,9.17,534.58,0.1754,11,0,1,,Central,Active,0
CUST00133,Male,56,Master's,Employed,Married,1,90021.0,652,2,LOAN00133,Home,458438.0,24,7.87,20706.74,0.99,12,0,5,Mortgaged,Central,Active,0
CUST01719,Female,44,High School,Employed,Married,0,63149.0,649,0,LOAN01719,Education,62778.0,12,17.61,5743.84,0.99,29,1,23,Owned,North,Active,0
CUST01568,Male,60,Bachelor's,Employed,Married,2,68071.0,579,1,LOAN01568,Personal,8575.0,240,8.68,75.4,0.0133,8,0,1,Owned,West,Active,0
CUST00798,Female,39,Bachelor's,Employed,Married,0,63514.0,577,2,LOAN00798,Personal,40620.0,240,17.2,602.0,0.1137,21,0,20,Rented,West,Active,0
CUST01576,Male,30,Master's,Self-Employed,Single,2,105147.0,602,1,LOAN01576,Business,71832.0,60,11.3,1572.57,0.1795,12,0,15,,West,Active,0
CUST01944,Female,30,High School,Employed,Married,1,71887.0,653,0,LOAN01944,Personal,22432.0,180,9.96,240.51,0.0401,1,0,19,Owned,North,Active,0
CUST00369,Male,48,PhD,Self-Employed,Married,0,78974.0,674,2,LOAN00369,Auto,31512.0,60,18.59,810.35,0.1231,12,0,22,Owned,West,Active,0
CUST00733,Female,56,Bachelor's,Employed,Single,1,33569.0,632,1,LOAN00733,Education,20574.0,60,8.65,423.6,0.1514,9,0,2,,South,Active,0
CUST01359,Male,24,High School,Retired,Single,0,11234.0,728,0,LOAN01359,Auto,41689.0,180,8.62,413.47,0.4417,15,0,1,Rented,East,Active,0
CUST00126,Male,31,Master's,Unemployed,Single,2,30272.0,545,2,LOAN00126,Home,345425.0,120,7.98,4187.31,0.99,0,3,3,Owned,West,Active,0
CUST00846,Male,25,High School,Retired,Married,1,24016.0,739,3,LOAN00846,Personal,2635.0,84,13.6,48.8,0.0244,21,0,23,Owned,South,Active,0
CUST01486,Male,39,Master's,Employed,Single,1,128122.0,552,2,LOAN01486,Auto,49603.0,24,14.24,2387.21,0.2236,27,2,13,Rented,East,Active,0
CUST00257,Female,34,Bachelor's,Employed,Married,2,128818.0,712,4,LOAN00257,Personal,26241.0,48,8.89,651.64,0.0607,22,0,16,Rented,East,Active,0
CUST01960,Female,58,PhD,Employed,Single,3,86437.0,680,1,LOAN01960,Home,95350.0,24,11.49,4465.78,0.62,12,0,16,Owned,West,Active,0
CUST01105,Female,26,Bachelor's,Employed,Single,0,137268.0,773,0,LOAN01105,Education,20317.0,84,12.74,366.74,0.0321,15,0,2,Rented,East,Active,0
CUST00290,Female,39,Bachelor's,Employed,Married,2,70154.0,743,1,LOAN00290,Home,422383.0,12,8.85,36908.64,0.99,11,1,1,Mortgaged,South,Active,0
CUST00778,Female,22,PhD,Employed,Married,1,86869.0,709,1,LOAN00778,Personal,14464.0,180,10.07,156.05,0.0216,0,0,19,Mortgaged,West,Active,0
CUST00082,Female,54,High School,Employed,Single,2,61415.0,559,1,LOAN00082,Auto,58164.0,120,7.07,677.43,0.1324,22,0,24,Mortgaged,North,Active,0
CUST00054,Female,61,High School,Employed,Widowed,4,43105.0,564,0,LOAN00054,Auto,59658.0,48,4.65,1364.44,0.3798,19,0,21,,West,Active,0
CUST01274,Male,57,Bachelor's,Unemployed,Married,0,16301.0,652,2,LOAN01274,Personal,28137.0,36,5.04,843.8,0.6212,0,0,15,Rented,East,Active,0
CUST01075,Female,35,Bachelor's,Retired,Married,0,32721.0,824,1,LOAN01075,Personal,5843.0,120,10.17,77.77,0.0285,2,0,3,Owned,North,Active,0
CUST00558,Male,55,Bachelor's,Self-Employed,Single,1,71150.0,588,3,LOAN00558,Home,486300.0,84,11.28,8398.41,0.99,4,0,8,Rented,West,Active,0
CUST00041,Male,57,High School,Employed,Divorced,2,122564.0,714,0,LOAN00041,Personal,7331.0,240,9.94,70.45,0.01,12,1,4,Rented,Central,Active,0
CUST01124,Female,49,Bachelor's,Employed,Single,1,107564.0,801,1,LOAN01124,Education,57404.0,36,4.0,1694.79,0.1891,14,3,14,Rented,South,Active,0
CUST00262,Female,29,Bachelor's,Self-Employed,Single,0,48212.0,682,1,LOAN00262,Education,45506.0,36,5.15,1366.92,0.3402,26,0,15,Rented,South,Active,0
CUST01270,Male,25,Master's,Employed,Single,2,38951.0,621,3,LOAN01270,Personal,38510.0,84,11.13,662.02,0.204,19,0,13,Rented,South,Active,0
CUST00900,Male,48,High School,Self-Employed,Divorced,0,57260.0,822,2,LOAN00900,Personal,23309.0,180,15.26,330.39,0.0692,18,0,23,Mortgaged,East,Active,0
CUST00084,Male,59,High School,Employed,Divorced,0,142854.0,581,1,LOAN00084,Auto,21885.0,24,12.94,1039.84,0.0873,21,0,21,Mortgaged,West,Active,0
CUST01344,Female,26,Bachelor's,Employed,Married,1,37645.0,742,3,LOAN01344,Personal,17566.0,180,12.2,213.09,0.0679,13,2,21,Rented,South,Active,0
CUST01209,Male,31,Master's,Employed,Divorced,2,143389.0,723,3,LOAN01209,Business,183191.0,12,4.0,15598.7,0.99,15,0,10,,South,Active,0
CUST01548,Female,49,High School,Employed,Widowed,3,122800.0,627,2,LOAN01548,Auto,51764.0,36,4.97,1550.72,0.1515,11,0,11,Owned,Central,Active,0
CUST01341,Male,49,Master's,Self-Employed,Single,3,111986.0,701,1,LOAN01341,Personal,20688.0,24,10.63,960.67,0.1029,26,0,19,Rented,North,Active,0
CUST00031,Female,31,Other,Employed,Single,1,93721.0,627,2,LOAN00031,Auto,28639.0,48,9.78,723.34,0.0926,17,1,21,Owned,East,Active,0
CUST00514,Female,43,PhD,Employed,Single,3,95470.0,518,2,LOAN00514,Auto,16684.0,120,14.73,266.42,0.0335,22,0,13,Mortgaged,South,Active,0
CUST01123,Female,64,Bachelor's,Employed,Married,1,88391.0,669,0,LOAN01123,Personal,15854.0,24,11.21,740.47,0.1005,25,0,23,Rented,South,Active,0
CUST01533,Female,65,Bachelor's,Employed,Married,3,73998.0,634,0,LOAN01533,Personal,40899.0,12,6.82,3535.46,0.5733,15,0,1,Owned,South,Active,0
CUST01669,Male,59,Bachelor's,Employed,Married,1,81044.0,683,2,LOAN01669,Personal,36045.0,36,6.0,1096.56,0.1624,12,1,8,Mortgaged,Central,Active,0
CUST01009,Male,53,PhD,Self-Employed,Single,0,68062.0,572,1,LOAN01009,Personal,16566.0,12,12.16,1473.11,0.2597,0,1,13,Rented,South,Active,0
CUST01216,Male,54,Other,Unemployed,Divorced,2,14928.0,664,1,LOAN01216,Personal,28745.0,60,9.32,601.17,0.4833,0,1,11,Owned,East,Active,0
CUST01607,Male,57,Bachelor's,Employed,Single,2,100063.0,580,1,LOAN01607,Home,155459.0,12,14.23,13975.04,0.99,4,0,20,Rented,East,Active,0
CUST01587,Female,28,Master's,Unemployed,Married,0,20978.0,708,2,LOAN01587,Personal,26749.0,180,8.06,256.55,0.1468,0,0,22,Rented,West,Active,0
CUST01562,Male,43,Master's,Employed,Married,0,127661.0,700,2,LOAN01562,Education,64999.0,36,15.61,2272.68,0.2136,9,1,19,Mortgaged,East,Active,0
CUST01268,Male,43,Master's,Employed,Single,1,92495.0,745,0,LOAN01268,Auto,13773.0,180,5.99,116.15,0.0151,10,0,20,Owned,South,Active,0
CUST01828,Female,57,High School,Self-Employed,Widowed,1,52449.0,660,0,LOAN01828,Personal,17327.0,84,9.8,285.86,0.0654,8,0,12,Owned,Central,Active,0
CUST01867,Male,50,High School,Self-Employed,Married,3,73442.0,618,4,LOAN01867,Business,76125.0,84,4.92,1073.08,0.1753,28,0,22,Rented,North,Active,0
CUST00049,Female,44,Other,Self-Employed,Married,0,30050.0,705,3,LOAN00049,Auto,50344.0,84,16.07,1001.94,0.4001,24,0,10,,North,Active,0
CUST01767,Female,36,Bachelor's,Unemployed,Married,0,30064.0,645,0,LOAN01767,Auto,18920.0,48,12.79,505.61,0.2018,0,2,2,Mortgaged,East,Active,0
CUST01971,Male,36,Other,Employed,Divorced,0,107248.0,768,0,LOAN01971,Home,437237.0,180,7.0,3930.01,0.4397,22,0,15,,Central,Active,0
CUST00468,Female,48,High School,Employed,Married,0,127556.0,706,4,LOAN00468,Education,31084.0,48,4.0,701.85,0.066,14,0,10,Owned,South,Active,0
CUST00154,Male,58,PhD,Employed,Married,3,68798.0,692,0,LOAN00154,Personal,20714.0,24,13.77,992.29,0.1731,13,2,8,Owned,South,Active,0
CUST01564,Male,53,Master's,Employed,Married,3,89682.0,575,0,LOAN01564,Personal,5639.0,12,18.63,518.68,0.0694,5,3,14,Owned,West,Active,0
CUST01868,Male,32,Bachelor's,Retired,Married,2,32269.0,658,2,LOAN01868,Business,72960.0,36,7.44,2267.5,0.8432,13,1,23,Mortgaged,North,Active,0
CUST00395,Male,28,Bachelor's,Employed,Single,3,67083.0,655,2,LOAN00395,Personal,5582.0,36,12.53,186.82,0.0334,14,0,6,,Central,Active,0
CUST00124,Male,39,High School,Employed,Married,0,46689.0,622,0,LOAN00124,Personal,30514.0,24,9.85,1405.95,0.3614,27,0,16,Owned,East,Active,0
CUST00356,Female,61,Master's,Employed,Single,1,45839.0,690,1,LOAN00356,Personal,47085.0,24,11.45,2204.38,0.5771,13,0,8,Mortgaged,West,Active,0
CUST00135,Female,41,High School,Employed,Married,0,80782.0,685,2,LOAN00135,Personal,44790.0,24,4.72,1959.39,0.2911,29,0,13,Owned,West,Active,0
CUST00269,Male,47,High School,Employed,Married,2,54363.0,612,1,LOAN00269,Home,138251.0,84,16.91,2818.08,0.6221,27,1,4,Rented,Central,Active,0
CUST00386,Female,26,Master's,Employed,Married,4,135958.0,735,1,LOAN00386,Auto,15072.0,24,9.58,692.58,0.0611,30,1,20,Rented,West,Active,0
CUST00610,Female,54,Bachelor's,Employed,Married,3,120933.0,704,0,LOAN00610,Auto,17939.0,48,9.7,452.4,0.0449,4,0,8,,East,Active,0
CUST00221,Female,54,Master's,Self-Employed,Married,1,145185.0,591,1,LOAN00221,Personal,28265.0,36,11.04,925.9,0.0765,19,0,15,Owned,East,Active,0
CUST00042,Male,41,High School,Employed,Divorced,2,50243.0,780,1,LOAN00042,Auto,10019.0,180,17.09,154.83,0.037,5,2,9,Mortgaged,North,Active,0
CUST00220,Female,55,Master's,Unemployed,Divorced,2,21120.0,746,1,LOAN00220,Auto,49502.0,24,5.07,2173.27,0.99,0,0,3,Mortgaged,East,Active,0
CUST00598,Male,29,Bachelor's,Unemployed,Divorced,0,23708.0,622,1,LOAN00598,Education,5941.0,36,9.65,190.72,0.0965,0,0,14,Owned,South,Active,0
CUST01253,Male,21,Bachelor's,Employed,Single,0,146524.0,664,2,LOAN01253,Auto,21137.0,120,15.53,347.91,0.0285,7,0,21,Rented,Central,Active,0
CUST01242,Female,49,High School,Unemployed,Married,5,23201.0,601,3,LOAN01242,Business,134291.0,180,11.68,1584.17,0.8194,0,1,15,Rented,North,Active,0
CUST00681,Female,31,Bachelor's,Self-Employed,Single,2,144382.0,657,0,LOAN00681,Home,161714.0,180,10.25,1762.6,0.1465,10,0,17,Rented,South,Active,0
CUST01267,Male,43,Master's,Employed,Divorced,0,37101.0,659,1,LOAN01267,Personal,19031.0,60,7.79,383.97,0.1242,19,3,11,,Central,Active,0
CUST01901,Female,35,Master's,Unemployed,Married,2,12860.0,648,3,LOAN01901,Personal,8480.0,240,11.54,90.67,0.0846,0,2,5,Owned,East,Active,0
CUST00993,Male,52,Other,Self-Employed,Married,4,113911.0,531,0,LOAN00993,Education,9986.0,84,16.26,199.82,0.0211,7,0,15,Mortgaged,North,Active,0
CUST00542,Female,44,Bachelor's,Employed,Single,0,145637.0,655,1,LOAN00542,Personal,49027.0,180,4.39,372.3,0.0307,29,0,12,Owned,South,Active,0
CUST01045,Female,27,Bachelor's,Employed,Divorced,2,127276.0,631,1,LOAN01045,Home,159949.0,60,11.14,3488.86,0.3289,12,1,10,Rented,North,Active,0
CUST00841,Male,43,Bachelor's,Employed,Divorced,2,112949.0,725,2,LOAN00841,Education,25360.0,60,11.91,562.97,0.0598,23,3,1,Mortgaged,North,Active,0
CUST01764,Male,21,Master's,Unemployed,Married,0,28473.0,515,2,LOAN01764,Home,364007.0,12,8.6,31765.47,0.99,0,0,4,Owned,North,Active,0
CUST01875,Female,46,Master's,Employed,Widowed,2,129473.0,650,1,LOAN01875,Home,366668.0,36,7.61,11424.19,0.99,1,0,23,Rented,South,Active,0
CUST01073,Male,47,High School,Self-Employed,Married,2,32506.0,671,2,LOAN01073,Education,10478.0,24,7.17,469.94,0.1735,16,0,10,Owned,North,Active,0
CUST01460,Female,61,Master's,Unemployed,Single,4,34014.0,506,0,LOAN01460,Auto,22930.0,60,7.81,462.86,0.1633,0,0,23,Mortgaged,West,Active,0
CUST01287,Male,58,Master's,Self-Employed,Single,3,66881.0,718,1,LOAN01287,Business,180612.0,24,14.65,8727.27,0.99,30,0,24,Rented,East,Active,0
CUST00985,Female,62,Bachelor's,Employed,Single,2,111666.0,785,1,LOAN00985,Auto,22870.0,12,8.41,1993.76,0.2143,25,0,3,,South,Active,0
CUST01086,Male,51,Bachelor's,Employed,Married,1,134801.0,619,0,LOAN01086,Auto,34552.0,240,15.53,468.56,0.0417,4,0,9,Rented,East,Active,0
CUST01727,Male,30,Bachelor's,Employed,Married,2,99610.0,623,1,LOAN01727,Home,260376.0,84,9.81,4297.03,0.5177,25,0,17,Rented,West,Active,0
CUST01817,Male,63,Bachelor's,Self-Employed,Married,2,128410.0,679,1,LOAN01817,Home,242829.0,240,15.43,3274.96,0.306,21,0,15,Owned,Central,Active,0
CUST01781,Male,31,High School,Employed,Single,2,39432.0,725,1,LOAN01781,Education,31111.0,48,7.39,750.63,0.2284,26,3,8,Owned,North,Active,0
CUST01911,Male,53,High School,Self-Employed,Married,1,75310.0,587,1,LOAN01911,Home,299746.0,12,11.44,26553.61,0.99,14,0,10,Owned,North,Active,0
CUST01816,Female,50,Master's,Employed,Single,0,144527.0,678,2,LOAN01816,Education,74519.0,120,11.22,1035.8,0.086,11,1,16,Mortgaged,Central,Active,0
CUST01333,Male,59,High School,Employed,Divorced,1,88434.0,688,0,LOAN01333,Personal,13957.0,120,4.0,141.31,0.0192,25,0,10,Owned,East,Active,0
CUST00880,Male,57,PhD,Self-Employed,Married,1,33415.0,516,2,LOAN00880,Auto,23065.0,36,12.25,768.85,0.2761,25,0,16,Rented,South,Active,0
CUST00904,Female,34,High School,Employed,Divorced,0,102949.0,708,0,LOAN00904,Education,55034.0,48,10.78,1416.51,0.1651,25,0,17,Mortgaged,South,Active,0
CUST00337,Female,23,Master's,Self-Employed,Single,0,62632.0,588,1,LOAN00337,Home,185784.0,120,11.45,2606.73,0.4994,6,0,8,Mortgaged,South,Active,0
CUST00233,Female,47,Bachelor's,Self-Employed,Single,2,96686.0,649,3,LOAN00233,Home,105957.0,84,7.71,1636.2,0.2031,16,0,9,Rented,South,Active,0
CUST01737,Male,33,Bachelor's,Employed,Married,1,136958.0,561,2,LOAN01737,Home,336189.0,12,6.82,29061.45,0.99,23,0,5,,South,Active,0
CUST01418,Male,48,Other,Self-Employed,Divorced,0,65391.0,573,1,LOAN01418,Home,415341.0,240,10.17,4055.02,0.7441,10,1,6,Rented,North,Defaulted,1
CUST00159,Male,57,PhD,Self-Employed,Married,0,71716.0,668,1,LOAN00159,Education,52204.0,48,7.34,1258.34,0.2106,0,0,18,Mortgaged,Central,Active,0
CUST00469,Male,60,High School,Unemployed,Married,4,33232.0,664,2,LOAN00469,Personal,45635.0,180,11.66,537.75,0.1942,0,0,22,Owned,West,Active,0
CUST01135,Female,28,PhD,Unemployed,Single,0,20404.0,827,0,LOAN01135,Personal,20044.0,48,7.76,487.08,0.2865,0,0,20,Rented,Central,Active,0
CUST01898,Male,30,Master's,Employed,Married,0,126782.0,663,4,LOAN01898,Home,405976.0,48,11.87,10665.01,0.99,16,0,10,,East,Active,0
CUST01029,Male,24,Bachelor's,Self-Employed,Married,1,148105.0,820,0,LOAN01029,Personal,28035.0,84,16.02,557.15,0.0451,27,0,22,Owned,Central,Active,0
CUST01047,Male,46,Bachelor's,Employed,Single,1,78355.0,732,1,LOAN01047,Home,107255.0,24,8.75,4887.62,0.7485,16,0,2,Mortgaged,South,Active,0
CUST01121,Female,26,High School,Employed,Single,1,31663.0,660,4,LOAN01121,Home,229755.0,36,17.4,8237.2,0.99,3,3,8,Mortgaged,East,Active,0
CUST00586,Male,35,Bachelor's,Employed,Divorced,4,64094.0,778,0,LOAN00586,Education,20783.0,120,15.87,346.46,0.0649,21,2,24,Mortgaged,South,Active,0
CUST00206,Male,41,Master's,Employed,Divorced,2,142666.0,493,1,LOAN00206,Home,214736.0,24,13.24,10233.16,0.8607,3,0,4,Mortgaged,South,Active,0
CUST00004,Female,48,Bachelor's,Employed,Married,0,69622.0,607,0,LOAN00004,Education,17023.0,84,10.7,288.8,0.0253,22,0,17,Owned,West,Active,0
CUST00876,Male,41,High School,Employed,Married,3,33034.0,689,1,LOAN00876,Personal,3680.0,12,5.64,316.12,0.1148,28,2,21,Owned,East,Active,0
CUST00902,Male,55,Bachelor's,Retired,Married,2,12589.0,545,2,LOAN00902,Education,22476.0,24,10.06,1037.78,0.9892,18,0,19,Rented,South,Active,0
CUST01125,Female,54,PhD,Employed,Single,0,115359.0,631,2,LOAN01125,Personal,7063.0,12,9.39,618.95,0.0644,10,1,7,Rented,South,Active,0
CUST01839,Female,48,Master's,Retired,Married,2,13934.0,746,0,LOAN01839,Auto,26428.0,180,11.76,313.11,0.2697,11,0,24,Mortgaged,North,Active,0
CUST01633,Female,30,Master's,Employed,Married,0,39963.0,680,3,LOAN01633,Personal,46830.0,48,9.02,1165.81,0.3501,14,0,2,Rented,South,Active,0
CUST01202,Male,21,Bachelor's,Employed,Married,1,72320.0,551,1,LOAN01202,Home,100912.0,240,8.67,886.63,0.1471,6,0,22,Owned,East,Defaulted,1
CUST00694,Male,37,Master's,Retired,Married,4,24226.0,654,2,LOAN00694,Personal,24029.0,36,11.96,797.65,0.3951,21,0,22,Owned,Central,Active,0
CUST01667,Male,65,Master's,Unemployed,Married,0,13283.0,640,3,LOAN01667,Auto,35109.0,60,11.76,776.73,0.7017,0,1,24,,North,Defaulted,1
CUST01648,Female,62,Other,Employed,Married,4,51305.0,528,0,LOAN01648,Auto,24738.0,240,14.38,314.47,0.0736,10,0,14,Rented,East,Active,0
CUST00715,Male,36,Bachelor's,Self-Employed,Married,1,139437.0,509,4,LOAN00715,Home,283124.0,24,11.65,13281.4,0.99,25,1,6,Rented,South,Active,0
CUST01810,Male,24,High School,Retired,Widowed,3,13364.0,644,1,LOAN01810,Auto,54586.0,48,4.05,1233.72,0.99,14,0,10,Owned,East,Active,0
CUST01708,Male,56,Bachelor's,Employed,Married,0,67632.0,585,1,LOAN01708,Home,349875.0,60,4.89,6584.96,0.99,12,0,5,Owned,South,Active,0
CUST01992,Male,25,Bachelor's,Retired,Married,0,22941.0,742,4,LOAN01992,Personal,33364.0,240,6.5,248.75,0.1301,8,0,17,Rented,Central,Active,0
CUST01830,Male,59,Bachelor's,Unemployed,Single,0,28348.0,709,4,LOAN01830,Education,32355.0,36,15.69,1132.56,0.4794,0,2,4,Rented,Central,Active,0
CUST01181,Female,45,High School,Self-Employed,Married,1,66370.0,738,1,LOAN01181,Auto,39168.0,12,10.36,3450.05,0.6238,27,0,13,Mortgaged,Central,Active,0
CUST01909,Male,40,High School,Employed,Married,3,43679.0,722,0,LOAN01909,Auto,51337.0,84,11.98,905.69,0.2488,14,0,24,Mortgaged,West,Active,0
CUST01492,Male,42,Bachelor's,Employed,Married,0,63427.0,521,1,LOAN01492,Home,143823.0,120,4.0,1456.14,0.2755,15,3,17,Owned,South,Active,0
CUST01057,Female,51,PhD,Self-Employed,Married,3,101246.0,648,2,LOAN01057,Personal,30707.0,120,11.27,427.7,0.0507,22,1,21,Owned,South,Active,0
CUST00158,Female,28,Bachelor's,Employed,Divorced,3,112032.0,600,0,LOAN00158,Auto,29812.0,120,4.42,307.82,0.033,21,0,19,Rented,Central,Active,0
CUST01051,Female,39,PhD,Employed,Single,2,90482.0,707,0,LOAN01051,Auto,40845.0,12,10.55,3601.38,0.4776,14,0,1,Mortgaged,West,Active,0
CUST00524,Female,29,High School,Employed,Single,3,81431.0,702,0,LOAN00524,Personal,37654.0,12,14.42,3388.29,0.4993,7,0,9,Owned,East,Active,0
CUST00463,Female,53,Bachelor's,Unemployed,Married,0,14908.0,613,0,LOAN00463,Auto,49190.0,48,7.64,1192.58,0.96,0,0,20,Mortgaged,East,Active,0
CUST00653,Female,31,Master's,Unemployed,Divorced,2,13936.0,676,1,LOAN00653,Auto,17930.0,60,10.14,382.2,0.3291,0,0,13,,West,Active,0
CUST00161,Male,63,Bachelor's,Retired,Divorced,0,69622.0,609,1,LOAN00161,Personal,29066.0,36,14.2,996.23,0.4642,14,0,15,Mortgaged,South,Active,0
CUST00306,Female,37,High School,Unemployed,Married,2,10113.0,608,1,LOAN00306,Auto,41686.0,240,14.8,542.77,0.644,0,0,13,Owned,East,Active,0
CUST00657,Male,31,Bachelor's,Employed,Divorced,1,47839.0,628,3,LOAN00657,Education,43671.0,84,11.34,755.58,0.1895,15,0,11,Rented,East,Active,0
CUST00548,Female,24,Master's,Employed,Married,0,55966.0,617,2,LOAN00548,Education,11099.0,36,5.33,334.29,0.0717,16,0,20,Rented,West,Active,0
CUST00714,Male,41,Master's,Employed,Married,3,93411.0,550,3,LOAN00714,Personal,29533.0,36,15.7,1033.92,0.1328,8,0,3,Mortgaged,North,Active,0
CUST00396,Female,39,High School,Self-Employed,Married,2,140764.0,835,2,LOAN00396,Home,479073.0,36,7.89,14988.11,0.99,20,0,1,Rented,East,Active,0
CUST00784,Male,23,Bachelor's,Employed,Married,2,78281.0,543,2,LOAN00784,Home,362934.0,48,5.77,8485.3,0.99,29,0,22,Rented,South,Active,0
CUST00400,Female,65,Other,Employed,Single,2,74608.0,641,3,LOAN00400,Personal,2479.0,12,10.26,218.24,0.0351,3,0,2,Rented,West,Defaulted,1
CUST00799,Female,39,Master's,Employed,Married,3,137336.0,633,4,LOAN00799,Personal,35368.0,240,12.42,399.84,0.0349,8,0,5,Rented,West,Active,0
CUST00619,Female,41,Bachelor's,Employed,Single,3,86251.0,647,3,LOAN00619,Personal,32762.0,180,12.56,405.08,0.0564,0,0,16,Owned,Central,Active,0
CUST01538,Female,58,PhD,Unemployed,Married,4,31087.0,647,2,LOAN01538,Personal,49622.0,12,9.22,4344.58,0.99,0,0,9,Owned,South,Active,0
CUST00509,Female,46,High School,Unemployed,Divorced,2,27336.0,554,3,LOAN00509,Education,47814.0,60,7.56,959.46,0.4212,0,1,12,Rented,Central,Active,0
CUST01370,Male,44,Master's,Retired,Single,2,10968.0,779,2,LOAN01370,Home,235786.0,84,10.96,4032.27,0.99,15,0,1,Mortgaged,South,Active,0
CUST00737,Male,35,Bachelor's,Employed,Widowed,1,106023.0,788,4,LOAN00737,Auto,44075.0,84,9.12,711.81,0.0806,27,0,13,Rented,East,Active,0
CUST01140,Female,21,High School,Employed,Married,0,131639.0,763,0,LOAN01140,Home,410790.0,48,5.86,9621.07,0.877,0,0,10,,South,Active,0
CUST01670,Female,42,High School,Employed,Married,4,126775.0,623,3,LOAN01670,Home,254749.0,120,9.41,3283.85,0.3108,10,3,12,Owned,South,Active,0
CUST00973,Female,56,High School,Unemployed,Married,0,17089.0,551,4,LOAN00973,Personal,15046.0,48,12.82,402.3,0.2825,0,3,20,Rented,West,Active,0
CUST00868,Male,43,Bachelor's,Employed,Married,1,43907.0,631,3,LOAN00868,Personal,2329.0,240,8.15,19.7,0.01,29,0,22,Mortgaged,East,Active,0
CUST00460,Male,22,PhD,Employed,Divorced,2,96504.0,637,4,LOAN00460,Auto,44318.0,180,10.43,487.97,0.0607,0,0,17,Mortgaged,North,Active,0
CUST01310,Female,54,Bachelor's,Retired,Married,1,13449.0,665,1,LOAN01310,Personal,29287.0,12,13.91,2628.36,0.99,8,0,22,Rented,East,Active,0
CUST00063,Female,54,Bachelor's,Employed,Single,4,149558.0,664,1,LOAN00063,Auto,48125.0,60,12.79,1089.83,0.0874,20,0,17,Owned,East,Active,0
CUST01825,Female,56,Master's,Employed,Single,2,52769.0,728,2,LOAN01825,Education,5111.0,48,7.17,122.79,0.0279,3,1,15,Owned,North,Active,0
CUST00872,Male,47,Bachelor's,Self-Employed,Single,1,125017.0,686,1,LOAN00872,Education,7380.0,36,8.49,232.93,0.0224,18,0,8,,Central,Active,0
CUST01114,Male,45,High School,Self-Employed,Widowed,0,38036.0,683,2,LOAN01114,Personal,7871.0,36,7.99,246.61,0.0778,18,0,6,Owned,West,Active,0
CUST01579,Female,39,Bachelor's,Self-Employed,Divorced,1,96535.0,676,2,LOAN01579,Education,10044.0,84,8.32,158.15,0.0197,28,0,9,Owned,West,Active,0
CUST00458,Male,38,Bachelor's,Employed,Single,4,69599.0,652,3,LOAN00458,Education,11094.0,180,12.22,134.72,0.0232,28,1,6,,South,Active,0
CUST01325,Female,56,High School,Employed,Single,0,78192.0,655,2,LOAN01325,Personal,18938.0,24,7.01,847.99,0.1301,19,0,24,Rented,North,Active,0
CUST00479,Female,30,High School,Retired,Single,2,31831.0,730,2,LOAN00479,Education,59428.0,120,13.12,891.54,0.3361,26,2,18,Rented,West,Active,0
CUST01980,Female,63,Bachelor's,Employed,Married,2,139570.0,722,3,LOAN01980,Auto,47306.0,120,8.98,598.74,0.0515,25,1,11,Owned,East,Active,0
CUST01482,Male,47,Bachelor's,Unemployed,Single,0,69622.0,634,1,LOAN01482,Auto,35744.0,12,9.87,3140.3,0.99,0,2,15,Rented,Central,Active,0
CUST00871,Male,53,Bachelor's,Employed,Single,3,52369.0,531,0,LOAN00871,Business,176620.0,120,10.87,2419.96,0.5545,11,0,7,Rented,North,Active,0
CUST00791,Male,59,Bachelor's,Employed,Single,0,113120.0,578,1,LOAN00791,Auto,17155.0,120,15.13,278.14,0.0295,27,0,5,Mortgaged,East,Active,0
CUST00618,Male,65,High School,Self-Employed,Single,0,86922.0,707,2,LOAN00618,Personal,21015.0,36,12.72,705.25,0.0974,26,0,21,Mortgaged,North,Active,0
CUST01852,Female,62,Bachelor's,Unemployed,Single,1,24826.0,526,0,LOAN01852,Home,462784.0,240,10.4,4589.3,0.99,0,0,4,Mortgaged,South,Active,0
CUST01377,Male,21,Bachelor's,Employed,Single,2,49053.0,710,0,LOAN01377,Personal,9983.0,12,15.07,901.38,0.2205,7,0,11,Rented,Central,Active,0
CUST01935,Female,53,High School,Unemployed,Married,0,31849.0,584,2,LOAN01935,Personal,9506.0,120,14.45,150.18,0.0566,0,1,4,Mortgaged,North,Active,0
CUST01398,Male,57,High School,Unemployed,Single,0,16369.0,724,1,LOAN01398,Personal,14217.0,60,10.52,305.72,0.2241,0,2,10,Owned,West,Active,0
CUST01620,Female,24,PhD,Employed,Divorced,1,75724.0,480,2,LOAN01620,Home,106887.0,120,7.32,1258.75,0.1995,16,0,21,Mortgaged,East,Defaulted,1
CUST00348,Male,21,PhD,Self-Employed,Single,3,110876.0,652,0,LOAN00348,Personal,30216.0,36,7.25,936.44,0.1013,14,0,23,Mortgaged,East,Active,0
CUST01555,Male,63,Bachelor's,Employed,Married,2,36846.0,701,0,LOAN01555,Personal,9028.0,240,8.63,79.09,0.0258,12,0,2,Mortgaged,South,Active,0
CUST01195,Male,38,Master's,Self-Employed,Married,0,46246.0,714,3,LOAN01195,Education,15951.0,180,16.44,239.18,0.0621,16,0,24,Rented,North,Active,0
CUST00947,Male,63,Bachelor's,Employed,Single,3,78671.0,555,1,LOAN00947,Education,74385.0,12,10.13,6544.12,0.99,19,0,8,Rented,South,Active,0
CUST00761,Male,34,Master's,Unemployed,Divorced,1,13276.0,715,0,LOAN00761,Personal,49566.0,12,14.28,4456.92,0.99,0,0,7,Mortgaged,West,Active,0
CUST00447,Female,59,Bachelor's,Employed,Married,3,59075.0,547,1,LOAN00447,Home,384915.0,60,9.51,8085.81,0.99,18,0,13,Mortgaged,West,Active,0
CUST00651,Male,47,Master's,Self-Employed,Single,0,108349.0,655,2,LOAN00651,Personal,46262.0,120,7.32,544.8,0.0603,26,1,23,Rented,North,Active,0
CUST01233,Male,25,Master's,Unemployed,Widowed,0,11486.0,682,0,LOAN01233,Personal,16747.0,180,14.12,224.38,0.2344,0,0,6,Mortgaged,Central,Active,0
CUST01792,Female,56,Master's,Retired,Married,0,16327.0,615,0,LOAN01792,Education,53996.0,12,14.77,4867.73,0.99,26,0,3,Rented,Central,Active,0
CUST00380,Male,47,PhD,Employed,Married,1,139398.0,713,1,LOAN00380,Personal,12719.0,48,14.69,351.98,0.0303,17,3,16,Owned,South,Defaulted,1
CUST00565,Male,28,Master's,Retired,Married,1,13742.0,687,4,LOAN00565,Home,307079.0,48,13.11,8254.94,0.99,19,0,13,Owned,South,Active,0
CUST01332,Female,52,Bachelor's,Employed,Married,1,94005.0,618,1,LOAN01332,Personal,14254.0,60,12.51,320.76,0.0409,15,0,9,Mortgaged,West,Active,0
CUST01807,Female,23,Other,Employed,Divorced,4,50742.0,730,1,LOAN01807,Home,459298.0,240,11.38,4860.17,0.99,23,2,1,Rented,North,Active,0
CUST01279,Male,58,Bachelor's,Employed,Married,2,138575.0,627,1,LOAN01279,Personal,20389.0,180,5.26,164.01,0.0142,12,2,13,Rented,West,Active,0
CUST01914,Male,21,Bachelor's,Self-Employed,Married,0,142765.0,678,1,LOAN01914,Personal,4505.0,36,4.0,133.01,0.0112,27,1,22,Mortgaged,East,Active,0
CUST00955,Male,58,High School,Self-Employed,Divorced,1,102265.0,802,2,LOAN00955,Auto,38838.0,12,9.15,3399.14,0.3989,21,1,2,,Central,Active,0
CUST00921,Female,31,High School,Employed,Married,3,130273.0,644,1,LOAN00921,Personal,33081.0,120,6.39,373.78,0.0344,6,0,15,Owned,East,Active,0
CUST00232,Male,35,High School,Employed,Divorced,1,104000.0,608,0,LOAN00232,Home,308943.0,48,7.99,7540.75,0.8701,10,0,12,Rented,West,Active,0
CUST01811,Female,31,Master's,Retired,Single,1,32473.0,649,1,LOAN01811,Education,20234.0,120,12.89,300.8,0.1112,22,0,2,Owned,East,Active,0
CUST00383,Female,28,High School,Employed,Single,0,55602.0,677,2,LOAN00383,Education,69004.0,12,13.54,6180.75,0.99,2,2,12,Rented,West,Active,0
CUST01173,Female,65,Master's,Employed,Divorced,0,51078.0,717,4,LOAN01173,Auto,42656.0,36,4.0,1259.38,0.2959,0,0,11,,South,Active,0
CUST01996,Female,24,High School,Retired,Widowed,2,30193.0,611,1,LOAN01996,Auto,58187.0,60,9.95,1234.87,0.4908,7,0,23,Rented,North,Active,0
CUST00073,Male,54,Bachelor's,Employed,Married,1,103602.0,610,1,LOAN00073,Home,493046.0,120,10.37,6617.08,0.7664,23,0,6,,North,Active,0
CUST00071,Female,26,Bachelor's,Employed,Married,0,94198.0,617,2,LOAN00071,Personal,3426.0,48,11.96,90.15,0.0115,12,1,10,Mortgaged,West,Active,0
CUST01330,Male,60,Other,Employed,Single,0,99283.0,676,0,LOAN01330,Home,163050.0,120,12.61,2397.15,0.2897,26,0,22,,East,Active,0
CUST01023,Female,48,High School,Employed,Single,2,137732.0,634,1,LOAN01023,Education,34357.0,180,4.52,263.18,0.0229,18,0,23,,West,Active,0
CUST00172,Male,21,Other,Employed,Single,1,102795.0,626,1,LOAN00172,Business,165713.0,36,8.35,5219.64,0.6093,23,0,17,Owned,East,Active,0
CUST01035,Male,40,Bachelor's,Employed,Married,1,97628.0,754,1,LOAN01035,Personal,49687.0,60,8.16,1011.28,0.1243,4,1,15,Owned,North,Active,0
CUST00169,Male,32,Master's,Employed,Single,0,114218.0,601,4,LOAN00169,Personal,35266.0,48,5.48,819.84,0.0861,15,1,24,Owned,Central,Active,0
CUST00494,Male,49,Master's,Retired,Married,0,23778.0,623,0,LOAN00494,Auto,29268.0,60,13.85,678.74,0.3425,6,0,17,Owned,East,Active,0
CUST01247,Male,48,Bachelor's,Employed,Single,3,108412.0,513,2,LOAN01247,Home,414545.0,120,14.9,6662.7,0.7375,15,2,8,Owned,North,Active,0
CUST01026,Male,43,Bachelor's,Employed,Divorced,0,125747.0,584,1,LOAN01026,Education,63051.0,12,12.24,5609.09,0.5353,5,0,9,Mortgaged,East,Active,0
CUST01793,Male,35,Bachelor's,Unemployed,Single,2,26361.0,648,0,LOAN01793,Home,334341.0,180,14.25,4508.85,0.99,0,0,21,,North,Active,0
CUST00894,Male,32,High School,Self-Employed,Single,4,88945.0,723,1,LOAN00894,Education,10147.0,36,14.87,351.1,0.0474,0,1,15,Rented,East,Active,0
CUST00273,Female,58,Other,Employed,Married,0,35943.0,647,2,LOAN00273,Education,47202.0,24,11.95,2220.86,0.7415,27,0,11,Owned,North,Active,0
CUST01761,Male,45,PhD,Employed,Married,4,54240.0,808,0,LOAN01761,Auto,29546.0,240,4.0,179.04,0.0396,27,0,3,Rented,North,Active,0
CUST00421,Female,57,Bachelor's,Employed,Single,0,124520.0,654,3,LOAN00421,Auto,29012.0,60,8.86,600.27,0.0578,29,0,21,Owned,Central,Active,0
CUST00095,Female,40,Master's,Employed,Married,3,107937.0,631,1,LOAN00095,Personal,28102.0,24,12.56,1330.22,0.1479,15,0,9,Rented,East,Active,0
CUST01364,Female,60,Bachelor's,Employed,Single,1,97092.0,647,1,LOAN01364,Home,494521.0,24,10.33,22895.03,0.99,16,0,16,,North,Active,0
CUST01578,Female,58,High School,Employed,Married,3,145923.0,673,2,LOAN01578,Personal,20199.0,36,8.79,640.35,0.0527,24,3,4,Rented,East,Active,0
CUST01589,Male,37,PhD,Retired,Married,2,29896.0,644,2,LOAN01589,Auto,26888.0,120,7.07,313.16,0.1257,25,0,17,Owned,Central,Active,0
CUST00043,Male,38,PhD,Employed,Divorced,0,146374.0,621,1,LOAN00043,Education,68617.0,180,9.09,699.64,0.0574,8,1,2,Mortgaged,South,Active,0
CUST00057,Male,62,Master's,Retired,Single,4,18308.0,711,1,LOAN00057,Auto,35444.0,48,7.13,850.89,0.5577,18,0,23,Owned,North,Active,0
CUST01595,Female,48,Bachelor's,Employed,Married,0,64621.0,636,2,LOAN01595,Education,64006.0,180,9.06,651.48,0.121,10,0,21,Owned,East,Active,0
CUST01226,Female,46,Bachelor's,Unemployed,Single,0,19909.0,756,2,LOAN01226,Auto,36848.0,180,9.23,378.8,0.2283,0,1,5,Rented,North,Active,0
CUST01170,Male,23,Bachelor's,Employed,Married,4,95985.0,770,0,LOAN01170,Auto,50762.0,120,12.6,746.0,0.0933,17,0,15,Mortgaged,North,Active,0
CUST01284,Male,24,PhD,Employed,Divorced,2,139034.0,790,2,LOAN01284,Auto,45314.0,240,14.94,594.68,0.0513,7,0,12,Owned,North,Active,0
CUST00889,Male,29,High School,Employed,Single,5,69612.0,653,0,LOAN00889,Personal,5366.0,24,9.22,245.69,0.0424,12,0,18,Owned,West,Active,0
CUST00575,Female,44,Master's,Retired,Married,2,21350.0,551,1,LOAN00575,Business,146491.0,48,7.93,3571.46,0.99,12,0,14,Owned,South,Active,0
CUST00039,Female,64,Bachelor's,Employed,Divorced,0,119333.0,657,1,LOAN00039,Education,18315.0,84,15.69,360.55,0.0363,17,0,24,Owned,Central,Active,0
CUST00307,Male,50,Bachelor's,Unemployed,Married,5,23690.0,605,3,LOAN00307,Auto,29788.0,180,9.32,307.83,0.1559,0,0,15,Mortgaged,Central,Active,0
CUST01012,Female,28,Master's,Retired,Married,1,29241.0,648,1,LOAN01012,Home,292209.0,24,17.05,14454.5,0.99,22,3,1,Mortgaged,Central,Defaulted,1
CUST00007,Male,36,Other,Employed,Single,0,103851.0,516,2,LOAN00007,Home,262310.0,48,7.13,6297.17,0.7276,5,0,22,Owned,West,Active,0
CUST01701,Female,50,Bachelor's,Employed,Divorced,3,78503.0,689,3,LOAN01701,Home,298323.0,60,12.41,6698.0,0.99,6,0,24,Mortgaged,East,Active,0
CUST00783,Male,59,Master's,Employed,Single,1,87255.0,678,2,LOAN00783,Auto,47230.0,84,18.06,994.33,0.1367,10,2,12,Owned,North,Active,0
CUST00409,Female,28,High School,Self-Employed,Married,1,82243.0,693,0,LOAN00409,Personal,31966.0,24,10.49,1482.31,0.2163,25,1,9,Mortgaged,South,Active,0
CUST00986,Male,50,Master's,Employed,Married,5,114351.0,594,1,LOAN00986,Personal,14280.0,240,9.44,132.55,0.0139,17,3,18,Rented,West,Active,0
CUST00782,Female,54,Master's,Employed,Single,1,31776.0,686,2,LOAN00782,Home,145625.0,60,12.01,3240.08,0.99,0,1,22,Rented,East,Active,0
CUST00167,Male,52,PhD,Employed,Single,3,45389.0,544,1,LOAN00167,Education,42667.0,24,9.14,1951.97,0.5161,11,3,12,Mortgaged,Central,Active,0
CUST00535,Female,61,Bachelor's,Employed,Married,1,49629.0,550,0,LOAN00535,Auto,45049.0,48,11.45,1174.18,0.2839,18,0,20,Rented,West,Active,0
CUST00584,Male,62,Other,Retired,Married,5,34230.0,695,1,LOAN00584,Education,47866.0,12,10.41,4217.31,0.99,17,1,19,Rented,East,Active,0
CUST01881,Female,52,Bachelor's,Employed,Divorced,0,104710.0,745,1,LOAN01881,Personal,16265.0,12,4.95,1392.03,0.1595,19,2,6,Owned,Central,Active,0
CUST01903,Female,52,High School,Self-Employed,Married,0,70309.0,666,3,LOAN01903,Personal,49232.0,36,12.88,1655.98,0.2826,9,1,9,Owned,Central,Active,0
CUST01424,Male,42,Bachelor's,Self-Employed,Single,5,145427.0,657,2,LOAN01424,Personal,35428.0,60,8.06,719.37,0.0594,19,0,10,Mortgaged,South,Active,0
CUST01232,Male,60,High School,Employed,Divorced,2,69622.0,654,2,LOAN01232,Home,319109.0,36,16.74,11335.86,0.99,28,0,3,Mortgaged,West,Active,0
CUST01258,Male,56,Bachelor's,Unemployed,Divorced,3,10663.0,463,3,LOAN01258,Education,29927.0,12,19.27,2761.83,0.99,0,0,11,Rented,Central,Active,0
CUST01891,Male,48,Master's,Retired,Married,2,34875.0,426,1,LOAN01891,Home,442112.0,60,9.55,9295.98,0.99,20,0,3,Owned,Central,Active,0
CUST01572,Male,31,Other,Employed,Married,3,126177.0,615,2,LOAN01572,Personal,32249.0,24,4.5,1407.6,0.1339,8,0,18,Owned,East,Active,0
CUST01118,Female,58,High School,Unemployed,Single,2,21065.0,710,2,LOAN01118,Home,116984.0,60,11.72,2585.72,0.99,0,0,24,Mortgaged,North,Active,0
CUST01071,Male,53,Bachelor's,Employed,Married,0,145205.0,760,1,LOAN01071,Auto,44872.0,36,12.85,1508.68,0.1247,2,2,15,,South,Active,0
CUST00814,Female,44,Other,Employed,Married,2,103410.0,657,3,LOAN00814,Personal,20000.0,180,11.26,230.6,0.0268,1,0,23,,East,Active,0
CUST00317,Male,61,Other,Employed,Widowed,1,59814.0,613,0,LOAN00317,Auto,53422.0,240,14.79,695.18,0.1395,14,1,15,Rented,Central,Active,0
CUST01426,Female,22,Master's,Employed,Divorced,2,141102.0,753,0,LOAN01426,Home,223990.0,84,13.45,4129.82,0.3512,7,2,12,Mortgaged,Central,Active,0
CUST01915,Male,57,High School,Employed,Married,0,55992.0,653,0,LOAN01915,Personal,25463.0,84,10.44,428.53,0.0918,9,1,15,Rented,West,Active,0
CUST00517,Male,48,Master's,Employed,Single,1,114054.0,756,0,LOAN00517,Personal,20339.0,84,4.33,281.11,0.0296,9,2,15,Owned,South,Active,0
CUST01853,Female,57,Bachelor's,Self-Employed,Married,0,142620.0,671,3,LOAN01853,Auto,16577.0,24,12.66,785.46,0.0661,0,0,12,Owned,West,Active,0
CUST01668,Female,55,Master's,Employed,Married,3,113452.0,734,2,LOAN01668,Personal,41216.0,120,9.06,523.45,0.0554,17,0,18,Rented,Central,Active,0
CUST01188,Male,55,High School,Employed,Married,2,114873.0,560,1,LOAN01188,Business,117476.0,84,4.71,1644.43,0.1718,15,2,13,Owned,East,Active,0
CUST00534,Female,35,High School,Retired,Married,2,69622.0,680,0,LOAN00534,Business,97874.0,120,10.77,1335.5,0.5465,8,0,18,Mortgaged,West,Active,0
CUST00174,Male,41,Bachelor's,Self-Employed,Single,1,108082.0,654,1,LOAN00174,Home,439149.0,48,10.86,11320.2,0.99,17,1,16,Mortgaged,East,Active,0
CUST01043,Male,46,Bachelor's,Employed,Married,0,31112.0,740,0,LOAN01043,Business,27252.0,24,11.75,1279.67,0.4936,22,1,1,Rented,Central,Active,0
CUST00272,Female,54,High School,Self-Employed,Single,3,84808.0,641,1,LOAN00272,Personal,27057.0,48,9.83,684.03,0.0968,4,3,22,Mortgaged,East,Active,0
CUST00549,Male,57,Bachelor's,Unemployed,Single,2,22572.0,678,0,LOAN00549,Home,153984.0,120,11.21,2139.48,0.99,0,0,7,Owned,North,Active,0
CUST00669,Male,64,PhD,Employed,Single,2,61558.0,752,0,LOAN00669,Business,111006.0,84,13.01,2020.02,0.3938,7,0,15,Rented,West,Active,0
CUST01637,Male,23,Bachelor's,Employed,Married,1,111947.0,837,0,LOAN01637,Business,93387.0,12,13.09,8345.02,0.8945,29,0,3,Owned,Central,Active,0
CUST00454,Female,50,Master's,Unemployed,Married,1,17765.0,730,2,LOAN00454,Personal,29692.0,120,13.03,443.86,0.2998,0,0,23,,North,Active,0
CUST00965,Male,23,High School,Employed,Married,0,114600.0,683,3,LOAN00965,Education,11089.0,180,7.5,102.8,0.0108,10,1,9,Mortgaged,South,Active,0
CUST00607,Male,57,Bachelor's,Unemployed,Married,0,14670.0,689,3,LOAN00607,Education,52191.0,120,14.08,812.86,0.6649,0,0,12,Rented,South,Active,0
CUST01697,Male,38,High School,Self-Employed,Married,2,71604.0,611,1,LOAN01697,Personal,21617.0,120,12.67,318.57,0.0534,2,1,15,Owned,Central,Active,0
CUST01724,Male,53,Master's,Employed,Single,0,100990.0,726,3,LOAN01724,Auto,55596.0,36,4.36,1650.33,0.1961,4,2,7,Rented,West,Active,0
CUST00805,Male,52,High School,Employed,Single,3,144501.0,783,2,LOAN00805,Auto,26988.0,12,15.24,2438.95,0.2025,3,0,5,Rented,Central,Active,0
CUST00599,Male,49,Master's,Self-Employed,Single,1,113197.0,742,0,LOAN00599,Personal,38379.0,12,8.2,3342.08,0.3543,21,0,15,Owned,West,Active,0
CUST01847,Male,51,High School,Self-Employed,Married,0,82967.0,551,4,LOAN01847,Personal,30160.0,48,9.93,763.92,0.1105,28,0,4,Mortgaged,North,Active,0
CUST01603,Male,58,Master's,Unemployed,Single,2,23755.0,642,2,LOAN01603,Education,38857.0,84,13.42,715.79,0.3616,0,1,3,Rented,North,Active,0
CUST01348,Male,37,Master's,Employed,Single,2,46786.0,723,1,LOAN01348,Personal,18057.0,48,4.44,411.27,0.1055,0,3,15,Mortgaged,East,Active,0
CUST00752,Female,34,Master's,Self-Employed,Married,2,119535.0,660,1,LOAN00752,Personal,26833.0,240,4.0,162.6,0.0163,9,1,10,Mortgaged,North,Active,0
CUST00571,Male,24,High School,Unemployed,Married,4,20547.0,754,0,LOAN00571,Home,131700.0,36,11.92,4369.29,0.99,0,2,9,Rented,West,Active,0
CUST00075,Female,30,Other,Employed,Widowed,3,62600.0,596,1,LOAN00075,Auto,25307.0,240,15.65,345.46,0.0662,13,0,17,Mortgaged,West,Active,0
CUST00062,Male,44,High School,Self-Employed,Single,0,31476.0,633,1,LOAN00062,Home,421253.0,240,8.14,3560.32,0.99,25,2,21,Mortgaged,North,Active,0
CUST01983,Male,63,Bachelor's,Employed,Divorced,1,91518.0,522,2,LOAN01983,Education,23609.0,36,6.6,724.67,0.095,4,1,21,Rented,North,Active,0
CUST00810,Male,40,High School,Self-Employed,Single,0,72510.0,620,2,LOAN00810,Home,147899.0,180,9.18,1515.97,0.2509,18,0,16,Owned,North,Active,0
CUST00245,Male,29,Bachelor's,Employed,Divorced,1,99617.0,617,2,LOAN00245,Home,182475.0,60,14.05,4250.61,0.512,8,0,21,Mortgaged,South,Active,0
CUST01099,Female,31,Bachelor's,Self-Employed,Divorced,2,95843.0,666,1,LOAN01099,Personal,9565.0,24,12.03,450.39,0.0564,23,1,4,Mortgaged,Central,Active,0
CUST01443,Female,38,PhD,Employed,Married,0,72801.0,686,1,LOAN01443,Personal,36353.0,60,12.1,810.49,0.1336,12,1,3,Owned,North,Active,0
CUST00106,Male,47,Bachelor's,Retired,Married,4,10998.0,638,1,LOAN00106,Auto,38682.0,48,10.72,994.5,0.99,16,0,23,Owned,West,Active,0
CUST00674,Male,58,Master's,Employed,Married,2,70264.0,467,1,LOAN00674,Personal,3365.0,84,9.97,55.81,0.01,28,0,10,Owned,East,Active,0
CUST00643,Male,41,Other,Employed,Married,1,77717.0,715,1,LOAN00643,Auto,18087.0,120,11.9,258.45,0.0399,24,3,24,Rented,South,Active,0
CUST01629,Male,58,Bachelor's,Retired,Married,2,20317.0,648,2,LOAN01629,Home,294289.0,240,6.41,2178.57,0.99,22,0,23,Mortgaged,East,Active,0
CUST00666,Male,37,Master's,Employed,Married,2,131986.0,806,0,LOAN00666,Home,82003.0,120,4.0,830.24,0.0755,29,1,7,Mortgaged,West,Active,0
CUST00510,Female,57,Other,Self-Employed,Widowed,3,131860.0,553,1,LOAN00510,Auto,48814.0,240,17.47,733.5,0.0668,16,0,16,Owned,East,Active,0
CUST00132,Male,61,Bachelor's,Self-Employed,Married,4,99074.0,579,2,LOAN00132,Personal,41064.0,240,8.34,352.22,0.0427,27,0,17,Rented,East,Active,0
CUST00445,Female,65,Master's,Self-Employed,Single,3,142194.0,591,2,LOAN00445,Personal,3294.0,180,12.61,40.84,0.01,0,1,22,Owned,Central,Active,0
CUST00867,Male,37,Bachelor's,Employed,Divorced,4,125894.0,763,1,LOAN00867,Auto,31236.0,12,7.18,2705.34,0.2579,6,0,6,Mortgaged,East,Active,0
CUST02000,Male,45,Bachelor's,Employed,Single,3,89556.0,626,0,LOAN02000,Education,40132.0,60,14.53,944.87,0.1266,25,0,9,Owned,Central,Active,0
CUST01772,Female,34,High School,Employed,Married,0,106190.0,770,2,LOAN01772,Personal,7334.0,120,11.43,102.82,0.0116,22,1,3,Rented,Central,Active,0
CUST00058,Male,27,Bachelor's,Employed,Married,0,72032.0,699,0,LOAN00058,Home,484046.0,48,4.13,10957.48,0.99,6,0,12,Mortgaged,Central,Active,0
CUST01790,Male,32,Master's,Employed,Single,2,97957.0,719,1,LOAN01790,Home,217751.0,36,4.0,6428.88,0.7876,2,3,4,Owned,Central,Defaulted,1
CUST01065,Male,61,High School,Employed,Divorced,2,110972.0,537,3,LOAN01065,Personal,4120.0,12,12.65,367.31,0.0397,10,0,18,Rented,Central,Active,0
CUST01129,Male,36,Other,Employed,Single,2,69622.0,529,2,LOAN01129,Personal,46391.0,24,8.69,2112.77,0.5108,12,0,21,Rented,West,Active,0
CUST00087,Female,44,High School,Employed,Married,0,132501.0,534,1,LOAN00087,Personal,2946.0,36,8.55,93.07,0.01,4,2,5,,Central,Active,0
CUST01846,Male,43,High School,Self-Employed,Married,3,68596.0,786,0,LOAN01846,Home,220607.0,12,12.29,19630.61,0.99,6,1,17,Rented,West,Active,0
CUST00772,Female,37,Bachelor's,Unemployed,Divorced,0,26289.0,631,3,LOAN00772,Personal,8356.0,60,12.45,187.78,0.0857,0,1,13,Owned,East,Active,0
CUST01227,Male,39,Bachelor's,Self-Employed,Single,2,56315.0,651,0,LOAN01227,Education,34393.0,24,4.68,1503.94,0.3205,29,3,16,Owned,South,Active,0
CUST00709,Male,42,Master's,Self-Employed,Divorced,1,143216.0,564,0,LOAN00709,Home,121503.0,24,12.57,5751.96,0.482,26,0,8,Rented,East,Active,0
CUST01553,Female,48,High School,Self-Employed,Single,4,54400.0,648,2,LOAN01553,Business,114964.0,12,6.83,9938.45,0.99,28,1,11,Rented,South,Active,0
CUST01335,Female,21,High School,Self-Employed,Single,1,31607.0,603,0,LOAN01335,Personal,9852.0,180,11.33,114.03,0.0433,12,0,21,Owned,South,Active,0
CUST01618,Female,63,PhD,Employed,Divorced,0,123316.0,553,1,LOAN01618,Home,144167.0,180,10.61,1603.47,0.156,26,1,22,Owned,North,Active,0
CUST00539,Male,52,High School,Employed,Divorced,1,55063.0,616,4,LOAN00539,Auto,26037.0,180,15.02,364.77,0.0795,29,3,16,Rented,Central,Active,0
CUST01432,Male,40,Master's,Employed,Divorced,0,146816.0,771,1,LOAN01432,Education,27146.0,48,11.3,705.56,0.0577,4,1,8,Rented,South,Active,0
CUST01437,Male,43,Bachelor's,Employed,Married,2,145925.0,543,1,LOAN01437,Personal,11270.0,84,8.19,176.73,0.0145,4,0,10,Rented,East,Active,0
CUST01549,Male,29,High School,Employed,Married,3,55575.0,468,2,LOAN01549,Business,163223.0,60,11.47,3587.24,0.7746,14,0,16,Mortgaged,North,Active,0
CUST01302,Female,41,Bachelor's,Self-Employed,Married,0,89630.0,581,1,LOAN01302,Home,475121.0,36,14.78,16419.08,0.99,13,2,10,Owned,Central,Active,0
CUST00419,Female,29,Bachelor's,Employed,Married,1,137713.0,710,2,LOAN00419,Education,76838.0,180,4.73,596.88,0.052,9,0,17,Rented,South,Active,0
CUST01887,Male,21,Master's,Retired,Married,2,19749.0,794,0,LOAN01887,Business,142408.0,240,6.11,1029.31,0.6254,17,0,5,Mortgaged,East,Active,0
CUST01698,Male,50,Bachelor's,Self-Employed,Married,0,140129.0,667,1,LOAN01698,Home,369157.0,48,6.51,8756.24,0.7498,6,0,16,Owned,North,Active,0
CUST01276,Male,60,PhD,Employed,Divorced,0,93209.0,670,0,LOAN01276,Home,247518.0,120,5.36,2669.08,0.3436,11,0,13,Mortgaged,North,Active,0
CUST00852,Female,63,Bachelor's,Employed,Single,2,93175.0,582,0,LOAN00852,Home,212282.0,240,11.98,2334.45,0.3007,25,0,12,Rented,North,Active,0
CUST01743,Female,27,High School,Employed,Married,3,49693.0,711,0,LOAN01743,Home,196397.0,84,6.05,2873.79,0.694,23,1,10,Rented,South,Active,0
CUST01720,Male,28,Other,Unemployed,Single,0,30810.0,682,2,LOAN01720,Education,27632.0,36,12.62,925.98,0.3607,0,1,20,Owned,West,Active,0
CUST01684,Female,57,Master's,Self-Employed,Married,2,35305.0,557,1,LOAN01684,Personal,16045.0,60,15.71,387.72,0.1318,23,1,2,Rented,North,Active,0
CUST01756,Female,49,Bachelor's,Retired,Married,5,34623.0,693,1,LOAN01756,Auto,41935.0,60,10.19,894.92,0.3102,16,1,21,Rented,West,Active,0
CUST01294,Female,57,Master's,Unemployed,Single,0,31295.0,625,1,LOAN01294,Auto,12053.0,48,12.48,320.25,0.1228,0,0,11,Owned,North,Active,0
CUST01805,Male,23,Master's,Retired,Divorced,2,34159.0,591,0,LOAN01805,Education,70463.0,84,13.11,1286.08,0.4518,12,1,6,Rented,Central,Active,0
CUST01851,Male,56,Bachelor's,Retired,Single,1,23023.0,560,0,LOAN01851,Home,211102.0,12,12.27,18782.83,0.99,20,2,11,,East,Active,0
CUST01511,Female,30,Master's,Employed,Single,3,57315.0,615,0,LOAN01511,Auto,40333.0,48,9.93,1021.59,0.2139,11,0,7,Owned,Central,Active,0
CUST00336,Male,57,Bachelor's,Employed,Single,0,110331.0,605,1,LOAN00336,Education,65270.0,48,5.38,1514.38,0.1647,26,0,13,Rented,West,Active,0
CUST00996,Male,27,Bachelor's,Employed,Single,0,66214.0,495,0,LOAN00996,Education,12993.0,48,8.04,317.44,0.0575,7,0,18,Mortgaged,South,Active,0
CUST00570,Male,51,Bachelor's,Self-Employed,Single,1,92878.0,689,0,LOAN00570,Business,30006.0,12,11.99,2665.86,0.3444,24,0,18,Rented,East,Active,0
CUST00089,Female,58,Bachelor's,Employed,Single,2,105829.0,774,2,LOAN00089,Education,55570.0,48,10.79,1430.58,0.1622,7,1,19,Mortgaged,East,Active,0
CUST00875,Male,43,PhD,Employed,Married,1,53560.0,565,2,LOAN00875,Home,113202.0,60,13.24,2589.62,0.5802,14,0,18,,East,Defaulted,1
CUST01163,Male,22,Master's,Employed,Single,3,141923.0,606,1,LOAN01163,Home,441042.0,12,13.28,39450.63,0.99,4,0,12,,Central,Active,0
CUST01518,Female,50,High School,Self-Employed,Divorced,0,149761.0,649,1,LOAN01518,Personal,40321.0,60,17.84,1020.38,0.0818,25,1,14,Mortgaged,Central,Active,0
CUST00713,Male,62,Bachelor's,Retired,Married,3,20046.0,620,3,LOAN00713,Home,235582.0,48,6.93,5633.66,0.99,27,0,13,,East,Active,0
CUST01740,Male,44,High School,Employed,Single,4,80094.0,460,1,LOAN01740,Home,174550.0,24,10.16,8067.49,0.99,6,2,5,Owned,North,Active,0
CUST01843,Male,49,Bachelor's,Retired,Widowed,4,10777.0,581,1,LOAN01843,Home,294271.0,60,9.61,6196.07,0.99,11,0,10,Rented,West,Active,0
CUST01376,Female,39,Master's,Self-Employed,Married,3,88049.0,690,0,LOAN01376,Personal,26725.0,60,8.16,543.94,0.0741,17,2,6,Owned,East,Active,0
CUST00222,Female,61,High School,Employed,Married,2,86143.0,615,4,LOAN00222,Home,386914.0,12,9.26,33882.87,0.99,8,1,10,Rented,East,Active,0
CUST00320,Male,48,Bachelor's,Unemployed,Divorced,3,33438.0,689,3,LOAN00320,Auto,52514.0,48,10.22,1337.45,0.48,0,2,4,Mortgaged,East,Active,0
CUST01749,Female,59,Bachelor's,Employed,Married,2,41584.0,690,1,LOAN01749,Home,280174.0,84,11.6,4886.1,0.99,9,0,19,Owned,East,Active,0
CUST00879,Male,33,Bachelor's,Employed,Married,3,33239.0,649,0,LOAN00879,Personal,40719.0,180,17.47,640.28,0.2312,24,1,20,Owned,South,Active,0
CUST01795,Male,65,PhD,Self-Employed,Married,1,58317.0,671,2,LOAN01795,Personal,23946.0,60,13.85,555.32,0.1143,18,0,23,Owned,North,Active,0
CUST00826,Female,54,Bachelor's,Unemployed,Divorced,1,27532.0,633,1,LOAN00826,Home,263172.0,180,11.95,3150.05,0.99,0,0,9,Owned,Central,Active,0
CUST01977,Male,24,Bachelor's,Self-Employed,Single,0,119042.0,664,1,LOAN01977,Education,8703.0,120,7.97,105.45,0.0106,20,0,24,Owned,East,Active,0
CUST01462,Female,32,Bachelor's,Retired,Married,0,33442.0,559,1,LOAN01462,Auto,48785.0,120,16.95,846.33,0.3037,29,1,10,Rented,West,Active,0
CUST00139,Male,60,Bachelor's,Employed,Single,2,69622.0,702,1,LOAN00139,Home,400106.0,48,13.08,10749.74,0.99,21,0,18,Rented,South,Active,0
CUST00164,Male,50,Master's,Self-Employed,Divorced,1,71745.0,648,1,LOAN00164,Home,266496.0,180,6.56,2330.27,0.3898,19,0,12,Rented,North,Active,0
CUST01775,Female,39,Master's,Employed,Single,1,109789.0,642,1,LOAN01775,Business,162502.0,24,6.5,7238.85,0.7912,8,0,17,Rented,North,Active,0
CUST01445,Female,61,Bachelor's,Unemployed,Divorced,3,21452.0,622,2,LOAN01445,Personal,4940.0,84,11.91,86.97,0.0487,0,0,6,Mortgaged,South,Active,0
CUST00961,Male,34,High School,Employed,Single,0,79948.0,788,1,LOAN00961,Education,68387.0,84,11.61,1193.0,0.1791,8,0,2,Rented,East,Active,0
CUST01824,Female,45,Bachelor's,Employed,Married,3,30042.0,674,2,LOAN01824,Business,26463.0,12,8.76,2311.28,0.9232,18,1,8,Rented,West,Active,0
CUST01237,Female,43,Other,Employed,Married,0,108059.0,726,3,LOAN01237,Home,432785.0,84,10.8,7364.9,0.8179,27,1,7,Rented,South,Active,0
CUST01174,Male,30,Bachelor's,Self-Employed,Married,0,67574.0,578,1,LOAN01174,Home,118302.0,120,9.15,1508.22,0.2678,6,0,17,,South,Active,0
CUST01922,Male,25,High School,Self-Employed,Married,0,39770.0,731,1,LOAN01922,Business,113431.0,48,13.97,3097.96,0.9348,28,0,5,Rented,South,Active,0
CUST01295,Female,45,PhD,Self-Employed,Single,3,128144.0,635,0,LOAN01295,Home,329127.0,84,7.16,4993.19,0.4676,28,0,3,Rented,North,Active,0
CUST01798,Male,33,Bachelor's,Employed,Married,1,65242.0,809,0,LOAN01798,Education,7646.0,240,8.16,64.72,0.0119,11,0,18,,North,Active,0
CUST00634,Male,37,Bachelor's,Employed,Married,1,93059.0,607,1,LOAN00634,Auto,30886.0,240,16.84,449.28,0.0579,7,0,9,Owned,West,Active,0
CUST01183,Female,27,Bachelor's,Unemployed,Single,2,34690.0,599,1,LOAN01183,Business,146878.0,180,11.1,1678.65,0.5807,0,0,13,Rented,East,Active,0
CUST00656,Male,41,Bachelor's,Employed,Widowed,0,100935.0,523,2,LOAN00656,Auto,49826.0,60,12.78,1128.09,0.1341,1,0,17,Rented,East,Active,0
CUST00017,Male,56,High School,Employed,Married,0,40977.0,768,0,LOAN00017,Business,191751.0,240,6.39,1417.25,0.415,9,0,16,Owned,North,Active,0
CUST01624,Female,23,High School,Employed,Married,4,102495.0,677,0,LOAN01624,Home,146513.0,48,8.85,3635.56,0.4256,24,0,13,Rented,West,Active,0
CUST01160,Male,44,Master's,Unemployed,Married,0,34585.0,705,0,LOAN01160,Home,265930.0,48,6.2,6269.79,0.99,0,2,5,Owned,Central,Active,0
CUST00138,Female,35,Master's,Unemployed,Married,0,25827.0,727,0,LOAN00138,Personal,2082.0,84,9.13,33.63,0.0156,0,0,14,Owned,South,Active,0
CUST01532,Female,29,High School,Self-Employed,Single,0,73805.0,686,2,LOAN01532,Business,62582.0,60,12.43,1405.74,0.2286,13,0,23,Mortgaged,West,Active,0
CUST00698,Female,28,Bachelor's,Employed,Single,3,132979.0,620,1,LOAN00698,Home,492940.0,24,12.4,23296.58,0.99,1,2,17,Rented,North,Active,0
CUST01098,Male,37,Bachelor's,Self-Employed,Divorced,2,42084.0,746,3,LOAN01098,Business,52323.0,120,9.33,672.19,0.1917,26,1,6,Owned,East,Active,0
CUST01993,Female,25,Bachelor's,Unemployed,Married,0,25993.0,527,0,LOAN01993,Auto,14856.0,12,17.78,1360.44,0.6281,0,0,17,Rented,North,Active,0
CUST00449,Male,25,Master's,Unemployed,Widowed,2,11971.0,664,3,LOAN00449,Personal,10555.0,24,12.29,498.29,0.4995,0,0,21,Rented,East,Active,0
CUST01888,Male,50,Bachelor's,Unemployed,Married,1,20349.0,554,1,LOAN01888,Personal,28232.0,84,9.22,457.39,0.2697,0,0,5,Rented,East,Active,0
CUST00328,Female,50,High School,Employed,Married,2,84699.0,688,1,LOAN00328,Business,66635.0,24,8.53,3029.85,0.4293,9,0,8,Rented,Central,Active,0
CUST00318,Male,24,High School,Self-Employed,Married,3,113611.0,666,2,LOAN00318,Education,57201.0,36,12.29,1907.82,0.2015,4,1,7,,North,Active,0
CUST01524,Male,24,Other,Self-Employed,Married,1,53279.0,639,1,LOAN01524,Education,55617.0,60,11.39,1220.09,0.2748,27,1,12,Owned,Central,Active,0
CUST00527,Male,64,Master's,Retired,Divorced,3,17008.0,815,3,LOAN00527,Personal,14669.0,24,13.32,699.6,0.4936,13,1,22,Owned,East,Active,0
CUST00088,Female,60,Master's,Self-Employed,Single,2,124330.0,657,1,LOAN00088,Education,12171.0,120,11.1,168.35,0.0162,17,0,23,Rented,West,Active,0
CUST01269,Female,65,Bachelor's,Self-Employed,Single,4,34743.0,648,1,LOAN01269,Home,363063.0,60,13.34,8324.13,0.99,21,0,23,Owned,South,Active,0
CUST00149,Male,65,Other,Unemployed,Married,0,22721.0,647,2,LOAN00149,Education,39173.0,84,7.0,591.23,0.3123,0,1,16,Mortgaged,East,Active,0
CUST01616,Female,42,Master's,Self-Employed,Married,0,35849.0,760,0,LOAN01616,Education,79821.0,120,14.19,1248.49,0.4179,3,2,17,Rented,West,Active,0
CUST01577,Male,38,High School,Employed,Divorced,0,106064.0,750,2,LOAN01577,Personal,34001.0,180,12.9,427.96,0.0484,30,0,24,,West,Active,0
CUST01985,Male,40,High School,Employed,Married,0,31567.0,720,0,LOAN01985,Auto,37337.0,36,10.11,1206.69,0.4587,0,0,11,Mortgaged,North,Active,0
CUST00366,Male,24,Bachelor's,Employed,Married,0,104134.0,623,1,LOAN00366,Education,14240.0,12,5.83,1224.47,0.1411,30,1,12,Rented,North,Active,0
CUST00590,Male,57,Bachelor's,Unemployed,Divorced,3,23129.0,589,1,LOAN00590,Personal,15473.0,60,5.9,298.42,0.1548,0,0,12,Rented,Central,Active,0
CUST01507,Female,21,Bachelor's,Unemployed,Divorced,4,21411.0,520,3,LOAN01507,Auto,53551.0,36,12.49,1791.22,0.99,0,0,8,Rented,South,Active,0
CUST00199,Female,39,Master's,Employed,Single,3,126220.0,760,1,LOAN00199,Auto,57893.0,240,8.38,498.02,0.0473,29,0,7,Owned,South,Active,0
CUST01889,Female,65,Bachelor's,Retired,Single,0,23582.0,591,1,LOAN01889,Personal,36219.0,48,10.78,932.23,0.4744,4,1,9,Owned,West,Active,0
CUST00193,Female,55,Master's,Employed,Widowed,0,44962.0,559,1,LOAN00193,Home,230700.0,84,4.0,3153.39,0.8416,25,1,2,Owned,East,Active,0
CUST00405,Male,65,Master's,Self-Employed,Divorced,2,79949.0,791,4,LOAN00405,Home,331976.0,12,10.83,29314.27,0.99,15,0,20,Rented,East,Active,0
CUST01569,Female,31,Master's,Retired,Married,0,23864.0,598,0,LOAN01569,Personal,45955.0,48,4.0,1037.62,0.5218,12,1,5,,East,Active,0
CUST01978,Male,49,Bachelor's,Employed,Widowed,2,69622.0,795,1,LOAN01978,Business,44875.0,36,13.4,1520.68,0.1256,12,0,5,Rented,North,Active,0
CUST00484,Female,34,High School,Employed,Single,5,126102.0,664,0,LOAN00484,Personal,44980.0,120,9.22,575.16,0.0547,13,1,19,Owned,East,Active,0
CUST01456,Female,25,Bachelor's,Unemployed,Married,1,22864.0,727,1,LOAN01456,Auto,37875.0,24,13.44,1808.48,0.9492,0,0,22,Rented,South,Active,0
CUST00792,Female,21,Other,Self-Employed,Single,1,80946.0,644,1,LOAN00792,Personal,14917.0,48,13.26,402.11,0.0596,12,0,20,Rented,East,Active,0
CUST00800,Female,45,Bachelor's,Employed,Single,0,119893.0,758,0,LOAN00800,Personal,11170.0,12,13.38,999.67,0.1001,15,1,7,Rented,North,Active,0
CUST00385,Female,58,Master's,Unemployed,Single,2,20027.0,553,0,LOAN00385,Education,79469.0,12,14.21,7143.15,0.99,0,3,24,Rented,North,Active,0
CUST00751,Male,54,Bachelor's,Retired,Married,0,12335.0,652,2,LOAN00751,Education,44552.0,60,6.74,876.73,0.8529,6,3,13,,Central,Active,0
CUST00423,Male,37,Bachelor's,Employed,Married,0,67538.0,756,3,LOAN00423,Personal,42326.0,180,11.65,498.49,0.0886,17,0,23,Rented,West,Active,0
CUST00315,Female,34,High School,Retired,Divorced,2,12652.0,602,0,LOAN00315,Auto,59588.0,240,11.82,648.65,0.6152,1,0,16,Rented,North,Active,0
CUST01022,Male,54,Bachelor's,Self-Employed,Single,1,127919.0,653,1,LOAN01022,Auto,25523.0,24,10.56,1184.36,0.1111,23,0,3,Rented,East,Active,0
CUST00544,Female,54,Bachelor's,Retired,Divorced,4,14355.0,528,1,LOAN00544,Personal,24747.0,84,6.89,372.17,0.3111,26,0,13,Owned,North,Active,0
CUST00914,Male,56,Master's,Retired,Married,0,33011.0,670,2,LOAN00914,Personal,20015.0,84,5.3,285.72,0.1039,22,0,23,Owned,East,Active,0
CUST00663,Female,61,High School,Self-Employed,Single,2,143251.0,711,3,LOAN00663,Personal,2901.0,48,14.37,79.81,0.01,16,0,7,Rented,East,Active,0
CUST00903,Male,38,Bachelor's,Employed,Widowed,0,79744.0,665,0,LOAN00903,Personal,12462.0,60,18.21,317.88,0.0478,26,0,10,Mortgaged,East,Active,0
CUST01512,Female,35,High School,Employed,Married,2,113804.0,503,1,LOAN01512,Home,413364.0,60,12.74,9350.38,0.9859,1,1,3,Mortgaged,Central,Defaulted,1
CUST00686,Female,48,High School,Employed,Married,0,75076.0,618,1,LOAN00686,Personal,12587.0,36,6.14,383.72,0.0613,23,0,15,Rented,Central,Active,0
CUST01671,Male,61,Bachelor's,Self-Employed,Married,4,74084.0,771,4,LOAN01671,Auto,11693.0,120,5.7,128.06,0.0207,8,0,5,Mortgaged,West,Active,0
CUST00160,Female,52,Bachelor's,Retired,Divorced,0,26950.0,534,1,LOAN00160,Auto,31988.0,180,8.83,321.22,0.143,30,0,5,Owned,East,Active,0
CUST01000,Male,63,High School,Employed,Single,4,48953.0,644,4,LOAN01000,Personal,45033.0,60,13.23,1029.95,0.2525,14,0,7,Rented,East,Active,0
CUST01296,Male,47,High School,Unemployed,Married,0,27934.0,607,4,LOAN01296,Personal,8575.0,60,8.05,174.08,0.0748,0,1,22,Rented,South,Active,0
CUST01771,Male,27,Other,Employed,Married,4,79631.0,778,2,LOAN01771,Personal,43392.0,84,15.54,850.53,0.1282,22,0,21,Rented,East,Active,0
CUST00203,Male,64,Bachelor's,Self-Employed,Single,2,130382.0,675,3,LOAN00203,Auto,38557.0,48,11.56,1007.04,0.0927,0,0,15,Rented,Central,Active,0
CUST01024,Female,33,Bachelor's,Employed,Single,3,47007.0,619,1,LOAN01024,Business,34073.0,240,13.43,409.67,0.1046,19,0,2,Owned,South,Active,0
CUST01528,Male,39,Master's,Employed,Married,3,85467.0,683,1,LOAN01528,Personal,32825.0,36,9.35,1049.18,0.1473,14,2,14,Rented,South,Active,0
CUST01184,Female,23,High School,Employed,Divorced,1,147136.0,686,1,LOAN01184,Education,79460.0,48,11.17,2060.25,0.168,30,0,24,Mortgaged,West,Active,0
CUST00113,Female,23,Bachelor's,Employed,Single,3,145695.0,767,1,LOAN00113,Education,18686.0,36,16.34,660.09,0.0544,24,0,15,Rented,Central,Active,0
CUST01801,Female,40,Other,Employed,Married,1,129806.0,662,0,LOAN01801,Home,222108.0,36,9.94,7160.55,0.662,8,0,11,,North,Active,0
CUST01229,Female,27,High School,Employed,Married,2,49521.0,666,0,LOAN01229,Auto,50051.0,48,10.36,1278.09,0.3097,28,0,14,Owned,South,Active,0
CUST00981,Male,60,Bachelor's,Employed,Divorced,1,92881.0,574,4,LOAN00981,Education,31770.0,120,4.0,321.66,0.0416,0,0,14,Rented,Central,Active,0
CUST00923,Female,53,High School,Self-Employed,Married,5,113422.0,600,2,LOAN00923,Business,154181.0,24,8.65,7018.99,0.7426,9,0,15,Rented,North,Active,0
CUST01480,Male,58,PhD,Employed,Divorced,3,43140.0,547,2,LOAN01480,Personal,31421.0,24,9.41,1441.38,0.4009,28,0,21,Mortgaged,North,Active,0
CUST01583,Female,30,Master's,Unemployed,Single,0,69622.0,617,0,LOAN01583,Auto,45069.0,36,15.13,1565.2,0.99,0,0,15,Rented,North,Active,0
CUST01413,Male,32,Master's,Employed,Single,1,72732.0,719,0,LOAN01413,Home,452642.0,240,12.07,5006.09,0.826,12,1,21,Owned,West,Active,0
CUST01451,Male,22,High School,Employed,Married,4,53731.0,607,1,LOAN01451,Personal,15218.0,24,12.82,722.21,0.1613,2,0,3,Rented,South,Active,0
CUST00816,Male,42,Bachelor's,Employed,Single,4,69632.0,850,0,LOAN00816,Home,278059.0,48,10.0,7052.29,0.99,0,0,17,Mortgaged,Central,Active,0
CUST01361,Female,39,Master's,Self-Employed,Single,2,56245.0,636,0,LOAN01361,Home,402382.0,120,10.89,5517.79,0.99,25,0,15,Mortgaged,West,Active,0
CUST01286,Male,32,High School,Employed,Widowed,3,49276.0,642,2,LOAN01286,Personal,30538.0,48,10.19,777.31,0.1893,18,0,18,Owned,North,Active,0
CUST00680,Female,47,Bachelor's,Employed,Divorced,0,48065.0,767,2,LOAN00680,Home,251550.0,240,8.48,2179.83,0.5442,9,0,11,Owned,East,Active,0
CUST01094,Male,65,Master's,Self-Employed,Single,0,71025.0,697,1,LOAN01094,Business,185918.0,60,14.1,4335.63,0.7325,1,0,5,Rented,West,Active,0
CUST00081,Female,30,High School,Employed,Married,1,130537.0,785,1,LOAN00081,Education,42599.0,84,8.52,675.05,0.0621,3,0,21,Rented,North,Active,0
CUST01754,Male,23,PhD,Unemployed,Single,3,29974.0,648,0,LOAN01754,Auto,37520.0,60,17.19,936.31,0.3748,0,1,21,Owned,Central,Active,0
CUST01339,Male,54,Other,Retired,Single,0,13665.0,598,0,LOAN01339,Personal,43853.0,48,8.54,1081.73,0.9499,16,0,24,Rented,South,Active,0
CUST01527,Male,56,Master's,Employed,Single,0,92245.0,606,0,LOAN01527,Personal,34164.0,48,10.52,875.04,0.1138,22,0,4,Owned,North,Active,0
CUST00753,Female,24,High School,Employed,Single,2,33436.0,741,1,LOAN00753,Business,132251.0,84,10.71,2244.34,0.8055,14,0,14,Rented,West,Active,0
CUST01314,Female,52,Bachelor's,Self-Employed,Divorced,5,69585.0,842,0,LOAN01314,Education,43585.0,24,9.72,2005.6,0.3459,6,0,18,Owned,South,Active,0
CUST01055,Female,60,Bachelor's,Unemployed,Divorced,2,18585.0,474,2,LOAN01055,Personal,12128.0,12,9.79,1065.06,0.6877,0,0,22,Mortgaged,West,Active,0
CUST00243,Female,59,Bachelor's,Unemployed,Married,0,18990.0,589,0,LOAN00243,Auto,59224.0,240,5.05,392.49,0.248,0,0,5,Mortgaged,South,Active,0
CUST01337,Male,59,Bachelor's,Employed,Married,2,116994.0,657,1,LOAN01337,Business,51793.0,60,10.96,1125.07,0.1154,15,1,14,Mortgaged,South,Active,0
CUST00642,Male,59,High School,Employed,Single,2,69622.0,627,4,LOAN00642,Personal,12086.0,120,9.27,154.87,0.0243,18,1,24,Mortgaged,Central,Active,0
CUST00697,Male,52,Bachelor's,Unemployed,Married,0,20965.0,648,0,LOAN00697,Auto,36886.0,180,8.97,373.46,0.2138,0,0,20,Rented,Central,Active,0
CUST00210,Male,23,High School,Self-Employed,Married,4,40715.0,558,2,LOAN00210,Personal,20564.0,60,15.65,496.26,0.1463,30,1,7,,Central,Active,0
CUST00771,Male,60,Bachelor's,Employed,Married,2,53684.0,570,1,LOAN00771,Personal,4117.0,60,8.79,85.04,0.019,19,0,23,Owned,East,Active,0
CUST01748,Male,27,High School,Employed,Divorced,2,40760.0,578,2,LOAN01748,Auto,10203.0,24,8.65,464.48,0.1367,1,0,3,Owned,West,Active,0
CUST00436,Female,60,Master's,Employed,Married,0,34073.0,631,4,LOAN00436,Auto,49865.0,48,11.06,1290.24,0.4544,18,0,12,Owned,East,Active,0
CUST01064,Male,51,High School,Unemployed,Married,0,10319.0,598,2,LOAN01064,Personal,11014.0,48,9.32,275.76,0.3207,0,3,10,Owned,North,Active,0
CUST00975,Male,58,Bachelor's,Employed,Divorced,2,44732.0,716,0,LOAN00975,Home,299046.0,60,8.11,6079.33,0.99,28,1,4,Mortgaged,South,Active,0
CUST00552,Female,40,High School,Unemployed,Married,2,32434.0,616,3,LOAN00552,Home,107139.0,84,10.61,1812.58,0.6706,0,1,4,,South,Active,0
CUST01390,Male,45,High School,Self-Employed,Married,1,144778.0,755,3,LOAN01390,Auto,11382.0,180,6.44,98.77,0.01,3,2,21,Mortgaged,West,Active,0
CUST01947,Male,47,Master's,Self-Employed,Single,2,85304.0,724,1,LOAN01947,Personal,23008.0,240,17.59,347.84,0.0489,22,1,17,Rented,Central,Active,0
CUST01014,Male,42,Bachelor's,Unemployed,Married,0,13039.0,600,1,LOAN01014,Personal,23655.0,240,12.36,266.42,0.2452,0,0,5,Rented,East,Active,0
CUST01879,Male,43,Bachelor's,Self-Employed,Divorced,0,136086.0,541,2,LOAN01879,Education,43755.0,48,9.54,1100.1,0.097,4,0,24,Mortgaged,West,Active,0
CUST00467,Male,39,Bachelor's,Employed,Married,0,115227.0,585,1,LOAN00467,Auto,54614.0,120,10.48,736.32,0.0767,19,0,3,Owned,South,Active,0
CUST01471,Female,44,High School,Employed,Married,2,84587.0,626,3,LOAN01471,Education,79223.0,180,11.84,942.67,0.1337,6,0,17,Rented,Central,Active,0
CUST01869,Male,30,PhD,Self-Employed,Married,2,144977.0,692,0,LOAN01869,Education,22675.0,24,4.0,984.66,0.0815,10,3,4,Owned,East,Active,0
CUST00278,Female,39,High School,Self-Employed,Single,1,55287.0,850,2,LOAN00278,Education,20202.0,24,12.71,957.69,0.2079,12,0,16,Mortgaged,Central,Active,0
CUST01070,Male,31,Bachelor's,Employed,Single,3,113625.0,607,1,LOAN01070,Home,338352.0,12,9.72,29702.47,0.99,1,2,11,Mortgaged,South,Active,0
CUST01018,Female,49,Other,Unemployed,Single,4,23944.0,794,4,LOAN01018,Auto,16867.0,36,10.9,551.41,0.2763,0,0,19,Mortgaged,Central,Active,0
CUST01317,Male,37,PhD,Employed,Married,0,142813.0,545,2,LOAN01317,Auto,43338.0,60,10.59,933.44,0.0784,9,1,1,Owned,North,Active,0
CUST00723,Male,55,Master's,Employed,Married,0,71559.0,500,0,LOAN00723,Personal,40055.0,240,13.16,473.85,0.0795,3,0,22,Owned,Central,Defaulted,1
CUST01945,Female,23,Bachelor's,Self-Employed,Single,5,69622.0,556,1,LOAN01945,Education,33277.0,36,7.1,1029.02,0.2426,8,0,18,Mortgaged,East,Active,0
CUST00787,Female,34,Master's,Retired,Married,4,32102.0,637,1,LOAN00787,Home,450903.0,36,12.2,15019.54,0.99,18,0,12,Rented,North,Active,0
CUST01540,Male,30,Bachelor's,Unemployed,Married,2,10019.0,648,0,LOAN01540,Personal,19185.0,24,13.14,913.35,0.99,0,0,9,Mortgaged,North,Active,0
CUST01304,Female,28,Master's,Employed,Single,1,126404.0,523,0,LOAN01304,Home,489950.0,60,13.05,11160.41,0.99,28,0,21,Owned,North,Active,0
CUST01478,Female,47,Bachelor's,Self-Employed,Single,0,40707.0,617,1,LOAN01478,Auto,27738.0,84,10.07,461.49,0.136,5,1,8,Mortgaged,South,Active,0
CUST01298,Male,56,Master's,Unemployed,Married,0,24714.0,721,0,LOAN01298,Personal,24544.0,120,14.11,382.71,0.1858,0,0,21,Rented,East,Active,0
CUST00907,Female,61,High School,Employed,Divorced,1,87331.0,737,0,LOAN00907,Home,468728.0,48,14.43,12910.02,0.99,7,0,11,Mortgaged,North,Active,0
CUST00564,Male,25,Bachelor's,Self-Employed,Divorced,2,33476.0,773,0,LOAN00564,Home,409404.0,180,11.59,4806.07,0.99,19,1,2,Mortgaged,South,Active,0
CUST00389,Female,38,High School,Unemployed,Divorced,3,21593.0,671,3,LOAN00389,Business,142965.0,60,11.87,3170.79,0.99,0,0,14,Rented,East,Active,0
CUST00023,Male,24,Master's,Employed,Single,2,51788.0,652,1,LOAN00023,Auto,54092.0,12,6.55,4669.19,0.99,27,0,18,Rented,East,Active,0
CUST01289,Male,61,High School,Employed,Married,3,37749.0,742,1,LOAN01289,Auto,20266.0,36,5.09,608.21,0.1933,20,1,14,Rented,South,Active,0
CUST00125,Male,25,Bachelor's,Self-Employed,Married,0,111459.0,580,4,LOAN00125,Education,52417.0,24,9.32,2402.36,0.2586,19,1,24,Rented,South,Active,0
CUST01241,Female,65,High School,Employed,Married,1,70376.0,632,0,LOAN01241,Education,22597.0,36,12.25,753.24,0.1284,10,0,17,Owned,Central,Active,0
CUST00774,Male,62,High School,Employed,Single,0,138214.0,622,4,LOAN00774,Business,177016.0,12,4.0,15072.9,0.99,7,1,23,Owned,West,Active,0
CUST00881,Male,53,High School,Unemployed,Divorced,2,27473.0,682,1,LOAN00881,Auto,58739.0,48,11.29,1526.43,0.6667,0,0,19,,North,Active,0
CUST01145,Male,44,Bachelor's,Self-Employed,Married,2,124486.0,640,2,LOAN01145,Education,54897.0,60,11.57,1209.26,0.1166,4,1,14,Mortgaged,Central,Active,0
CUST01167,Female,57,High School,Employed,Married,3,133898.0,660,1,LOAN01167,Personal,12718.0,240,10.0,122.73,0.011,29,1,17,Rented,West,Active,0
CUST00051,Female,45,Bachelor's,Employed,Widowed,1,69622.0,695,2,LOAN00051,Personal,19023.0,48,16.16,540.68,0.0924,10,0,20,Mortgaged,North,Active,0
CUST01391,Male,40,Other,Employed,Married,3,98908.0,657,0,LOAN01391,Personal,19744.0,24,12.47,933.76,0.1133,3,0,20,,South,Active,0
CUST01638,Male,65,Master's,Self-Employed,Married,1,40847.0,705,1,LOAN01638,Education,18871.0,24,9.2,863.85,0.2538,1,0,15,Rented,South,Active,0
CUST01106,Male,61,Master's,Employed,Single,2,54198.0,555,1,LOAN01106,Business,74150.0,84,7.43,1134.77,0.2512,20,0,11,Rented,South,Active,0
CUST00704,Male,51,High School,Employed,Single,1,144794.0,656,2,LOAN00704,Education,68429.0,84,16.86,1392.87,0.1154,29,2,20,Owned,East,Active,0
CUST00483,Male,30,High School,Employed,Married,2,93594.0,648,0,LOAN00483,Personal,34285.0,36,9.3,1095.05,0.1404,25,0,1,Owned,Central,Active,0
CUST01146,Female,42,High School,Employed,Married,1,98289.0,649,0,LOAN01146,Business,95404.0,24,5.55,4209.05,0.5139,18,0,21,Rented,East,Active,0
CUST01904,Male,43,PhD,Employed,Single,4,138173.0,698,0,LOAN01904,Home,386031.0,60,10.64,8324.11,0.7229,2,0,23,Mortgaged,East,Active,0
CUST00067,Male,59,PhD,Self-Employed,Married,0,56240.0,654,3,LOAN00067,Education,6625.0,120,16.1,111.39,0.0238,1,0,8,Owned,East,Active,0
CUST01714,Male,34,Other,Unemployed,Divorced,4,25032.0,661,2,LOAN01714,Personal,34066.0,48,10.15,866.46,0.4154,0,0,10,Owned,East,Active,0
CUST00734,Male,45,PhD,Employed,Single,2,96778.0,760,0,LOAN00734,Home,198159.0,120,5.0,2101.78,0.2606,16,0,7,Rented,South,Active,0
CUST01778,Male,65,PhD,Unemployed,Married,0,28288.0,670,2,LOAN01778,Auto,15538.0,120,10.89,213.07,0.0904,0,0,22,Rented,South,Active,0
CUST00802,Male,51,Bachelor's,Self-Employed,Married,4,69622.0,650,1,LOAN00802,Business,192685.0,240,10.79,1961.41,0.2532,12,0,11,Rented,East,Active,0
CUST01984,Male,45,Bachelor's,Employed,Married,3,62400.0,709,2,LOAN01984,Education,74208.0,60,14.62,1750.64,0.3367,22,1,17,Mortgaged,Central,Active,0
CUST01465,Female,30,PhD,Retired,Divorced,0,21844.0,594,0,LOAN01465,Personal,20453.0,60,9.34,427.95,0.2351,22,1,8,Mortgaged,East,Active,0
CUST00908,Male,27,Bachelor's,Employed,Single,2,122551.0,648,2,LOAN00908,Home,163764.0,180,16.01,2406.34,0.2356,13,2,13,Rented,East,Active,0
CUST00032,Male,40,PhD,Employed,Single,2,125044.0,614,0,LOAN00032,Personal,33336.0,60,10.49,716.36,0.0687,8,0,5,Rented,East,Active,0
CUST00418,Male,61,Master's,Unemployed,Single,2,13251.0,585,0,LOAN00418,Home,119850.0,24,15.06,5814.54,0.99,0,0,5,,South,Active,0
CUST00882,Female,44,High School,Employed,Single,0,106944.0,777,0,LOAN00882,Personal,27479.0,180,4.58,211.34,0.0237,24,3,9,Rented,North,Active,0
CUST00633,Male,56,Other,Self-Employed,Married,0,41969.0,691,3,LOAN00633,Auto,33643.0,84,10.9,574.28,0.1642,26,1,9,Owned,East,Active,0
CUST01556,Male,61,High School,Self-Employed,Divorced,0,70352.0,569,1,LOAN01556,Auto,54047.0,120,7.77,649.19,0.1107,8,0,19,Rented,East,Active,0
CUST01434,Female,35,Bachelor's,Employed,Divorced,2,81306.0,589,0,LOAN01434,Education,70161.0,180,13.46,909.05,0.1342,16,1,20,,East,Active,0
CUST00065,Male,63,Bachelor's,Employed,Widowed,1,65788.0,509,1,LOAN00065,Personal,48052.0,240,9.71,454.52,0.0829,2,0,5,Owned,South,Active,0
CUST01615,Male,24,Bachelor's,Employed,Married,2,98458.0,678,2,LOAN01615,Home,223078.0,24,15.24,10841.76,0.99,10,0,3,Mortgaged,Central,Active,0
CUST01600,Female,41,Bachelor's,Unemployed,Married,3,10152.0,598,0,LOAN01600,Personal,6837.0,240,4.0,41.43,0.049,0,0,8,Rented,South,Active,0
CUST00078,Male,22,Bachelor's,Unemployed,Married,1,23180.0,451,0,LOAN00078,Education,29290.0,120,8.04,355.99,0.1843,0,1,5,Mortgaged,East,Active,0
CUST00492,Female,47,Bachelor's,Employed,Single,2,137601.0,647,1,LOAN00492,Education,25287.0,120,9.64,329.15,0.0287,30,0,3,Owned,East,Active,0
CUST01643,Male,25,Bachelor's,Employed,Single,2,107384.0,651,1,LOAN01643,Education,31359.0,48,10.13,797.3,0.0891,26,0,20,Owned,Central,Active,0
CUST01717,Male,35,Bachelor's,Self-Employed,Married,1,35818.0,724,1,LOAN01717,Auto,58216.0,24,7.54,2620.76,0.878,19,0,1,Mortgaged,West,Active,0
CUST00533,Female,64,High School,Employed,Married,2,51673.0,670,3,LOAN00533,Personal,44046.0,240,10.45,438.27,0.1018,28,0,3,,Central,Active,0
CUST00066,Female,61,Master's,Employed,Married,3,119973.0,740,1,LOAN00066,Personal,46228.0,48,10.38,1180.92,0.1181,13,3,24,Mortgaged,East,Active,0
CUST01683,Female,49,High School,Retired,Married,3,17902.0,667,1,LOAN01683,Home,391957.0,240,11.82,4266.7,0.99,26,0,4,Owned,West,Active,0
CUST00297,Female,65,Bachelor's,Employed,Married,2,80396.0,641,0,LOAN00297,Auto,15116.0,60,4.64,282.77,0.0422,13,0,24,Rented,South,Active,0
CUST00592,Female,57,Bachelor's,Employed,Single,2,52343.0,824,0,LOAN00592,Home,174934.0,12,13.73,15684.6,0.99,11,0,3,Rented,Central,Active,0
CUST00768,Female,58,Other,Employed,Single,2,63149.0,722,1,LOAN00768,Business,87559.0,48,10.65,2248.15,0.4272,11,0,5,Owned,South,Active,0
CUST00725,Female,28,Bachelor's,Employed,Single,1,147218.0,483,2,LOAN00725,Personal,43655.0,180,13.06,554.07,0.0452,22,0,24,Mortgaged,West,Active,0
CUST01420,Female,25,Master's,Employed,Married,2,81730.0,522,0,LOAN01420,Personal,26964.0,24,14.45,1300.36,0.1909,16,0,22,Rented,North,Active,0
CUST00627,Male,48,High School,Employed,Single,0,40607.0,666,1,LOAN00627,Home,217314.0,180,10.38,2386.05,0.7051,10,0,21,Mortgaged,Central,Active,0
CUST01446,Male,28,High School,Unemployed,Single,1,30491.0,814,0,LOAN01446,Auto,52279.0,36,11.77,1730.67,0.6811,0,2,7,Rented,West,Active,0
CUST01939,Male,32,Master's,Unemployed,Divorced,2,18260.0,850,2,LOAN01939,Personal,46510.0,60,7.82,939.05,0.6171,0,3,8,,West,Active,0
CUST01213,Male,21,Bachelor's,Employed,Widowed,2,46128.0,738,4,LOAN01213,Auto,13043.0,36,8.01,408.78,0.1063,6,2,19,Rented,West,Active,0
CUST01605,Male,56,Master's,Employed,Divorced,3,127812.0,623,2,LOAN01605,Business,161439.0,48,7.45,3899.65,0.3661,23,2,2,Owned,East,Active,0
CUST00252,Male,45,Bachelor's,Retired,Married,0,21480.0,464,0,LOAN00252,Personal,26290.0,120,4.85,276.92,0.1547,17,0,2,,West,Active,0
CUST01813,Male,63,High School,Employed,Married,3,120508.0,503,3,LOAN01813,Home,421949.0,240,13.41,5067.21,0.5046,3,0,5,Rented,Central,Active,0
CUST01309,Male,52,High School,Employed,Married,0,126481.0,730,0,LOAN01309,Personal,5674.0,48,11.52,148.08,0.014,4,1,14,Rented,North,Active,0
CUST01896,Female,27,Bachelor's,Employed,Married,3,130726.0,668,2,LOAN01896,Auto,24880.0,36,8.15,781.37,0.0717,18,0,12,Mortgaged,East,Active,0
CUST00983,Male,32,Bachelor's,Self-Employed,Married,3,117090.0,695,0,LOAN00983,Education,55707.0,240,5.17,372.89,0.0382,6,0,19,Mortgaged,South,Active,0
CUST01766,Male,42,Bachelor's,Unemployed,Married,3,22176.0,606,1,LOAN01766,Personal,34868.0,120,7.53,414.44,0.2243,0,0,18,Rented,East,Active,0
CUST00707,Male,42,High School,Self-Employed,Married,2,86422.0,758,1,LOAN00707,Home,362867.0,12,12.43,32313.33,0.99,8,0,6,,West,Active,0
CUST00488,Male,48,PhD,Retired,Single,3,12410.0,539,3,LOAN00488,Home,312450.0,12,15.85,28326.68,0.99,20,1,16,Rented,North,Active,0
CUST00274,Female,34,Bachelor's,Employed,Single,2,110105.0,672,2,LOAN00274,Auto,54405.0,12,10.92,4806.37,0.5238,2,0,10,Rented,West,Active,0
CUST01500,Female,52,Bachelor's,Self-Employed,Widowed,4,100218.0,728,2,LOAN01500,Education,48293.0,24,12.41,2282.58,0.2733,9,0,9,Rented,East,Active,0
CUST01696,Male,64,Master's,Employed,Single,0,134716.0,644,2,LOAN01696,Personal,33076.0,48,11.08,856.15,0.0763,19,3,24,Owned,Central,Active,0
CUST00964,Male,45,High School,Employed,Widowed,4,43300.0,604,0,LOAN00964,Auto,49814.0,84,10.85,849.01,0.2353,3,0,6,Owned,South,Active,0
CUST00878,Female,63,Bachelor's,Self-Employed,Married,0,122449.0,623,2,LOAN00878,Home,394504.0,180,14.01,5256.42,0.5151,0,0,7,Owned,South,Active,0
CUST01397,Male,42,PhD,Employed,Single,0,105486.0,603,1,LOAN01397,Auto,58721.0,120,11.81,836.04,0.0951,0,0,18,Mortgaged,West,Active,0
CUST01806,Female,39,PhD,Self-Employed,Single,0,125967.0,707,0,LOAN01806,Auto,32619.0,84,12.59,586.16,0.0558,5,0,13,Owned,West,Active,0
CUST00412,Female,53,High School,Employed,Married,1,108311.0,710,0,LOAN00412,Personal,32199.0,48,9.96,816.03,0.0904,17,0,6,Rented,North,Active,0
CUST00668,Male,46,Master's,Employed,Married,2,97390.0,626,1,LOAN00668,Business,98893.0,60,8.08,2008.98,0.2475,19,2,13,Mortgaged,Central,Active,0
CUST01263,Male,62,High School,Employed,Married,1,74676.0,628,1,LOAN01263,Personal,3562.0,180,9.27,36.7,0.01,11,0,1,Rented,Central,Active,0
CUST00150,Male,23,Other,Self-Employed,Single,0,94270.0,746,1,LOAN00150,Personal,30772.0,84,10.87,524.79,0.0668,9,1,1,Mortgaged,East,Active,0
CUST00645,Male,48,Bachelor's,Self-Employed,Married,1,131170.0,850,3,LOAN00645,Auto,46211.0,120,4.76,484.74,0.0443,10,0,12,Mortgaged,Central,Active,0
CUST01693,Male,22,Bachelor's,Self-Employed,Married,0,72642.0,645,1,LOAN01693,Personal,24971.0,60,13.16,570.21,0.0942,5,0,17,,North,Active,0
CUST00219,Female,41,Other,Self-Employed,Married,1,51134.0,763,1,LOAN00219,Business,148329.0,120,15.38,2427.7,0.5697,19,1,14,,West,Active,0
CUST00240,Male,55,Bachelor's,Employed,Married,0,128322.0,597,2,LOAN00240,Education,65911.0,60,5.46,1257.76,0.1176,14,2,15,Mortgaged,South,Active,0
CUST01132,Male,28,High School,Employed,Single,0,63500.0,741,0,LOAN01132,Personal,20238.0,60,4.0,372.71,0.0704,12,0,4,Rented,South,Active,0
CUST01217,Male,65,Other,Employed,Widowed,1,146481.0,612,1,LOAN01217,Personal,31443.0,24,11.04,1466.07,0.1201,16,0,16,Rented,East,Active,0
CUST00793,Male,37,Bachelor's,Employed,Single,0,143883.0,655,0,LOAN00793,Personal,43577.0,36,9.25,1390.81,0.116,19,1,2,Owned,South,Active,0
CUST00192,Female,25,Other,Employed,Divorced,3,113481.0,677,2,LOAN00192,Personal,36377.0,24,18.02,1816.44,0.1921,14,2,2,Owned,West,Active,0
CUST00334,Male,25,Other,Unemployed,Single,0,34194.0,682,1,LOAN00334,Education,45378.0,180,13.64,593.38,0.2082,0,2,12,Mortgaged,West,Active,0
CUST01316,Female,42,Master's,Retired,Single,0,33908.0,698,0,LOAN01316,Business,31492.0,36,9.34,1006.43,0.3562,13,1,10,Mortgaged,South,Active,0
CUST01319,Male,45,PhD,Employed,Single,0,136700.0,571,2,LOAN01319,Business,132784.0,24,8.56,6039.43,0.5302,7,0,18,Owned,East,Active,0
CUST00963,Male,55,Master's,Employed,Single,2,49450.0,683,0,LOAN00963,Personal,7794.0,84,10.51,131.45,0.0319,6,0,14,Mortgaged,West,Active,0
CUST01759,Male,46,Bachelor's,Employed,Married,0,90369.0,569,2,LOAN01759,Home,279885.0,120,8.85,3522.78,0.4678,0,0,20,Mortgaged,North,Active,0
CUST01943,Female,52,PhD,Employed,Married,2,149598.0,736,1,LOAN01943,Personal,23515.0,180,10.06,253.56,0.0203,26,0,1,Owned,West,Active,0
CUST01645,Male,24,Bachelor's,Employed,Married,1,43155.0,727,1,LOAN01645,Personal,24815.0,12,10.33,2185.44,0.6077,12,1,21,Rented,South,Active,0
CUST01610,Female,38,Master's,Self-Employed,Married,0,132099.0,706,0,LOAN01610,Education,17384.0,120,5.94,192.47,0.0175,16,0,16,Owned,Central,Active,0
CUST00583,Male,47,High School,Retired,Married,2,28669.0,599,2,LOAN00583,Home,318045.0,120,12.46,4647.99,0.99,0,0,12,,South,Active,0
CUST01902,Male,24,Master's,Self-Employed,Married,2,137507.0,708,2,LOAN01902,Personal,30530.0,36,9.16,973.12,0.0849,3,0,15,Rented,East,Active,0
CUST01661,Female,59,Other,Retired,Married,3,22003.0,756,0,LOAN01661,Personal,31280.0,120,15.19,508.3,0.2772,6,0,3,Owned,South,Active,0
CUST00840,Female,37,High School,Employed,Married,4,47545.0,609,1,LOAN00840,Auto,47935.0,12,10.64,4228.53,0.99,7,0,15,Rented,East,Active,0
CUST00628,Female,44,High School,Self-Employed,Married,2,112455.0,627,2,LOAN00628,Home,487048.0,180,9.45,5071.19,0.5411,13,2,10,Owned,North,Active,0
CUST00324,Male,42,High School,Employed,Divorced,0,70503.0,696,1,LOAN00324,Home,492774.0,60,14.93,11704.96,0.99,15,0,1,Mortgaged,East,Active,0
CUST01636,Male,27,High School,Employed,Married,1,46855.0,582,1,LOAN01636,Home,476158.0,36,12.31,15885.85,0.99,15,0,7,Rented,North,Active,0
CUST01161,Female,62,Bachelor's,Unemployed,Single,1,26365.0,632,1,LOAN01161,Auto,13177.0,24,7.64,593.8,0.2703,0,0,5,Rented,South,Active,0
CUST00779,Female,46,High School,Retired,Widowed,2,23663.0,626,0,LOAN00779,Auto,43337.0,48,12.54,1152.75,0.5846,9,2,7,Rented,West,Active,0
CUST01077,Male,41,Master's,Retired,Married,3,15166.0,578,3,LOAN01077,Home,355899.0,60,7.73,7170.45,0.99,27,1,16,Rented,West,Active,0
CUST00940,Female,64,PhD,Employed,Single,1,148025.0,568,2,LOAN00940,Auto,34551.0,48,11.54,902.08,0.0731,16,2,24,Owned,South,Active,0
CUST00438,Female,39,Bachelor's,Employed,Married,1,46035.0,547,0,LOAN00438,Home,413524.0,120,10.78,5644.92,0.99,6,0,12,Rented,North,Active,0
CUST00120,Male,59,Other,Employed,Single,3,115163.0,678,1,LOAN00120,Personal,49396.0,120,14.8,790.89,0.0824,29,1,17,Rented,North,Active,0
CUST01354,Female,46,High School,Self-Employed,Single,2,114845.0,512,4,LOAN01354,Personal,26132.0,240,12.56,298.0,0.0311,10,3,10,Rented,West,Active,0
CUST01557,Female,62,PhD,Employed,Married,2,53694.0,663,3,LOAN01557,Personal,49657.0,84,9.31,806.77,0.1803,23,0,9,,North,Active,0
CUST01027,Female,64,Master's,Self-Employed,Married,1,106864.0,742,3,LOAN01027,Auto,56610.0,48,10.18,1440.67,0.1618,17,1,21,,South,Active,0
CUST01254,Male,23,Bachelor's,Employed,Married,0,146826.0,688,1,LOAN01254,Personal,35553.0,84,7.37,543.04,0.0444,11,0,13,,West,Active,0
CUST01415,Male,26,Master's,Unemployed,Married,2,29929.0,497,0,LOAN01415,Business,36297.0,240,4.0,219.95,0.0882,0,2,9,Rented,South,Active,0
CUST00077,Female,25,Bachelor's,Employed,Married,1,38167.0,738,2,LOAN00077,Home,197379.0,36,10.0,6368.87,0.99,20,0,10,,South,Active,0
CUST01054,Female,28,High School,Retired,Married,0,17017.0,643,1,LOAN01054,Personal,35231.0,84,15.62,692.16,0.4881,15,0,15,Owned,East,Active,0
CUST00901,Male,61,Other,Employed,Single,1,62879.0,763,2,LOAN00901,Personal,29111.0,84,17.68,606.4,0.1157,25,1,4,Rented,West,Active,0
CUST00372,Male,32,PhD,Employed,Married,2,78743.0,621,0,LOAN00372,Auto,49442.0,60,9.14,1029.7,0.1569,13,0,19,,East,Active,0
CUST01856,Male,32,Bachelor's,Self-Employed,Single,2,38195.0,693,1,LOAN01856,Home,162805.0,12,11.47,14424.69,0.99,29,0,14,Rented,Central,Active,0
CUST01436,Male,34,Bachelor's,Unemployed,Married,0,24767.0,461,1,LOAN01436,Home,163321.0,60,4.0,3007.8,0.99,0,0,6,,South,Active,0
CUST01968,Male,63,High School,Unemployed,Married,2,20733.0,766,2,LOAN01968,Personal,42316.0,24,9.31,1939.22,0.99,0,2,3,Mortgaged,Central,Active,0
CUST00942,Female,48,Master's,Employed,Widowed,0,59485.0,602,3,LOAN00942,Home,403356.0,36,9.64,12947.1,0.99,14,0,5,Rented,South,Active,0
CUST00578,Female,65,High School,Employed,Single,2,96800.0,729,2,LOAN00578,Personal,3345.0,48,12.73,89.29,0.0111,2,0,5,Rented,East,Active,0
CUST00820,Male,43,Bachelor's,Employed,Married,0,95214.0,640,1,LOAN00820,Home,95180.0,120,5.71,1042.89,0.1314,3,2,6,Mortgaged,East,Active,0
CUST01833,Female,55,Bachelor's,Employed,Married,0,107199.0,522,1,LOAN01833,Education,9857.0,36,13.47,334.36,0.0374,7,2,23,,West,Active,0
CUST01485,Male,64,Bachelor's,Employed,Single,2,102043.0,604,2,LOAN01485,Home,177304.0,120,7.34,2089.85,0.2458,12,0,15,Rented,Central,Active,0
CUST01726,Male,23,High School,Employed,Married,2,108643.0,602,0,LOAN01726,Auto,28622.0,24,11.53,1341.06,0.1481,7,0,10,Owned,Central,Active,0
CUST01840,Male,29,Bachelor's,Retired,Married,0,21409.0,737,3,LOAN01840,Personal,49292.0,180,9.7,520.68,0.2918,30,1,15,Owned,North,Active,0
CUST00887,Female,45,High School,Employed,Married,0,69622.0,737,0,LOAN00887,Personal,37617.0,240,10.9,385.72,0.0508,9,1,17,Owned,South,Active,0
CUST00969,Female,44,Master's,Unemployed,Single,1,25568.0,761,1,LOAN00969,Auto,59616.0,48,6.89,1424.54,0.6686,0,0,9,Rented,Central,Defaulted,1
CUST01590,Female,29,Bachelor's,Employed,Married,2,81413.0,621,1,LOAN01590,Education,29234.0,180,11.92,349.35,0.0515,18,0,13,,South,Active,0
CUST00786,Female,43,Bachelor's,Employed,Single,1,143532.0,568,0,LOAN00786,Personal,23455.0,84,8.81,375.11,0.0314,18,0,21,Owned,North,Active,0
CUST01535,Male,52,Bachelor's,Employed,Married,1,111088.0,711,1,LOAN01535,Auto,29199.0,36,6.62,896.52,0.0968,11,0,16,Owned,Central,Active,0
CUST01674,Female,43,Bachelor's,Employed,Married,1,120502.0,720,1,LOAN01674,Personal,9667.0,120,8.61,120.43,0.012,20,1,5,,Central,Active,0
CUST01602,Male,63,Master's,Employed,Divorced,3,42552.0,672,2,LOAN01602,Home,472190.0,84,5.39,6760.76,0.99,23,2,6,Owned,South,Active,0
CUST00302,Male,34,Bachelor's,Employed,Single,3,149233.0,494,0,LOAN00302,Education,78404.0,24,8.24,3554.59,0.2858,15,0,24,Owned,East,Active,0
CUST00690,Male,55,PhD,Employed,Married,2,33143.0,482,2,LOAN00690,Home,126252.0,120,13.26,1904.49,0.6896,6,0,5,Rented,East,Active,0
CUST00813,Male,48,Bachelor's,Employed,Married,1,114610.0,787,1,LOAN00813,Personal,14534.0,240,6.52,108.53,0.0114,22,1,1,Rented,West,Active,0
CUST01062,Female,58,High School,Retired,Divorced,0,17512.0,608,0,LOAN01062,Personal,33368.0,60,7.58,669.9,0.459,4,0,16,Mortgaged,East,Active,0
CUST00237,Male,36,PhD,Retired,Married,4,28915.0,640,1,LOAN00237,Home,212260.0,240,8.97,1905.66,0.7909,27,0,14,Owned,Central,Active,0
CUST01116,Female,39,Bachelor's,Self-Employed,Married,2,145227.0,677,2,LOAN01116,Auto,42001.0,240,12.24,469.51,0.0388,3,0,13,Rented,West,Active,0
CUST01972,Female,25,Master's,Self-Employed,Single,0,100441.0,707,1,LOAN01972,Education,52574.0,240,4.0,318.59,0.0381,3,2,21,Mortgaged,Central,Active,0
CUST00500,Female,22,Bachelor's,Retired,Married,4,33915.0,613,4,LOAN00500,Personal,21399.0,12,9.9,1880.32,0.6653,21,0,7,Rented,North,Active,0
CUST01650,Female,45,High School,Self-Employed,Divorced,0,65094.0,592,0,LOAN01650,Personal,32028.0,60,11.19,699.4,0.1289,9,0,10,,Central,Active,0
CUST01080,Female,58,Bachelor's,Employed,Married,2,90587.0,697,1,LOAN01080,Education,36521.0,12,8.1,3178.59,0.4211,12,0,15,,West,Active,0
CUST01327,Male,61,PhD,Unemployed,Married,0,18967.0,772,0,LOAN01327,Auto,24065.0,180,19.91,421.05,0.2664,0,0,23,Owned,North,Active,0
CUST00795,Male,50,Master's,Self-Employed,Married,1,57277.0,564,1,LOAN00795,Home,233695.0,84,12.04,4130.36,0.8653,11,3,19,Mortgaged,North,Active,0
CUST01925,Female,60,High School,Employed,Single,1,69622.0,643,4,LOAN01925,Auto,36745.0,180,11.81,436.52,0.0803,15,0,22,Mortgaged,South,Active,0
CUST01525,Male,27,Bachelor's,Self-Employed,Married,0,56570.0,777,0,LOAN01525,Personal,26766.0,36,4.35,794.41,0.1685,22,0,9,,North,Active,0
CUST01924,Male,45,High School,Employed,Divorced,0,140121.0,615,0,LOAN01924,Personal,17861.0,84,8.01,278.47,0.0238,22,0,6,Mortgaged,West,Active,0
CUST00991,Female,27,Bachelor's,Unemployed,Married,0,22178.0,560,2,LOAN00991,Auto,24274.0,36,7.18,751.51,0.4066,0,0,23,Mortgaged,East,Active,0
CUST01776,Male,22,High School,Retired,Divorced,2,33896.0,750,2,LOAN01776,Personal,10510.0,48,11.43,273.84,0.0969,17,0,14,Rented,East,Active,0
CUST00935,Male,38,Bachelor's,Self-Employed,Single,1,109618.0,602,2,LOAN00935,Auto,11510.0,12,13.48,1030.64,0.1128,12,0,11,Mortgaged,South,Active,0
CUST00388,Male,45,High School,Unemployed,Single,0,13526.0,706,0,LOAN00388,Home,356088.0,240,13.16,4212.49,0.99,0,0,8,Owned,South,Active,0
CUST01464,Female,23,High School,Employed,Single,3,83326.0,821,0,LOAN01464,Auto,57864.0,240,11.24,606.75,0.0874,5,1,11,Rented,East,Active,0
CUST00391,Female,32,High School,Employed,Married,0,54085.0,681,3,LOAN00391,Home,451018.0,120,4.0,4566.34,0.99,28,0,21,Rented,Central,Active,0
CUST00744,Male,21,Bachelor's,Employed,Married,2,87333.0,595,0,LOAN00744,Auto,48159.0,48,11.29,1251.49,0.172,11,0,24,,North,Active,0
CUST00353,Female,32,Bachelor's,Employed,Divorced,3,98323.0,586,2,LOAN00353,Education,13678.0,24,7.46,615.26,0.0751,5,0,20,Owned,East,Active,0
CUST01218,Female,61,Other,Employed,Single,2,52778.0,740,1,LOAN01218,Personal,46917.0,60,16.4,1150.93,0.2617,12,0,19,Rented,South,Active,0
CUST00236,Female,40,Bachelor's,Employed,Married,0,135758.0,627,0,LOAN00236,Auto,29841.0,240,13.68,364.16,0.0322,13,0,4,Rented,South,Active,0
CUST01700,Female,53,Master's,Employed,Single,0,62121.0,635,2,LOAN01700,Education,74966.0,24,14.85,3629.51,0.7011,1,0,19,Rented,North,Active,0
CUST00481,Female,31,Bachelor's,Employed,Single,3,123513.0,697,1,LOAN00481,Personal,9337.0,24,13.82,447.5,0.0435,16,0,6,Mortgaged,North,Active,0
CUST00568,Male,58,Bachelor's,Unemployed,Single,1,34675.0,800,2,LOAN00568,Home,338126.0,24,12.25,15956.27,0.99,0,0,24,Rented,Central,Active,0
CUST01141,Female,63,Other,Employed,Married,3,143849.0,636,2,LOAN01141,Education,75188.0,12,7.8,6533.54,0.545,28,0,23,Rented,Central,Active,0
CUST01675,Female,37,High School,Unemployed,Divorced,2,32277.0,677,0,LOAN01675,Personal,2013.0,240,13.69,24.58,0.01,0,1,17,Owned,North,Active,0
CUST01857,Female,62,Master's,Employed,Single,0,112097.0,611,2,LOAN01857,Education,66755.0,180,11.86,795.17,0.0851,30,1,18,Mortgaged,South,Active,0
CUST01560,Female,60,Master's,Employed,Single,2,60996.0,650,2,LOAN01560,Personal,24346.0,84,4.39,337.17,0.0663,0,1,23,Mortgaged,Central,Active,0
CUST00121,Female,43,Master's,Employed,Married,1,145693.0,590,0,LOAN00121,Auto,33188.0,36,9.42,1061.87,0.0875,17,1,10,Rented,Central,Active,0
CUST01721,Male,63,Bachelor's,Employed,Single,2,67124.0,601,3,LOAN01721,Auto,39783.0,84,7.63,612.76,0.1095,16,0,11,Mortgaged,East,Active,0
CUST01025,Female,35,Bachelor's,Unemployed,Single,2,15933.0,585,0,LOAN01025,Education,58155.0,120,12.08,837.05,0.6304,0,0,7,,East,Active,0
CUST01087,Female,50,Bachelor's,Retired,Single,3,16957.0,546,3,LOAN01087,Auto,29744.0,240,4.0,180.24,0.1276,27,0,19,Rented,East,Active,0
CUST01273,Female,26,Bachelor's,Unemployed,Married,1,23496.0,579,2,LOAN01273,Auto,42568.0,240,9.64,400.69,0.2046,0,0,19,Rented,South,Active,0
CUST00927,Male,65,Other,Employed,Married,2,38301.0,624,1,LOAN00927,Personal,17698.0,48,8.38,435.22,0.1364,22,0,19,Owned,West,Active,0
CUST00516,Male,58,Other,Employed,Divorced,0,50739.0,476,1,LOAN00516,Home,206919.0,240,6.38,1528.15,0.3614,13,2,19,Rented,West,Defaulted,1
CUST00224,Male,31,Bachelor's,Employed,Single,2,125559.0,568,1,LOAN00224,Auto,12467.0,60,15.2,297.9,0.0285,26,0,24,Owned,Central,Active,0
CUST01472,Female,30,High School,Unemployed,Single,1,21602.0,657,1,LOAN01472,Home,133111.0,48,14.43,3666.23,0.99,0,3,23,Mortgaged,North,Active,0
CUST00614,Male,23,Master's,Retired,Married,0,12366.0,658,2,LOAN00614,Auto,29134.0,48,12.45,773.66,0.7508,20,1,3,Mortgaged,Central,Active,0
CUST00844,Female,61,Master's,Retired,Married,3,11986.0,676,1,LOAN00844,Business,172906.0,180,12.94,2180.86,0.99,4,0,2,Rented,West,Active,0
CUST01246,Female,59,High School,Employed,Single,3,139518.0,542,0,LOAN01246,Personal,42327.0,180,6.53,369.41,0.0318,9,0,20,Owned,West,Active,0
CUST00053,Female,32,PhD,Employed,Married,0,79746.0,669,1,LOAN00053,Personal,18742.0,60,10.55,403.3,0.0607,29,0,10,Mortgaged,South,Active,0
CUST01837,Male,49,Bachelor's,Unemployed,Divorced,0,27568.0,484,4,LOAN01837,Business,184111.0,120,4.3,1890.4,0.8229,0,1,22,Mortgaged,West,Active,0
CUST00486,Female,29,Bachelor's,Employed,Single,4,79427.0,670,0,LOAN00486,Business,45897.0,36,9.6,1472.36,0.2224,21,0,2,Mortgaged,North,Active,0
CUST01908,Male,57,High School,Self-Employed,Married,0,91410.0,484,0,LOAN01908,Personal,13120.0,24,9.27,601.01,0.0789,0,1,17,,South,Active,0
CUST00819,Male,33,Bachelor's,Unemployed,Married,4,33100.0,564,1,LOAN00819,Auto,46211.0,60,14.51,1087.51,0.3943,0,0,7,Owned,East,Active,0
CUST00156,Male,48,PhD,Employed,Divorced,1,117087.0,636,1,LOAN00156,Auto,39817.0,12,10.02,3500.92,0.3588,0,0,11,Owned,West,Active,0
CUST01367,Female,34,Master's,Employed,Single,4,51698.0,654,1,LOAN01367,Auto,55389.0,48,12.2,1464.05,0.3398,17,2,14,Rented,East,Active,0
CUST00601,Male,37,Bachelor's,Employed,Married,2,60029.0,531,0,LOAN00601,Auto,38970.0,24,13.61,1863.89,0.3726,12,0,4,Rented,North,Active,0
CUST01596,Female,53,Bachelor's,Retired,Married,4,23879.0,731,2,LOAN01596,Home,208211.0,84,4.0,2846.0,0.99,24,0,19,Owned,South,Active,0
CUST00249,Female,43,Bachelor's,Retired,Divorced,2,24751.0,713,0,LOAN00249,Auto,19978.0,12,7.37,1732.04,0.8397,30,0,4,Rented,West,Active,0
CUST00762,Male,33,Master's,Self-Employed,Divorced,2,90022.0,786,1,LOAN00762,Home,372128.0,60,7.34,7428.42,0.99,8,0,14,Rented,West,Active,0
CUST01821,Male,51,Master's,Employed,Single,3,148258.0,600,1,LOAN01821,Auto,22953.0,180,4.64,177.24,0.0143,27,0,11,Owned,East,Active,0
CUST01131,Female,54,Master's,Retired,Single,0,25600.0,621,1,LOAN01131,Home,141291.0,24,4.0,6135.55,0.99,7,0,24,Owned,Central,Active,0
CUST00543,Male,59,Bachelor's,Retired,Married,2,23404.0,642,0,LOAN00543,Home,139059.0,180,14.61,1909.24,0.9789,3,0,6,Mortgaged,East,Active,0
CUST00794,Female,61,Other,Employed,Married,2,85333.0,589,1,LOAN00794,Auto,47677.0,180,8.56,471.17,0.0663,20,0,21,Rented,North,Active,0
CUST01142,Male,59,Bachelor's,Employed,Single,1,141118.0,706,0,LOAN01142,Education,9445.0,12,7.43,819.12,0.0697,23,0,18,Owned,South,Active,0
CUST01450,Female,37,Bachelor's,Unemployed,Divorced,0,12500.0,606,0,LOAN01450,Home,403597.0,84,10.65,6836.52,0.99,0,0,2,Owned,Central,Active,0
CUST00629,Male,55,Bachelor's,Unemployed,Married,2,26759.0,612,3,LOAN00629,Education,74439.0,84,8.9,1193.88,0.5354,0,1,12,Mortgaged,West,Active,0
CUST00151,Female,47,Master's,Self-Employed,Married,0,125698.0,621,2,LOAN00151,Personal,43739.0,60,15.42,1050.22,0.1003,0,1,16,Mortgaged,South,Active,0
CUST01635,Female,41,Master's,Employed,Married,2,45437.0,740,1,LOAN01635,Personal,48750.0,60,9.55,1025.03,0.2707,12,0,15,Mortgaged,South,Active,0
CUST00292,Male,62,High School,Employed,Single,3,50114.0,685,2,LOAN00292,Home,119959.0,36,12.48,4011.91,0.9607,22,2,13,Owned,Central,Active,0
CUST00382,Female,21,High School,Employed,Married,0,82414.0,653,1,LOAN00382,Home,474554.0,120,14.42,7488.54,0.99,7,1,7,Rented,South,Active,0
CUST00687,Female,24,Bachelor's,Self-Employed,Single,1,98861.0,707,2,LOAN00687,Education,20641.0,12,10.1,1815.63,0.2204,22,0,6,Owned,East,Active,0
CUST01368,Female,54,Bachelor's,Employed,Single,2,47601.0,616,2,LOAN01368,Auto,39020.0,84,13.34,717.08,0.1808,27,1,3,Owned,Central,Active,0
CUST01225,Male,32,High School,Employed,Married,0,34782.0,693,1,LOAN01225,Home,465810.0,12,6.17,40127.01,0.99,13,2,17,,South,Active,0
CUST00898,Female,57,Bachelor's,Unemployed,Single,3,69622.0,705,1,LOAN00898,Personal,48515.0,84,10.22,810.93,0.6425,0,0,10,Rented,North,Active,0
CUST00855,Male,47,Bachelor's,Self-Employed,Single,1,88097.0,576,0,LOAN00855,Personal,40924.0,48,4.0,924.03,0.1259,8,0,2,Owned,East,Active,0
CUST01072,Male,58,Bachelor's,Self-Employed,Single,4,113140.0,743,1,LOAN01072,Personal,15045.0,120,16.03,252.3,0.0268,12,0,10,Owned,Central,Active,0
CUST01990,Female,54,Master's,Employed,Single,1,109044.0,733,1,LOAN01990,Home,129411.0,60,12.84,2933.91,0.3229,3,1,24,Rented,South,Active,0
CUST01769,Male,64,High School,Employed,Married,0,110596.0,665,2,LOAN01769,Education,18830.0,60,12.56,424.21,0.046,22,0,6,Owned,South,Active,0
CUST01681,Male,42,High School,Employed,Divorced,2,134533.0,702,1,LOAN01681,Home,95309.0,48,5.9,2233.97,0.1993,13,0,2,Mortgaged,East,Active,0
CUST00892,Female,39,PhD,Self-Employed,Married,1,132269.0,698,2,LOAN00892,Home,83771.0,36,5.17,2517.09,0.2284,29,0,21,Owned,South,Active,0
CUST01750,Male,21,Bachelor's,Employed,Single,3,32106.0,662,3,LOAN01750,Personal,21158.0,60,8.1,430.02,0.1607,4,0,19,Rented,West,Active,0
CUST01994,Male,41,Other,Employed,Married,0,122783.0,524,2,LOAN01994,Home,447717.0,36,14.59,15430.52,0.99,4,0,1,Mortgaged,Central,Active,0
CUST01365,Female,34,High School,Self-Employed,Single,0,139454.0,579,0,LOAN01365,Personal,5379.0,48,10.26,137.1,0.0118,22,3,12,Rented,Central,Active,0
CUST00616,Female,54,Bachelor's,Retired,Divorced,2,28910.0,660,1,LOAN00616,Business,39046.0,60,9.38,817.75,0.3394,30,0,21,Rented,Central,Active,0
CUST00155,Female,53,High School,Self-Employed,Single,0,79330.0,779,1,LOAN00155,Education,7139.0,60,15.49,171.68,0.026,14,0,12,Mortgaged,Central,Active,0
CUST01194,Female,37,Master's,Self-Employed,Married,1,109139.0,744,4,LOAN01194,Business,117389.0,48,8.67,2902.87,0.3192,10,0,12,Rented,North,Active,0
CUST01707,Female,30,Bachelor's,Self-Employed,Single,2,39678.0,584,0,LOAN01707,Auto,20104.0,36,9.39,642.96,0.1945,8,0,5,Rented,Central,Active,0
CUST01988,Male,44,Bachelor's,Employed,Married,3,31094.0,565,1,LOAN01988,Home,234641.0,24,10.57,10889.33,0.99,10,0,10,Rented,South,Active,0
CUST01774,Female,39,Bachelor's,Employed,Married,0,81087.0,501,0,LOAN01774,Education,17425.0,84,4.0,238.18,0.0352,20,0,3,Mortgaged,Central,Active,0
CUST00323,Female,61,Bachelor's,Employed,Married,3,72325.0,706,2,LOAN00323,Auto,20943.0,48,13.58,567.9,0.0942,20,0,18,Rented,Central,Active,0
CUST01733,Male,33,Bachelor's,Retired,Single,0,15855.0,547,0,LOAN01733,Auto,45256.0,36,15.93,1589.5,0.99,2,0,23,Mortgaged,Central,Active,0
CUST01283,Female,42,Master's,Employed,Single,0,32470.0,527,1,LOAN01283,Business,97807.0,180,11.98,1172.59,0.4334,10,0,20,,West,Active,0
CUST00083,Male,36,High School,Employed,Married,4,103653.0,545,0,LOAN00083,Auto,53782.0,48,9.46,1350.15,0.1563,29,0,5,Rented,North,Active,0
CUST00513,Female,45,High School,Unemployed,Married,3,21155.0,599,2,LOAN00513,Business,66791.0,60,15.82,1617.85,0.9177,0,1,10,Mortgaged,Central,Active,0
CUST01521,Male,48,Bachelor's,Employed,Married,2,144451.0,634,1,LOAN01521,Auto,50072.0,180,11.07,571.32,0.0475,3,0,12,Owned,East,Active,0
CUST01481,Female,40,High School,Self-Employed,Married,0,145149.0,537,1,LOAN01481,Auto,14288.0,240,12.86,165.97,0.0137,30,0,21,Rented,East,Active,0
CUST00930,Male,29,High School,Retired,Married,0,32880.0,631,2,LOAN00930,Auto,22167.0,36,10.79,723.52,0.2641,28,1,20,Owned,Central,Active,0
CUST01626,Female,58,Master's,Employed,Married,1,72730.0,658,1,LOAN01626,Personal,47134.0,120,10.42,633.89,0.1046,19,0,11,Rented,North,Active,0
CUST01358,Male,52,High School,Unemployed,Single,0,25318.0,787,0,LOAN01358,Home,169771.0,24,11.22,7930.01,0.99,0,0,3,Mortgaged,Central,Active,0
CUST00011,Male,45,Other,Unemployed,Single,5,20131.0,677,2,LOAN00011,Personal,21906.0,180,8.31,213.28,0.1271,0,0,22,Mortgaged,South,Active,0
CUST00832,Male,35,Master's,Employed,Single,2,68227.0,629,1,LOAN00832,Home,176649.0,12,13.37,15808.49,0.99,6,0,9,Mortgaged,Central,Active,0
CUST00033,Male,44,Bachelor's,Unemployed,Single,2,25562.0,669,1,LOAN00033,Personal,45584.0,60,8.4,933.03,0.438,0,0,11,Rented,West,Active,0
CUST01510,Female,45,Bachelor's,Employed,Single,1,140949.0,625,0,LOAN01510,Personal,13106.0,12,11.46,1161.14,0.0989,3,1,22,Mortgaged,South,Active,0
CUST00414,Female,59,Bachelor's,Employed,Single,2,148168.0,657,1,LOAN00414,Personal,43103.0,24,7.94,1948.25,0.1578,10,1,1,Mortgaged,North,Active,0
CUST00581,Male,47,Bachelor's,Employed,Divorced,0,102123.0,721,1,LOAN00581,Personal,41900.0,48,10.97,1082.32,0.1272,23,1,13,Rented,South,Active,0
CUST01407,Female,28,Bachelor's,Employed,Married,0,30079.0,676,2,LOAN01407,Personal,49602.0,240,14.59,638.18,0.2546,26,0,19,Rented,Central,Active,0
CUST01545,Female,48,Other,Self-Employed,Married,0,95074.0,547,1,LOAN01545,Home,86902.0,24,12.78,4122.51,0.5203,13,0,17,Mortgaged,East,Active,0
CUST01961,Male,51,High School,Employed,Married,3,90342.0,648,4,LOAN01961,Auto,18377.0,48,13.29,495.66,0.0658,27,0,13,Owned,West,Active,0
CUST01899,Male,59,High School,Self-Employed,Divorced,1,149195.0,593,0,LOAN01899,Education,59585.0,180,8.66,592.36,0.0476,21,1,8,Owned,Central,Active,0
CUST00615,Female,62,Master's,Self-Employed,Married,2,75389.0,557,1,LOAN00615,Home,198913.0,12,7.99,17302.21,0.99,16,0,7,Rented,South,Active,0
CUST01046,Female,62,High School,Employed,Divorced,2,119017.0,622,1,LOAN01046,Business,55110.0,60,9.53,1158.22,0.1168,22,1,12,Rented,West,Active,0
CUST01403,Male,36,Bachelor's,Employed,Married,1,106313.0,712,1,LOAN01403,Home,93064.0,84,15.53,1823.62,0.2058,6,0,11,Owned,Central,Active,0
CUST01015,Female,24,High School,Retired,Married,0,18291.0,626,1,LOAN01015,Auto,49559.0,60,11.39,1087.2,0.7133,22,0,24,Owned,West,Active,0
CUST00090,Male,30,Bachelor's,Employed,Divorced,2,88650.0,671,0,LOAN00090,Education,57923.0,36,7.74,1808.16,0.2448,13,0,15,Mortgaged,Central,Active,0
CUST01694,Male,57,High School,Employed,Married,0,63062.0,634,0,LOAN01694,Personal,47018.0,120,14.59,746.8,0.1421,9,0,15,,North,Active,0
CUST00602,Male,65,High School,Employed,Married,3,109023.0,669,0,LOAN00602,Personal,12184.0,180,5.18,97.5,0.0107,15,1,17,Mortgaged,East,Active,0
CUST01238,Male,62,Bachelor's,Employed,Married,1,94385.0,727,2,LOAN01238,Auto,31469.0,60,11.14,686.41,0.0873,22,0,1,,East,Active,0
CUST01832,Female,37,High School,Self-Employed,Divorced,0,75874.0,789,0,LOAN01832,Education,25583.0,60,9.41,536.17,0.0848,9,0,16,Rented,East,Active,0
CUST00134,Male,57,Master's,Employed,Married,1,118940.0,652,1,LOAN00134,Home,486140.0,240,10.74,4932.15,0.4976,8,0,7,Owned,South,Active,0
CUST01371,Female,49,Other,Self-Employed,Married,2,115864.0,722,0,LOAN01371,Home,131672.0,240,9.6,1235.97,0.128,26,0,21,Owned,East,Active,0
CUST00556,Male,38,Bachelor's,Self-Employed,Single,3,69727.0,633,1,LOAN00556,Auto,12094.0,48,10.84,311.64,0.0536,21,0,8,Owned,West,Active,0
CUST01032,Female,29,High School,Self-Employed,Married,2,104888.0,720,2,LOAN01032,Education,79045.0,84,8.5,1251.79,0.1432,22,0,13,Rented,Central,Active,0
CUST01706,Male,34,Bachelor's,Unemployed,Married,0,10285.0,590,2,LOAN01706,Auto,27503.0,84,7.86,426.75,0.4979,0,0,8,Rented,South,Active,0
CUST00321,Female,28,Bachelor's,Employed,Married,0,126063.0,713,3,LOAN00321,Personal,37719.0,48,9.21,942.4,0.0897,29,0,24,Rented,East,Active,0
CUST01765,Male,49,Bachelor's,Employed,Single,0,81500.0,506,1,LOAN01765,Personal,46714.0,24,7.68,2105.94,0.3101,11,0,22,Mortgaged,South,Active,0
CUST01212,Male,25,Bachelor's,Self-Employed,Married,3,34192.0,650,4,LOAN01212,Home,440379.0,240,11.82,4793.8,0.99,9,0,4,,South,Active,0
CUST01732,Female,54,Bachelor's,Employed,Single,1,94042.0,556,0,LOAN01732,Personal,27562.0,24,10.65,1280.13,0.1633,30,0,5,Rented,West,Active,0
CUST00635,Male,55,Master's,Employed,Married,2,47333.0,563,2,LOAN00635,Personal,11713.0,180,17.02,180.43,0.0457,20,1,4,Owned,Central,Active,0
CUST00553,Female,39,High School,Employed,Single,2,102468.0,587,1,LOAN00553,Personal,17121.0,24,14.53,826.32,0.0968,26,0,5,,South,Active,0
CUST01329,Female,22,Other,Employed,Single,3,127435.0,587,2,LOAN01329,Personal,41676.0,240,14.28,526.75,0.0496,11,0,7,Rented,East,Active,0
CUST01056,Male,24,Bachelor's,Employed,Married,0,74885.0,590,1,LOAN01056,Personal,26055.0,120,6.17,291.49,0.0467,4,0,1,Rented,South,Active,0
CUST01554,Female,37,Bachelor's,Employed,Single,2,54146.0,592,3,LOAN01554,Auto,13034.0,120,13.68,199.87,0.0443,22,0,7,Mortgaged,South,Active,0
CUST00797,Female,41,Bachelor's,Employed,Married,2,31933.0,702,2,LOAN00797,Auto,59967.0,240,8.67,526.88,0.198,1,0,4,,East,Active,0
CUST01906,Male,44,High School,Retired,Single,2,19586.0,664,0,LOAN01906,Auto,27116.0,36,19.32,998.36,0.6117,8,0,13,Rented,Central,Active,0
CUST01265,Male,23,High School,Employed,Divorced,0,121640.0,598,1,LOAN01265,Home,434482.0,84,5.52,6247.65,0.6163,24,3,6,Mortgaged,West,Active,0
CUST01705,Male,62,Master's,Employed,Divorced,1,137079.0,657,1,LOAN01705,Home,419111.0,240,11.6,4498.44,0.3938,20,0,3,Owned,North,Active,0
CUST00175,Female,50,Bachelor's,Employed,Married,4,97690.0,541,1,LOAN00175,Personal,9432.0,12,10.39,830.93,0.1021,22,0,4,Owned,North,Active,0
CUST00767,Female,39,Bachelor's,Employed,Married,5,102855.0,738,3,LOAN00767,Education,68235.0,84,12.01,1204.9,0.1406,12,0,1,Owned,Central,Active,0
CUST00246,Female,40,Bachelor's,Unemployed,Married,3,24178.0,630,2,LOAN00246,Auto,15357.0,60,10.65,331.22,0.1644,0,0,5,Rented,Central,Active,0
CUST01081,Female,42,Bachelor's,Employed,Married,3,89321.0,521,1,LOAN01081,Home,381805.0,36,9.77,12278.59,0.99,28,0,3,Mortgaged,North,Active,0
CUST01731,Male,49,Bachelor's,Employed,Single,0,145594.0,594,0,LOAN01731,Auto,22372.0,120,6.42,253.12,0.0209,29,0,13,Mortgaged,East,Active,0
CUST00146,Male,27,Bachelor's,Retired,Widowed,2,23257.0,566,0,LOAN00146,Auto,32375.0,60,9.78,684.37,0.3531,10,0,15,Mortgaged,North,Active,0
CUST00091,Male,55,Bachelor's,Self-Employed,Divorced,0,88981.0,648,1,LOAN00091,Personal,10254.0,60,13.41,235.47,0.0318,27,0,1,Mortgaged,East,Active,0
CUST01417,Male,25,Master's,Employed,Married,3,111785.0,631,0,LOAN01417,Auto,35387.0,24,11.82,1662.82,0.1785,10,0,18,Mortgaged,West,Active,0
CUST00683,Male,34,High School,Employed,Married,0,40006.0,769,0,LOAN00683,Business,89830.0,120,11.94,1285.69,0.3856,25,2,19,Owned,West,Active,0
CUST00311,Male,34,PhD,Employed,Married,2,42122.0,724,3,LOAN00311,Personal,20798.0,60,11.93,461.9,0.1316,11,0,9,Rented,East,Active,0
CUST01384,Male,55,Bachelor's,Employed,Married,0,85413.0,576,1,LOAN01384,Personal,8534.0,24,11.4,399.34,0.0561,29,0,5,Mortgaged,West,Active,0
CUST00094,Female,41,PhD,Employed,Married,0,75612.0,548,2,LOAN00094,Home,228138.0,120,11.65,3227.13,0.5122,7,1,3,Rented,North,Active,0
CUST01563,Female,52,Master's,Employed,Divorced,0,136945.0,780,2,LOAN01563,Personal,32518.0,120,13.81,501.19,0.0439,28,0,13,Owned,West,Active,0
CUST00925,Male,65,Bachelor's,Self-Employed,Married,0,74296.0,558,2,LOAN00925,Personal,16125.0,180,12.44,198.11,0.032,6,1,16,Owned,North,Active,0
CUST01680,Female,50,Bachelor's,Employed,Married,4,31195.0,724,1,LOAN01680,Home,168634.0,120,7.6,2010.53,0.7734,26,3,13,Rented,North,Active,0
CUST01036,Female,31,High School,Retired,Single,0,20338.0,615,1,LOAN01036,Home,226145.0,240,8.82,2008.58,0.99,27,0,21,Owned,North,Active,0
CUST01401,Male,34,Master's,Employed,Married,5,100162.0,727,4,LOAN01401,Home,156599.0,12,11.2,13855.09,0.99,22,0,12,Rented,East,Active,0
CUST00244,Male,26,High School,Self-Employed,Single,2,68345.0,662,2,LOAN00244,Personal,38599.0,240,11.25,405.0,0.0711,24,0,6,Rented,Central,Active,0
CUST01112,Male,31,Master's,Unemployed,Married,1,22670.0,586,1,LOAN01112,Auto,50456.0,120,12.34,733.85,0.3885,0,0,22,Rented,Central,Active,0
CUST00215,Female,41,Bachelor's,Self-Employed,Single,1,148208.0,676,0,LOAN00215,Education,56507.0,120,13.53,861.47,0.0698,15,0,20,Rented,North,Active,0
CUST01975,Male,39,Bachelor's,Self-Employed,Married,1,57930.0,581,1,LOAN01975,Home,254991.0,12,9.58,22367.98,0.99,0,1,7,Mortgaged,Central,Active,0
CUST01198,Female,40,High School,Employed,Single,2,72987.0,673,1,LOAN01198,Home,269016.0,12,9.74,23618.26,0.99,5,0,3,Owned,South,Active,0
CUST00999,Female,36,High School,Self-Employed,Widowed,2,75588.0,497,1,LOAN00999,Personal,7891.0,48,10.11,200.55,0.0318,14,0,19,,South,Active,0
CUST00854,Female,29,Bachelor's,Employed,Married,0,79289.0,766,2,LOAN00854,Home,284666.0,36,14.89,9852.71,0.99,5,1,11,Owned,South,Active,0
CUST00426,Female,59,PhD,Self-Employed,Married,0,146981.0,591,0,LOAN00426,Personal,9375.0,120,10.96,128.93,0.0105,20,0,17,Owned,West,Active,0
CUST01757,Female,63,Bachelor's,Employed,Married,0,91585.0,664,2,LOAN01757,Home,285159.0,120,13.31,4310.03,0.5647,20,0,16,Owned,Central,Active,0
CUST01143,Female,37,Bachelor's,Employed,Single,2,87320.0,707,0,LOAN01143,Business,53057.0,84,14.04,995.46,0.1368,9,2,17,Mortgaged,South,Active,0
CUST01144,Female,40,Master's,Self-Employed,Married,2,102592.0,623,2,LOAN01144,Personal,18641.0,24,8.29,845.55,0.0989,28,0,9,Owned,East,Active,0
CUST00227,Female,37,High School,Employed,Married,1,148488.0,691,1,LOAN00227,Home,446964.0,84,4.0,6109.46,0.4937,3,0,5,Rented,South,Active,0
CUST01621,Male,48,High School,Retired,Married,0,19495.0,459,3,LOAN01621,Personal,24398.0,60,10.36,522.72,0.3218,7,0,6,Rented,North,Active,0
CUST00001,Male,48,Bachelor's,Unemployed,Divorced,0,27486.0,669,0,LOAN00001,Business,26358.0,240,6.51,196.67,0.0859,0,2,17,Rented,East,Active,0
CUST01419,Male,34,Bachelor's,Employed,Single,0,64171.0,496,1,LOAN01419,Personal,39411.0,48,13.88,1074.59,0.2009,25,0,23,Mortgaged,South,Active,0
CUST00402,Female,60,High School,Unemployed,Single,0,29213.0,767,2,LOAN00402,Personal,5046.0,12,13.12,450.98,0.1853,0,2,2,Rented,North,Active,0
CUST01429,Female,24,Bachelor's,Employed,Married,3,33878.0,647,1,LOAN01429,Personal,10488.0,12,12.7,935.28,0.3313,1,1,24,Owned,South,Active,0
CUST01104,Female,64,Bachelor's,Employed,Married,1,30765.0,640,3,LOAN01104,Home,396634.0,48,9.37,9940.09,0.99,26,0,23,Owned,West,Active,0
CUST00085,Male,42,Bachelor's,Retired,Single,0,33424.0,706,2,LOAN00085,Education,71286.0,48,8.7,1763.82,0.6333,9,0,1,Rented,East,Active,0
CUST00163,Female,24,Bachelor's,Unemployed,Single,1,14132.0,747,0,LOAN00163,Auto,34696.0,24,8.14,1571.42,0.99,0,2,6,Owned,North,Active,0
CUST00115,Female,64,Bachelor's,Unemployed,Single,0,22076.0,634,3,LOAN00115,Personal,16309.0,36,5.13,489.75,0.2662,0,0,20,Mortgaged,Central,Active,0
CUST00671,Male,52,PhD,Self-Employed,Married,4,91794.0,572,1,LOAN00671,Personal,3693.0,24,4.65,161.44,0.0211,24,2,17,,East,Active,0
CUST01175,Female,56,PhD,Unemployed,Widowed,2,28799.0,571,1,LOAN01175,Home,412966.0,120,11.96,5915.32,0.99,0,0,9,Rented,West,Active,0
CUST01523,Male,65,Bachelor's,Employed,Married,1,52184.0,614,2,LOAN01523,Personal,6707.0,180,11.18,76.99,0.0177,28,0,5,Owned,West,Active,0
CUST01845,Female,36,High School,Employed,Married,0,60569.0,612,2,LOAN01845,Home,261044.0,24,7.08,11697.08,0.99,13,3,22,Rented,North,Active,0
CUST01393,Male,24,Bachelor's,Self-Employed,Single,1,85188.0,661,1,LOAN01393,Home,90237.0,24,7.09,4043.83,0.5696,23,0,2,Mortgaged,West,Active,0
CUST00890,Male,41,Bachelor's,Unemployed,Single,3,20199.0,745,2,LOAN00890,Home,448408.0,12,13.04,40059.0,0.99,0,0,12,Rented,North,Active,0
CUST01502,Male,61,Master's,Unemployed,Single,1,28698.0,681,0,LOAN01502,Home,194708.0,120,7.75,2336.7,0.9771,0,2,14,Mortgaged,South,Active,0
CUST00626,Male,21,Master's,Employed,Single,1,107991.0,736,0,LOAN00626,Home,266723.0,48,7.48,6446.58,0.7163,3,0,21,Mortgaged,Central,Active,0
CUST01953,Female,55,High School,Self-Employed,Single,5,115870.0,658,1,LOAN01953,Home,385183.0,240,8.83,3423.59,0.3546,4,2,3,Owned,North,Active,0
CUST00953,Male,33,Master's,Employed,Single,4,144454.0,495,2,LOAN00953,Business,35265.0,120,10.95,484.78,0.0403,24,0,18,Mortgaged,Central,Active,0
CUST00808,Female,56,Bachelor's,Employed,Single,0,69695.0,772,2,LOAN00808,Education,27500.0,60,4.0,506.45,0.0872,16,2,21,Owned,North,Active,0
CUST00259,Female,32,Bachelor's,Employed,Single,4,129251.0,552,1,LOAN00259,Business,107686.0,60,10.85,2333.31,0.2166,20,1,4,Rented,East,Active,0
CUST00625,Female,24,Other,Employed,Single,0,37084.0,655,0,LOAN00625,Education,26727.0,84,10.76,454.27,0.147,15,0,15,Rented,North,Active,0
CUST00827,Male,38,Bachelor's,Retired,Married,0,13086.0,617,2,LOAN00827,Personal,2051.0,24,12.96,97.47,0.0894,17,1,3,Rented,East,Active,0
CUST00235,Male,53,High School,Employed,Married,4,62264.0,494,0,LOAN00235,Home,179057.0,36,12.54,5993.54,0.99,28,0,18,Owned,South,Active,0
CUST00136,Male,28,Master's,Self-Employed,Married,0,105519.0,527,0,LOAN00136,Business,161867.0,12,17.48,14799.94,0.99,0,1,18,Mortgaged,South,Active,0
CUST00617,Male,52,Bachelor's,Retired,Single,1,34191.0,811,4,LOAN00617,Personal,6146.0,12,12.25,546.78,0.1919,16,0,3,Rented,West,Active,0
CUST01954,Female,31,Bachelor's,Employed,Divorced,1,144679.0,696,0,LOAN01954,Home,96239.0,36,13.37,3259.85,0.2704,30,0,17,Owned,East,Active,0
CUST00837,Female,52,High School,Employed,Married,5,52568.0,699,0,LOAN00837,Personal,25752.0,24,17.5,1279.43,0.2921,17,0,17,Owned,East,Active,0
CUST00843,Male,28,Bachelor's,Self-Employed,Married,2,75217.0,697,3,LOAN00843,Auto,29708.0,24,8.98,1356.93,0.2165,17,0,16,,East,Active,0
CUST00960,Female,56,Other,Employed,Single,0,85165.0,664,0,LOAN00960,Auto,12670.0,12,6.43,1092.97,0.154,18,0,17,Owned,Central,Active,0
CUST00593,Male,55,Bachelor's,Employed,Married,5,80822.0,710,2,LOAN00593,Home,246679.0,60,9.42,5171.08,0.7678,17,0,14,Mortgaged,North,Active,0
CUST01315,Male,30,Bachelor's,Employed,Single,2,146315.0,738,1,LOAN01315,Personal,25065.0,180,7.44,231.5,0.019,10,0,14,Rented,North,Active,0
CUST01526,Male,29,Bachelor's,Unemployed,Single,4,34942.0,701,1,LOAN01526,Personal,7993.0,180,10.23,87.02,0.0299,0,0,11,Mortgaged,North,Active,0
CUST01292,Male,43,Master's,Employed,Single,1,110543.0,761,2,LOAN01292,Auto,57589.0,120,11.81,819.92,0.089,20,0,2,Rented,East,Active,0
CUST00344,Male,37,PhD,Self-Employed,Widowed,2,128354.0,680,1,LOAN00344,Education,62947.0,24,11.69,2954.03,0.2762,7,2,9,Mortgaged,West,Active,0
CUST01644,Female,21,Bachelor's,Unemployed,Single,2,17057.0,639,1,LOAN01644,Home,495733.0,12,9.79,43534.4,0.99,0,0,12,,West,Active,0
CUST01677,Male,43,Bachelor's,Employed,Divorced,3,56445.0,579,4,LOAN01677,Personal,13768.0,240,8.26,117.4,0.025,16,0,4,Mortgaged,South,Active,0
CUST00294,Male,29,High School,Employed,Single,1,145237.0,690,0,LOAN00294,Personal,28580.0,120,9.63,371.86,0.0307,25,0,23,Owned,East,Active,0
CUST00365,Female,49,Other,Employed,Married,0,78425.0,512,0,LOAN00365,Home,82884.0,12,11.14,7330.84,0.99,13,2,8,Owned,South,Defaulted,1
CUST00179,Female,48,Bachelor's,Self-Employed,Single,1,113301.0,675,0,LOAN00179,Auto,23963.0,180,9.65,252.4,0.0267,23,2,14,,North,Active,0
CUST00660,Female,25,Master's,Employed,Single,2,50195.0,635,2,LOAN00660,Home,396286.0,240,13.44,4767.56,0.99,11,1,17,Mortgaged,East,Active,0
CUST00997,Female,32,Master's,Employed,Married,0,87935.0,446,1,LOAN00997,Personal,23031.0,84,4.0,314.81,0.043,29,1,11,Mortgaged,West,Active,0
CUST00015,Male,29,Master's,Self-Employed,Single,1,126912.0,704,0,LOAN00015,Personal,48270.0,12,10.22,4248.64,0.4017,10,0,24,Owned,South,Active,0
CUST01111,Female,32,High School,Employed,Single,2,41377.0,710,1,LOAN01111,Auto,36612.0,12,15.85,3319.24,0.9626,23,0,15,,East,Active,0
CUST01395,Male,43,Master's,Self-Employed,Single,2,148493.0,569,0,LOAN01395,Auto,25581.0,48,12.21,676.29,0.0547,16,0,1,Owned,North,Active,0
CUST00166,Female,39,Other,Self-Employed,Married,5,121951.0,588,0,LOAN00166,Home,363710.0,84,12.31,6480.93,0.6377,12,1,12,Mortgaged,West,Active,0
CUST01874,Female,37,Master's,Self-Employed,Married,0,30693.0,590,0,LOAN01874,Personal,41029.0,60,8.79,847.52,0.3314,3,2,13,Mortgaged,North,Active,0
CUST01360,Female,38,Bachelor's,Unemployed,Married,1,11984.0,522,3,LOAN01360,Personal,4418.0,84,10.33,74.1,0.0742,0,1,17,Rented,West,Active,0
CUST00060,Male,53,Other,Employed,Divorced,0,68516.0,662,3,LOAN00060,Home,315185.0,180,9.82,3352.37,0.5871,12,0,21,Mortgaged,West,Active,0
CUST00710,Female,63,PhD,Retired,Single,1,21226.0,701,1,LOAN00710,Auto,17879.0,12,12.52,1592.88,0.9005,29,1,9,Mortgaged,West,Active,0
CUST00677,Male,44,Bachelor's,Unemployed,Single,3,31264.0,660,1,LOAN00677,Personal,34918.0,12,10.75,3082.04,0.99,0,0,23,Mortgaged,North,Active,0
CUST01379,Male,47,Master's,Employed,Married,1,146801.0,714,2,LOAN01379,Business,29198.0,12,7.58,2534.22,0.2072,8,0,3,Rented,West,Active,0
CUST00781,Female,51,Other,Employed,Married,1,35704.0,665,1,LOAN00781,Education,44927.0,180,10.61,499.69,0.1679,3,0,3,Rented,South,Active,0
CUST00425,Male,41,High School,Employed,Single,2,53386.0,807,1,LOAN00425,Business,162003.0,60,14.48,3809.96,0.8564,13,0,10,Mortgaged,Central,Active,0
CUST00293,Female,39,Bachelor's,Employed,Married,1,49050.0,630,3,LOAN00293,Education,71280.0,24,8.96,3255.1,0.7964,20,2,4,Owned,Central,Active,0
CUST01066,Female,46,Master's,Employed,Single,3,117351.0,656,2,LOAN01066,Home,237234.0,60,8.22,4835.27,0.4944,13,0,9,Rented,South,Active,0
CUST01786,Female,52,Bachelor's,Unemployed,Single,2,31947.0,517,0,LOAN01786,Personal,7674.0,120,9.53,99.43,0.0373,0,0,5,Owned,West,Active,0
CUST00330,Male,55,Bachelor's,Employed,Married,0,80119.0,669,1,LOAN00330,Home,117339.0,48,15.43,3291.27,0.493,1,0,10,,South,Active,0
CUST00430,Male,31,Master's,Employed,Single,3,124240.0,631,1,LOAN00430,Home,237119.0,24,8.9,10821.84,0.99,10,2,7,,East,Active,0
CUST01013,Female,65,Bachelor's,Self-Employed,Married,1,67597.0,691,0,LOAN01013,Auto,52977.0,84,10.38,889.92,0.158,11,0,20,Mortgaged,North,Active,0
CUST00080,Male,22,High School,Unemployed,Divorced,0,18352.0,668,2,LOAN00080,Education,74981.0,240,9.61,704.32,0.4605,0,1,12,Rented,West,Active,0
CUST01053,Female,33,Master's,Self-Employed,Married,0,41304.0,573,0,LOAN01053,Education,78251.0,24,11.01,3647.47,0.99,1,0,20,Mortgaged,North,Active,0
CUST00938,Female,26,Bachelor's,Employed,Married,3,71770.0,632,2,LOAN00938,Personal,28125.0,84,10.78,478.32,0.08,17,1,3,Mortgaged,South,Active,0
CUST00835,Male,46,Master's,Employed,Married,2,55688.0,511,1,LOAN00835,Auto,49104.0,180,19.33,838.21,0.1806,13,2,16,Mortgaged,West,Active,0
CUST00750,Female,29,Bachelor's,Employed,Married,2,33824.0,747,1,LOAN00750,Education,49665.0,180,6.92,444.18,0.1576,15,0,10,Owned,North,Active,0
CUST00891,Female,40,Master's,Retired,Married,0,11920.0,577,2,LOAN00891,Auto,19139.0,36,5.25,575.76,0.5796,25,0,3,Owned,North,Active,0
CUST00255,Male,41,Bachelor's,Unemployed,Married,2,11239.0,648,0,LOAN00255,Personal,48402.0,48,10.85,1247.45,0.99,0,0,20,Owned,West,Active,0
CUST01949,Male,51,High School,Employed,Married,2,62399.0,624,0,LOAN01949,Education,21881.0,36,12.79,735.05,0.1414,0,0,12,Rented,East,Active,0
CUST01483,Female,61,Master's,Self-Employed,Married,0,112036.0,617,0,LOAN01483,Home,413406.0,84,8.12,6468.18,0.6928,25,0,3,Owned,South,Active,0
CUST01951,Male,36,Bachelor's,Self-Employed,Married,1,55236.0,421,1,LOAN01951,Education,13201.0,12,11.66,1170.79,0.2544,29,0,7,Rented,East,Active,0
CUST01408,Female,53,Bachelor's,Employed,Widowed,0,126818.0,807,1,LOAN01408,Education,26505.0,120,9.92,349.09,0.033,15,2,13,,North,Active,0
CUST01338,Female,37,Bachelor's,Unemployed,Single,2,31119.0,684,0,LOAN01338,Education,70509.0,60,6.59,1382.56,0.5331,0,0,11,,East,Active,0
CUST01109,Female,55,PhD,Self-Employed,Married,2,111738.0,581,4,LOAN01109,Personal,2661.0,60,10.45,57.13,0.01,13,0,20,Owned,North,Active,0
CUST00137,Male,29,High School,Unemployed,Married,1,25782.0,588,0,LOAN00137,Education,6548.0,84,8.5,103.7,0.0483,0,0,22,Rented,South,Active,0
CUST01136,Male,50,High School,Employed,Single,2,106670.0,636,2,LOAN01136,Auto,21997.0,24,10.72,1022.38,0.115,4,0,1,Owned,North,Active,0
CUST01219,Female,49,Bachelor's,Retired,Single,0,16124.0,718,1,LOAN01219,Auto,59157.0,12,11.35,5238.06,0.99,11,1,19,Owned,East,Active,0
CUST00853,Male,39,Bachelor's,Self-Employed,Married,3,84281.0,621,0,LOAN00853,Business,171474.0,84,6.6,2554.6,0.3637,14,1,24,Rented,South,Active,0
CUST01203,Male,21,PhD,Employed,Married,1,41301.0,570,2,LOAN01203,Personal,43596.0,180,11.67,514.01,0.1493,15,0,21,Rented,North,Active,0
CUST00724,Female,39,Other,Employed,Single,0,147710.0,490,0,LOAN00724,Auto,53967.0,12,7.88,4691.51,0.3811,13,0,14,Owned,North,Active,0
CUST00860,Male,38,PhD,Employed,Married,0,57410.0,826,1,LOAN00860,Auto,23657.0,48,14.86,656.71,0.1373,13,0,22,Rented,Central,Active,0
CUST00970,Male,49,Bachelor's,Self-Employed,Single,0,129405.0,806,3,LOAN00970,Personal,20410.0,36,7.96,639.2,0.0593,9,0,14,Rented,Central,Active,0
CUST00497,Female,36,Master's,Self-Employed,Divorced,0,126822.0,561,3,LOAN00497,Education,24843.0,36,10.27,804.77,0.0761,28,2,12,Mortgaged,North,Active,0
CUST00951,Female,64,Other,Retired,Divorced,2,34364.0,774,2,LOAN00951,Home,235267.0,120,14.68,3749.71,0.99,13,0,2,Owned,South,Active,0
CUST00806,Female,30,High School,Employed,Single,4,121200.0,674,0,LOAN00806,Personal,18852.0,60,9.19,393.08,0.0389,23,0,20,,Central,Active,0
CUST00130,Male,44,Bachelor's,Unemployed,Married,0,12629.0,548,2,LOAN00130,Business,89138.0,60,11.06,1940.74,0.99,0,1,23,Rented,North,Active,0
CUST00338,Female,64,High School,Retired,Married,2,14352.0,591,3,LOAN00338,Home,490785.0,48,9.19,12257.53,0.99,24,1,21,Owned,Central,Active,0
CUST01989,Male,31,Bachelor's,Unemployed,Married,1,13299.0,751,2,LOAN01989,Home,280174.0,12,10.72,24725.67,0.99,0,0,5,Rented,West,Active,0
CUST00609,Male,33,Bachelor's,Unemployed,Single,0,31518.0,566,0,LOAN00609,Education,15136.0,48,8.63,374.01,0.1424,0,0,17,Mortgaged,East,Active,0
CUST01149,Female,64,Bachelor's,Employed,Single,0,44234.0,769,2,LOAN01149,Business,104613.0,60,12.89,2374.38,0.6441,11,2,20,Mortgaged,West,Active,0
CUST00196,Male,29,Master's,Employed,Single,2,147363.0,636,3,LOAN00196,Education,8762.0,84,16.53,176.69,0.0144,24,0,23,Mortgaged,East,Active,0
CUST01251,Female,55,High School,Employed,Married,0,55493.0,568,0,LOAN01251,Auto,52845.0,84,9.44,862.07,0.1864,11,0,11,Owned,North,Active,0
CUST01293,Female,50,High School,Unemployed,Single,2,19367.0,599,2,LOAN01293,Personal,48062.0,24,11.08,2241.85,0.99,0,0,22,Rented,South,Active,0
CUST01970,Male,23,High School,Employed,Single,2,102752.0,642,1,LOAN01970,Home,373279.0,84,13.71,6935.59,0.81,6,2,12,Rented,West,Active,0
CUST00910,Male,33,Bachelor's,Retired,Married,3,14301.0,457,1,LOAN00910,Business,194290.0,36,10.93,6354.37,0.99,18,2,1,Rented,North,Active,0
CUST00585,Female,26,High School,Self-Employed,Married,2,33870.0,717,2,LOAN00585,Personal,31432.0,240,15.92,435.41,0.1543,18,1,10,Mortgaged,South,Active,0
CUST00104,Male,48,Bachelor's,Employed,Married,1,38109.0,621,3,LOAN00104,Personal,9669.0,48,8.13,236.64,0.0745,8,1,8,Rented,South,Active,0
CUST01844,Female,37,Master's,Employed,Married,1,46119.0,635,2,LOAN01844,Business,57711.0,36,9.26,1842.19,0.4793,26,0,4,Owned,Central,Active,0
CUST01862,Female,60,Master's,Employed,Single,3,46076.0,722,1,LOAN01862,Personal,37040.0,48,12.89,991.67,0.2583,9,0,23,Owned,Central,Active,0
CUST00720,Female,55,Bachelor's,Self-Employed,Single,1,137519.0,349,1,LOAN00720,Auto,15965.0,240,16.75,231.14,0.0202,0,1,1,Mortgaged,South,Active,0
CUST00885,Female,37,Bachelor's,Employed,Single,1,48225.0,663,4,LOAN00885,Personal,48228.0,84,11.58,840.56,0.2092,3,3,7,,Central,Active,0
CUST00777,Male,22,High School,Employed,Single,2,55293.0,718,2,LOAN00777,Auto,24686.0,12,9.58,2165.47,0.47,6,0,10,Rented,East,Active,0
CUST01570,Male,23,Master's,Employed,Married,3,52258.0,602,1,LOAN01570,Home,393536.0,84,8.87,6305.7,0.99,22,3,20,Mortgaged,East,Defaulted,1
CUST00850,Female,31,PhD,Self-Employed,Married,0,125387.0,675,1,LOAN00850,Personal,27632.0,180,18.55,455.97,0.0436,21,0,12,,East,Active,0
CUST00895,Female,57,Bachelor's,Self-Employed,Single,1,117399.0,626,2,LOAN00895,Personal,13740.0,84,12.06,242.99,0.0248,21,0,19,Rented,North,Active,0
CUST00228,Male,25,Other,Retired,Divorced,0,14111.0,596,0,LOAN00228,Home,293213.0,84,7.96,4564.24,0.99,12,0,24,Owned,East,Active,0
CUST01952,Male,33,Master's,Employed,Married,3,122735.0,551,4,LOAN01952,Auto,20275.0,24,4.33,883.42,0.0864,9,2,8,Mortgaged,West,Active,0
CUST01326,Male,37,High School,Self-Employed,Married,3,58668.0,632,2,LOAN01326,Personal,37560.0,240,6.42,278.27,0.0569,10,0,11,Rented,West,Active,0
CUST01300,Female,36,Bachelor's,Self-Employed,Married,0,43181.0,600,2,LOAN01300,Home,421200.0,240,15.47,5693.14,0.99,18,1,9,Rented,South,Active,0
CUST00127,Female,32,Other,Employed,Married,1,125939.0,648,3,LOAN00127,Auto,55097.0,180,8.15,531.32,0.0506,9,0,22,Owned,Central,Active,0
CUST00406,Female,40,High School,Self-Employed,Married,3,98382.0,488,2,LOAN00406,Business,52797.0,240,9.59,495.24,0.0604,6,0,17,Rented,West,Active,0
CUST00776,Male,58,Bachelor's,Employed,Single,3,122203.0,544,1,LOAN00776,Auto,25660.0,24,10.53,1190.37,0.1169,10,0,3,,Central,Active,0
CUST00822,Male,38,Master's,Retired,Single,3,32981.0,635,1,LOAN00822,Home,385692.0,12,10.42,33983.84,0.99,14,1,15,Rented,North,Active,0
CUST00712,Female,30,PhD,Employed,Married,1,69622.0,715,1,LOAN00712,Home,215326.0,48,10.09,5470.54,0.6882,28,0,1,Rented,West,Active,0
CUST01884,Female,58,High School,Employed,Divorced,2,101066.0,707,1,LOAN01884,Auto,10947.0,12,6.77,946.05,0.1123,16,0,12,Rented,South,Active,0
CUST01061,Female,21,High School,Employed,Widowed,0,117440.0,691,1,LOAN01061,Education,42177.0,60,11.08,918.71,0.0939,11,1,16,Rented,South,Active,0
CUST01164,Female,28,PhD,Self-Employed,Married,0,34539.0,718,2,LOAN01164,Education,9702.0,180,6.55,84.78,0.0295,30,0,2,Owned,North,Active,0
CUST00304,Female,56,Bachelor's,Employed,Divorced,1,53574.0,626,2,LOAN00304,Personal,34453.0,84,14.54,655.97,0.1469,23,0,7,,North,Active,0
CUST00268,Female,26,Bachelor's,Employed,Single,0,76728.0,726,0,LOAN00268,Education,28586.0,48,11.02,739.1,0.1156,11,2,23,Rented,East,Active,0
CUST01558,Male,40,High School,Employed,Married,0,51740.0,475,1,LOAN01558,Home,223577.0,240,9.61,2100.12,0.4871,6,0,18,,Central,Active,0
CUST00546,Male,57,PhD,Unemployed,Married,4,18766.0,603,1,LOAN00546,Personal,40235.0,180,16.3,599.37,0.3833,0,0,5,Owned,Central,Active,0
CUST00213,Female,50,Master's,Employed,Married,1,91726.0,496,1,LOAN00213,Auto,17762.0,48,9.99,450.4,0.0589,11,0,22,Mortgaged,North,Active,0
CUST00897,Male,37,Bachelor's,Unemployed,Divorced,5,22719.0,621,2,LOAN00897,Personal,7128.0,180,7.7,66.89,0.0353,0,0,9,Owned,North,Active,0
CUST01493,Male,23,Master's,Self-Employed,Widowed,0,114042.0,616,1,LOAN01493,Personal,48536.0,120,8.96,613.78,0.0646,8,1,19,Rented,South,Active,0
CUST01223,Male,41,High School,Self-Employed,Single,0,87266.0,759,0,LOAN01223,Auto,45610.0,240,5.34,309.64,0.0426,18,0,24,Owned,North,Active,0
CUST00917,Male,36,Bachelor's,Employed,Married,1,66366.0,737,4,LOAN00917,Education,41057.0,180,5.22,329.4,0.0596,13,0,1,Mortgaged,West,Active,0
CUST01552,Female,39,Bachelor's,Employed,Single,2,50069.0,648,1,LOAN01552,Home,306829.0,180,5.73,2544.65,0.6099,20,0,15,Rented,East,Active,0
CUST00676,Female,53,Bachelor's,Unemployed,Single,0,31302.0,659,0,LOAN00676,Home,196707.0,36,9.3,6282.73,0.99,0,0,14,,West,Active,0
CUST01290,Male,25,High School,Unemployed,Single,0,26018.0,759,1,LOAN01290,Home,317321.0,120,9.78,4154.86,0.99,0,0,5,Rented,West,Active,0
CUST00815,Female,35,High School,Employed,Divorced,2,112212.0,730,0,LOAN00815,Personal,38085.0,240,13.59,462.3,0.0494,14,2,11,Mortgaged,Central,Active,0
CUST01266,Male,54,Other,Employed,Married,3,109045.0,471,1,LOAN01266,Personal,35246.0,60,6.2,684.69,0.0753,27,0,5,Rented,East,Active,0
CUST00343,Male,55,High School,Employed,Single,3,134296.0,597,2,LOAN00343,Business,124904.0,240,4.0,756.89,0.0676,8,0,14,Mortgaged,South,Active,0
CUST00550,Female,21,Master's,Employed,Single,1,75606.0,551,2,LOAN00550,Education,33037.0,36,15.42,1152.05,0.1829,3,0,12,Mortgaged,North,Active,0
CUST01411,Male,25,Master's,Self-Employed,Single,2,97759.0,744,0,LOAN01411,Personal,14736.0,120,5.9,162.86,0.02,3,0,9,Rented,East,Active,0
CUST01215,Female,42,Master's,Employed,Divorced,2,54837.0,549,0,LOAN01215,Personal,26432.0,60,4.0,486.79,0.1065,9,3,1,Rented,West,Defaulted,1
CUST00967,Female,37,Master's,Employed,Widowed,0,141315.0,690,1,LOAN00967,Auto,25676.0,24,12.05,1209.26,0.1027,29,1,5,Rented,South,Active,0
CUST01231,Female,46,PhD,Employed,Married,4,112755.0,698,2,LOAN01231,Personal,39069.0,12,15.69,3539.04,0.3766,19,2,6,Mortgaged,West,Active,0
CUST00296,Male,40,Master's,Employed,Widowed,3,124094.0,585,2,LOAN00296,Auto,34634.0,180,7.04,312.08,0.0302,1,1,13,Owned,Central,Active,0
CUST00696,Female,53,Bachelor's,Employed,Married,1,58896.0,722,2,LOAN00696,Auto,17001.0,240,14.17,213.51,0.0435,4,0,18,Rented,South,Active,0
CUST01453,Female,25,Bachelor's,Self-Employed,Single,2,31071.0,711,0,LOAN01453,Home,485728.0,48,11.44,12657.94,0.99,29,0,20,Owned,East,Active,0
CUST00074,Female,21,High School,Unemployed,Married,4,27066.0,648,1,LOAN00074,Home,292878.0,24,10.54,13587.95,0.99,0,2,19,Owned,Central,Active,0
CUST00606,Male,25,High School,Self-Employed,Married,2,69042.0,802,1,LOAN00606,Education,65977.0,120,12.93,982.39,0.1707,21,0,15,Owned,South,Active,0
CUST00105,Female,34,Master's,Unemployed,Divorced,1,12882.0,714,1,LOAN00105,Auto,48452.0,60,8.56,995.47,0.9273,0,0,7,Mortgaged,Central,Active,0
CUST00646,Female,25,Bachelor's,Retired,Single,5,30324.0,683,2,LOAN00646,Home,108975.0,84,17.3,2245.93,0.8888,30,0,16,Rented,North,Active,0
CUST01405,Female,38,Bachelor's,Self-Employed,Single,0,148335.0,625,4,LOAN01405,Personal,17556.0,240,6.91,135.16,0.0109,21,0,19,,Central,Active,0
CUST01958,Male,55,Master's,Employed,Single,2,69622.0,639,1,LOAN01958,Auto,47603.0,180,14.61,653.58,0.0619,8,0,20,Rented,North,Active,0
CUST01041,Male,61,High School,Employed,Divorced,2,67672.0,653,0,LOAN01041,Home,481358.0,180,4.0,3560.55,0.6314,14,0,17,Mortgaged,East,Active,0
CUST00440,Male,28,Bachelor's,Unemployed,Divorced,0,18728.0,673,1,LOAN00440,Personal,26755.0,84,8.1,418.34,0.2681,0,2,1,Rented,South,Active,0
CUST01020,Male,49,Master's,Employed,Married,0,46636.0,654,2,LOAN01020,Auto,40783.0,120,11.91,583.0,0.15,21,0,7,Rented,South,Active,0
CUST00092,Female,52,Other,Employed,Single,0,104868.0,667,2,LOAN00092,Personal,24099.0,24,5.4,1061.58,0.1215,1,0,11,Owned,North,Active,0
CUST01113,Male,57,High School,Self-Employed,Married,0,109833.0,760,0,LOAN01113,Home,456953.0,48,6.71,10880.93,0.99,27,2,12,Owned,Central,Active,0
CUST01752,Male,63,High School,Self-Employed,Married,2,149487.0,571,4,LOAN01752,Education,23951.0,24,10.32,1108.76,0.089,28,0,17,Rented,South,Active,0
CUST00909,Male,61,High School,Retired,Divorced,2,10938.0,728,1,LOAN00909,Personal,28314.0,12,6.0,2436.88,0.99,18,0,1,Mortgaged,Central,Active,0
CUST01475,Male,46,Bachelor's,Unemployed,Married,0,27533.0,648,2,LOAN01475,Education,62803.0,240,7.79,517.13,0.2254,0,0,20,Owned,North,Active,0
CUST00103,Male,42,High School,Employed,Married,2,91700.0,648,4,LOAN00103,Personal,31307.0,120,11.31,436.77,0.0572,3,0,22,,South,Active,0
CUST00239,Female,22,Other,Employed,Single,1,139885.0,746,1,LOAN00239,Auto,17092.0,84,11.88,300.62,0.0258,12,1,6,Owned,East,Active,0
CUST01699,Female,42,High School,Unemployed,Married,0,27852.0,642,2,LOAN01699,Home,217762.0,48,4.75,4990.28,0.99,0,1,4,,South,Active,0
CUST00943,Female,60,PhD,Self-Employed,Married,1,70285.0,623,2,LOAN00943,Education,38914.0,180,6.51,339.2,0.0579,5,1,13,Rented,West,Active,0
CUST01271,Female,51,Bachelor's,Employed,Divorced,1,37014.0,669,1,LOAN01271,Home,213676.0,36,12.29,7126.73,0.99,13,0,11,Rented,Central,Active,0
CUST00939,Male,64,High School,Retired,Married,0,13656.0,779,0,LOAN00939,Personal,22804.0,84,4.22,314.02,0.2759,10,2,24,Rented,South,Active,0
CUST01689,Female,65,Master's,Employed,Married,0,69622.0,700,3,LOAN01689,Home,211477.0,48,6.59,5023.95,0.475,9,0,5,,South,Active,0
CUST01182,Male,49,High School,Employed,Married,2,136888.0,561,1,LOAN01182,Auto,10391.0,240,8.96,93.22,0.01,11,1,11,Owned,North,Active,0
CUST01504,Male,22,High School,Retired,Single,2,20327.0,661,3,LOAN01504,Personal,43111.0,240,5.77,303.17,0.179,11,0,21,Rented,East,Active,0
CUST00006,Male,30,High School,Self-Employed,Married,1,55823.0,734,2,LOAN00006,Personal,24368.0,12,13.98,2187.7,0.4703,7,0,21,Owned,West,Active,0
CUST01976,Female,45,Master's,Employed,Widowed,2,126728.0,584,1,LOAN01976,Auto,48413.0,120,8.49,599.99,0.0568,16,1,11,Rented,North,Active,0
CUST00966,Male,58,Bachelor's,Employed,Married,0,34441.0,670,1,LOAN00966,Education,10833.0,84,5.5,155.67,0.0542,21,0,1,Rented,West,Active,0
CUST00019,Male,40,Bachelor's,Employed,Divorced,2,122230.0,732,0,LOAN00019,Personal,17665.0,12,9.98,1552.87,0.1525,27,2,18,Rented,South,Active,0
CUST01431,Male,33,Master's,Self-Employed,Single,4,115380.0,592,2,LOAN01431,Personal,25354.0,60,12.69,572.87,0.0596,14,0,17,Rented,Central,Active,0
CUST00122,Female,45,High School,Employed,Single,1,59369.0,719,3,LOAN00122,Auto,13500.0,180,4.29,101.83,0.0206,10,0,20,Rented,South,Active,0
CUST00662,Female,40,High School,Self-Employed,Married,1,119229.0,738,1,LOAN00662,Personal,33084.0,12,9.08,2894.47,0.2913,23,1,20,,Central,Active,0
CUST01679,Male,23,High School,Employed,Married,2,101153.0,621,2,LOAN01679,Education,73826.0,60,15.07,1759.03,0.2087,24,1,17,Rented,West,Active,0
CUST00275,Male,56,Other,Employed,Single,3,72616.0,850,2,LOAN00275,Auto,43267.0,180,11.44,503.79,0.0833,11,0,18,Mortgaged,Central,Active,0
CUST00434,Male,65,Bachelor's,Retired,Single,2,15905.0,632,1,LOAN00434,Home,114487.0,36,10.16,3702.78,0.99,26,1,1,Mortgaged,West,Active,0
CUST00812,Female,34,PhD,Unemployed,Single,0,12504.0,587,2,LOAN00812,Education,31810.0,36,12.34,1061.72,0.99,0,1,10,Owned,East,Active,0
CUST01301,Male,42,High School,Retired,Divorced,2,32955.0,594,0,LOAN01301,Home,293157.0,120,4.73,3070.84,0.99,13,2,13,,South,Active,0
CUST01336,Female,43,High School,Employed,Married,1,89183.0,561,0,LOAN01336,Auto,39529.0,60,11.23,864.0,0.1163,5,0,18,Mortgaged,Central,Active,0
CUST01863,Male,60,Bachelor's,Employed,Single,2,45376.0,697,0,LOAN01863,Home,172238.0,36,12.35,5749.6,0.99,1,0,14,Owned,North,Active,0
CUST01886,Male,50,Bachelor's,Employed,Single,1,83076.0,569,2,LOAN01886,Auto,39135.0,240,10.67,395.2,0.0571,27,0,6,Rented,North,Active,0
CUST01571,Female,53,Master's,Unemployed,Single,0,21509.0,621,0,LOAN01571,Auto,49468.0,120,14.23,774.93,0.4323,0,0,14,Owned,East,Active,0
CUST00182,Male,47,Bachelor's,Self-Employed,Married,4,57050.0,731,1,LOAN00182,Home,496911.0,120,18.94,9256.48,0.99,1,3,6,Owned,West,Active,0
CUST00185,Male,23,Bachelor's,Unemployed,Divorced,0,30688.0,693,1,LOAN00185,Home,218030.0,12,14.59,19636.86,0.99,0,0,23,Owned,East,Active,0
CUST00407,Male,33,Master's,Employed,Single,4,129233.0,687,0,LOAN00407,Home,494418.0,240,14.26,6241.77,0.5796,2,0,9,Mortgaged,West,Active,0
CUST00866,Female,57,Other,Employed,Divorced,1,105665.0,598,1,LOAN00866,Business,85749.0,84,4.0,1172.09,0.1331,27,2,13,Mortgaged,West,Active,0
CUST01631,Female,49,Bachelor's,Self-Employed,Divorced,0,30445.0,685,1,LOAN01631,Home,415077.0,48,10.07,10541.38,0.99,29,0,5,Rented,North,Active,0
CUST00521,Female,56,Bachelor's,Employed,Divorced,1,115823.0,677,2,LOAN00521,Home,433165.0,12,7.22,37524.3,0.99,30,0,20,Rented,Central,Active,0
CUST01004,Female,56,Bachelor's,Employed,Married,0,100949.0,688,1,LOAN01004,Education,13498.0,180,9.71,142.66,0.017,10,2,14,Owned,South,Active,0
CUST00381,Male,61,Bachelor's,Self-Employed,Married,1,88973.0,714,0,LOAN00381,Personal,5866.0,180,16.55,88.41,0.0119,28,1,4,Owned,North,Active,0
CUST01435,Male,43,Bachelor's,Employed,Divorced,1,117150.0,659,1,LOAN01435,Home,82681.0,36,10.33,2680.71,0.2746,7,0,17,Rented,South,Active,0
CUST01659,Male,62,High School,Self-Employed,Married,2,69622.0,597,0,LOAN01659,Home,237061.0,240,8.75,2094.93,0.4343,1,0,13,,West,Active,0
CUST01394,Male,64,Other,Self-Employed,Married,3,64710.0,605,4,LOAN01394,Personal,13809.0,36,10.99,452.02,0.0838,8,0,7,Rented,South,Active,0
CUST01425,Female,25,Other,Employed,Single,5,69622.0,594,1,LOAN01425,Personal,23999.0,180,9.63,252.49,0.0242,20,1,9,Rented,South,Defaulted,1
CUST01613,Male,31,PhD,Employed,Divorced,0,30527.0,656,4,LOAN01613,Auto,37619.0,84,13.1,686.41,0.2698,30,0,4,Owned,West,Active,0
CUST00428,Female,59,High School,Self-Employed,Single,1,129341.0,557,0,LOAN00428,Auto,45116.0,36,10.14,1458.73,0.1353,1,0,5,Owned,North,Active,0
CUST00079,Male,42,Other,Employed,Single,5,51164.0,613,4,LOAN00079,Education,19433.0,60,12.63,438.49,0.1028,17,0,16,Owned,South,Active,0
CUST01598,Male,29,High School,Self-Employed,Married,1,36895.0,523,0,LOAN01598,Home,273428.0,180,11.68,3225.52,0.99,21,0,15,Mortgaged,North,Active,0
CUST01010,Male,43,Master's,Employed,Divorced,2,72805.0,746,0,LOAN01010,Education,51123.0,240,11.26,536.76,0.0885,2,1,23,,Central,Active,0
CUST01966,Female,52,High School,Employed,Single,2,88070.0,726,0,LOAN01966,Personal,49565.0,36,8.85,1572.7,0.2143,7,0,8,Mortgaged,East,Active,0
CUST01662,Male,36,PhD,Self-Employed,Single,2,70122.0,629,0,LOAN01662,Auto,58260.0,120,9.09,740.85,0.1268,8,1,15,Owned,North,Active,0
CUST00608,Male,61,Bachelor's,Employed,Married,1,106380.0,723,2,LOAN00608,Auto,10500.0,12,8.66,916.59,0.1034,16,0,11,Owned,South,Active,0
CUST01780,Female,23,Master's,Self-Employed,Married,0,95623.0,661,0,LOAN01780,Home,476357.0,84,8.65,7579.8,0.9512,27,0,6,Rented,West,Active,0
CUST01986,Male,39,Bachelor's,Unemployed,Widowed,4,31110.0,699,1,LOAN01986,Personal,33150.0,180,13.71,435.03,0.1678,0,0,19,Rented,West,Active,0
CUST01819,Female,29,Bachelor's,Employed,Married,1,71057.0,538,1,LOAN01819,Personal,47959.0,120,13.08,718.34,0.1213,12,0,1,Owned,West,Active,0
CUST01058,Male,48,High School,Employed,Married,2,42588.0,809,0,LOAN01058,Personal,30646.0,48,12.56,815.48,0.2298,5,0,9,Rented,North,Active,0
CUST01441,Female,49,High School,Employed,Married,2,117160.0,496,2,LOAN01441,Personal,40881.0,180,10.72,457.49,0.0469,9,0,9,Owned,North,Active,0
CUST01515,Male,42,Bachelor's,Retired,Married,3,16059.0,721,2,LOAN01515,Home,291759.0,60,8.44,5977.45,0.99,15,0,23,Rented,North,Active,0
CUST01586,Male,47,High School,Employed,Single,0,73130.0,640,1,LOAN01586,Personal,7848.0,36,8.85,249.02,0.0409,16,0,7,Rented,North,Active,0
CUST01092,Female,28,Master's,Self-Employed,Married,3,63741.0,735,1,LOAN01092,Education,48827.0,84,13.04,889.32,0.1674,13,1,16,Rented,South,Active,0
CUST01561,Male,59,Bachelor's,Self-Employed,Single,5,93874.0,522,4,LOAN01561,Personal,17942.0,84,12.52,321.74,0.0411,27,0,1,Mortgaged,Central,Active,0
CUST01102,Female,51,Bachelor's,Unemployed,Widowed,1,25735.0,548,1,LOAN01102,Home,194547.0,120,12.47,2844.3,0.99,0,1,9,Owned,North,Active,0
CUST01130,Male,22,Bachelor's,Employed,Married,3,69622.0,593,1,LOAN01130,Auto,21304.0,180,12.72,265.63,0.0386,30,1,15,Rented,Central,Active,0
CUST01236,Male,24,High School,Employed,Married,4,134713.0,648,0,LOAN01236,Personal,43364.0,120,12.36,631.21,0.0562,3,0,11,Owned,Central,Active,0
CUST01762,Female,48,Master's,Retired,Single,5,25845.0,789,0,LOAN01762,Home,243157.0,84,10.08,4046.75,0.99,14,1,2,,West,Active,0
CUST00959,Male,37,High School,Employed,Married,2,90684.0,736,1,LOAN00959,Home,138928.0,48,9.15,3467.13,0.4588,12,1,6,Rented,South,Active,0
CUST01663,Female,53,Bachelor's,Employed,Married,1,142555.0,801,1,LOAN01663,Personal,31384.0,180,7.45,290.04,0.0244,21,0,24,Owned,East,Active,0
CUST00560,Female,51,High School,Self-Employed,Single,1,119891.0,690,3,LOAN00560,Home,495783.0,48,12.1,13080.22,0.99,1,2,14,Mortgaged,North,Active,0
CUST00847,Male,64,High School,Self-Employed,Divorced,3,55358.0,655,2,LOAN00847,Home,110558.0,180,14.68,1523.2,0.3302,24,0,2,Rented,North,Active,0
CUST01742,Female,37,Bachelor's,Retired,Divorced,2,22695.0,655,0,LOAN01742,Auto,51689.0,36,8.73,1637.21,0.8657,14,0,1,Rented,West,Active,0
CUST00691,Male,29,Master's,Unemployed,Married,0,13708.0,643,4,LOAN00691,Education,33536.0,120,10.57,453.83,0.3973,0,1,19,Mortgaged,South,Active,0
CUST01520,Female,65,Bachelor's,Unemployed,Single,0,17115.0,724,0,LOAN01520,Business,192331.0,84,14.32,3638.37,0.99,0,0,18,Owned,East,Active,0
CUST01933,Female,28,Master's,Employed,Single,1,112319.0,609,1,LOAN01933,Education,64494.0,36,4.0,1904.12,0.2034,13,0,4,Rented,Central,Active,0
CUST01861,Female,28,PhD,Employed,Married,1,68250.0,537,3,LOAN01861,Personal,35119.0,84,5.56,505.66,0.0889,26,0,13,Rented,North,Active,0
CUST00437,Male,64,High School,Employed,Married,2,47667.0,641,1,LOAN00437,Education,78226.0,60,5.11,1480.17,0.3726,12,1,4,Owned,North,Active,0
CUST00491,Male,26,Bachelor's,Self-Employed,Divorced,3,77659.0,697,0,LOAN00491,Personal,34981.0,12,16.69,3185.29,0.4922,2,1,4,Rented,South,Active,0
CUST01991,Female,48,Master's,Employed,Single,4,75113.0,732,0,LOAN01991,Business,148575.0,240,6.66,1121.77,0.1792,30,0,1,Owned,East,Active,0
CUST01834,Female,57,Bachelor's,Employed,Divorced,2,66345.0,717,3,LOAN01834,Home,438255.0,48,14.94,12183.64,0.99,23,3,11,Rented,South,Active,0
CUST01630,Male,41,Bachelor's,Unemployed,Single,2,33412.0,681,1,LOAN01630,Home,417850.0,180,12.42,5128.36,0.99,0,0,5,Mortgaged,East,Active,0
CUST01388,Male,63,Master's,Employed,Single,0,107521.0,575,2,LOAN01388,Personal,28965.0,12,10.36,2551.34,0.2847,18,2,19,Mortgaged,East,Active,0
CUST00070,Female,54,Master's,Self-Employed,Married,0,143690.0,571,0,LOAN00070,Auto,42185.0,84,11.36,730.32,0.061,4,2,22,Owned,West,Active,0
CUST01573,Female,36,Master's,Self-Employed,Married,0,87300.0,710,4,LOAN01573,Home,217816.0,84,17.84,4557.62,0.6265,2,0,13,Mortgaged,East,Active,0
CUST00809,Male,28,High School,Retired,Single,3,27352.0,671,2,LOAN00809,Education,14333.0,60,5.34,272.72,0.1196,7,0,18,Owned,North,Active,0
CUST01185,Male,40,High School,Retired,Married,1,32965.0,615,1,LOAN01185,Personal,49197.0,60,15.39,1180.49,0.4297,14,0,13,Owned,South,Active,0
CUST00012,Female,33,High School,Employed,Widowed,0,131427.0,697,0,LOAN00012,Business,193129.0,12,13.22,17269.7,0.99,7,2,5,Rented,Central,Active,0
CUST00145,Male,22,Master's,Employed,Divorced,2,121644.0,774,0,LOAN00145,Auto,33486.0,240,17.78,511.13,0.0504,11,1,4,,North,Active,0
CUST00918,Female,29,Bachelor's,Unemployed,Married,1,26632.0,648,2,LOAN00918,Education,44764.0,36,6.42,1370.34,0.6175,0,0,22,,Central,Active,0
CUST01542,Male,55,PhD,Unemployed,Married,3,30861.0,668,0,LOAN01542,Personal,17641.0,24,9.48,809.82,0.3149,0,0,18,Owned,East,Active,0
CUST01452,Female,26,Master's,Employed,Single,3,37076.0,724,3,LOAN01452,Home,400533.0,180,11.57,4696.83,0.99,12,0,3,Rented,East,Active,0
CUST00640,Male,39,High School,Employed,Divorced,0,41945.0,610,0,LOAN00640,Education,25863.0,180,9.53,270.54,0.0774,6,0,10,Rented,North,Active,0
CUST00177,Female,54,Bachelor's,Employed,Married,2,144053.0,689,2,LOAN00177,Auto,21031.0,84,12.3,374.64,0.0312,0,1,3,,South,Active,0
CUST00995,Male,53,Bachelor's,Self-Employed,Married,1,117350.0,595,0,LOAN00995,Education,5235.0,12,7.16,453.35,0.0464,20,0,8,Mortgaged,East,Active,0
CUST00441,Male,28,Bachelor's,Retired,Married,2,27335.0,555,1,LOAN00441,Auto,53460.0,240,9.13,485.47,0.2131,6,2,1,Owned,East,Active,0
CUST00522,Male,55,Bachelor's,Unemployed,Single,1,11037.0,609,2,LOAN00522,Auto,39888.0,120,9.13,508.09,0.5524,0,1,4,Rented,West,Active,0
CUST01974,Male,30,Master's,Employed,Married,0,134303.0,554,0,LOAN01974,Business,94426.0,24,12.47,4465.71,0.399,24,0,23,Rented,Central,Active,0
CUST01937,Male,47,High School,Self-Employed,Single,1,142923.0,613,0,LOAN01937,Home,131810.0,84,13.04,2400.75,0.2016,6,0,8,Mortgaged,South,Active,0
CUST01713,Female,31,Other,Employed,Single,2,118301.0,644,2,LOAN01713,Home,446082.0,12,14.3,40115.41,0.99,8,0,11,Mortgaged,South,Active,0
CUST01005,Female,29,Bachelor's,Employed,Married,3,124805.0,673,1,LOAN01005,Auto,23194.0,84,9.97,384.69,0.037,19,0,18,Rented,North,Active,0
CUST01256,Male,47,Bachelor's,Employed,Married,0,81057.0,697,2,LOAN01256,Personal,42503.0,60,11.4,932.62,0.1381,14,0,13,Owned,North,Active,0
CUST01235,Female,34,PhD,Employed,Divorced,0,55972.0,690,4,LOAN01235,Personal,39071.0,36,11.64,1291.01,0.2768,13,0,20,Mortgaged,West,Active,0
CUST01665,Female,29,Bachelor's,Self-Employed,Single,4,141513.0,581,0,LOAN01665,Auto,35498.0,48,13.37,958.85,0.0813,22,0,1,Mortgaged,West,Active,0
CUST00144,Male,32,Bachelor's,Retired,Single,0,33331.0,631,2,LOAN00144,Auto,35657.0,60,8.59,733.11,0.2639,24,0,21,Mortgaged,Central,Active,0
CUST00754,Male,50,High School,Unemployed,Divorced,0,24972.0,622,0,LOAN00754,Home,159738.0,84,15.45,3122.89,0.99,0,1,9,Rented,West,Defaulted,1
CUST00520,Male,38,Master's,Employed,Married,0,124472.0,734,0,LOAN00520,Personal,23444.0,84,9.98,388.96,0.0375,28,0,17,Rented,West,Active,0
CUST01997,Female,62,High School,Unemployed,Single,2,28791.0,603,1,LOAN01997,Business,117057.0,48,4.76,2683.03,0.99,0,0,22,Owned,North,Active,0
CUST01323,Female,21,Bachelor's,Employed,Divorced,1,69622.0,577,0,LOAN01323,Auto,49992.0,36,10.38,1622.03,0.2626,17,2,22,Rented,North,Active,0
CUST00823,Male,32,High School,Self-Employed,Divorced,2,78110.0,850,1,LOAN00823,Auto,20155.0,36,6.86,621.04,0.0954,8,0,7,Rented,Central,Active,0
CUST00429,Male,33,Bachelor's,Employed,Married,1,101778.0,561,0,LOAN00429,Home,268101.0,36,6.69,8240.23,0.9716,11,1,16,Mortgaged,East,Active,0
CUST00613,Female,43,Master's,Self-Employed,Single,2,73739.0,560,0,LOAN00613,Auto,23789.0,180,6.99,213.69,0.0348,5,1,11,Mortgaged,South,Active,0
CUST01506,Male,24,Bachelor's,Employed,Married,0,119895.0,565,1,LOAN01506,Home,82650.0,84,7.32,1260.38,0.1261,4,2,24,Owned,Central,Active,0
CUST01033,Male,25,Master's,Self-Employed,Married,2,106022.0,645,0,LOAN01033,Auto,41760.0,84,4.45,579.5,0.0656,1,1,10,Owned,North,Active,0
CUST00157,Female,21,Bachelor's,Employed,Divorced,1,108919.0,733,4,LOAN00157,Personal,47580.0,36,17.58,1710.12,0.1884,9,0,6,Owned,South,Active,0
CUST00540,Male,56,High School,Employed,Single,2,49322.0,724,0,LOAN00540,Personal,20376.0,12,9.37,1785.41,0.4344,24,0,6,Owned,East,Active,0
CUST01531,Male,56,High School,Employed,Married,2,108731.0,573,0,LOAN01531,Auto,47754.0,180,16.15,706.36,0.078,4,0,7,Mortgaged,East,Active,0
CUST01461,Male,47,High School,Employed,Single,0,91072.0,687,0,LOAN01461,Personal,5658.0,180,5.75,46.98,0.01,3,0,4,Owned,South,Active,0
CUST01291,Male,33,Master's,Employed,Married,1,107450.0,646,0,LOAN01291,Education,10446.0,60,4.87,196.51,0.0219,25,0,22,Rented,South,Active,0
CUST00462,Female,50,PhD,Employed,Divorced,1,100687.0,641,3,LOAN00462,Business,84590.0,24,12.52,4002.52,0.477,30,0,4,Rented,West,Active,0
CUST00577,Male,31,Bachelor's,Unemployed,Married,0,33124.0,642,2,LOAN00577,Personal,22246.0,48,13.59,603.34,0.2186,0,3,14,Mortgaged,Central,Defaulted,1
CUST01363,Female,55,Bachelor's,Employed,Married,1,103703.0,683,0,LOAN01363,Personal,35622.0,24,8.12,1613.04,0.1867,30,2,22,Owned,West,Active,0
CUST00256,Female,55,Bachelor's,Employed,Married,4,51883.0,592,3,LOAN00256,Education,50581.0,180,7.69,474.37,0.1097,16,0,12,Rented,Central,Active,0
CUST00980,Female,37,High School,Unemployed,Single,3,32985.0,582,3,LOAN00980,Home,327055.0,24,9.67,15042.16,0.99,0,0,22,Rented,West,Active,0
CUST01186,Female,40,High School,Retired,Widowed,2,19560.0,450,0,LOAN01186,Home,315621.0,180,10.52,3492.79,0.99,22,3,12,Owned,East,Active,0
CUST01007,Female,31,High School,Self-Employed,Divorced,0,50156.0,668,1,LOAN01007,Home,97192.0,24,10.83,4522.24,0.99,11,0,4,Mortgaged,East,Active,0
CUST01522,Female,21,Master's,Employed,Married,0,122449.0,687,0,LOAN01522,Home,375123.0,60,9.26,7834.36,0.7678,5,1,7,Mortgaged,South,Active,0
CUST01690,Female,37,High School,Retired,Married,2,12073.0,688,1,LOAN01690,Auto,16992.0,24,12.46,803.53,0.7987,10,2,11,Mortgaged,North,Active,0
CUST00561,Female,47,High School,Employed,Married,0,44999.0,648,2,LOAN00561,Education,26376.0,24,11.14,1231.04,0.3283,1,0,12,Owned,South,Active,0
CUST00209,Male,42,Bachelor's,Unemployed,Single,4,14158.0,561,0,LOAN00209,Business,87579.0,84,6.45,1298.38,0.99,0,0,3,Mortgaged,Central,Active,0
CUST00911,Female,38,High School,Employed,Married,0,101519.0,758,0,LOAN00911,Auto,43341.0,48,14.89,1203.8,0.1423,12,0,21,Owned,Central,Active,0
CUST01312,Female,37,Master's,Employed,Married,0,124467.0,615,1,LOAN01312,Home,481274.0,36,6.56,14763.72,0.99,3,0,21,Rented,West,Active,0
CUST00002,Female,27,Other,Employed,Single,3,34260.0,653,0,LOAN00002,Home,156779.0,84,6.82,2352.44,0.824,3,0,20,Rented,Central,Active,0
CUST01366,Male,53,High School,Unemployed,Married,0,13291.0,785,1,LOAN01366,Home,297831.0,84,11.63,5198.78,0.99,0,3,19,Mortgaged,East,Active,0
CUST00270,Male,43,Bachelor's,Unemployed,Single,0,22937.0,597,1,LOAN00270,Personal,5321.0,12,10.05,467.92,0.2448,0,3,24,Mortgaged,North,Active,0
CUST00266,Female,38,Bachelor's,Employed,Married,0,134649.0,648,0,LOAN00266,Home,435064.0,12,10.96,38443.56,0.99,7,2,19,Rented,East,Active,0
CUST00915,Female,51,Bachelor's,Employed,Single,3,90197.0,487,4,LOAN00915,Personal,23420.0,84,10.07,389.65,0.0518,12,2,10,Owned,East,Active,0
CUST00231,Female,50,High School,Unemployed,Single,1,69622.0,671,1,LOAN00231,Auto,26917.0,120,18.21,488.65,0.3479,0,0,17,Rented,East,Active,0
CUST01969,Male,55,Master's,Employed,Married,2,94557.0,683,4,LOAN01969,Home,370627.0,12,18.96,34148.64,0.99,18,0,16,Mortgaged,North,Active,0
CUST01120,Male,46,PhD,Self-Employed,Single,1,67443.0,648,3,LOAN01120,Home,475393.0,120,8.75,5957.95,0.99,24,3,15,Mortgaged,West,Active,0
CUST01964,Male,52,High School,Employed,Single,0,103246.0,703,3,LOAN01964,Auto,45961.0,48,4.93,1056.99,0.1229,25,1,7,Mortgaged,North,Active,0
CUST00865,Male,32,Bachelor's,Self-Employed,Divorced,0,136891.0,756,2,LOAN00865,Personal,19858.0,120,15.65,328.33,0.0288,2,0,5,Rented,North,Active,0
CUST01067,Male,25,Bachelor's,Unemployed,Single,1,32344.0,706,1,LOAN01067,Personal,12158.0,12,8.78,1062.0,0.394,0,1,12,Mortgaged,Central,Active,0
CUST00874,Male,30,High School,Employed,Single,0,32589.0,605,1,LOAN00874,Auto,46461.0,240,6.54,347.5,0.128,17,0,2,,South,Active,0
CUST01791,Male,60,Bachelor's,Unemployed,Single,2,13731.0,593,1,LOAN01791,Home,484938.0,36,13.71,16505.81,0.99,0,0,8,Mortgaged,South,Active,0
CUST00399,Female,49,Bachelor's,Employed,Divorced,0,69622.0,594,1,LOAN00399,Business,79337.0,180,4.0,586.85,0.0499,27,0,4,Owned,East,Active,0
CUST01870,Female,64,Bachelor's,Employed,Divorced,0,57106.0,608,0,LOAN01870,Personal,28220.0,36,12.05,937.98,0.1971,13,1,13,Mortgaged,South,Active,0
CUST01653,Male,45,PhD,Employed,Married,0,63770.0,565,0,LOAN01653,Personal,46830.0,120,13.25,706.14,0.1329,13,0,22,Rented,South,Active,0
CUST00046,Female,43,Master's,Employed,Single,3,60740.0,744,1,LOAN00046,Auto,30155.0,36,9.01,959.06,0.1895,1,1,13,Owned,Central,Active,0
CUST00162,Female,57,Bachelor's,Employed,Married,3,57444.0,565,0,LOAN00162,Education,25341.0,120,11.31,353.53,0.0739,2,0,8,Owned,Central,Active,0
CUST00992,Female,52,Master's,Self-Employed,Single,3,135852.0,714,3,LOAN00992,Personal,35270.0,60,14.36,827.27,0.0731,10,0,10,Mortgaged,West,Active,0
CUST00728,Female,27,PhD,Employed,Widowed,2,77972.0,528,2,LOAN00728,Home,207340.0,36,4.0,6121.5,0.9421,8,1,14,Rented,West,Active,0
CUST00630,Male,33,High School,Employed,Married,2,114930.0,569,1,LOAN00630,Home,139328.0,180,6.59,1220.6,0.1274,12,1,18,Mortgaged,West,Active,0
CUST00289,Male,42,PhD,Employed,Married,2,53010.0,644,1,LOAN00289,Education,17591.0,60,6.91,347.58,0.0787,2,0,1,Rented,South,Active,0
CUST01614,Male,33,Bachelor's,Employed,Divorced,0,86521.0,595,1,LOAN01614,Business,127457.0,24,12.05,6002.82,0.8326,27,0,14,Owned,Central,Active,0
CUST01060,Female,63,Bachelor's,Employed,Married,2,50967.0,850,0,LOAN01060,Auto,54125.0,36,12.94,1822.12,0.429,30,0,7,Mortgaged,Central,Active,0
CUST01948,Male,55,Bachelor's,Unemployed,Married,0,30169.0,527,2,LOAN01948,Education,76982.0,84,14.41,1460.14,0.5808,0,0,12,Mortgaged,South,Active,0
CUST00576,Female,23,High School,Retired,Married,0,26566.0,533,3,LOAN00576,Auto,53664.0,48,15.67,1511.8,0.6829,9,1,18,Mortgaged,South,Active,0
CUST00851,Male,21,Bachelor's,Employed,Single,0,58756.0,630,1,LOAN00851,Personal,13660.0,48,6.72,325.33,0.0664,9,0,8,,South,Active,0
CUST01340,Male,61,Master's,Unemployed,Single,3,26308.0,715,3,LOAN01340,Home,395090.0,120,11.37,5525.44,0.99,0,0,4,Rented,North,Active,0
CUST00912,Male,57,Master's,Employed,Widowed,2,49178.0,720,3,LOAN00912,Education,14443.0,24,6.76,645.08,0.1574,25,0,16,Rented,North,Active,0
CUST01255,Female,44,PhD,Employed,Married,0,66775.0,686,4,LOAN01255,Education,53230.0,48,11.52,1389.24,0.2497,18,0,22,Owned,North,Active,0
CUST01723,Male,53,Master's,Unemployed,Married,2,11178.0,681,0,LOAN01723,Personal,13489.0,12,7.22,1168.53,0.99,0,0,16,Owned,North,Active,0
CUST01815,Male,47,High School,Employed,Single,1,88139.0,578,2,LOAN01815,Home,140048.0,24,10.24,6478.03,0.882,0,0,23,Mortgaged,South,Active,0
CUST01736,Female,49,High School,Employed,Married,1,144430.0,609,0,LOAN01736,Education,54666.0,60,8.96,1133.72,0.0942,15,0,1,Rented,West,Active,0
CUST00933,Female,27,High School,Employed,Single,3,66894.0,694,1,LOAN00933,Personal,17285.0,120,7.68,206.8,0.0371,23,1,11,Owned,East,Active,0
CUST01101,Male,31,Bachelor's,Self-Employed,Single,0,99278.0,695,0,LOAN01101,Personal,9109.0,48,5.32,211.1,0.0255,10,1,17,Owned,South,Active,0
CUST01658,Male,56,PhD,Employed,Divorced,1,69622.0,690,1,LOAN01658,Auto,12177.0,24,8.2,551.84,0.0773,6,3,18,Owned,East,Active,0
CUST01208,Male,30,Master's,Employed,Married,0,80457.0,503,0,LOAN01208,Home,322379.0,84,6.78,4830.97,0.7205,26,0,12,Rented,South,Active,0
CUST00248,Female,28,Bachelor's,Retired,Married,4,28395.0,620,2,LOAN00248,Home,95451.0,240,8.9,852.67,0.3603,12,0,14,Mortgaged,South,Active,0
CUST00477,Male,49,Master's,Employed,Single,0,140995.0,608,0,LOAN00477,Business,73583.0,84,7.37,1123.92,0.0957,12,3,21,Owned,Central,Active,0
CUST01695,Male,26,Master's,Self-Employed,Single,0,101633.0,639,1,LOAN01695,Home,93153.0,60,17.53,2341.72,0.2765,13,0,14,Mortgaged,East,Active,0
CUST00086,Male,32,High School,Employed,Married,0,109900.0,660,1,LOAN00086,Auto,31169.0,240,10.62,313.7,0.0343,12,0,2,,East,Active,0
CUST00470,Female,40,PhD,Employed,Married,1,57256.0,620,2,LOAN00470,Personal,28670.0,36,19.49,1058.04,0.2217,21,0,1,Owned,East,Active,0
CUST00226,Male,42,PhD,Employed,Widowed,1,32413.0,730,1,LOAN00226,Personal,12827.0,84,13.32,235.59,0.0872,12,3,6,,Central,Active,0
CUST00775,Female,36,Other,Unemployed,Single,3,29701.0,505,0,LOAN00775,Personal,47883.0,12,13.4,4285.77,0.99,0,0,17,Rented,West,Active,0
CUST00332,Female,41,Bachelor's,Retired,Divorced,0,15840.0,543,0,LOAN00332,Home,290868.0,36,13.67,9894.62,0.99,3,0,4,Mortgaged,South,Active,0
CUST00234,Male,55,Master's,Employed,Married,0,142841.0,588,0,LOAN00234,Home,477333.0,180,8.07,4580.95,0.3848,23,0,3,Owned,East,Active,0
CUST00589,Male,57,High School,Unemployed,Single,1,69622.0,782,1,LOAN00589,Business,158549.0,84,6.67,2367.43,0.8472,0,0,6,Rented,Central,Active,0
CUST00476,Female,22,Bachelor's,Retired,Single,2,16506.0,624,0,LOAN00476,Business,85226.0,60,6.16,1654.01,0.99,3,0,20,,East,Active,0
CUST01285,Male,48,Master's,Employed,Married,0,46543.0,633,1,LOAN01285,Home,86803.0,24,4.81,3800.79,0.9799,26,1,17,Owned,North,Active,0
CUST01864,Female,65,Other,Unemployed,Married,0,28081.0,694,3,LOAN01864,Home,229746.0,12,11.26,20333.21,0.99,0,0,3,Mortgaged,North,Active,0
CUST00600,Male,33,Bachelor's,Employed,Married,0,112318.0,683,1,LOAN00600,Personal,10001.0,36,10.9,326.95,0.0349,23,1,7,,South,Active,0
CUST00422,Female,61,High School,Employed,Married,3,132478.0,605,0,LOAN00422,Personal,8461.0,180,14.04,112.91,0.0102,2,0,23,,South,Active,0
CUST01712,Male,48,Master's,Self-Employed,Married,0,144222.0,720,2,LOAN01712,Business,146081.0,240,10.27,1435.94,0.1195,7,0,24,Owned,Central,Active,0
CUST00183,Female,25,High School,Unemployed,Single,3,27374.0,730,0,LOAN00183,Auto,18122.0,180,10.55,200.88,0.0881,0,0,4,Mortgaged,North,Active,0
CUST00989,Male,57,Bachelor's,Employed,Single,1,101885.0,651,3,LOAN00989,Auto,35491.0,12,10.93,3135.59,0.3693,4,2,2,Mortgaged,East,Active,0
CUST01001,Male,56,Master's,Employed,Single,0,98408.0,678,0,LOAN01001,Personal,33600.0,180,16.67,509.27,0.0621,4,0,2,Owned,West,Active,0
CUST01642,Female,24,Master's,Retired,Married,2,22254.0,658,0,LOAN01642,Auto,29996.0,36,4.82,896.58,0.4835,6,0,2,Mortgaged,South,Active,0
CUST01357,Female,52,PhD,Unemployed,Married,2,20872.0,628,2,LOAN01357,Auto,30876.0,180,6.79,273.91,0.1575,0,0,1,Mortgaged,South,Active,0
CUST01463,Male,27,Bachelor's,Employed,Single,1,71041.0,725,3,LOAN01463,Auto,47889.0,36,21.65,1820.24,0.3075,14,1,11,Rented,West,Active,0
CUST00050,Male,39,Master's,Employed,Divorced,0,36590.0,633,1,LOAN00050,Personal,2418.0,180,12.43,29.69,0.01,5,2,3,Mortgaged,West,Active,0
CUST01871,Female,31,Bachelor's,Employed,Married,2,109845.0,611,2,LOAN01871,Personal,15699.0,180,10.27,171.3,0.0187,12,0,8,,North,Active,0
CUST01030,Female,46,Other,Employed,Married,1,39458.0,703,1,LOAN01030,Personal,36609.0,180,16.33,546.12,0.1661,10,0,10,Owned,East,Active,0
CUST00530,Female,23,High School,Employed,Single,1,78216.0,592,2,LOAN00530,Home,461465.0,120,10.54,6237.12,0.9569,1,1,23,Mortgaged,East,Active,0
CUST01259,Male,54,Master's,Employed,Divorced,1,116717.0,602,0,LOAN01259,Auto,19617.0,24,11.23,916.4,0.0942,11,0,18,Mortgaged,North,Active,0
CUST00487,Male,59,Bachelor's,Employed,Married,1,111617.0,606,0,LOAN00487,Auto,41088.0,84,16.23,821.48,0.0883,27,0,1,Mortgaged,South,Active,0
CUST01946,Male,65,Other,Self-Employed,Married,1,117971.0,754,1,LOAN01946,Auto,26436.0,24,16.02,1294.64,0.1317,5,0,17,Mortgaged,East,Active,0
CUST00498,Male,50,High School,Employed,Widowed,1,42873.0,515,0,LOAN00498,Personal,2485.0,120,12.3,36.08,0.0101,8,0,12,Rented,North,Active,0
CUST01647,Male,47,Bachelor's,Employed,Single,2,31979.0,638,4,LOAN01647,Auto,44100.0,120,16.38,749.21,0.2811,16,1,1,Mortgaged,Central,Active,0
CUST00107,Male,61,Bachelor's,Employed,Single,0,138592.0,447,1,LOAN00107,Education,49328.0,24,12.9,2342.83,0.2029,16,1,17,Mortgaged,Central,Active,0
CUST00444,Male,53,High School,Self-Employed,Single,5,124961.0,608,2,LOAN00444,Home,98184.0,12,11.76,8712.51,0.8367,20,0,12,Owned,East,Active,0
CUST01513,Female,42,High School,Employed,Single,1,105246.0,670,1,LOAN01513,Business,192556.0,120,12.07,2770.42,0.3159,11,0,20,Rented,South,Active,0
CUST00647,Female,37,High School,Retired,Single,4,33097.0,511,0,LOAN00647,Personal,28622.0,84,15.78,564.91,0.2048,12,0,4,Owned,Central,Active,0
CUST01037,Male,35,High School,Employed,Single,2,94367.0,648,1,LOAN01037,Home,420327.0,120,13.87,6493.45,0.8257,3,0,3,Rented,Central,Active,0
CUST01763,Male,29,Bachelor's,Retired,Married,0,34067.0,705,1,LOAN01763,Education,44833.0,240,8.73,395.62,0.1394,13,0,21,Mortgaged,West,Active,0
CUST00727,Male,60,High School,Unemployed,Divorced,3,33373.0,591,1,LOAN00727,Home,140117.0,120,8.01,1700.75,0.6115,0,0,17,Owned,South,Active,0
CUST00191,Male,46,Bachelor's,Employed,Married,3,70244.0,508,0,LOAN00191,Auto,17348.0,60,8.23,353.67,0.0604,4,2,6,Owned,South,Active,0
CUST01789,Male,26,High School,Self-Employed,Married,1,114268.0,641,1,LOAN01789,Education,38565.0,60,11.01,838.69,0.0881,27,1,16,Rented,East,Active,0
CUST00283,Male,60,Bachelor's,Employed,Single,0,90040.0,687,1,LOAN00283,Auto,21232.0,60,6.37,414.14,0.0552,11,3,3,Mortgaged,West,Active,0
CUST00030,Male,52,Bachelor's,Unemployed,Married,0,27929.0,613,1,LOAN00030,Education,59280.0,60,10.23,1266.24,0.5441,0,3,21,Rented,North,Active,0
CUST00170,Female,31,Bachelor's,Employed,Divorced,0,75038.0,606,1,LOAN00170,Education,74022.0,84,12.0,1306.69,0.209,26,0,10,Rented,North,Active,0
CUST01002,Female,33,Bachelor's,Self-Employed,Single,0,104904.0,544,1,LOAN01002,Home,270826.0,60,6.09,5247.17,0.6002,12,1,6,Rented,Central,Active,0
CUST01205,Male,65,High School,Employed,Married,3,122338.0,616,2,LOAN01205,Home,245413.0,12,12.54,21866.69,0.99,7,0,14,Mortgaged,Central,Active,0
CUST00101,Male,41,Master's,Employed,Married,3,97875.0,549,1,LOAN00101,Personal,38265.0,36,6.5,1172.78,0.1438,28,0,3,Owned,West,Active,0
CUST00198,Female,26,Bachelor's,Retired,Married,1,23218.0,547,0,LOAN00198,Business,99702.0,12,7.19,8635.62,0.99,2,1,21,Owned,North,Active,0
CUST00496,Male,23,Bachelor's,Employed,Single,0,54406.0,532,3,LOAN00496,Home,355248.0,180,10.11,3841.46,0.8473,24,1,10,Mortgaged,North,Active,0
CUST01746,Male,46,Other,Unemployed,Married,2,30039.0,619,2,LOAN01746,Personal,9385.0,12,8.64,819.17,0.3272,0,0,8,Rented,Central,Active,0
CUST00648,Female,57,High School,Self-Employed,Divorced,1,136572.0,632,1,LOAN00648,Education,70662.0,60,9.88,1497.19,0.1316,9,1,17,Rented,South,Active,0
CUST00988,Male,54,Bachelor's,Self-Employed,Single,2,121865.0,598,1,LOAN00988,Auto,49170.0,240,6.93,379.15,0.0373,14,0,3,Mortgaged,West,Active,0
CUST00045,Male,23,High School,Self-Employed,Single,0,67780.0,648,1,LOAN00045,Auto,57378.0,60,10.04,1220.24,0.216,3,0,6,Mortgaged,South,Active,0
CUST01930,Male,58,Bachelor's,Employed,Divorced,2,125826.0,523,0,LOAN01930,Education,74846.0,24,11.65,3511.04,0.3348,1,2,9,Owned,East,Active,0
CUST00711,Female,23,Master's,Self-Employed,Married,0,97782.0,609,1,LOAN00711,Auto,50568.0,36,7.9,1582.29,0.1942,21,0,24,Mortgaged,West,Active,0
CUST00374,Female,23,High School,Employed,Married,3,109455.0,739,1,LOAN00374,Personal,12468.0,48,13.06,334.86,0.0367,10,0,3,Mortgaged,East,Active,0
CUST00679,Female,35,Bachelor's,Self-Employed,Single,3,45667.0,459,2,LOAN00679,Education,75169.0,48,14.19,2061.28,0.5416,18,0,7,Rented,Central,Active,0
CUST00567,Male,32,Other,Self-Employed,Married,2,144510.0,677,0,LOAN00567,Business,157644.0,12,13.08,14086.25,0.99,19,2,11,Rented,South,Active,0
CUST01673,Female,62,High School,Unemployed,Married,4,33541.0,476,1,LOAN01673,Business,100957.0,180,9.15,1033.0,0.3696,0,2,8,Mortgaged,East,Active,0
CUST01822,Male,54,Bachelor's,Unemployed,Single,2,23507.0,651,1,LOAN01822,Auto,11516.0,48,5.9,269.93,0.1378,0,0,5,Owned,South,Active,0
CUST00848,Female,49,PhD,Employed,Divorced,3,144064.0,454,1,LOAN00848,Home,449290.0,24,8.94,20513.33,0.99,21,0,21,Mortgaged,West,Active,0
CUST00461,Male,24,High School,Employed,Single,2,105918.0,610,2,LOAN00461,Education,11572.0,240,10.82,118.03,0.0134,22,0,11,Owned,South,Active,0
CUST01438,Female,39,Bachelor's,Retired,Single,3,29673.0,589,2,LOAN01438,Auto,45308.0,60,13.24,1036.47,0.4192,22,1,1,Owned,North,Active,0
CUST01156,Female,48,Master's,Employed,Divorced,1,115865.0,692,0,LOAN01156,Auto,36312.0,240,6.78,276.75,0.0287,12,0,21,Owned,South,Active,0
CUST00040,Male,34,Master's,Self-Employed,Widowed,1,50782.0,648,0,LOAN00040,Home,323607.0,24,8.89,14767.58,0.99,10,0,1,Rented,West,Active,0
CUST00435,Male,21,Bachelor's,Self-Employed,Married,4,62407.0,850,1,LOAN00435,Personal,17907.0,120,13.87,276.64,0.0532,5,0,20,Owned,North,Active,0
CUST00974,Male,46,Other,Employed,Married,1,43615.0,684,1,LOAN00974,Home,219969.0,48,10.36,5617.09,0.99,12,1,15,Rented,East,Active,0
CUST01240,Male,35,PhD,Self-Employed,Single,3,52030.0,674,0,LOAN01240,Personal,6962.0,180,10.91,78.74,0.0182,12,1,16,,West,Active,0
CUST01008,Female,28,Other,Employed,Married,0,43423.0,641,0,LOAN01008,Auto,38765.0,60,12.42,870.56,0.2406,19,0,24,Mortgaged,West,Active,0
CUST01580,Female,56,Master's,Self-Employed,Married,0,33760.0,669,1,LOAN01580,Education,43700.0,12,17.41,3994.16,0.99,14,1,3,Mortgaged,East,Active,0
CUST01591,Female,26,High School,Unemployed,Married,0,19412.0,642,3,LOAN01591,Home,120200.0,120,7.29,1413.66,0.8739,0,0,9,Mortgaged,South,Active,0
CUST01787,Female,28,Bachelor's,Employed,Married,0,71965.0,662,0,LOAN01787,Education,77352.0,12,10.31,6811.63,0.99,4,1,14,Owned,North,Active,0
CUST01499,Male,53,Bachelor's,Employed,Divorced,1,47970.0,743,0,LOAN01499,Personal,5604.0,84,10.84,95.48,0.0239,28,2,19,Owned,South,Active,0
CUST00457,Male,40,High School,Retired,Single,1,13046.0,627,0,LOAN00457,Auto,17020.0,240,9.31,156.54,0.144,12,0,4,Rented,West,Active,0
CUST01836,Female,64,Bachelor's,Employed,Divorced,2,144446.0,537,0,LOAN01836,Home,136698.0,240,13.27,1627.89,0.1352,11,0,24,Rented,Central,Active,0
CUST00261,Female,59,Bachelor's,Employed,Single,1,45380.0,672,1,LOAN00261,Education,23760.0,36,10.84,776.07,0.2052,21,0,7,Owned,Central,Active,0
CUST01841,Male,48,High School,Self-Employed,Married,2,34321.0,639,1,LOAN01841,Personal,28326.0,12,10.23,2493.34,0.8718,24,0,17,Rented,North,Active,0
CUST00036,Female,41,High School,Retired,Married,3,31442.0,710,4,LOAN00036,Auto,12692.0,48,5.56,295.52,0.1128,1,1,17,Mortgaged,East,Active,0
CUST00828,Male,54,High School,Unemployed,Single,2,24860.0,733,0,LOAN00828,Business,26121.0,60,11.07,568.85,0.2746,0,0,6,Mortgaged,North,Active,0
CUST00310,Male,45,Bachelor's,Employed,Married,0,142686.0,645,0,LOAN00310,Auto,44908.0,120,9.49,580.85,0.0488,16,2,17,Owned,North,Active,0
CUST00277,Female,55,Bachelor's,Employed,Divorced,0,133743.0,752,0,LOAN00277,Auto,43093.0,48,15.58,1212.02,0.1087,15,0,17,Mortgaged,East,Active,0
CUST00637,Male,60,Bachelor's,Employed,Married,1,127328.0,590,0,LOAN00637,Auto,22719.0,60,6.01,439.33,0.0414,19,0,7,Rented,East,Active,0
CUST00655,Male,32,Master's,Employed,Married,1,34333.0,648,2,LOAN00655,Home,448316.0,180,13.16,5719.56,0.99,2,0,23,Owned,Central,Active,0
CUST00623,Male,31,High School,Employed,Single,5,30823.0,609,1,LOAN00623,Auto,25173.0,84,9.89,416.47,0.1621,15,0,24,,East,Active,0
CUST01860,Female,36,Bachelor's,Employed,Divorced,5,117834.0,660,1,LOAN01860,Home,434235.0,12,10.35,38246.88,0.99,2,0,2,Owned,East,Active,0
CUST00845,Male,26,Bachelor's,Self-Employed,Single,2,63746.0,679,1,LOAN00845,Personal,22394.0,180,15.35,318.81,0.06,13,2,19,Rented,Central,Active,0
CUST00394,Female,47,Other,Self-Employed,Married,1,35615.0,763,1,LOAN00394,Personal,16940.0,48,9.66,426.88,0.1438,2,0,15,Owned,East,Active,0
CUST01770,Male,61,Bachelor's,Employed,Single,1,122973.0,538,1,LOAN01770,Auto,28508.0,48,9.53,716.62,0.0699,1,0,3,Rented,Central,Active,0
CUST00108,Female,60,High School,Employed,Married,2,43317.0,645,2,LOAN00108,Home,487091.0,240,12.34,5479.19,0.99,30,1,16,Owned,North,Active,0
CUST00350,Female,65,PhD,Employed,Married,1,85175.0,724,1,LOAN00350,Business,94554.0,48,11.15,2450.69,0.3453,22,2,12,Rented,Central,Active,0
CUST00525,Female,58,Bachelor's,Retired,Single,4,21066.0,646,1,LOAN00525,Education,30505.0,12,16.63,2776.85,0.99,6,1,6,Mortgaged,North,Active,0
CUST00785,Male,28,Other,Employed,Single,2,146972.0,454,2,LOAN00785,Personal,31722.0,84,12.05,560.83,0.0458,4,2,10,,East,Active,0
CUST00048,Male,57,Bachelor's,Employed,Married,2,49984.0,749,0,LOAN00048,Auto,49374.0,240,5.57,341.59,0.082,14,0,11,Mortgaged,East,Active,0
CUST00204,Female,64,Master's,Unemployed,Divorced,4,29618.0,586,3,LOAN00204,Personal,49419.0,180,7.99,471.99,0.1912,0,0,3,Owned,West,Active,0
CUST01656,Female,52,Bachelor's,Employed,Single,4,69622.0,652,0,LOAN01656,Personal,30057.0,36,10.03,970.28,0.1673,7,1,15,Owned,Central,Active,0
CUST00022,Male,41,High School,Self-Employed,Single,1,39218.0,725,0,LOAN00022,Home,347311.0,240,4.0,2104.64,0.644,19,0,15,Owned,East,Active,0
CUST00403,Male,34,High School,Retired,Married,4,20401.0,748,4,LOAN00403,Personal,30170.0,60,12.42,677.54,0.3985,14,1,3,Rented,East,Active,0
CUST01108,Female,24,Master's,Employed,Married,1,103271.0,592,2,LOAN01108,Education,79396.0,120,10.54,1073.11,0.1247,0,0,13,Owned,East,Active,0
CUST01155,Female,48,Master's,Employed,Divorced,1,46447.0,713,1,LOAN01155,Home,438780.0,48,7.65,10639.96,0.99,11,0,1,Rented,West,Active,0
CUST01440,Female,40,Bachelor's,Unemployed,Married,0,21337.0,747,1,LOAN01440,Personal,15029.0,60,8.17,305.96,0.1721,0,0,1,Mortgaged,North,Active,0
CUST00990,Female,26,Master's,Retired,Married,1,15969.0,531,1,LOAN00990,Education,53787.0,24,11.27,2513.64,0.99,26,0,2,Rented,South,Active,0
CUST01866,Female,50,Other,Employed,Divorced,0,94723.0,638,0,LOAN01866,Auto,17721.0,120,9.21,226.5,0.0287,28,0,11,Mortgaged,North,Active,0
CUST00742,Male,25,Bachelor's,Employed,Single,0,79592.0,692,1,LOAN00742,Personal,22354.0,36,4.0,659.98,0.0995,24,0,17,,South,Active,0
CUST01722,Male,29,Other,Retired,Single,1,19996.0,460,0,LOAN01722,Personal,9503.0,12,13.06,849.05,0.5095,6,0,7,Rented,North,Active,0
CUST01311,Male,29,High School,Employed,Married,0,142271.0,612,2,LOAN01311,Home,221450.0,240,6.87,1699.66,0.1434,0,2,18,,South,Active,0
CUST01148,Female,42,Bachelor's,Retired,Divorced,1,19601.0,618,2,LOAN01148,Home,199343.0,24,7.36,8957.67,0.99,19,2,20,Rented,West,Active,0
CUST00034,Female,35,Master's,Unemployed,Married,0,30473.0,697,1,LOAN00034,Education,30437.0,36,5.13,914.0,0.3599,0,3,24,Owned,South,Defaulted,1
CUST00788,Male,47,Other,Employed,Single,0,96780.0,726,2,LOAN00788,Personal,31362.0,48,13.53,849.64,0.1053,3,0,15,Rented,East,Active,0
CUST01541,Female,47,Master's,Employed,Married,0,126738.0,653,3,LOAN01541,Personal,8428.0,180,7.79,79.52,0.01,26,2,12,Rented,South,Active,0
CUST00924,Female,56,Bachelor's,Employed,Married,2,83619.0,683,0,LOAN00924,Personal,13662.0,24,17.36,677.85,0.0973,0,2,10,Owned,West,Active,0
CUST01044,Female,64,Master's,Self-Employed,Divorced,3,65545.0,659,0,LOAN01044,Education,17721.0,24,10.98,825.77,0.1512,12,0,13,Mortgaged,West,Active,0
CUST01927,Female,27,Bachelor's,Employed,Married,0,141682.0,778,1,LOAN01927,Home,187705.0,36,10.03,6059.36,0.5132,24,3,4,Owned,West,Active,0
CUST01244,Female,61,Bachelor's,Employed,Married,0,119831.0,808,0,LOAN01244,Education,14052.0,36,15.64,491.53,0.0492,17,3,9,Rented,Central,Active,0
CUST01916,Female,42,Bachelor's,Employed,Single,3,59433.0,625,3,LOAN01916,Auto,36278.0,84,4.35,501.74,0.1013,24,1,2,Owned,East,Active,0
CUST00580,Male,46,Master's,Employed,Married,2,74985.0,666,1,LOAN00580,Auto,47261.0,24,14.48,2279.87,0.3649,9,2,24,Owned,North,Active,0
CUST00482,Female,33,Bachelor's,Employed,Single,1,50113.0,634,0,LOAN00482,Personal,26535.0,48,8.2,650.29,0.1557,0,0,21,Owned,West,Active,0
CUST00932,Female,28,High School,Employed,Single,0,65779.0,676,0,LOAN00932,Home,219640.0,48,16.37,6266.36,0.99,22,0,16,,South,Active,0
CUST00357,Male,39,High School,Employed,Married,1,32155.0,492,4,LOAN00357,Business,89842.0,36,11.99,2983.61,0.99,25,0,21,Owned,West,Active,0
CUST01686,Female,33,Master's,Unemployed,Single,4,28120.0,713,3,LOAN01686,Personal,6826.0,24,15.0,330.97,0.1412,0,0,19,Rented,West,Active,0
CUST01249,Female,24,High School,Employed,Single,0,129220.0,619,3,LOAN01249,Business,115491.0,12,8.5,10073.1,0.9354,12,0,1,Owned,Central,Active,0
CUST00760,Female,23,Master's,Employed,Married,2,108993.0,740,2,LOAN00760,Business,134375.0,60,11.63,2964.03,0.3263,12,1,3,Rented,Central,Active,0
CUST00093,Female,27,High School,Retired,Divorced,0,29157.0,683,1,LOAN00093,Personal,35161.0,48,14.47,969.14,0.3989,27,3,18,Rented,Central,Active,0
CUST01176,Male,29,High School,Unemployed,Married,0,29335.0,557,1,LOAN01176,Home,387684.0,240,16.06,5411.14,0.99,0,1,16,Rented,North,Active,0
CUST01416,Female,53,Bachelor's,Employed,Divorced,1,47507.0,646,0,LOAN01416,Personal,29205.0,48,12.26,772.81,0.1952,6,0,13,Rented,Central,Active,0
CUST01342,Male,29,Bachelor's,Employed,Single,2,111071.0,597,1,LOAN01342,Business,199790.0,48,13.21,5380.71,0.5813,0,2,13,Rented,North,Active,0
CUST01473,Female,58,Bachelor's,Unemployed,Divorced,5,21182.0,560,2,LOAN01473,Personal,22523.0,120,12.96,335.76,0.1902,0,3,15,Owned,South,Active,0
CUST00804,Female,43,Bachelor's,Employed,Married,4,60844.0,634,1,LOAN00804,Home,261649.0,24,6.75,11685.07,0.99,30,0,3,,East,Active,0
CUST00746,Female,55,High School,Employed,Single,0,38039.0,597,0,LOAN00746,Business,101089.0,120,4.99,1071.71,0.3381,0,1,23,Owned,South,Active,0
CUST01547,Female,24,Bachelor's,Unemployed,Single,3,11154.0,657,2,LOAN01547,Business,25109.0,12,14.1,2255.65,0.99,0,1,24,Owned,Central,Active,0
CUST00280,Female,34,High School,Employed,Married,2,69622.0,702,1,LOAN00280,Business,142179.0,240,13.68,1735.08,0.2417,14,0,16,Owned,West,Active,0
CUST01608,Female,35,PhD,Unemployed,Married,1,34509.0,613,1,LOAN01608,Home,290435.0,12,17.34,26535.94,0.99,0,3,12,Owned,East,Active,0
CUST00765,Male,54,High School,Employed,Divorced,3,48546.0,569,1,LOAN00765,Home,477682.0,240,6.33,3513.82,0.8686,28,1,14,Rented,East,Active,0
CUST00605,Male,24,High School,Employed,Divorced,1,143037.0,631,0,LOAN00605,Home,461463.0,84,9.61,7568.16,0.6349,17,1,12,Mortgaged,South,Active,0
CUST01982,Female,30,Master's,Self-Employed,Single,1,111122.0,819,0,LOAN01982,Personal,22234.0,12,15.97,2016.99,0.2178,8,1,8,Rented,West,Active,0
CUST01374,Male,53,PhD,Retired,Single,1,17349.0,583,0,LOAN01374,Personal,24016.0,180,14.33,325.17,0.2249,10,0,3,Rented,West,Active,0
CUST01399,Female,28,Master's,Employed,Married,2,79249.0,713,2,LOAN01399,Personal,23871.0,60,9.73,504.02,0.0763,3,0,6,Owned,North,Active,0
CUST00401,Male,55,Master's,Self-Employed,Divorced,0,49192.0,661,0,LOAN00401,Home,116322.0,84,11.2,2003.97,0.4889,12,0,6,Owned,South,Active,0
CUST01729,Female,62,High School,Self-Employed,Married,0,143115.0,623,1,LOAN01729,Personal,40447.0,84,9.4,659.0,0.0553,15,1,7,Rented,West,Active,0
CUST00258,Female,56,Bachelor's,Unemployed,Single,4,14213.0,723,1,LOAN00258,Personal,40197.0,84,13.18,735.2,0.6207,0,0,17,Mortgaged,East,Active,0
CUST00945,Male,56,Bachelor's,Self-Employed,Married,1,147713.0,671,4,LOAN00945,Home,125577.0,24,11.42,5877.39,0.4775,17,0,5,Owned,North,Active,0
CUST01876,Female,22,Bachelor's,Employed,Married,0,124769.0,721,1,LOAN01876,Personal,28832.0,12,7.74,2504.59,0.2409,1,0,10,Mortgaged,South,Active,0
CUST01097,Male,53,Bachelor's,Retired,Single,1,25333.0,562,1,LOAN01097,Home,278160.0,60,14.61,6560.6,0.99,17,0,23,Owned,East,Active,0
CUST01220,Male,24,Bachelor's,Employed,Married,0,46708.0,607,0,LOAN01220,Personal,46332.0,120,12.84,687.42,0.1766,14,3,12,Owned,North,Active,0
CUST01508,Male,39,Bachelor's,Self-Employed,Single,4,133553.0,682,0,LOAN01508,Home,484808.0,240,6.72,3677.66,0.3304,18,1,2,Rented,East,Active,0
CUST01880,Female,38,Master's,Employed,Single,3,142160.0,774,2,LOAN01880,Education,25855.0,120,11.52,363.81,0.0307,8,0,17,Rented,East,Active,0
CUST01162,Male,60,High School,Employed,Married,2,112060.0,518,2,LOAN01162,Personal,23547.0,84,15.85,465.68,0.0499,22,0,23,Owned,South,Active,0
CUST00495,Male,58,Master's,Employed,Single,3,46289.0,648,0,LOAN00495,Personal,14300.0,24,4.51,624.23,0.1618,27,2,15,Owned,West,Active,0
CUST00773,Male,54,Master's,Employed,Divorced,0,75330.0,545,1,LOAN00773,Auto,35482.0,60,13.33,813.33,0.1296,30,0,24,Mortgaged,South,Active,0
CUST00551,Male,21,Bachelor's,Employed,Married,0,31658.0,668,2,LOAN00551,Auto,36440.0,24,12.45,1723.03,0.6531,27,0,21,Rented,Central,Active,0
CUST01487,Male,40,High School,Employed,Single,4,35830.0,648,1,LOAN01487,Home,115486.0,84,8.16,1809.21,0.6059,4,0,21,Owned,South,Active,0
CUST00202,Male,22,Other,Self-Employed,Married,2,54450.0,738,1,LOAN00202,Home,214618.0,120,13.05,3210.81,0.7076,2,1,13,Owned,West,Active,0
CUST00313,Male,55,High School,Employed,Single,0,43335.0,763,1,LOAN00313,Home,93305.0,48,11.3,2425.13,0.6715,18,0,20,Mortgaged,Central,Active,0
CUST00291,Male,23,Bachelor's,Employed,Married,1,131435.0,683,3,LOAN00291,Personal,10431.0,48,14.05,285.3,0.026,28,0,4,Rented,Central,Active,0
CUST01214,Female,37,Bachelor's,Unemployed,Single,2,25554.0,644,2,LOAN01214,Auto,28015.0,48,4.0,632.55,0.297,0,1,22,Rented,South,Active,0
CUST00764,Female,52,Bachelor's,Self-Employed,Divorced,2,39868.0,712,2,LOAN00764,Auto,34238.0,36,9.14,1090.99,0.3284,17,2,7,Rented,Central,Active,0
CUST01137,Female,52,High School,Employed,Divorced,1,132760.0,633,1,LOAN01137,Home,499042.0,12,12.67,44495.84,0.99,9,0,16,Owned,West,Active,0
CUST00950,Female,30,Other,Employed,Single,1,118151.0,819,2,LOAN00950,Auto,56030.0,84,10.52,945.29,0.096,2,0,16,Mortgaged,West,Active,0
CUST00184,Female,45,Bachelor's,Self-Employed,Married,2,104586.0,594,1,LOAN00184,Business,169850.0,24,12.95,8070.99,0.9261,16,0,2,Owned,North,Active,0
CUST01177,Female,47,PhD,Retired,Divorced,1,15616.0,737,1,LOAN01177,Business,156529.0,48,7.76,3803.72,0.99,2,1,17,Rented,West,Active,0
CUST01849,Female,41,Bachelor's,Self-Employed,Single,3,128717.0,790,2,LOAN01849,Personal,18432.0,60,10.84,399.29,0.0372,25,2,23,Mortgaged,South,Active,0
CUST01350,Male,65,PhD,Employed,Married,0,126447.0,622,4,LOAN01350,Home,367530.0,180,14.9,5118.75,0.4858,9,0,23,Rented,West,Active,0
CUST01728,Female,60,Bachelor's,Retired,Married,1,32706.0,487,2,LOAN01728,Auto,35492.0,36,4.67,1058.48,0.3884,0,1,3,Mortgaged,North,Active,0
CUST01069,Male,61,Bachelor's,Self-Employed,Married,2,90200.0,689,1,LOAN01069,Education,69870.0,84,15.96,1386.17,0.1844,9,0,13,,North,Active,0
CUST01469,Female,36,High School,Self-Employed,Widowed,0,76052.0,702,3,LOAN01469,Home,316587.0,12,7.43,27456.04,0.99,4,0,8,Mortgaged,East,Active,0
CUST01812,Female,51,PhD,Unemployed,Single,0,14318.0,573,0,LOAN01812,Education,13321.0,84,10.3,223.21,0.1871,0,3,16,Owned,Central,Active,0
CUST01031,Male,60,Bachelor's,Self-Employed,Single,4,98481.0,436,3,LOAN01031,Education,56596.0,84,10.25,946.89,0.1154,11,0,19,Mortgaged,North,Active,0
CUST00251,Male,24,Bachelor's,Employed,Single,1,77738.0,535,0,LOAN00251,Education,26777.0,120,9.31,343.71,0.0531,8,1,11,Mortgaged,Central,Active,0
CUST00824,Male,51,High School,Self-Employed,Married,3,139414.0,659,0,LOAN00824,Personal,21558.0,48,13.44,583.07,0.0502,2,1,3,Rented,West,Active,0
CUST01100,Male,33,PhD,Employed,Divorced,1,90752.0,661,1,LOAN01100,Home,357540.0,12,10.49,31514.99,0.99,28,0,1,Owned,South,Active,0
CUST01537,Male,26,Master's,Employed,Married,2,145603.0,616,3,LOAN01537,Home,166123.0,24,11.47,7778.93,0.6411,12,0,19,Mortgaged,South,Active,0
CUST00941,Male,41,Master's,Unemployed,Married,2,30530.0,465,3,LOAN00941,Home,396359.0,240,8.86,3530.54,0.99,0,0,17,Rented,Central,Active,0
CUST00392,Male,26,Bachelor's,Retired,Married,5,12657.0,683,2,LOAN00392,Auto,29670.0,24,10.78,1379.83,0.99,2,1,22,Owned,South,Active,0
CUST01920,Male,55,PhD,Employed,Single,0,59236.0,730,1,LOAN01920,Auto,27797.0,24,14.08,1335.66,0.2706,4,1,24,Rented,East,Active,0
CUST01457,Female,38,High School,Unemployed,Married,0,32842.0,604,1,LOAN01457,Personal,13971.0,120,15.01,225.49,0.0824,0,0,3,Rented,East,Active,0
CUST01093,Female,64,Master's,Retired,Divorced,3,16276.0,676,4,LOAN01093,Home,240574.0,24,4.0,10446.91,0.99,4,0,4,Mortgaged,North,Active,0
CUST01192,Female,46,PhD,Self-Employed,Married,0,87371.0,662,1,LOAN01192,Home,116861.0,36,7.83,3652.84,0.5017,3,0,9,Mortgaged,North,Active,0
CUST00905,Male,55,High School,Employed,Married,3,61578.0,613,1,LOAN00905,Auto,52478.0,84,11.56,914.08,0.1781,12,0,12,Mortgaged,South,Active,0
CUST00731,Male,23,Bachelor's,Employed,Single,1,35413.0,728,1,LOAN00731,Personal,8747.0,48,15.1,243.88,0.0826,16,0,20,Mortgaged,North,Active,0
CUST00555,Female,30,PhD,Employed,Widowed,4,54437.0,621,3,LOAN00555,Personal,48270.0,24,4.69,2110.98,0.4653,15,0,4,Owned,East,Active,0
CUST00367,Female,27,High School,Employed,Married,3,139875.0,592,0,LOAN00367,Personal,11708.0,84,13.36,215.29,0.0185,13,0,4,Mortgaged,South,Active,0
CUST00346,Female,44,Master's,Employed,Divorced,1,67921.0,634,0,LOAN00346,Business,158238.0,60,7.02,3134.8,0.5538,5,0,15,Mortgaged,Central,Active,0
CUST01609,Male,48,Master's,Employed,Divorced,1,47603.0,697,1,LOAN01609,Auto,44940.0,60,9.06,934.19,0.2355,20,2,6,Rented,West,Active,0
CUST00536,Female,43,Bachelor's,Employed,Single,4,141641.0,622,0,LOAN00536,Home,227226.0,240,5.61,1577.21,0.1336,4,0,20,Owned,Central,Active,0
CUST01423,Male,39,High School,Employed,Married,2,140104.0,585,0,LOAN01423,Personal,49903.0,60,6.07,966.39,0.0828,1,0,10,,West,Active,0
CUST01210,Female,61,Bachelor's,Employed,Married,0,84435.0,493,1,LOAN01210,Personal,38888.0,48,18.4,1150.48,0.1635,0,1,13,Rented,South,Active,0
CUST01373,Female,26,Bachelor's,Unemployed,Married,0,18338.0,570,1,LOAN01373,Education,28118.0,84,11.04,482.04,0.3154,0,0,10,Mortgaged,East,Active,0
CUST01640,Female,39,Other,Employed,Divorced,0,91897.0,642,4,LOAN01640,Home,351573.0,180,8.5,3462.08,0.4521,14,0,16,Rented,Central,Active,0
CUST00920,Male,58,High School,Employed,Divorced,1,136213.0,653,0,LOAN00920,Personal,8874.0,60,7.02,175.8,0.0155,12,1,6,Mortgaged,Central,Active,0
CUST00212,Female,48,Bachelor's,Employed,Divorced,0,98906.0,618,3,LOAN00212,Home,86140.0,84,5.67,1244.8,0.151,23,0,11,Mortgaged,East,Active,0
CUST01604,Male,60,Bachelor's,Employed,Single,2,78821.0,811,0,LOAN01604,Auto,49498.0,84,7.89,768.78,0.117,15,0,3,Owned,Central,Active,0
CUST00503,Male,32,Master's,Retired,Single,4,16668.0,773,4,LOAN00503,Business,149050.0,240,9.85,1423.58,0.99,18,0,20,Rented,Central,Active,0
CUST00538,Male,31,High School,Self-Employed,Single,0,102190.0,705,3,LOAN00538,Auto,35978.0,36,5.77,1090.77,0.1281,29,1,9,Owned,West,Active,0
CUST01221,Female,25,Master's,Unemployed,Single,1,25583.0,712,2,LOAN01221,Home,340831.0,60,8.64,7015.69,0.99,0,0,3,Rented,East,Active,0
CUST00176,Male,33,Bachelor's,Self-Employed,Single,1,104302.0,502,1,LOAN00176,Business,40709.0,84,7.38,622.0,0.0716,29,0,18,Owned,South,Active,0
